date,cash,position_value,total_value,positions,return,equity,drawdown
2019-04-08,1000054.794520548,0.0,1000054.794520548,{},,1.000054794520548,0.0
2019-04-09,1000109.5920435354,0.0,1000109.5920435354,{},5.4794520548018255e-05,1.0001095920435354,0.0
2019-04-10,1000164.3925691269,0.0,1000164.3925691269,{},5.4794520548018255e-05,1.0001643925691268,0.0
2019-04-11,1000219.1960974869,0.0,1000219.1960974869,{},5.4794520548018255e-05,1.0002191960974869,0.0
2019-04-12,1000274.00262878,0.0,1000274.00262878,{},5.4794520548018255e-05,1.00027400262878,0.0
2019-04-15,1000328.8121631707,0.0,1000328.8121631707,{},5.4794520548018255e-05,1.0003288121631706,0.0
2019-04-16,1000383.6247008236,0.0,1000383.6247008236,{},5.4794520548018255e-05,1.0003836247008235,0.0
2019-04-17,1000438.4402419032,0.0,1000438.4402419032,{},5.4794520548018255e-05,1.000438440241903,0.0
2019-04-18,1000493.258786574,0.0,1000493.258786574,{},5.4794520548018255e-05,1.000493258786574,0.0
2019-04-19,1000548.0803350008,0.0,1000548.0803350008,{},5.4794520548018255e-05,1.0005480803350009,0.0
2019-04-22,1000602.904887348,0.0,1000602.904887348,{},5.4794520548018255e-05,1.000602904887348,0.0
2019-04-23,1000657.7324437802,0.0,1000657.7324437802,{},5.4794520548018255e-05,1.0006577324437802,0.0
2019-04-24,1000712.563004462,0.0,1000712.563004462,{},5.4794520548018255e-05,1.000712563004462,0.0
2019-04-25,1000767.3965695583,0.0,1000767.3965695583,{},5.4794520548018255e-05,1.0007673965695583,0.0
2019-04-26,1000822.2331392334,0.0,1000822.2331392334,{},5.4794520548018255e-05,1.0008222331392334,0.0
2019-04-29,1000877.072713652,0.0,1000877.072713652,{},5.4794520548018255e-05,1.000877072713652,0.0
2019-04-30,1000931.9152929789,0.0,1000931.9152929789,{},5.4794520548018255e-05,1.000931915292979,0.0
2019-05-06,1000986.7608773785,0.0,1000986.7608773785,{},5.4794520548018255e-05,1.0009867608773786,0.0
2019-05-07,1001041.6094670157,0.0,1001041.6094670157,{},5.4794520548018255e-05,1.0010416094670158,0.0
2019-05-08,1001096.4610620551,0.0,1001096.4610620551,{},5.4794520548018255e-05,1.0010964610620552,0.0
2019-05-09,1001151.3156626613,0.0,1001151.3156626613,{},5.4794520548018255e-05,1.0011513156626612,0.0
2019-05-10,1001206.1732689991,0.0,1001206.1732689991,{},5.4794520548018255e-05,1.0012061732689992,0.0
2019-05-13,1001261.0338812331,0.0,1001261.0338812331,{},5.4794520548018255e-05,1.001261033881233,0.0
2019-05-14,1001315.897499528,0.0,1001315.897499528,{},5.4794520548018255e-05,1.001315897499528,0.0
2019-05-15,1001370.7641240486,0.0,1001370.7641240486,{},5.4794520548018255e-05,1.0013707641240486,0.0
2019-05-16,1001425.6337549596,0.0,1001425.6337549596,{},5.4794520548018255e-05,1.0014256337549596,0.0
2019-05-17,1001480.5063924256,0.0,1001480.5063924256,{},5.4794520548018255e-05,1.0014805063924257,0.0
2019-05-20,1001535.3820366116,0.0,1001535.3820366116,{},5.4794520548018255e-05,1.0015353820366115,0.0
2019-05-21,1001590.2606876821,0.0,1001590.2606876821,{},5.4794520548018255e-05,1.001590260687682,0.0
2019-05-22,1001645.142345802,0.0,1001645.142345802,{},5.4794520548018255e-05,1.0016451423458022,0.0
2019-05-23,1001700.0270111362,0.0,1001700.0270111362,{},5.4794520548018255e-05,1.0017000270111363,0.0
2019-05-24,1001754.9146838492,0.0,1001754.9146838492,{},5.4794520548018255e-05,1.0017549146838491,0.0
2019-05-27,1001809.805364106,0.0,1001809.805364106,{},5.4794520548018255e-05,1.001809805364106,0.0
2019-05-28,1001864.6990520712,0.0,1001864.6990520712,{},5.4794520548018255e-05,1.0018646990520712,0.0
2019-05-29,1001919.5957479097,0.0,1001919.5957479097,{},5.4794520548018255e-05,1.0019195957479097,0.0
2019-05-30,1001974.4954517864,0.0,1001974.4954517864,{},5.4794520548018255e-05,1.0019744954517864,0.0
2019-05-31,1002029.398163866,0.0,1002029.398163866,{},5.4794520548018255e-05,1.002029398163866,0.0
2019-06-03,893504.3038843134,108580.00000000001,1002084.3038843134,"{'006479': {'shares': 50000.0, 'price': 2.1716, 'value': 108580.00000000001, 'profit_pct': 0.0}}",5.4794520548018255e-05,1.0020843038843135,0.0
2019-06-04,1005003.2630242524,0.0,1005003.2630242524,{},0.0029128877965898248,1.0050032630242525,0.0
2019-06-05,1005058.331696199,0.0,1005058.331696199,{},5.4794520548018255e-05,1.005058331696199,0.0
2019-06-06,1005113.4033856071,0.0,1005113.4033856071,{},5.4794520548018255e-05,1.005113403385607,0.0
2019-06-10,1005168.4780926419,0.0,1005168.4780926419,{},5.4794520548018255e-05,1.005168478092642,0.0
2019-06-11,1005223.555817469,0.0,1005223.555817469,{},5.4794520548018255e-05,1.005223555817469,0.0
2019-06-12,1005278.6365602536,0.0,1005278.6365602536,{},5.4794520548018255e-05,1.0052786365602535,0.0
2019-06-13,1005333.7203211611,0.0,1005333.7203211611,{},5.4794520548018255e-05,1.0053337203211612,0.0
2019-06-14,1005388.8071003568,0.0,1005388.8071003568,{},5.4794520548018255e-05,1.0053888071003567,0.0
2019-06-17,1005443.8968980062,0.0,1005443.8968980062,{},5.4794520548018255e-05,1.0054438968980062,0.0
2019-06-18,1005498.9897142746,0.0,1005498.9897142746,{},5.4794520548018255e-05,1.0054989897142745,0.0
2019-06-19,1005554.0855493275,0.0,1005554.0855493275,{},5.4794520548018255e-05,1.0055540855493275,0.0
2019-06-20,1005609.1844033303,0.0,1005609.1844033303,{},5.4794520548018255e-05,1.0056091844033304,0.0
2019-06-21,1005664.2862764484,0.0,1005664.2862764484,{},5.4794520548018255e-05,1.0056642862764484,0.0
2019-06-24,1005719.3911688472,0.0,1005719.3911688472,{},5.4794520548018255e-05,1.0057193911688471,0.0
2019-06-25,1005774.4990806922,0.0,1005774.4990806922,{},5.4794520548018255e-05,1.0057744990806923,0.0
2019-06-26,1005829.6100121487,0.0,1005829.6100121487,{},5.4794520548018255e-05,1.0058296100121487,0.0
2019-06-27,1005884.7239633823,0.0,1005884.7239633823,{},5.4794520548018255e-05,1.0058847239633824,0.0
2019-06-28,1005939.8409345584,0.0,1005939.8409345584,{},5.4794520548018255e-05,1.0059398409345583,0.0
2019-06-30,1005994.9609258426,0.0,1005994.9609258426,{},5.4794520548018255e-05,1.0059949609258427,0.0
2019-07-01,1006050.0839374003,0.0,1006050.0839374003,{},5.4794520548018255e-05,1.0060500839374003,0.0
2019-07-02,1006105.2099693969,0.0,1006105.2099693969,{},5.4794520548018255e-05,1.006105209969397,0.0
2019-07-03,1006160.3390219981,0.0,1006160.3390219981,{},5.4794520548018255e-05,1.0061603390219982,0.0
2019-07-04,1006215.4710953692,0.0,1006215.4710953692,{},5.4794520548018255e-05,1.0062154710953692,0.0
2019-07-05,1006270.6061896759,0.0,1006270.6061896759,{},5.4794520548018255e-05,1.0062706061896758,0.0
2019-07-08,1006325.7443050836,0.0,1006325.7443050836,{},5.4794520548018255e-05,1.0063257443050837,0.0
2019-07-09,1006380.885441758,0.0,1006380.885441758,{},5.4794520548018255e-05,1.006380885441758,0.0
2019-07-10,1006436.0295998644,0.0,1006436.0295998644,{},5.4794520548018255e-05,1.0064360295998644,0.0
2019-07-11,1006491.1767795685,0.0,1006491.1767795685,{},5.4794520548018255e-05,1.0064911767795686,0.0
2019-07-12,1006546.326981036,0.0,1006546.326981036,{},5.4794520548018255e-05,1.006546326981036,0.0
2019-07-15,1006601.4802044323,0.0,1006601.4802044323,{},5.4794520548018255e-05,1.0066014802044323,0.0
2019-07-16,1006656.636449923,0.0,1006656.636449923,{},5.4794520548018255e-05,1.006656636449923,0.0
2019-07-17,1006711.7957176738,0.0,1006711.7957176738,{},5.4794520548018255e-05,1.0067117957176739,0.0
2019-07-18,1006766.9580078502,0.0,1006766.9580078502,{},5.4794520548018255e-05,1.0067669580078502,0.0
2019-07-19,1006822.1233206178,0.0,1006822.1233206178,{},5.4794520548018255e-05,1.0068221233206178,0.0
2019-07-22,1006877.2916561423,0.0,1006877.2916561423,{},5.4794520548018255e-05,1.0068772916561424,0.0
2019-07-23,1006932.4630145893,0.0,1006932.4630145893,{},5.4794520548018255e-05,1.0069324630145893,0.0
2019-07-24,1006987.6373961244,0.0,1006987.6373961244,{},5.4794520548018255e-05,1.0069876373961244,0.0
2019-07-25,1007042.8148009133,0.0,1007042.8148009133,{},5.4794520548018255e-05,1.0070428148009134,0.0
2019-07-26,1007097.9952291216,0.0,1007097.9952291216,{},5.4794520548018255e-05,1.0070979952291217,0.0
2019-07-29,1007153.1786809152,0.0,1007153.1786809152,{},5.4794520548018255e-05,1.0071531786809151,0.0
2019-07-30,1007208.3651564594,0.0,1007208.3651564594,{},5.4794520548018255e-05,1.0072083651564594,0.0
2019-07-31,1007263.5546559201,0.0,1007263.5546559201,{},5.4794520548018255e-05,1.00726355465592,0.0
2019-08-01,1007318.747179463,0.0,1007318.747179463,{},5.4794520548018255e-05,1.0073187471794631,0.0
2019-08-02,1007373.9427272538,0.0,1007373.9427272538,{},5.4794520548018255e-05,1.0073739427272537,0.0
2019-08-05,1007429.1412994581,0.0,1007429.1412994581,{},5.4794520548018255e-05,1.007429141299458,0.0
2019-08-06,1007484.3428962417,0.0,1007484.3428962417,{},5.4794520548018255e-05,1.0074843428962417,0.0
2019-08-07,1007539.5475177703,0.0,1007539.5475177703,{},5.4794520548018255e-05,1.0075395475177704,0.0
2019-08-08,1007594.7551642098,0.0,1007594.7551642098,{},5.4794520548018255e-05,1.0075947551642097,0.0
2019-08-09,1007649.9658357257,0.0,1007649.9658357257,{},5.4794520548018255e-05,1.0076499658357256,0.0
2019-08-12,1007705.1795324838,0.0,1007705.1795324838,{},5.4794520548018255e-05,1.0077051795324838,0.0
2019-08-13,1007760.3962546501,0.0,1007760.3962546501,{},5.4794520548018255e-05,1.0077603962546502,0.0
2019-08-14,1007815.6160023902,0.0,1007815.6160023902,{},5.4794520548018255e-05,1.0078156160023901,0.0
2019-08-15,1007870.8387758698,0.0,1007870.8387758698,{},5.4794520548018255e-05,1.00787083877587,0.0
2019-08-16,1007926.0645752549,0.0,1007926.0645752549,{},5.4794520548018255e-05,1.007926064575255,0.0
2019-08-19,1007981.2934007111,0.0,1007981.2934007111,{},5.4794520548018255e-05,1.007981293400711,0.0
2019-08-20,1008036.5252524044,0.0,1008036.5252524044,{},5.4794520548018255e-05,1.0080365252524044,0.0
2019-08-21,1008091.7601305005,0.0,1008091.7601305005,{},5.4794520548018255e-05,1.0080917601305006,0.0
2019-08-22,1008146.9980351652,0.0,1008146.9980351652,{},5.4794520548018255e-05,1.0081469980351652,0.0
2019-08-23,1008202.2389665645,0.0,1008202.2389665645,{},5.4794520548018255e-05,1.0082022389665646,0.0
2019-08-26,1008257.4829248642,0.0,1008257.4829248642,{},5.4794520548018255e-05,1.008257482924864,0.0
2019-08-27,1008312.72991023,0.0,1008312.72991023,{},5.4794520548018255e-05,1.0083127299102301,0.0
2019-08-28,1008367.9799228279,0.0,1008367.9799228279,{},5.4794520548018255e-05,1.008367979922828,0.0
2019-08-29,1008423.2329628237,0.0,1008423.2329628237,{},5.4794520548018255e-05,1.0084232329628238,0.0
2019-08-30,1008478.4890303834,0.0,1008478.4890303834,{},5.4794520548018255e-05,1.0084784890303835,0.0
2019-09-02,1008533.7481256728,0.0,1008533.7481256728,{},5.4794520548018255e-05,1.0085337481256729,0.0
2019-09-03,1008589.0102488579,0.0,1008589.0102488579,{},5.4794520548018255e-05,1.008589010248858,0.0
2019-09-04,1008644.2754001045,0.0,1008644.2754001045,{},5.4794520548018255e-05,1.0086442754001044,0.0
2019-09-05,1008699.5435795785,0.0,1008699.5435795785,{},5.4794520548018255e-05,1.0086995435795785,0.0
2019-09-06,1008754.8147874459,0.0,1008754.8147874459,{},5.4794520548018255e-05,1.0087548147874459,0.0
2019-09-09,1008810.0890238727,0.0,1008810.0890238727,{},5.4794520548018255e-05,1.0088100890238727,0.0
2019-09-10,1008865.3662890248,0.0,1008865.3662890248,{},5.4794520548018255e-05,1.0088653662890248,0.0
2019-09-11,1008920.6465830682,0.0,1008920.6465830682,{},5.4794520548018255e-05,1.0089206465830682,0.0
2019-09-12,1008975.9299061687,0.0,1008975.9299061687,{},5.4794520548018255e-05,1.0089759299061687,0.0
2019-09-16,1009031.2162584924,0.0,1009031.2162584924,{},5.4794520548018255e-05,1.0090312162584925,0.0
2019-09-17,1009086.5056402053,0.0,1009086.5056402053,{},5.4794520548018255e-05,1.0090865056402054,0.0
2019-09-18,1009141.7980514733,0.0,1009141.7980514733,{},5.4794520548018255e-05,1.0091417980514734,0.0
2019-09-19,1009197.0934924625,0.0,1009197.0934924625,{},5.4794520548018255e-05,1.0091970934924626,0.0
2019-09-20,1009252.391963339,0.0,1009252.391963339,{},5.4794520548018255e-05,1.009252391963339,0.0
2019-09-23,1009307.6934642685,0.0,1009307.6934642685,{},5.4794520548018255e-05,1.0093076934642684,0.0
2019-09-24,1009362.9979954172,0.0,1009362.9979954172,{},5.4794520548018255e-05,1.0093629979954173,0.0
2019-09-25,1009418.3055569513,0.0,1009418.3055569513,{},5.4794520548018255e-05,1.0094183055569512,0.0
2019-09-26,1009473.6161490367,0.0,1009473.6161490367,{},5.4794520548018255e-05,1.0094736161490367,0.0
2019-09-27,1009528.9297718394,0.0,1009528.9297718394,{},5.4794520548018255e-05,1.0095289297718395,0.0
2019-09-30,1009584.2464255256,0.0,1009584.2464255256,{},5.4794520548018255e-05,1.0095842464255256,0.0
2019-10-08,1009639.5661102614,0.0,1009639.5661102614,{},5.4794520548018255e-05,1.0096395661102613,0.0
2019-10-09,1009694.8888262127,0.0,1009694.8888262127,{},5.4794520548018255e-05,1.0096948888262127,0.0
2019-10-10,1009750.2145735457,0.0,1009750.2145735457,{},5.4794520548018255e-05,1.0097502145735457,0.0
2019-10-11,1009805.5433524265,0.0,1009805.5433524265,{},5.4794520548018255e-05,1.0098055433524264,0.0
2019-10-14,1009860.8751630213,0.0,1009860.8751630213,{},5.4794520548018255e-05,1.0098608751630214,0.0
2019-10-15,1009916.210005496,0.0,1009916.210005496,{},5.4794520548018255e-05,1.0099162100054961,0.0
2019-10-16,1009971.547880017,0.0,1009971.547880017,{},5.4794520548018255e-05,1.0099715478800169,0.0
2019-10-17,1010026.8887867501,0.0,1010026.8887867501,{},5.4794520548018255e-05,1.01002688878675,0.0
2019-10-18,1010082.2327258618,0.0,1010082.2327258618,{},5.4794520548018255e-05,1.0100822327258618,0.0
2019-10-21,1010137.5796975181,0.0,1010137.5796975181,{},5.4794520548018255e-05,1.010137579697518,0.0
2019-10-22,1010192.9297018852,0.0,1010192.9297018852,{},5.4794520548018255e-05,1.0101929297018852,0.0
2019-10-23,1010248.2827391293,0.0,1010248.2827391293,{},5.4794520548018255e-05,1.0102482827391293,0.0
2019-10-24,1010303.6388094164,0.0,1010303.6388094164,{},5.4794520548018255e-05,1.0103036388094164,0.0
2019-10-25,1010358.997912913,0.0,1010358.997912913,{},5.4794520548018255e-05,1.010358997912913,0.0
2019-10-28,1010414.360049785,0.0,1010414.360049785,{},5.4794520548018255e-05,1.010414360049785,0.0
2019-10-29,1010469.7252201987,0.0,1010469.7252201987,{},5.4794520548018255e-05,1.0104697252201988,0.0
2019-10-30,1010525.0934243205,0.0,1010525.0934243205,{},5.4794520548018255e-05,1.0105250934243204,0.0
2019-10-31,1010580.4646623164,0.0,1010580.4646623164,{},5.4794520548018255e-05,1.0105804646623164,0.0
2019-11-01,1010635.8389343527,0.0,1010635.8389343527,{},5.4794520548018255e-05,1.0106358389343528,0.0
2019-11-04,1010691.2162405958,0.0,1010691.2162405958,{},5.4794520548018255e-05,1.0106912162405959,0.0
2019-11-05,1010746.5965812118,0.0,1010746.5965812118,{},5.4794520548018255e-05,1.0107465965812117,0.0
2019-11-06,1010801.9799563669,0.0,1010801.9799563669,{},5.4794520548018255e-05,1.010801979956367,0.0
2019-11-07,1010857.3663662276,0.0,1010857.3663662276,{},5.4794520548018255e-05,1.0108573663662277,0.0
2019-11-08,1010912.7558109601,0.0,1010912.7558109601,{},5.4794520548018255e-05,1.01091275581096,0.0
2019-11-11,1010968.1482907307,0.0,1010968.1482907307,{},5.4794520548018255e-05,1.0109681482907307,0.0
2019-11-12,1011023.5438057056,0.0,1011023.5438057056,{},5.4794520548018255e-05,1.0110235438057056,0.0
2019-11-13,1011078.9423560512,0.0,1011078.9423560512,{},5.4794520548018255e-05,1.0110789423560511,0.0
2019-11-14,1011134.3439419338,0.0,1011134.3439419338,{},5.4794520548018255e-05,1.0111343439419338,0.0
2019-11-15,1011189.7485635198,0.0,1011189.7485635198,{},5.4794520548018255e-05,1.0111897485635197,0.0
2019-11-18,1011245.1562209754,0.0,1011245.1562209754,{},5.4794520548018255e-05,1.0112451562209754,0.0
2019-11-19,1011300.566914467,0.0,1011300.566914467,{},5.4794520548018255e-05,1.011300566914467,0.0
2019-11-20,1011355.980644161,0.0,1011355.980644161,{},5.4794520548018255e-05,1.011355980644161,0.0
2019-11-21,1011411.3974102237,0.0,1011411.3974102237,{},5.4794520548018255e-05,1.0114113974102237,0.0
2019-11-22,1011466.8172128216,0.0,1011466.8172128216,{},5.4794520548018255e-05,1.0114668172128216,0.0
2019-11-25,1011522.240052121,0.0,1011522.240052121,{},5.4794520548018255e-05,1.011522240052121,0.0
2019-11-26,1011577.6659282884,0.0,1011577.6659282884,{},5.4794520548018255e-05,1.0115776659282885,0.0
2019-11-27,1011633.09484149,0.0,1011633.09484149,{},5.4794520548018255e-05,1.01163309484149,0.0
2019-11-28,1011688.5267918924,0.0,1011688.5267918924,{},5.4794520548018255e-05,1.0116885267918925,0.0
2019-11-29,1011743.9617796618,0.0,1011743.9617796618,{},5.4794520548018255e-05,1.0117439617796617,0.0
2019-12-02,1011799.3998049649,0.0,1011799.3998049649,{},5.4794520548018255e-05,1.0117993998049648,0.0
2019-12-03,1011854.8408679679,0.0,1011854.8408679679,{},5.4794520548018255e-05,1.011854840867968,0.0
2019-12-04,1011910.2849688375,0.0,1011910.2849688375,{},5.4794520548018255e-05,1.0119102849688375,0.0
2019-12-05,1011965.73210774,0.0,1011965.73210774,{},5.4794520548018255e-05,1.01196573210774,0.0
2019-12-06,1012021.1822848419,0.0,1012021.1822848419,{},5.4794520548018255e-05,1.012021182284842,0.0
2019-12-09,1012076.6355003096,0.0,1012076.6355003096,{},5.4794520548018255e-05,1.0120766355003097,0.0
2019-12-10,1012132.0917543097,0.0,1012132.0917543097,{},5.4794520548018255e-05,1.0121320917543097,0.0
2019-12-11,1012187.5510470086,0.0,1012187.5510470086,{},5.4794520548018255e-05,1.0121875510470086,0.0
2019-12-12,1012243.0133785729,0.0,1012243.0133785729,{},5.4794520548018255e-05,1.012243013378573,0.0
2019-12-13,1012298.478749169,0.0,1012298.478749169,{},5.4794520548018255e-05,1.0122984787491691,0.0
2019-12-16,1012353.9471589635,0.0,1012353.9471589635,{},5.4794520548018255e-05,1.0123539471589635,0.0
2019-12-17,1012409.418608123,0.0,1012409.418608123,{},5.4794520548018255e-05,1.012409418608123,0.0
2019-12-18,1012464.8930968139,0.0,1012464.8930968139,{},5.4794520548018255e-05,1.0124648930968139,0.0
2019-12-19,1012520.3706252029,0.0,1012520.3706252029,{},5.4794520548018255e-05,1.0125203706252028,0.0
2019-12-20,1012575.8511934564,0.0,1012575.8511934564,{},5.4794520548018255e-05,1.0125758511934564,0.0
2019-12-23,1012631.3348017411,0.0,1012631.3348017411,{},5.4794520548018255e-05,1.012631334801741,0.0
2019-12-24,1012686.8214502234,0.0,1012686.8214502234,{},5.4794520548018255e-05,1.0126868214502234,0.0
2019-12-25,1012742.3111390701,0.0,1012742.3111390701,{},5.4794520548018255e-05,1.01274231113907,0.0
2019-12-26,1012797.8038684477,0.0,1012797.8038684477,{},5.4794520548018255e-05,1.0127978038684478,0.0
2019-12-27,1012853.2996385227,0.0,1012853.2996385227,{},5.4794520548018255e-05,1.0128532996385227,0.0
2019-12-30,1012908.7984494618,0.0,1012908.7984494618,{},5.4794520548018255e-05,1.0129087984494618,0.0
2019-12-31,1012964.3003014317,0.0,1012964.3003014317,{},5.4794520548018255e-05,1.0129643003014317,0.0
2020-01-02,1013019.805194599,0.0,1013019.805194599,{},5.4794520548018255e-05,1.0130198051945989,0.0
2020-01-03,1013075.3131291303,0.0,1013075.3131291303,{},5.4794520548018255e-05,1.0130753131291304,0.0
2020-01-06,1013130.8241051922,0.0,1013130.8241051922,{},5.4794520548018255e-05,1.0131308241051922,0.0
2020-01-07,1013186.3381229514,0.0,1013186.3381229514,{},5.4794520548018255e-05,1.0131863381229516,0.0
2020-01-08,1013241.8551825747,0.0,1013241.8551825747,{},5.4794520548018255e-05,1.0132418551825748,0.0
2020-01-09,1013297.3752842286,0.0,1013297.3752842286,{},5.4794520548018255e-05,1.0132973752842287,0.0
2020-01-10,1013352.8984280799,0.0,1013352.8984280799,{},5.4794520548018255e-05,1.01335289842808,0.0
2020-01-13,1013408.4246142952,0.0,1013408.4246142952,{},5.4794520548018255e-05,1.0134084246142951,0.0
2020-01-14,1013463.9538430413,0.0,1013463.9538430413,{},5.4794520548018255e-05,1.0134639538430412,0.0
2020-01-15,1013519.4861144848,0.0,1013519.4861144848,{},5.4794520548018255e-05,1.013519486114485,0.0
2020-01-16,1013575.0214287925,0.0,1013575.0214287925,{},5.4794520548018255e-05,1.0135750214287924,0.0
2020-01-17,1013630.5597861311,0.0,1013630.5597861311,{},5.4794520548018255e-05,1.013630559786131,0.0
2020-01-20,1013686.1011866675,0.0,1013686.1011866675,{},5.4794520548018255e-05,1.0136861011866674,0.0
2020-01-21,1013741.6456305681,0.0,1013741.6456305681,{},5.4794520548018255e-05,1.0137416456305681,0.0
2020-01-22,1013797.193118,0.0,1013797.193118,{},5.4794520548018255e-05,1.013797193118,0.0
2020-01-23,1013852.7436491299,0.0,1013852.7436491299,{},5.4794520548018255e-05,1.0138527436491298,0.0
2020-02-03,1013908.2972241244,0.0,1013908.2972241244,{},5.4794520548018255e-05,1.0139082972241245,0.0
2020-02-04,1013963.8538431504,0.0,1013963.8538431504,{},5.4794520548018255e-05,1.0139638538431504,0.0
2020-02-05,1014019.4135063748,0.0,1014019.4135063748,{},5.4794520548018255e-05,1.0140194135063747,0.0
2020-02-06,1014074.9762139643,0.0,1014074.9762139643,{},5.4794520548018255e-05,1.0140749762139643,0.0
2020-02-07,1014130.5419660857,0.0,1014130.5419660857,{},5.4794520548018255e-05,1.0141305419660858,0.0
2020-02-10,1014186.1107629058,0.0,1014186.1107629058,{},5.4794520548018255e-05,1.0141861107629058,0.0
2020-02-11,1014241.6826045915,0.0,1014241.6826045915,{},5.4794520548018255e-05,1.0142416826045915,0.0
2020-02-12,1014297.2574913097,0.0,1014297.2574913097,{},5.4794520548018255e-05,1.0142972574913096,0.0
2020-02-13,1014352.835423227,0.0,1014352.835423227,{},5.4794520548018255e-05,1.014352835423227,0.0
2020-02-14,1014408.4164005106,0.0,1014408.4164005106,{},5.4794520548018255e-05,1.0144084164005105,0.0
2020-02-17,1014464.0004233271,0.0,1014464.0004233271,{},5.4794520548018255e-05,1.0144640004233272,0.0
2020-02-18,1014519.5874918435,0.0,1014519.5874918435,{},5.4794520548018255e-05,1.0145195874918436,0.0
2020-02-19,1014575.1776062266,0.0,1014575.1776062266,{},5.4794520548018255e-05,1.0145751776062266,0.0
2020-02-20,1014630.7707666435,0.0,1014630.7707666435,{},5.4794520548018255e-05,1.0146307707666435,0.0
2020-02-21,1014686.3669732609,0.0,1014686.3669732609,{},5.4794520548018255e-05,1.0146863669732609,0.0
2020-02-24,1014741.9662262457,0.0,1014741.9662262457,{},5.4794520548018255e-05,1.0147419662262458,0.0
2020-02-25,1014797.5685257651,0.0,1014797.5685257651,{},5.4794520548018255e-05,1.014797568525765,0.0
2020-02-26,1014853.1738719858,0.0,1014853.1738719858,{},5.4794520548018255e-05,1.0148531738719857,0.0
2020-02-27,1014908.7822650747,0.0,1014908.7822650747,{},5.4794520548018255e-05,1.0149087822650746,0.0
2020-02-28,1014964.3937051989,0.0,1014964.3937051989,{},5.4794520548018255e-05,1.0149643937051989,0.0
2020-03-02,1015020.0081925252,0.0,1015020.0081925252,{},5.4794520548018255e-05,1.0150200081925251,0.0
2020-03-03,1015075.6257272208,0.0,1015075.6257272208,{},5.4794520548018255e-05,1.0150756257272209,0.0
2020-03-04,1015131.2463094525,0.0,1015131.2463094525,{},5.4794520548018255e-05,1.0151312463094524,0.0
2020-03-05,1015186.8699393873,0.0,1015186.8699393873,{},5.4794520548018255e-05,1.0151868699393873,0.0
2020-03-06,1015242.4966171923,0.0,1015242.4966171923,{},5.4794520548018255e-05,1.0152424966171922,0.0
2020-03-09,1015298.1263430344,0.0,1015298.1263430344,{},5.4794520548018255e-05,1.0152981263430345,0.0
2020-03-10,1015353.7591170807,0.0,1015353.7591170807,{},5.4794520548018255e-05,1.0153537591170807,0.0
2020-03-11,1015409.3949394982,0.0,1015409.3949394982,{},5.4794520548018255e-05,1.0154093949394982,0.0
2020-03-12,1015465.0338104538,0.0,1015465.0338104538,{},5.4794520548018255e-05,1.0154650338104538,0.0
2020-03-13,1015520.6757301148,0.0,1015520.6757301148,{},5.4794520548018255e-05,1.0155206757301147,0.0
2020-03-16,907386.320698648,108190.00000000001,1015576.320698648,"{'006479': {'shares': 50000.0, 'price': 2.1638, 'value': 108190.00000000001, 'profit_pct': 0.0}}",5.4794520548018255e-05,1.015576320698648,0.0
2020-03-17,1022841.0404970425,0.0,1022841.0404970425,{},0.0071532977387624985,1.0228410404970425,0.0
2020-03-18,1022897.0865814533,0.0,1022897.0865814533,{},5.4794520548018255e-05,1.0228970865814533,0.0
2020-03-19,1022953.1357368826,0.0,1022953.1357368826,{},5.4794520548018255e-05,1.0229531357368826,0.0
2020-03-20,1023009.1879634984,0.0,1023009.1879634984,{},5.4794520548018255e-05,1.0230091879634984,0.0
2020-03-23,1023065.2432614691,0.0,1023065.2432614691,{},5.4794520548018255e-05,1.023065243261469,0.0
2020-03-24,1023121.3016309629,0.0,1023121.3016309629,{},5.4794520548018255e-05,1.0231213016309628,0.0
2020-03-25,1023177.3630721482,0.0,1023177.3630721482,{},5.4794520548018255e-05,1.0231773630721481,0.0
2020-03-26,1023233.4275851933,0.0,1023233.4275851933,{},5.4794520548018255e-05,1.0232334275851933,0.0
2020-03-27,1023289.4951702665,0.0,1023289.4951702665,{},5.4794520548018255e-05,1.0232894951702665,0.0
2020-03-30,1023345.5658275362,0.0,1023345.5658275362,{},5.4794520548018255e-05,1.023345565827536,0.0
2020-03-31,1023401.6395571707,0.0,1023401.6395571707,{},5.4794520548018255e-05,1.0234016395571708,0.0
2020-04-01,1023457.7163593383,0.0,1023457.7163593383,{},5.4794520548018255e-05,1.0234577163593384,0.0
2020-04-02,1023513.7962342073,0.0,1023513.7962342073,{},5.4794520548018255e-05,1.0235137962342074,0.0
2020-04-03,1023569.8791819463,0.0,1023569.8791819463,{},5.4794520548018255e-05,1.0235698791819463,0.0
2020-04-07,1023625.9652027234,0.0,1023625.9652027234,{},5.4794520548018255e-05,1.0236259652027233,0.0
2020-04-08,1023682.0542967072,0.0,1023682.0542967072,{},5.4794520548018255e-05,1.0236820542967071,0.0
2020-04-09,1023738.146464066,0.0,1023738.146464066,{},5.4794520548018255e-05,1.023738146464066,0.0
2020-04-10,1023794.2417049683,0.0,1023794.2417049683,{},5.4794520548018255e-05,1.0237942417049684,0.0
2020-04-13,1023850.3400195823,0.0,1023850.3400195823,{},5.4794520548018255e-05,1.0238503400195822,0.0
2020-04-14,1023906.4414080766,0.0,1023906.4414080766,{},5.4794520548018255e-05,1.0239064414080765,0.0
2020-04-15,1023962.5458706196,0.0,1023962.5458706196,{},5.4794520548018255e-05,1.0239625458706196,0.0
2020-04-16,1024018.6534073798,0.0,1024018.6534073798,{},5.4794520548018255e-05,1.0240186534073799,0.0
2020-04-17,1024074.7640185255,0.0,1024074.7640185255,{},5.4794520548018255e-05,1.0240747640185255,0.0
2020-04-20,1024130.8777042252,0.0,1024130.8777042252,{},5.4794520548018255e-05,1.0241308777042253,0.0
2020-04-21,1024186.9944646475,0.0,1024186.9944646475,{},5.4794520548018255e-05,1.0241869944646476,0.0
2020-04-22,1024243.1142999607,0.0,1024243.1142999607,{},5.4794520548018255e-05,1.0242431142999606,0.0
2020-04-23,1024299.2372103333,0.0,1024299.2372103333,{},5.4794520548018255e-05,1.0242992372103334,0.0
2020-04-24,1024355.363195934,0.0,1024355.363195934,{},5.4794520548018255e-05,1.024355363195934,0.0
2020-04-27,1024411.4922569311,0.0,1024411.4922569311,{},5.4794520548018255e-05,1.0244114922569312,0.0
2020-04-28,1024467.6243934933,0.0,1024467.6243934933,{},5.4794520548018255e-05,1.0244676243934934,0.0
2020-04-29,1024523.7596057889,0.0,1024523.7596057889,{},5.4794520548018255e-05,1.0245237596057888,0.0
2020-04-30,1024579.8978939865,0.0,1024579.8978939865,{},5.4794520548018255e-05,1.0245798978939866,0.0
2020-05-06,1024636.0392582548,0.0,1024636.0392582548,{},5.4794520548018255e-05,1.0246360392582547,0.0
2020-05-07,1024692.1836987622,0.0,1024692.1836987622,{},5.4794520548018255e-05,1.0246921836987621,0.0
2020-05-08,1024748.3312156773,0.0,1024748.3312156773,{},5.4794520548018255e-05,1.0247483312156773,0.0
2020-05-11,1024804.4818091687,0.0,1024804.4818091687,{},5.4794520548018255e-05,1.0248044818091686,0.0
2020-05-12,1024860.6354794049,0.0,1024860.6354794049,{},5.4794520548018255e-05,1.024860635479405,0.0
2020-05-13,1024916.7922265546,0.0,1024916.7922265546,{},5.4794520548018255e-05,1.0249167922265545,0.0
2020-05-14,1024972.9520507862,0.0,1024972.9520507862,{},5.4794520548018255e-05,1.0249729520507862,0.0
2020-05-15,1025029.1149522685,0.0,1025029.1149522685,{},5.4794520548018255e-05,1.0250291149522686,0.0
2020-05-18,1025085.2809311701,0.0,1025085.2809311701,{},5.4794520548018255e-05,1.0250852809311701,0.0
2020-05-19,1025141.4499876596,0.0,1025141.4499876596,{},5.4794520548018255e-05,1.0251414499876597,0.0
2020-05-20,1025197.6221219056,0.0,1025197.6221219056,{},5.4794520548018255e-05,1.0251976221219055,0.0
2020-05-21,1025253.7973340767,0.0,1025253.7973340767,{},5.4794520548018255e-05,1.0252537973340767,0.0
2020-05-22,1025309.9756243416,0.0,1025309.9756243416,{},5.4794520548018255e-05,1.0253099756243416,0.0
2020-05-25,1025366.1569928691,0.0,1025366.1569928691,{},5.4794520548018255e-05,1.0253661569928691,0.0
2020-05-26,1025422.3414398277,0.0,1025422.3414398277,{},5.4794520548018255e-05,1.0254223414398278,0.0
2020-05-27,1025478.5289653861,0.0,1025478.5289653861,{},5.4794520548018255e-05,1.025478528965386,0.0
2020-05-28,1025534.719569713,0.0,1025534.719569713,{},5.4794520548018255e-05,1.025534719569713,0.0
2020-05-29,1025590.9132529772,0.0,1025590.9132529772,{},5.4794520548018255e-05,1.0255909132529772,0.0
2020-06-01,1025647.1100153473,0.0,1025647.1100153473,{},5.4794520548018255e-05,1.0256471100153473,0.0
2020-06-02,1025703.309856992,0.0,1025703.309856992,{},5.4794520548018255e-05,1.0257033098569919,0.0
2020-06-03,1025759.5127780801,0.0,1025759.5127780801,{},5.4794520548018255e-05,1.02575951277808,0.0
2020-06-04,1025815.7187787803,0.0,1025815.7187787803,{},5.4794520548018255e-05,1.0258157187787804,0.0
2020-06-05,1025871.9278592614,0.0,1025871.9278592614,{},5.4794520548018255e-05,1.0258719278592614,0.0
2020-06-08,1025928.1400196921,0.0,1025928.1400196921,{},5.4794520548018255e-05,1.0259281400196922,0.0
2020-06-09,1025984.3552602412,0.0,1025984.3552602412,{},5.4794520548018255e-05,1.0259843552602412,0.0
2020-06-10,1026040.5735810774,0.0,1026040.5735810774,{},5.4794520548018255e-05,1.0260405735810774,0.0
2020-06-11,1026096.7949823695,0.0,1026096.7949823695,{},5.4794520548018255e-05,1.0260967949823696,0.0
2020-06-12,1026153.0194642864,0.0,1026153.0194642864,{},5.4794520548018255e-05,1.0261530194642865,0.0
2020-06-15,1026209.2470269968,0.0,1026209.2470269968,{},5.4794520548018255e-05,1.0262092470269968,0.0
2020-06-16,1026265.4776706696,0.0,1026265.4776706696,{},5.4794520548018255e-05,1.0262654776706694,0.0
2020-06-17,1026321.7113954735,0.0,1026321.7113954735,{},5.4794520548018255e-05,1.0263217113954735,0.0
2020-06-18,1026377.9482015774,0.0,1026377.9482015774,{},5.4794520548018255e-05,1.0263779482015774,0.0
2020-06-19,1026434.1880891501,0.0,1026434.1880891501,{},5.4794520548018255e-05,1.02643418808915,0.0
2020-06-22,1026490.4310583606,0.0,1026490.4310583606,{},5.4794520548018255e-05,1.0264904310583607,0.0
2020-06-23,1026546.6771093776,0.0,1026546.6771093776,{},5.4794520548018255e-05,1.0265466771093776,0.0
2020-06-24,1026602.9262423699,0.0,1026602.9262423699,{},5.4794520548018255e-05,1.02660292624237,0.0
2020-06-29,1026659.1784575066,0.0,1026659.1784575066,{},5.4794520548018255e-05,1.0266591784575065,0.0
2020-06-30,1026715.4337549563,0.0,1026715.4337549563,{},5.4794520548018255e-05,1.0267154337549564,0.0
2020-07-01,1026771.6921348883,0.0,1026771.6921348883,{},5.4794520548018255e-05,1.0267716921348882,0.0
2020-07-02,1026827.9535974711,0.0,1026827.9535974711,{},5.4794520548018255e-05,1.0268279535974711,0.0
2020-07-03,1026884.2181428738,0.0,1026884.2181428738,{},5.4794520548018255e-05,1.026884218142874,0.0
2020-07-06,1026940.4857712653,0.0,1026940.4857712653,{},5.4794520548018255e-05,1.0269404857712654,0.0
2020-07-07,1026996.7564828146,0.0,1026996.7564828146,{},5.4794520548018255e-05,1.0269967564828146,0.0
2020-07-08,1027053.0302776904,0.0,1027053.0302776904,{},5.4794520548018255e-05,1.0270530302776903,0.0
2020-07-09,1027109.3071560619,0.0,1027109.3071560619,{},5.4794520548018255e-05,1.027109307156062,0.0
2020-07-10,1027165.5871180979,0.0,1027165.5871180979,{},5.4794520548018255e-05,1.027165587118098,0.0
2020-07-13,1027221.8701639675,0.0,1027221.8701639675,{},5.4794520548018255e-05,1.0272218701639675,0.0
2020-07-14,1027278.1562938396,0.0,1027278.1562938396,{},5.4794520548018255e-05,1.0272781562938396,0.0
2020-07-15,1027334.4455078831,0.0,1027334.4455078831,{},5.4794520548018255e-05,1.027334445507883,0.0
2020-07-16,1027390.7378062671,0.0,1027390.7378062671,{},5.4794520548018255e-05,1.027390737806267,0.0
2020-07-17,1027447.0331891606,0.0,1027447.0331891606,{},5.4794520548018255e-05,1.0274470331891605,0.0
2020-07-20,1027503.3316567327,0.0,1027503.3316567327,{},5.4794520548018255e-05,1.0275033316567328,0.0
2020-07-21,1027559.6332091524,0.0,1027559.6332091524,{},5.4794520548018255e-05,1.0275596332091523,0.0
2020-07-22,1027615.9378465886,0.0,1027615.9378465886,{},5.4794520548018255e-05,1.0276159378465886,0.0
2020-07-23,1027672.2455692104,0.0,1027672.2455692104,{},5.4794520548018255e-05,1.0276722455692104,0.0
2020-07-24,1027728.5563771869,0.0,1027728.5563771869,{},5.4794520548018255e-05,1.027728556377187,0.0
2020-07-27,1027784.8702706872,0.0,1027784.8702706872,{},5.4794520548018255e-05,1.027784870270687,0.0
2020-07-28,1027841.1872498802,0.0,1027841.1872498802,{},5.4794520548018255e-05,1.0278411872498803,0.0
2020-07-29,1027897.507314935,0.0,1027897.507314935,{},5.4794520548018255e-05,1.027897507314935,0.0
2020-07-30,1027953.8304660209,0.0,1027953.8304660209,{},5.4794520548018255e-05,1.027953830466021,0.0
2020-07-31,1028010.1567033067,0.0,1028010.1567033067,{},5.4794520548018255e-05,1.0280101567033066,0.0
2020-08-03,1028066.4860269617,0.0,1028066.4860269617,{},5.4794520548018255e-05,1.0280664860269617,0.0
2020-08-04,1028122.818437155,0.0,1028122.818437155,{},5.4794520548018255e-05,1.028122818437155,0.0
2020-08-05,1028179.1539340557,0.0,1028179.1539340557,{},5.4794520548018255e-05,1.0281791539340557,0.0
2020-08-06,1028235.492517833,0.0,1028235.492517833,{},5.4794520548018255e-05,1.028235492517833,0.0
2020-08-07,1028291.834188656,0.0,1028291.834188656,{},5.4794520548018255e-05,1.028291834188656,0.0
2020-08-10,1028348.1789466938,0.0,1028348.1789466938,{},5.4794520548018255e-05,1.0283481789466937,0.0
2020-08-11,1028404.5267921155,0.0,1028404.5267921155,{},5.4794520548018255e-05,1.0284045267921156,0.0
2020-08-12,1028460.8777250905,0.0,1028460.8777250905,{},5.4794520548018255e-05,1.0284608777250905,0.0
2020-08-13,1028517.2317457878,0.0,1028517.2317457878,{},5.4794520548018255e-05,1.0285172317457878,0.0
2020-08-14,1028573.5888543767,0.0,1028573.5888543767,{},5.4794520548018255e-05,1.0285735888543768,0.0
2020-08-17,1028629.9490510264,0.0,1028629.9490510264,{},5.4794520548018255e-05,1.0286299490510264,0.0
2020-08-18,1028686.312335906,0.0,1028686.312335906,{},5.4794520548018255e-05,1.028686312335906,0.0
2020-08-19,1028742.6787091848,0.0,1028742.6787091848,{},5.4794520548018255e-05,1.0287426787091847,0.0
2020-08-20,1028799.0481710319,0.0,1028799.0481710319,{},5.4794520548018255e-05,1.0287990481710318,0.0
2020-08-21,1028855.4207216167,0.0,1028855.4207216167,{},5.4794520548018255e-05,1.0288554207216167,0.0
2020-08-24,1028911.7963611084,0.0,1028911.7963611084,{},5.4794520548018255e-05,1.0289117963611085,0.0
2020-08-25,1028968.1750896763,0.0,1028968.1750896763,{},5.4794520548018255e-05,1.0289681750896762,0.0
2020-08-26,1029024.5569074895,0.0,1029024.5569074895,{},5.4794520548018255e-05,1.0290245569074896,0.0
2020-08-27,1029080.9418147175,0.0,1029080.9418147175,{},5.4794520548018255e-05,1.0290809418147175,0.0
2020-08-28,1029137.3298115294,0.0,1029137.3298115294,{},5.4794520548018255e-05,1.0291373298115294,0.0
2020-08-31,1029193.7208980945,0.0,1029193.7208980945,{},5.4794520548018255e-05,1.0291937208980946,0.0
2020-09-01,1029250.1150745822,0.0,1029250.1150745822,{},5.4794520548018255e-05,1.029250115074582,0.0
2020-09-02,1029306.5123411617,0.0,1029306.5123411617,{},5.4794520548018255e-05,1.0293065123411618,0.0
2020-09-03,1029362.9126980024,0.0,1029362.9126980024,{},5.4794520548018255e-05,1.0293629126980024,0.0
2020-09-04,1029419.3161452736,0.0,1029419.3161452736,{},5.4794520548018255e-05,1.0294193161452736,0.0
2020-09-07,1029475.7226831446,0.0,1029475.7226831446,{},5.4794520548018255e-05,1.0294757226831446,0.0
2020-09-08,1029532.1323117849,0.0,1029532.1323117849,{},5.4794520548018255e-05,1.029532132311785,0.0
2020-09-09,1029588.5450313637,0.0,1029588.5450313637,{},5.4794520548018255e-05,1.0295885450313638,0.0
2020-09-10,1029644.9608420505,0.0,1029644.9608420505,{},5.4794520548018255e-05,1.0296449608420506,0.0
2020-09-11,1029701.3797440145,0.0,1029701.3797440145,{},5.4794520548018255e-05,1.0297013797440144,0.0
2020-09-14,1029757.8017374252,0.0,1029757.8017374252,{},5.4794520548018255e-05,1.0297578017374251,0.0
2020-09-15,1029814.2268224519,0.0,1029814.2268224519,{},5.4794520548018255e-05,1.029814226822452,0.0
2020-09-16,1029870.6549992642,0.0,1029870.6549992642,{},5.4794520548018255e-05,1.0298706549992642,0.0
2020-09-17,1029927.0862680313,0.0,1029927.0862680313,{},5.4794520548018255e-05,1.0299270862680312,0.0
2020-09-18,1029983.5206289227,0.0,1029983.5206289227,{},5.4794520548018255e-05,1.0299835206289227,0.0
2020-09-21,1030039.958082108,0.0,1030039.958082108,{},5.4794520548018255e-05,1.030039958082108,0.0
2020-09-22,1030096.3986277564,0.0,1030096.3986277564,{},5.4794520548018255e-05,1.0300963986277565,0.0
2020-09-23,1030152.8422660375,0.0,1030152.8422660375,{},5.4794520548018255e-05,1.0301528422660375,0.0
2020-09-24,1030209.2889971206,0.0,1030209.2889971206,{},5.4794520548018255e-05,1.0302092889971206,0.0
2020-09-25,1030265.7388211753,0.0,1030265.7388211753,{},5.4794520548018255e-05,1.0302657388211753,0.0
2020-09-28,1030322.191738371,0.0,1030322.191738371,{},5.4794520548018255e-05,1.0303221917383711,0.0
2020-09-29,1030378.6477488773,0.0,1030378.6477488773,{},5.4794520548018255e-05,1.0303786477488772,0.0
2020-09-30,1030435.1068528636,0.0,1030435.1068528636,{},5.4794520548018255e-05,1.0304351068528637,0.0
2020-10-09,1030491.5690504995,0.0,1030491.5690504995,{},5.4794520548018255e-05,1.0304915690504994,0.0
2020-10-12,1030548.0343419544,0.0,1030548.0343419544,{},5.4794520548018255e-05,1.0305480343419544,0.0
2020-10-13,1030604.5027273978,0.0,1030604.5027273978,{},5.4794520548018255e-05,1.0306045027273978,0.0
2020-10-14,1030660.9742069994,0.0,1030660.9742069994,{},5.4794520548018255e-05,1.0306609742069994,0.0
2020-10-15,1030717.4487809286,0.0,1030717.4487809286,{},5.4794520548018255e-05,1.0307174487809285,0.0
2020-10-16,1030773.9264493551,0.0,1030773.9264493551,{},5.4794520548018255e-05,1.0307739264493552,0.0
2020-10-19,1030830.4072124483,0.0,1030830.4072124483,{},5.4794520548018255e-05,1.0308304072124483,0.0
2020-10-20,1030886.8910703778,0.0,1030886.8910703778,{},5.4794520548018255e-05,1.0308868910703777,0.0
2020-10-21,1030943.3780233132,0.0,1030943.3780233132,{},5.4794520548018255e-05,1.0309433780233133,0.0
2020-10-22,1030999.8680714242,0.0,1030999.8680714242,{},5.4794520548018255e-05,1.0309998680714243,0.0
2020-10-23,1031056.3612148802,0.0,1031056.3612148802,{},5.4794520548018255e-05,1.0310563612148802,0.0
2020-10-26,1031112.857453851,0.0,1031112.857453851,{},5.4794520548018255e-05,1.031112857453851,0.0
2020-10-27,1031169.3567885061,0.0,1031169.3567885061,{},5.4794520548018255e-05,1.031169356788506,0.0
2020-10-28,1031225.8592190152,0.0,1031225.8592190152,{},5.4794520548018255e-05,1.0312258592190153,0.0
2020-10-29,1031282.3647455479,0.0,1031282.3647455479,{},5.4794520548018255e-05,1.0312823647455478,0.0
2020-10-30,1031338.8733682737,0.0,1031338.8733682737,{},5.4794520548018255e-05,1.0313388733682738,0.0
2020-11-02,1031395.3850873625,0.0,1031395.3850873625,{},5.4794520548018255e-05,1.0313953850873625,0.0
2020-11-03,1031451.8999029838,0.0,1031451.8999029838,{},5.4794520548018255e-05,1.0314518999029838,0.0
2020-11-04,1031508.4178153073,0.0,1031508.4178153073,{},5.4794520548018255e-05,1.0315084178153073,0.0
2020-11-05,1031564.9388245028,0.0,1031564.9388245028,{},5.4794520548018255e-05,1.0315649388245027,0.0
2020-11-06,1031621.4629307397,0.0,1031621.4629307397,{},5.4794520548018255e-05,1.0316214629307396,0.0
2020-11-09,1031677.9901341881,0.0,1031677.9901341881,{},5.4794520548018255e-05,1.0316779901341881,0.0
2020-11-10,1031734.5204350174,0.0,1031734.5204350174,{},5.4794520548018255e-05,1.0317345204350175,0.0
2020-11-11,1031791.0538333975,0.0,1031791.0538333975,{},5.4794520548018255e-05,1.0317910538333974,0.0
2020-11-12,1031847.5903294979,0.0,1031847.5903294979,{},5.4794520548018255e-05,1.031847590329498,0.0
2020-11-13,1031904.1299234887,0.0,1031904.1299234887,{},5.4794520548018255e-05,1.0319041299234888,0.0
2020-11-16,1031960.6726155394,0.0,1031960.6726155394,{},5.4794520548018255e-05,1.0319606726155395,0.0
2020-11-17,1032017.2184058197,0.0,1032017.2184058197,{},5.4794520548018255e-05,1.0320172184058198,0.0
2020-11-18,1032073.7672944996,0.0,1032073.7672944996,{},5.4794520548018255e-05,1.0320737672944995,0.0
2020-11-19,1032130.3192817486,0.0,1032130.3192817486,{},5.4794520548018255e-05,1.0321303192817486,0.0
2020-11-20,1032186.8743677367,0.0,1032186.8743677367,{},5.4794520548018255e-05,1.0321868743677367,0.0
2020-11-23,1032243.4325526337,0.0,1032243.4325526337,{},5.4794520548018255e-05,1.0322434325526337,0.0
2020-11-24,1032299.9938366093,0.0,1032299.9938366093,{},5.4794520548018255e-05,1.0322999938366093,0.0
2020-11-25,1032356.5582198333,0.0,1032356.5582198333,{},5.4794520548018255e-05,1.0323565582198333,0.0
2020-11-26,1032413.1257024755,0.0,1032413.1257024755,{},5.4794520548018255e-05,1.0324131257024756,0.0
2020-11-27,1032469.6962847059,0.0,1032469.6962847059,{},5.4794520548018255e-05,1.032469696284706,0.0
2020-11-30,1032526.2699666942,0.0,1032526.2699666942,{},5.4794520548018255e-05,1.0325262699666942,0.0
2020-12-01,1032582.8467486103,0.0,1032582.8467486103,{},5.4794520548018255e-05,1.0325828467486102,0.0
2020-12-02,1032639.426630624,0.0,1032639.426630624,{},5.4794520548018255e-05,1.032639426630624,0.0
2020-12-03,1032696.0096129052,0.0,1032696.0096129052,{},5.4794520548018255e-05,1.0326960096129052,0.0
2020-12-04,1032752.5956956238,0.0,1032752.5956956238,{},5.4794520548018255e-05,1.0327525956956238,0.0
2020-12-07,1032809.1848789497,0.0,1032809.1848789497,{},5.4794520548018255e-05,1.0328091848789496,0.0
2020-12-08,1032865.7771630527,0.0,1032865.7771630527,{},5.4794520548018255e-05,1.0328657771630527,0.0
2020-12-09,1032922.3725481028,0.0,1032922.3725481028,{},5.4794520548018255e-05,1.0329223725481027,0.0
2020-12-10,1032978.9710342699,0.0,1032978.9710342699,{},5.4794520548018255e-05,1.0329789710342698,0.0
2020-12-11,1033035.5726217239,0.0,1033035.5726217239,{},5.4794520548018255e-05,1.033035572621724,0.0
2020-12-14,1033092.1773106348,0.0,1033092.1773106348,{},5.4794520548018255e-05,1.0330921773106347,0.0
2020-12-15,1033148.7851011724,0.0,1033148.7851011724,{},5.4794520548018255e-05,1.0331487851011725,0.0
2020-12-16,1033205.3959935068,0.0,1033205.3959935068,{},5.4794520548018255e-05,1.0332053959935068,0.0
2020-12-17,1033262.0099878078,0.0,1033262.0099878078,{},5.4794520548018255e-05,1.0332620099878078,0.0
2020-12-18,1033318.6270842456,0.0,1033318.6270842456,{},5.4794520548018255e-05,1.0333186270842456,0.0
2020-12-21,1033375.24728299,0.0,1033375.24728299,{},5.4794520548018255e-05,1.03337524728299,0.0
2020-12-22,1033431.8705842111,0.0,1033431.8705842111,{},5.4794520548018255e-05,1.0334318705842112,0.0
2020-12-23,1033488.4969880788,0.0,1033488.4969880788,{},5.4794520548018255e-05,1.0334884969880789,0.0
2020-12-24,1033545.1264947632,0.0,1033545.1264947632,{},5.4794520548018255e-05,1.0335451264947633,0.0
2020-12-25,1033601.7591044342,0.0,1033601.7591044342,{},5.4794520548018255e-05,1.0336017591044342,0.0
2020-12-28,1033658.3948172618,0.0,1033658.3948172618,{},5.4794520548018255e-05,1.0336583948172617,0.0
2020-12-29,1033715.0336334163,0.0,1033715.0336334163,{},5.4794520548018255e-05,1.0337150336334162,0.0
2020-12-30,1033771.6755530675,0.0,1033771.6755530675,{},5.4794520548018255e-05,1.0337716755530675,0.0
2020-12-31,1033828.3205763855,0.0,1033828.3205763855,{},5.4794520548018255e-05,1.0338283205763854,0.0
2021-01-04,1033884.9687035404,0.0,1033884.9687035404,{},5.4794520548018255e-05,1.0338849687035403,0.0
2021-01-05,1033941.6199347023,0.0,1033941.6199347023,{},5.4794520548018255e-05,1.0339416199347022,0.0
2021-01-06,1033998.2742700413,0.0,1033998.2742700413,{},5.4794520548018255e-05,1.0339982742700413,0.0
2021-01-07,1034054.9317097274,0.0,1034054.9317097274,{},5.4794520548018255e-05,1.0340549317097274,0.0
2021-01-08,1034111.5922539308,0.0,1034111.5922539308,{},5.4794520548018255e-05,1.0341115922539308,0.0
2021-01-11,1034168.2559028214,0.0,1034168.2559028214,{},5.4794520548018255e-05,1.0341682559028214,0.0
2021-01-12,1034224.9226565696,0.0,1034224.9226565696,{},5.4794520548018255e-05,1.0342249226565696,0.0
2021-01-13,1034281.5925153454,0.0,1034281.5925153454,{},5.4794520548018255e-05,1.0342815925153455,0.0
2021-01-14,1034338.2654793189,0.0,1034338.2654793189,{},5.4794520548018255e-05,1.034338265479319,0.0
2021-01-15,1034394.9415486603,0.0,1034394.9415486603,{},5.4794520548018255e-05,1.0343949415486602,0.0
2021-01-18,1034451.6207235397,0.0,1034451.6207235397,{},5.4794520548018255e-05,1.0344516207235397,0.0
2021-01-19,1034508.3030041273,0.0,1034508.3030041273,{},5.4794520548018255e-05,1.0345083030041273,0.0
2021-01-20,1034564.9883905934,0.0,1034564.9883905934,{},5.4794520548018255e-05,1.0345649883905934,0.0
2021-01-21,1034621.6768831081,0.0,1034621.6768831081,{},5.4794520548018255e-05,1.034621676883108,0.0
2021-01-22,1034678.3684818415,0.0,1034678.3684818415,{},5.4794520548018255e-05,1.0346783684818415,0.0
2021-01-25,1034735.0631869639,0.0,1034735.0631869639,{},5.4794520548018255e-05,1.0347350631869638,0.0
2021-01-26,1034791.7609986454,0.0,1034791.7609986454,{},5.4794520548018255e-05,1.0347917609986454,0.0
2021-01-27,1034848.4619170564,0.0,1034848.4619170564,{},5.4794520548018255e-05,1.0348484619170564,0.0
2021-01-28,1034905.1659423669,0.0,1034905.1659423669,{},5.4794520548018255e-05,1.034905165942367,0.0
2021-01-29,1034961.8730747474,0.0,1034961.8730747474,{},5.4794520548018255e-05,1.0349618730747474,0.0
2021-02-01,1035018.583314368,0.0,1035018.583314368,{},5.4794520548018255e-05,1.0350185833143681,0.0
2021-02-02,1035075.2966613991,0.0,1035075.2966613991,{},5.4794520548018255e-05,1.035075296661399,0.0
2021-02-03,1035132.0131160107,0.0,1035132.0131160107,{},5.4794520548018255e-05,1.0351320131160107,0.0
2021-02-04,1035188.7326783733,0.0,1035188.7326783733,{},5.4794520548018255e-05,1.0351887326783733,0.0
2021-02-05,1035245.4553486572,0.0,1035245.4553486572,{},5.4794520548018255e-05,1.0352454553486572,0.0
2021-02-08,1035302.1811270325,0.0,1035302.1811270325,{},5.4794520548018255e-05,1.0353021811270324,0.0
2021-02-09,1035358.9100136696,0.0,1035358.9100136696,{},5.4794520548018255e-05,1.0353589100136695,0.0
2021-02-10,1035415.6420087389,0.0,1035415.6420087389,{},5.4794520548018255e-05,1.035415642008739,0.0
2021-02-18,1035472.3771124107,0.0,1035472.3771124107,{},5.4794520548018255e-05,1.0354723771124108,0.0
2021-02-19,1035529.1153248553,0.0,1035529.1153248553,{},5.4794520548018255e-05,1.0355291153248554,0.0
2021-02-22,1035585.856646243,0.0,1035585.856646243,{},5.4794520548018255e-05,1.035585856646243,0.0
2021-02-23,1035642.6010767443,0.0,1035642.6010767443,{},5.4794520548018255e-05,1.0356426010767443,0.0
2021-02-24,1035699.3486165294,0.0,1035699.3486165294,{},5.4794520548018255e-05,1.0356993486165293,0.0
2021-02-25,1035756.0992657687,0.0,1035756.0992657687,{},5.4794520548018255e-05,1.0357560992657686,0.0
2021-02-26,1035812.8530246326,0.0,1035812.8530246326,{},5.4794520548018255e-05,1.0358128530246327,0.0
2021-03-01,1035869.6098932915,0.0,1035869.6098932915,{},5.4794520548018255e-05,1.0358696098932916,0.0
2021-03-02,1035926.3698719159,0.0,1035926.3698719159,{},5.4794520548018255e-05,1.0359263698719159,0.0
2021-03-03,1035983.1329606761,0.0,1035983.1329606761,{},5.4794520548018255e-05,1.0359831329606761,0.0
2021-03-04,1036039.8991597425,0.0,1036039.8991597425,{},5.4794520548018255e-05,1.0360398991597426,0.0
2021-03-05,1036096.6684692856,0.0,1036096.6684692856,{},5.4794520548018255e-05,1.0360966684692856,0.0
2021-03-08,1036153.4408894758,0.0,1036153.4408894758,{},5.4794520548018255e-05,1.0361534408894757,0.0
2021-03-09,1036210.2164204834,0.0,1036210.2164204834,{},5.4794520548018255e-05,1.0362102164204834,0.0
2021-03-10,1036266.9950624792,0.0,1036266.9950624792,{},5.4794520548018255e-05,1.0362669950624792,0.0
2021-03-11,1036323.7768156334,0.0,1036323.7768156334,{},5.4794520548018255e-05,1.0363237768156335,0.0
2021-03-12,1036380.5616801166,0.0,1036380.5616801166,{},5.4794520548018255e-05,1.0363805616801165,0.0
2021-03-15,1036437.3496560991,0.0,1036437.3496560991,{},5.4794520548018255e-05,1.036437349656099,0.0
2021-03-16,1036494.1407437515,0.0,1036494.1407437515,{},5.4794520548018255e-05,1.0364941407437516,0.0
2021-03-17,1036550.9349432444,0.0,1036550.9349432444,{},5.4794520548018255e-05,1.0365509349432445,0.0
2021-03-18,1036607.7322547482,0.0,1036607.7322547482,{},5.4794520548018255e-05,1.0366077322547482,0.0
2021-03-19,1036664.5326784335,0.0,1036664.5326784335,{},5.4794520548018255e-05,1.0366645326784334,0.0
2021-03-22,1036721.3362144707,0.0,1036721.3362144707,{},5.4794520548018255e-05,1.0367213362144707,0.0
2021-03-23,1036778.1428630304,0.0,1036778.1428630304,{},5.4794520548018255e-05,1.0367781428630305,0.0
2021-03-24,1036834.9526242833,0.0,1036834.9526242833,{},5.4794520548018255e-05,1.0368349526242833,0.0
2021-03-25,1036891.7654983997,0.0,1036891.7654983997,{},5.4794520548018255e-05,1.0368917654983998,0.0
2021-03-26,1036948.5814855504,0.0,1036948.5814855504,{},5.4794520548018255e-05,1.0369485814855504,0.0
2021-03-29,1037005.4005859059,0.0,1037005.4005859059,{},5.4794520548018255e-05,1.037005400585906,0.0
2021-03-30,1037062.2227996367,0.0,1037062.2227996367,{},5.4794520548018255e-05,1.0370622227996367,0.0
2021-03-31,1037119.0481269134,0.0,1037119.0481269134,{},5.4794520548018255e-05,1.0371190481269135,0.0
2021-04-01,1037175.8765679067,0.0,1037175.8765679067,{},5.4794520548018255e-05,1.0371758765679067,0.0
2021-04-02,1037232.7081227872,0.0,1037232.7081227872,{},5.4794520548018255e-05,1.0372327081227872,0.0
2021-04-06,1037289.5427917255,0.0,1037289.5427917255,{},5.4794520548018255e-05,1.0372895427917255,0.0
2021-04-07,1037346.3805748923,0.0,1037346.3805748923,{},5.4794520548018255e-05,1.0373463805748924,0.0
2021-04-08,1037403.2214724581,0.0,1037403.2214724581,{},5.4794520548018255e-05,1.037403221472458,0.0
2021-04-09,1037460.0654845936,0.0,1037460.0654845936,{},5.4794520548018255e-05,1.0374600654845936,0.0
2021-04-12,1037516.9126114695,0.0,1037516.9126114695,{},5.4794520548018255e-05,1.0375169126114696,0.0
2021-04-13,1037573.7628532565,0.0,1037573.7628532565,{},5.4794520548018255e-05,1.0375737628532566,0.0
2021-04-14,1037630.6162101253,0.0,1037630.6162101253,{},5.4794520548018255e-05,1.0376306162101252,0.0
2021-04-15,1037687.4726822465,0.0,1037687.4726822465,{},5.4794520548018255e-05,1.0376874726822465,0.0
2021-04-16,1037744.3322697908,0.0,1037744.3322697908,{},5.4794520548018255e-05,1.0377443322697908,0.0
2021-04-19,1037801.194972929,0.0,1037801.194972929,{},5.4794520548018255e-05,1.0378011949729289,0.0
2021-04-20,1037858.0607918317,0.0,1037858.0607918317,{},5.4794520548018255e-05,1.0378580607918317,0.0
2021-04-21,1037914.9297266697,0.0,1037914.9297266697,{},5.4794520548018255e-05,1.0379149297266697,0.0
2021-04-22,1037971.8017776137,0.0,1037971.8017776137,{},5.4794520548018255e-05,1.0379718017776136,0.0
2021-04-23,1038028.6769448344,0.0,1038028.6769448344,{},5.4794520548018255e-05,1.0380286769448344,0.0
2021-04-26,1038085.5552285027,0.0,1038085.5552285027,{},5.4794520548018255e-05,1.0380855552285027,0.0
2021-04-27,1038142.4366287893,0.0,1038142.4366287893,{},5.4794520548018255e-05,1.0381424366287892,0.0
2021-04-28,1038199.3211458649,0.0,1038199.3211458649,{},5.4794520548018255e-05,1.0381993211458649,0.0
2021-04-29,1038256.2087799003,0.0,1038256.2087799003,{},5.4794520548018255e-05,1.0382562087799003,0.0
2021-04-30,1038313.0995310665,0.0,1038313.0995310665,{},5.4794520548018255e-05,1.0383130995310665,0.0
2021-05-06,1038369.993399534,0.0,1038369.993399534,{},5.4794520548018255e-05,1.038369993399534,0.0
2021-05-07,1038426.8903854738,0.0,1038426.8903854738,{},5.4794520548018255e-05,1.0384268903854739,0.0
2021-05-10,1038483.7904890567,0.0,1038483.7904890567,{},5.4794520548018255e-05,1.0384837904890567,0.0
2021-05-11,1038540.6937104535,0.0,1038540.6937104535,{},5.4794520548018255e-05,1.0385406937104535,0.0
2021-05-12,1038597.6000498349,0.0,1038597.6000498349,{},5.4794520548018255e-05,1.038597600049835,0.0
2021-05-13,1038654.5095073719,0.0,1038654.5095073719,{},5.4794520548018255e-05,1.038654509507372,0.0
2021-05-14,1038711.4220832355,0.0,1038711.4220832355,{},5.4794520548018255e-05,1.0387114220832354,0.0
2021-05-17,1038768.3377775963,0.0,1038768.3377775963,{},5.4794520548018255e-05,1.0387683377775963,0.0
2021-05-18,1038825.2565906253,0.0,1038825.2565906253,{},5.4794520548018255e-05,1.0388252565906253,0.0
2021-05-19,1038882.1785224933,0.0,1038882.1785224933,{},5.4794520548018255e-05,1.0388821785224933,0.0
2021-05-20,1038939.1035733713,0.0,1038939.1035733713,{},5.4794520548018255e-05,1.0389391035733713,0.0
2021-05-21,1038996.0317434302,0.0,1038996.0317434302,{},5.4794520548018255e-05,1.0389960317434301,0.0
2021-05-24,1039052.9630328409,0.0,1039052.9630328409,{},5.4794520548018255e-05,1.039052963032841,0.0
2021-05-25,1039109.8974417743,0.0,1039109.8974417743,{},5.4794520548018255e-05,1.0391098974417743,0.0
2021-05-26,1039166.8349704013,0.0,1039166.8349704013,{},5.4794520548018255e-05,1.0391668349704013,0.0
2021-05-27,1039223.7756188929,0.0,1039223.7756188929,{},5.4794520548018255e-05,1.039223775618893,0.0
2021-05-28,1039280.71938742,0.0,1039280.71938742,{},5.4794520548018255e-05,1.03928071938742,0.0
2021-05-31,1039337.6662761536,0.0,1039337.6662761536,{},5.4794520548018255e-05,1.0393376662761535,0.0
2021-06-01,1039394.6162852647,0.0,1039394.6162852647,{},5.4794520548018255e-05,1.0393946162852647,0.0
2021-06-02,1039451.5694149242,0.0,1039451.5694149242,{},5.4794520548018255e-05,1.0394515694149242,0.0
2021-06-03,1039508.5256653032,0.0,1039508.5256653032,{},5.4794520548018255e-05,1.0395085256653032,0.0
2021-06-04,1039565.4850365727,0.0,1039565.4850365727,{},5.4794520548018255e-05,1.0395654850365728,0.0
2021-06-07,1039622.4475289035,0.0,1039622.4475289035,{},5.4794520548018255e-05,1.0396224475289035,0.0
2021-06-08,1039679.4131424668,0.0,1039679.4131424668,{},5.4794520548018255e-05,1.0396794131424667,0.0
2021-06-09,1039736.3818774336,0.0,1039736.3818774336,{},5.4794520548018255e-05,1.0397363818774337,0.0
2021-06-10,1039793.353733975,0.0,1039793.353733975,{},5.4794520548018255e-05,1.039793353733975,0.0
2021-06-11,1039850.3287122619,0.0,1039850.3287122619,{},5.4794520548018255e-05,1.0398503287122618,0.0
2021-06-15,1039907.3068124653,0.0,1039907.3068124653,{},5.4794520548018255e-05,1.0399073068124653,0.0
2021-06-16,1039964.2880347564,0.0,1039964.2880347564,{},5.4794520548018255e-05,1.0399642880347564,0.0
2021-06-17,1040021.2723793064,0.0,1040021.2723793064,{},5.4794520548018255e-05,1.0400212723793063,0.0
2021-06-18,1040078.2598462861,0.0,1040078.2598462861,{},5.4794520548018255e-05,1.040078259846286,0.0
2021-06-21,1040135.2504358669,0.0,1040135.2504358669,{},5.4794520548018255e-05,1.040135250435867,0.0
2021-06-22,1040192.2441482196,0.0,1040192.2441482196,{},5.4794520548018255e-05,1.0401922441482196,0.0
2021-06-23,1040249.2409835155,0.0,1040249.2409835155,{},5.4794520548018255e-05,1.0402492409835156,0.0
2021-06-24,1040306.2409419257,0.0,1040306.2409419257,{},5.4794520548018255e-05,1.0403062409419257,0.0
2021-06-25,1040363.2440236212,0.0,1040363.2440236212,{},5.4794520548018255e-05,1.0403632440236212,0.0
2021-06-28,1040420.2502287732,0.0,1040420.2502287732,{},5.4794520548018255e-05,1.0404202502287732,0.0
2021-06-29,1040477.259557553,0.0,1040477.259557553,{},5.4794520548018255e-05,1.0404772595575529,0.0
2021-06-30,1040534.2720101315,0.0,1040534.2720101315,{},5.4794520548018255e-05,1.0405342720101316,0.0
2021-07-01,1040591.28758668,0.0,1040591.28758668,{},5.4794520548018255e-05,1.04059128758668,0.0
2021-07-02,1040648.3062873698,0.0,1040648.3062873698,{},5.4794520548018255e-05,1.0406483062873697,0.0
2021-07-05,1040705.328112372,0.0,1040705.328112372,{},5.4794520548018255e-05,1.040705328112372,0.0
2021-07-06,1040762.3530618576,0.0,1040762.3530618576,{},5.4794520548018255e-05,1.0407623530618577,0.0
2021-07-07,1040819.3811359981,0.0,1040819.3811359981,{},5.4794520548018255e-05,1.040819381135998,0.0
2021-07-08,1040876.4123349645,0.0,1040876.4123349645,{},5.4794520548018255e-05,1.0408764123349645,0.0
2021-07-09,1040933.4466589282,0.0,1040933.4466589282,{},5.4794520548018255e-05,1.0409334466589282,0.0
2021-07-12,1040990.4841080602,0.0,1040990.4841080602,{},5.4794520548018255e-05,1.0409904841080602,0.0
2021-07-13,1041047.524682532,0.0,1041047.524682532,{},5.4794520548018255e-05,1.041047524682532,0.0
2021-07-14,1041104.5683825146,0.0,1041104.5683825146,{},5.4794520548018255e-05,1.0411045683825146,0.0
2021-07-15,1041161.6152081795,0.0,1041161.6152081795,{},5.4794520548018255e-05,1.0411616152081795,0.0
2021-07-16,1041218.6651596978,0.0,1041218.6651596978,{},5.4794520548018255e-05,1.0412186651596977,0.0
2021-07-19,1041275.7182372408,0.0,1041275.7182372408,{},5.4794520548018255e-05,1.0412757182372407,0.0
2021-07-20,1041332.7744409799,0.0,1041332.7744409799,{},5.4794520548018255e-05,1.04133277444098,0.0
2021-07-21,1041389.8337710864,0.0,1041389.8337710864,{},5.4794520548018255e-05,1.0413898337710865,0.0
2021-07-22,1041446.8962277315,0.0,1041446.8962277315,{},5.4794520548018255e-05,1.0414468962277315,0.0
2021-07-23,1041503.9618110865,0.0,1041503.9618110865,{},5.4794520548018255e-05,1.0415039618110866,0.0
2021-07-26,1041561.0305213229,0.0,1041561.0305213229,{},5.4794520548018255e-05,1.0415610305213228,0.0
2021-07-27,1041618.1023586118,0.0,1041618.1023586118,{},5.4794520548018255e-05,1.0416181023586117,0.0
2021-07-28,1041675.1773231246,0.0,1041675.1773231246,{},5.4794520548018255e-05,1.0416751773231245,0.0
2021-07-29,1041732.2554150329,0.0,1041732.2554150329,{},5.4794520548018255e-05,1.0417322554150328,0.0
2021-07-30,1041789.3366345078,0.0,1041789.3366345078,{},5.4794520548018255e-05,1.0417893366345077,0.0
2021-08-02,1041846.4209817207,0.0,1041846.4209817207,{},5.4794520548018255e-05,1.0418464209817206,0.0
2021-08-03,1041903.5084568431,0.0,1041903.5084568431,{},5.4794520548018255e-05,1.041903508456843,0.0
2021-08-04,1041960.5990600463,0.0,1041960.5990600463,{},5.4794520548018255e-05,1.0419605990600462,0.0
2021-08-05,1042017.6927915016,0.0,1042017.6927915016,{},5.4794520548018255e-05,1.0420176927915017,0.0
2021-08-06,1042074.7896513807,0.0,1042074.7896513807,{},5.4794520548018255e-05,1.0420747896513807,0.0
2021-08-09,1042131.8896398549,0.0,1042131.8896398549,{},5.4794520548018255e-05,1.0421318896398548,0.0
2021-08-10,1042188.9927570955,0.0,1042188.9927570955,{},5.4794520548018255e-05,1.0421889927570955,0.0
2021-08-11,1042246.099003274,0.0,1042246.099003274,{},5.4794520548018255e-05,1.042246099003274,0.0
2021-08-12,1042303.2083785619,0.0,1042303.2083785619,{},5.4794520548018255e-05,1.042303208378562,0.0
2021-08-13,1042360.3208831307,0.0,1042360.3208831307,{},5.4794520548018255e-05,1.0423603208831307,0.0
2021-08-16,1042417.4365171518,0.0,1042417.4365171518,{},5.4794520548018255e-05,1.0424174365171517,0.0
2021-08-17,1042474.5552807966,0.0,1042474.5552807966,{},5.4794520548018255e-05,1.0424745552807966,0.0
2021-08-18,1042531.6771742367,0.0,1042531.6771742367,{},5.4794520548018255e-05,1.0425316771742368,0.0
2021-08-19,1042588.8021976437,0.0,1042588.8021976437,{},5.4794520548018255e-05,1.0425888021976437,0.0
2021-08-20,1042645.9303511889,0.0,1042645.9303511889,{},5.4794520548018255e-05,1.0426459303511888,0.0
2021-08-23,1042703.0616350438,0.0,1042703.0616350438,{},5.4794520548018255e-05,1.042703061635044,0.0
2021-08-24,1042760.1960493801,0.0,1042760.1960493801,{},5.4794520548018255e-05,1.0427601960493802,0.0
2021-08-25,1042817.3335943692,0.0,1042817.3335943692,{},5.4794520548018255e-05,1.0428173335943693,0.0
2021-08-26,1042874.4742701827,0.0,1042874.4742701827,{},5.4794520548018255e-05,1.0428744742701828,0.0
2021-08-27,1042931.6180769921,0.0,1042931.6180769921,{},5.4794520548018255e-05,1.042931618076992,0.0
2021-08-30,1042988.765014969,0.0,1042988.765014969,{},5.4794520548018255e-05,1.042988765014969,0.0
2021-08-31,1043045.915084285,0.0,1043045.915084285,{},5.4794520548018255e-05,1.043045915084285,0.0
2021-09-01,1043103.0682851116,0.0,1043103.0682851116,{},5.4794520548018255e-05,1.0431030682851117,0.0
2021-09-02,1043160.2246176205,0.0,1043160.2246176205,{},5.4794520548018255e-05,1.0431602246176204,0.0
2021-09-03,1043217.3840819831,0.0,1043217.3840819831,{},5.4794520548018255e-05,1.0432173840819832,0.0
2021-09-06,1043274.5466783713,0.0,1043274.5466783713,{},5.4794520548018255e-05,1.0432745466783713,0.0
2021-09-07,1043331.7124069565,0.0,1043331.7124069565,{},5.4794520548018255e-05,1.0433317124069565,0.0
2021-09-08,1043388.8812679104,0.0,1043388.8812679104,{},5.4794520548018255e-05,1.0433888812679104,0.0
2021-09-09,1043446.0532614045,0.0,1043446.0532614045,{},5.4794520548018255e-05,1.0434460532614045,0.0
2021-09-10,1043503.2283876106,0.0,1043503.2283876106,{},5.4794520548018255e-05,1.0435032283876107,0.0
2021-09-13,1043560.4066467005,0.0,1043560.4066467005,{},5.4794520548018255e-05,1.0435604066467004,0.0
2021-09-14,1043617.5880388456,0.0,1043617.5880388456,{},5.4794520548018255e-05,1.0436175880388456,0.0
2021-09-15,1043674.7725642177,0.0,1043674.7725642177,{},5.4794520548018255e-05,1.0436747725642177,0.0
2021-09-16,1043731.9602229884,0.0,1043731.9602229884,{},5.4794520548018255e-05,1.0437319602229884,0.0
2021-09-17,1043789.1510153294,0.0,1043789.1510153294,{},5.4794520548018255e-05,1.0437891510153294,0.0
2021-09-22,1043846.3449414126,0.0,1043846.3449414126,{},5.4794520548018255e-05,1.0438463449414126,0.0
2021-09-23,1043903.5420014095,0.0,1043903.5420014095,{},5.4794520548018255e-05,1.0439035420014096,0.0
2021-09-24,1043960.7421954918,0.0,1043960.7421954918,{},5.4794520548018255e-05,1.0439607421954917,0.0
2021-09-27,1044017.9455238313,0.0,1044017.9455238313,{},5.4794520548018255e-05,1.0440179455238312,0.0
2021-09-28,1044075.1519865998,0.0,1044075.1519865998,{},5.4794520548018255e-05,1.0440751519865998,0.0
2021-09-29,1044132.361583969,0.0,1044132.361583969,{},5.4794520548018255e-05,1.044132361583969,0.0
2021-09-30,1044189.5743161107,0.0,1044189.5743161107,{},5.4794520548018255e-05,1.0441895743161107,0.0
2021-10-08,1044246.7901831965,0.0,1044246.7901831965,{},5.4794520548018255e-05,1.0442467901831964,0.0
2021-10-11,1044304.0091853985,0.0,1044304.0091853985,{},5.4794520548018255e-05,1.0443040091853986,0.0
2021-10-12,1044361.2313228882,0.0,1044361.2313228882,{},5.4794520548018255e-05,1.0443612313228883,0.0
2021-10-13,1044418.4565958375,0.0,1044418.4565958375,{},5.4794520548018255e-05,1.0444184565958374,0.0
2021-10-14,1044475.6850044181,0.0,1044475.6850044181,{},5.4794520548018255e-05,1.0444756850044181,0.0
2021-10-15,1044532.916548802,0.0,1044532.916548802,{},5.4794520548018255e-05,1.044532916548802,0.0
2021-10-18,1044590.151229161,0.0,1044590.151229161,{},5.4794520548018255e-05,1.0445901512291609,0.0
2021-10-19,1044647.3890456668,0.0,1044647.3890456668,{},5.4794520548018255e-05,1.044647389045667,0.0
2021-10-20,1044704.6299984913,0.0,1044704.6299984913,{},5.4794520548018255e-05,1.0447046299984912,0.0
2021-10-21,1044761.8740878063,0.0,1044761.8740878063,{},5.4794520548018255e-05,1.0447618740878064,0.0
2021-10-22,1044819.1213137838,0.0,1044819.1213137838,{},5.4794520548018255e-05,1.0448191213137838,0.0
2021-10-25,1044876.3716765956,0.0,1044876.3716765956,{},5.4794520548018255e-05,1.0448763716765956,0.0
2021-10-26,1044933.6251764136,0.0,1044933.6251764136,{},5.4794520548018255e-05,1.0449336251764136,0.0
2021-10-27,1044990.8818134096,0.0,1044990.8818134096,{},5.4794520548018255e-05,1.0449908818134097,0.0
2021-10-28,1045048.1415877556,0.0,1045048.1415877556,{},5.4794520548018255e-05,1.0450481415877557,0.0
2021-10-29,1045105.4044996236,0.0,1045105.4044996236,{},5.4794520548018255e-05,1.0451054044996235,0.0
2021-11-01,1045162.6705491852,0.0,1045162.6705491852,{},5.4794520548018255e-05,1.0451626705491852,0.0
2021-11-02,1045219.9397366127,0.0,1045219.9397366127,{},5.4794520548018255e-05,1.0452199397366126,0.0
2021-11-03,1045277.2120620778,0.0,1045277.2120620778,{},5.4794520548018255e-05,1.045277212062078,0.0
2021-11-04,1045334.4875257525,0.0,1045334.4875257525,{},5.4794520548018255e-05,1.0453344875257524,0.0
2021-11-05,1045391.7661278088,0.0,1045391.7661278088,{},5.4794520548018255e-05,1.045391766127809,0.0
2021-11-08,1045449.0478684186,0.0,1045449.0478684186,{},5.4794520548018255e-05,1.0454490478684186,0.0
2021-11-09,1045506.332747754,0.0,1045506.332747754,{},5.4794520548018255e-05,1.0455063327477538,0.0
2021-11-10,1045563.6207659867,0.0,1045563.6207659867,{},5.4794520548018255e-05,1.0455636207659866,0.0
2021-11-11,1045620.9119232891,0.0,1045620.9119232891,{},5.4794520548018255e-05,1.045620911923289,0.0
2021-11-12,1045678.2062198329,0.0,1045678.2062198329,{},5.4794520548018255e-05,1.0456782062198329,0.0
2021-11-15,1045735.5036557902,0.0,1045735.5036557902,{},5.4794520548018255e-05,1.0457355036557903,0.0
2021-11-16,1045792.8042313331,0.0,1045792.8042313331,{},5.4794520548018255e-05,1.0457928042313331,0.0
2021-11-17,1045850.1079466335,0.0,1045850.1079466335,{},5.4794520548018255e-05,1.0458501079466336,0.0
2021-11-18,1045907.4148018635,0.0,1045907.4148018635,{},5.4794520548018255e-05,1.0459074148018634,0.0
2021-11-19,1045964.7247971952,0.0,1045964.7247971952,{},5.4794520548018255e-05,1.0459647247971953,0.0
2021-11-22,1046022.0379328006,0.0,1046022.0379328006,{},5.4794520548018255e-05,1.0460220379328007,0.0
2021-11-23,1046079.3542088518,0.0,1046079.3542088518,{},5.4794520548018255e-05,1.0460793542088518,0.0
2021-11-24,1046136.6736255209,0.0,1046136.6736255209,{},5.4794520548018255e-05,1.0461366736255209,0.0
2021-11-25,1046193.9961829799,0.0,1046193.9961829799,{},5.4794520548018255e-05,1.0461939961829798,0.0
2021-11-26,1046251.321881401,0.0,1046251.321881401,{},5.4794520548018255e-05,1.046251321881401,0.0
2021-11-29,1046308.6507209563,0.0,1046308.6507209563,{},5.4794520548018255e-05,1.0463086507209562,0.0
2021-11-30,1046365.9827018178,0.0,1046365.9827018178,{},5.4794520548018255e-05,1.0463659827018177,0.0
2021-12-01,1046423.3178241577,0.0,1046423.3178241577,{},5.4794520548018255e-05,1.0464233178241578,0.0
2021-12-02,1046480.6560881481,0.0,1046480.6560881481,{},5.4794520548018255e-05,1.046480656088148,0.0
2021-12-03,1046537.9974939612,0.0,1046537.9974939612,{},5.4794520548018255e-05,1.0465379974939613,0.0
2021-12-06,1046595.3420417692,0.0,1046595.3420417692,{},5.4794520548018255e-05,1.046595342041769,0.0
2021-12-07,1046652.6897317441,0.0,1046652.6897317441,{},5.4794520548018255e-05,1.046652689731744,0.0
2021-12-08,1046710.0405640582,0.0,1046710.0405640582,{},5.4794520548018255e-05,1.0467100405640581,0.0
2021-12-09,1046767.3945388837,0.0,1046767.3945388837,{},5.4794520548018255e-05,1.0467673945388838,0.0
2021-12-10,1046824.7516563927,0.0,1046824.7516563927,{},5.4794520548018255e-05,1.0468247516563927,0.0
2021-12-13,1046882.1119167575,0.0,1046882.1119167575,{},5.4794520548018255e-05,1.0468821119167575,0.0
2021-12-14,1046939.4753201503,0.0,1046939.4753201503,{},5.4794520548018255e-05,1.0469394753201502,0.0
2021-12-15,1046996.8418667432,0.0,1046996.8418667432,{},5.4794520548018255e-05,1.0469968418667432,0.0
2021-12-16,1047054.2115567086,0.0,1047054.2115567086,{},5.4794520548018255e-05,1.0470542115567085,0.0
2021-12-17,1047111.5843902186,0.0,1047111.5843902186,{},5.4794520548018255e-05,1.0471115843902186,0.0
2021-12-20,1047168.9603674455,0.0,1047168.9603674455,{},5.4794520548018255e-05,1.0471689603674454,0.0
2021-12-21,1047226.3394885616,0.0,1047226.3394885616,{},5.4794520548018255e-05,1.0472263394885617,0.0
2021-12-22,1047283.7217537392,0.0,1047283.7217537392,{},5.4794520548018255e-05,1.0472837217537392,0.0
2021-12-23,1047341.1071631504,0.0,1047341.1071631504,{},5.4794520548018255e-05,1.0473411071631504,0.0
2021-12-24,1047398.4957169677,0.0,1047398.4957169677,{},5.4794520548018255e-05,1.0473984957169677,0.0
2021-12-27,1047455.8874153632,0.0,1047455.8874153632,{},5.4794520548018255e-05,1.0474558874153632,0.0
2021-12-28,1047513.2822585093,0.0,1047513.2822585093,{},5.4794520548018255e-05,1.0475132822585094,0.0
2021-12-29,1047570.6802465783,0.0,1047570.6802465783,{},5.4794520548018255e-05,1.0475706802465783,0.0
2021-12-30,1047628.0813797426,0.0,1047628.0813797426,{},5.4794520548018255e-05,1.0476280813797425,0.0
2021-12-31,1047685.4856581744,0.0,1047685.4856581744,{},5.4794520548018255e-05,1.0476854856581743,0.0
2022-01-04,1047742.8930820462,0.0,1047742.8930820462,{},5.4794520548018255e-05,1.0477428930820463,0.0
2022-01-05,1047800.3036515302,0.0,1047800.3036515302,{},5.4794520548018255e-05,1.0478003036515302,0.0
2022-01-06,1047857.7173667988,0.0,1047857.7173667988,{},5.4794520548018255e-05,1.047857717366799,0.0
2022-01-07,1047915.1342280244,0.0,1047915.1342280244,{},5.4794520548018255e-05,1.0479151342280244,0.0
2022-01-10,1047972.5542353794,0.0,1047972.5542353794,{},5.4794520548018255e-05,1.0479725542353795,0.0
2022-01-11,1048029.9773890362,0.0,1048029.9773890362,{},5.4794520548018255e-05,1.0480299773890362,0.0
2022-01-12,1048087.4036891672,0.0,1048087.4036891672,{},5.4794520548018255e-05,1.0480874036891672,0.0
2022-01-13,1048144.8331359448,0.0,1048144.8331359448,{},5.4794520548018255e-05,1.0481448331359449,0.0
2022-01-14,1048202.2657295413,0.0,1048202.2657295413,{},5.4794520548018255e-05,1.0482022657295413,0.0
2022-01-17,1048259.7014701293,0.0,1048259.7014701293,{},5.4794520548018255e-05,1.0482597014701294,0.0
2022-01-18,1048317.1403578812,0.0,1048317.1403578812,{},5.4794520548018255e-05,1.0483171403578813,0.0
2022-01-19,1048374.5823929694,0.0,1048374.5823929694,{},5.4794520548018255e-05,1.0483745823929693,0.0
2022-01-20,1048432.0275755663,0.0,1048432.0275755663,{},5.4794520548018255e-05,1.0484320275755663,0.0
2022-01-21,1048489.4759058445,0.0,1048489.4759058445,{},5.4794520548018255e-05,1.0484894759058445,0.0
2022-01-24,1048546.9273839764,0.0,1048546.9273839764,{},5.4794520548018255e-05,1.0485469273839765,0.0
2022-01-25,1048604.3820101344,0.0,1048604.3820101344,{},5.4794520548018255e-05,1.0486043820101345,0.0
2022-01-26,1048661.839784491,0.0,1048661.839784491,{},5.4794520548018255e-05,1.0486618397844911,0.0
2022-01-27,1048719.3007072192,0.0,1048719.3007072192,{},5.4794520548018255e-05,1.048719300707219,0.0
2022-01-28,1048776.7647784909,0.0,1048776.7647784909,{},5.4794520548018255e-05,1.048776764778491,0.0
2022-02-07,1048834.2319984788,0.0,1048834.2319984788,{},5.4794520548018255e-05,1.0488342319984787,0.0
2022-02-08,1048891.7023673556,0.0,1048891.7023673556,{},5.4794520548018255e-05,1.0488917023673556,0.0
2022-02-09,1048949.1758852936,0.0,1048949.1758852936,{},5.4794520548018255e-05,1.0489491758852936,0.0
2022-02-10,1049006.6525524654,0.0,1049006.6525524654,{},5.4794520548018255e-05,1.0490066525524655,0.0
2022-02-11,1049064.1323690438,0.0,1049064.1323690438,{},5.4794520548018255e-05,1.0490641323690437,0.0
2022-02-14,1049121.6153352011,0.0,1049121.6153352011,{},5.4794520548018255e-05,1.0491216153352012,0.0
2022-02-15,1049179.10145111,0.0,1049179.10145111,{},5.4794520548018255e-05,1.04917910145111,0.0
2022-02-16,1049236.5907169431,0.0,1049236.5907169431,{},5.4794520548018255e-05,1.0492365907169432,0.0
2022-02-17,1049294.0831328728,0.0,1049294.0831328728,{},5.4794520548018255e-05,1.0492940831328728,0.0
2022-02-18,1049351.578699072,0.0,1049351.578699072,{},5.4794520548018255e-05,1.049351578699072,0.0
2022-02-21,1049409.077415713,0.0,1049409.077415713,{},5.4794520548018255e-05,1.0494090774157132,0.0
2022-02-22,1049466.5792829688,0.0,1049466.5792829688,{},5.4794520548018255e-05,1.0494665792829687,0.0
2022-02-23,1049524.0843010116,0.0,1049524.0843010116,{},5.4794520548018255e-05,1.0495240843010116,0.0
2022-02-24,1049581.5924700145,0.0,1049581.5924700145,{},5.4794520548018255e-05,1.0495815924700145,0.0
2022-02-25,1049639.1037901498,0.0,1049639.1037901498,{},5.4794520548018255e-05,1.0496391037901498,0.0
2022-02-28,1049696.6182615904,0.0,1049696.6182615904,{},5.4794520548018255e-05,1.0496966182615903,0.0
2022-03-01,1049754.135884509,0.0,1049754.135884509,{},5.4794520548018255e-05,1.049754135884509,0.0
2022-03-02,1049811.656659078,0.0,1049811.656659078,{},5.4794520548018255e-05,1.049811656659078,0.0
2022-03-03,1049869.1805854705,0.0,1049869.1805854705,{},5.4794520548018255e-05,1.0498691805854705,0.0
2022-03-04,1049926.7076638588,0.0,1049926.7076638588,{},5.4794520548018255e-05,1.0499267076638588,0.0
2022-03-07,1049984.2378944159,0.0,1049984.2378944159,{},5.4794520548018255e-05,1.0499842378944158,0.0
2022-03-08,1050041.7712773143,0.0,1050041.7712773143,{},5.4794520548018255e-05,1.0500417712773142,0.0
2022-03-09,1050099.3078127268,0.0,1050099.3078127268,{},5.4794520548018255e-05,1.0500993078127268,0.0
2022-03-10,1050156.8475008262,0.0,1050156.8475008262,{},5.4794520548018255e-05,1.0501568475008263,0.0
2022-03-11,1050214.3903417853,0.0,1050214.3903417853,{},5.4794520548018255e-05,1.0502143903417853,0.0
2022-03-14,1050271.9363357767,0.0,1050271.9363357767,{},5.4794520548018255e-05,1.0502719363357766,0.0
2022-03-15,1050329.4854829733,0.0,1050329.4854829733,{},5.4794520548018255e-05,1.0503294854829732,0.0
2022-03-16,1050387.0377835478,0.0,1050387.0377835478,{},5.4794520548018255e-05,1.0503870377835478,0.0
2022-03-17,1050444.593237673,0.0,1050444.593237673,{},5.4794520548018255e-05,1.050444593237673,0.0
2022-03-18,1050502.1518455218,0.0,1050502.1518455218,{},5.4794520548018255e-05,1.0505021518455218,0.0
2022-03-21,1050559.7136072668,0.0,1050559.7136072668,{},5.4794520548018255e-05,1.0505597136072669,0.0
2022-03-22,1050617.278523081,0.0,1050617.278523081,{},5.4794520548018255e-05,1.050617278523081,0.0
2022-03-23,1050674.8465931371,0.0,1050674.8465931371,{},5.4794520548018255e-05,1.050674846593137,0.0
2022-03-24,1050732.417817608,0.0,1050732.417817608,{},5.4794520548018255e-05,1.050732417817608,0.0
2022-03-25,1050789.9921966665,0.0,1050789.9921966665,{},5.4794520548018255e-05,1.0507899921966666,0.0
2022-03-28,1050847.5697304856,0.0,1050847.5697304856,{},5.4794520548018255e-05,1.0508475697304855,0.0
2022-03-29,1050905.150419238,0.0,1050905.150419238,{},5.4794520548018255e-05,1.050905150419238,0.0
2022-03-30,1050962.7342630967,0.0,1050962.7342630967,{},5.4794520548018255e-05,1.0509627342630967,0.0
2022-03-31,1051020.3212622346,0.0,1051020.3212622346,{},5.4794520548018255e-05,1.0510203212622347,0.0
2022-04-01,1051077.9114168244,0.0,1051077.9114168244,{},5.4794520548018255e-05,1.0510779114168245,0.0
2022-04-06,1051135.5047270393,0.0,1051135.5047270393,{},5.4794520548018255e-05,1.0511355047270392,0.0
2022-04-07,1051193.1011930518,0.0,1051193.1011930518,{},5.4794520548018255e-05,1.0511931011930518,0.0
2022-04-08,1051250.700815035,0.0,1051250.700815035,{},5.4794520548018255e-05,1.0512507008150351,0.0
2022-04-11,1051308.303593162,0.0,1051308.303593162,{},5.4794520548018255e-05,1.051308303593162,0.0
2022-04-12,1051365.9095276056,0.0,1051365.9095276056,{},5.4794520548018255e-05,1.0513659095276056,0.0
2022-04-13,1051423.5186185387,0.0,1051423.5186185387,{},5.4794520548018255e-05,1.0514235186185388,0.0
2022-04-14,1051481.1308661343,0.0,1051481.1308661343,{},5.4794520548018255e-05,1.0514811308661343,0.0
2022-04-15,1051538.7462705653,0.0,1051538.7462705653,{},5.4794520548018255e-05,1.0515387462705652,0.0
2022-04-18,1051596.3648320048,0.0,1051596.3648320048,{},5.4794520548018255e-05,1.0515963648320048,0.0
2022-04-19,1051653.9865506259,0.0,1051653.9865506259,{},5.4794520548018255e-05,1.0516539865506258,0.0
2022-04-20,1051711.6114266014,0.0,1051711.6114266014,{},5.4794520548018255e-05,1.0517116114266014,0.0
2022-04-21,1051769.2394601044,0.0,1051769.2394601044,{},5.4794520548018255e-05,1.0517692394601044,0.0
2022-04-22,1051826.8706513077,0.0,1051826.8706513077,{},5.4794520548018255e-05,1.0518268706513076,0.0
2022-04-25,1051884.5050003845,0.0,1051884.5050003845,{},5.4794520548018255e-05,1.0518845050003844,0.0
2022-04-26,1051942.142507508,0.0,1051942.142507508,{},5.4794520548018255e-05,1.051942142507508,0.0
2022-04-27,1051999.783172851,0.0,1051999.783172851,{},5.4794520548018255e-05,1.051999783172851,0.0
2022-04-28,1052057.4269965866,0.0,1052057.4269965866,{},5.4794520548018255e-05,1.0520574269965866,0.0
2022-04-29,1052115.0739788879,0.0,1052115.0739788879,{},5.4794520548018255e-05,1.0521150739788878,0.0
2022-05-05,1052172.724119928,0.0,1052172.724119928,{},5.4794520548018255e-05,1.052172724119928,0.0
2022-05-06,1052230.37741988,0.0,1052230.37741988,{},5.4794520548018255e-05,1.0522303774198798,0.0
2022-05-09,1052288.0338789166,0.0,1052288.0338789166,{},5.4794520548018255e-05,1.0522880338789167,0.0
2022-05-10,1052345.6934972114,0.0,1052345.6934972114,{},5.4794520548018255e-05,1.0523456934972115,0.0
2022-05-11,1052403.3562749373,0.0,1052403.3562749373,{},5.4794520548018255e-05,1.0524033562749373,0.0
2022-05-12,1052461.0222122674,0.0,1052461.0222122674,{},5.4794520548018255e-05,1.0524610222122674,0.0
2022-05-13,1052518.691309375,0.0,1052518.691309375,{},5.4794520548018255e-05,1.052518691309375,0.0
2022-05-16,1052576.363566433,0.0,1052576.363566433,{},5.4794520548018255e-05,1.0525763635664331,0.0
2022-05-17,1052634.0389836149,0.0,1052634.0389836149,{},5.4794520548018255e-05,1.0526340389836149,0.0
2022-05-18,1052691.7175610936,0.0,1052691.7175610936,{},5.4794520548018255e-05,1.0526917175610937,0.0
2022-05-19,1052749.3992990423,0.0,1052749.3992990423,{},5.4794520548018255e-05,1.0527493992990422,0.0
2022-05-20,1052807.0841976341,0.0,1052807.0841976341,{},5.4794520548018255e-05,1.052807084197634,0.0
2022-05-23,1052864.7722570424,0.0,1052864.7722570424,{},5.4794520548018255e-05,1.0528647722570423,0.0
2022-05-24,1052922.4634774402,0.0,1052922.4634774402,{},5.4794520548018255e-05,1.0529224634774401,0.0
2022-05-25,1052980.1578590006,0.0,1052980.1578590006,{},5.4794520548018255e-05,1.0529801578590006,0.0
2022-05-26,1053037.855401897,0.0,1053037.855401897,{},5.4794520548018255e-05,1.053037855401897,0.0
2022-05-27,1053095.5561063027,0.0,1053095.5561063027,{},5.4794520548018255e-05,1.0530955561063027,0.0
2022-05-30,1053153.2599723907,0.0,1053153.2599723907,{},5.4794520548018255e-05,1.0531532599723907,0.0
2022-05-31,1053210.9670003345,0.0,1053210.9670003345,{},5.4794520548018255e-05,1.0532109670003345,0.0
2022-06-01,1053268.6771903073,0.0,1053268.6771903073,{},5.4794520548018255e-05,1.0532686771903073,0.0
2022-06-02,1053326.3905424823,0.0,1053326.3905424823,{},5.4794520548018255e-05,1.0533263905424823,0.0
2022-06-06,1053384.1070570326,0.0,1053384.1070570326,{},5.4794520548018255e-05,1.0533841070570327,0.0
2022-06-07,1053441.8267341317,0.0,1053441.8267341317,{},5.4794520548018255e-05,1.0534418267341317,0.0
2022-06-08,1053499.5495739528,0.0,1053499.5495739528,{},5.4794520548018255e-05,1.0534995495739528,0.0
2022-06-09,1053557.2755766693,0.0,1053557.2755766693,{},5.4794520548018255e-05,1.0535572755766693,0.0
2022-06-10,1053615.0047424543,0.0,1053615.0047424543,{},5.4794520548018255e-05,1.0536150047424542,0.0
2022-06-13,1053672.7370714813,0.0,1053672.7370714813,{},5.4794520548018255e-05,1.0536727370714813,0.0
2022-06-14,1053730.4725639236,0.0,1053730.4725639236,{},5.4794520548018255e-05,1.0537304725639236,0.0
2022-06-15,1053788.2112199545,0.0,1053788.2112199545,{},5.4794520548018255e-05,1.0537882112199546,0.0
2022-06-16,1053845.9530397474,0.0,1053845.9530397474,{},5.4794520548018255e-05,1.0538459530397475,0.0
2022-06-17,1053903.6980234757,0.0,1053903.6980234757,{},5.4794520548018255e-05,1.0539036980234757,0.0
2022-06-20,1053961.4461713126,0.0,1053961.4461713126,{},5.4794520548018255e-05,1.0539614461713125,0.0
2022-06-21,1054019.1974834315,0.0,1054019.1974834315,{},5.4794520548018255e-05,1.0540191974834316,0.0
2022-06-22,1054076.951960006,0.0,1054076.951960006,{},5.4794520548018255e-05,1.054076951960006,0.0
2022-06-23,1054134.7096012095,0.0,1054134.7096012095,{},5.4794520548018255e-05,1.0541347096012095,0.0
2022-06-24,1054192.4704072152,0.0,1054192.4704072152,{},5.4794520548018255e-05,1.0541924704072152,0.0
2022-06-27,1054250.2343781965,0.0,1054250.2343781965,{},5.4794520548018255e-05,1.0542502343781965,0.0
2022-06-28,1054308.001514327,0.0,1054308.001514327,{},5.4794520548018255e-05,1.054308001514327,0.0
2022-06-29,1054365.7718157799,0.0,1054365.7718157799,{},5.4794520548018255e-05,1.05436577181578,0.0
2022-06-30,1054423.5452827287,0.0,1054423.5452827287,{},5.4794520548018255e-05,1.0544235452827286,0.0
2022-07-01,1054481.3219153471,0.0,1054481.3219153471,{},5.4794520548018255e-05,1.054481321915347,0.0
2022-07-04,1054539.1017138083,0.0,1054539.1017138083,{},5.4794520548018255e-05,1.0545391017138082,0.0
2022-07-05,1054596.8846782858,0.0,1054596.8846782858,{},5.4794520548018255e-05,1.0545968846782858,0.0
2022-07-06,1054654.6708089532,0.0,1054654.6708089532,{},5.4794520548018255e-05,1.0546546708089533,0.0
2022-07-07,1054712.460105984,0.0,1054712.460105984,{},5.4794520548018255e-05,1.054712460105984,0.0
2022-07-08,1054770.2525695516,0.0,1054770.2525695516,{},5.4794520548018255e-05,1.0547702525695515,0.0
2022-07-11,1054828.0481998294,0.0,1054828.0481998294,{},5.4794520548018255e-05,1.0548280481998293,0.0
2022-07-12,1054885.8469969912,0.0,1054885.8469969912,{},5.4794520548018255e-05,1.0548858469969913,0.0
2022-07-13,1054943.6489612104,0.0,1054943.6489612104,{},5.4794520548018255e-05,1.0549436489612103,0.0
2022-07-14,1055001.4540926605,0.0,1055001.4540926605,{},5.4794520548018255e-05,1.0550014540926604,0.0
2022-07-15,1055059.2623915148,0.0,1055059.2623915148,{},5.4794520548018255e-05,1.055059262391515,0.0
2022-07-18,1055117.0738579473,0.0,1055117.0738579473,{},5.4794520548018255e-05,1.0551170738579472,0.0
2022-07-19,1055174.8884921314,0.0,1055174.8884921314,{},5.4794520548018255e-05,1.0551748884921315,0.0
2022-07-20,1055232.7062942407,0.0,1055232.7062942407,{},5.4794520548018255e-05,1.0552327062942406,0.0
2022-07-21,1055290.5272644486,0.0,1055290.5272644486,{},5.4794520548018255e-05,1.0552905272644486,0.0
2022-07-22,1055348.3514029288,0.0,1055348.3514029288,{},5.4794520548018255e-05,1.055348351402929,0.0
2022-07-25,1055406.178709855,0.0,1055406.178709855,{},5.4794520548018255e-05,1.055406178709855,0.0
2022-07-26,1055464.0091854008,0.0,1055464.0091854008,{},5.4794520548018255e-05,1.0554640091854008,0.0
2022-07-27,1055521.84282974,0.0,1055521.84282974,{},5.4794520548018255e-05,1.05552184282974,0.0
2022-07-28,1055579.6796430456,0.0,1055579.6796430456,{},5.4794520548018255e-05,1.0555796796430457,0.0
2022-07-29,1055637.519625492,0.0,1055637.519625492,{},5.4794520548018255e-05,1.055637519625492,0.0
2022-08-01,1055695.3627772522,0.0,1055695.3627772522,{},5.4794520548018255e-05,1.0556953627772523,0.0
2022-08-02,1055753.2090985004,0.0,1055753.2090985004,{},5.4794520548018255e-05,1.0557532090985005,0.0
2022-08-03,1055811.05858941,0.0,1055811.05858941,{},5.4794520548018255e-05,1.05581105858941,0.0
2022-08-04,1055868.9112501547,0.0,1055868.9112501547,{},5.4794520548018255e-05,1.0558689112501547,0.0
2022-08-05,1055926.7670809082,0.0,1055926.7670809082,{},5.4794520548018255e-05,1.0559267670809083,0.0
2022-08-08,1055984.626081844,0.0,1055984.626081844,{},5.4794520548018255e-05,1.0559846260818442,0.0
2022-08-09,1056042.4882531364,0.0,1056042.4882531364,{},5.4794520548018255e-05,1.0560424882531363,0.0
2022-08-10,1056100.3535949585,0.0,1056100.3535949585,{},5.4794520548018255e-05,1.0561003535949585,0.0
2022-08-11,1056158.2221074845,0.0,1056158.2221074845,{},5.4794520548018255e-05,1.0561582221074846,0.0
2022-08-12,1056216.0937908876,0.0,1056216.0937908876,{},5.4794520548018255e-05,1.0562160937908875,0.0
2022-08-15,1056273.968645342,0.0,1056273.968645342,{},5.4794520548018255e-05,1.056273968645342,0.0
2022-08-16,1056331.8466710213,0.0,1056331.8466710213,{},5.4794520548018255e-05,1.0563318466710212,0.0
2022-08-17,1056389.7278680992,0.0,1056389.7278680992,{},5.4794520548018255e-05,1.0563897278680991,0.0
2022-08-18,1056447.6122367496,0.0,1056447.6122367496,{},5.4794520548018255e-05,1.0564476122367497,0.0
2022-08-19,1056505.4997771461,0.0,1056505.4997771461,{},5.4794520548018255e-05,1.0565054997771461,0.0
2022-08-22,1056563.3904894628,0.0,1056563.3904894628,{},5.4794520548018255e-05,1.0565633904894627,0.0
2022-08-23,1056621.2843738731,0.0,1056621.2843738731,{},5.4794520548018255e-05,1.0566212843738731,0.0
2022-08-24,1056679.1814305512,0.0,1056679.1814305512,{},5.4794520548018255e-05,1.0566791814305512,0.0
2022-08-25,1056737.0816596707,0.0,1056737.0816596707,{},5.4794520548018255e-05,1.0567370816596706,0.0
2022-08-26,1056794.9850614055,0.0,1056794.9850614055,{},5.4794520548018255e-05,1.0567949850614056,0.0
2022-08-29,1056852.8916359295,0.0,1056852.8916359295,{},5.4794520548018255e-05,1.0568528916359294,0.0
2022-08-30,1056910.8013834164,0.0,1056910.8013834164,{},5.4794520548018255e-05,1.0569108013834163,0.0
2022-08-31,1056968.7143040402,0.0,1056968.7143040402,{},5.4794520548018255e-05,1.0569687143040403,0.0
2022-09-01,1057026.6303979747,0.0,1057026.6303979747,{},5.4794520548018255e-05,1.0570266303979747,0.0
2022-09-02,1057084.549665394,0.0,1057084.549665394,{},5.4794520548018255e-05,1.057084549665394,0.0
2022-09-05,1057142.4721064717,0.0,1057142.4721064717,{},5.4794520548018255e-05,1.0571424721064717,0.0
2022-09-06,1057200.3977213816,0.0,1057200.3977213816,{},5.4794520548018255e-05,1.0572003977213815,0.0
2022-09-07,1057258.3265102978,0.0,1057258.3265102978,{},5.4794520548018255e-05,1.057258326510298,0.0
2022-09-08,1057316.2584733944,0.0,1057316.2584733944,{},5.4794520548018255e-05,1.0573162584733944,0.0
2022-09-09,1057374.1936108451,0.0,1057374.1936108451,{},5.4794520548018255e-05,1.0573741936108452,0.0
2022-09-13,1057432.1319228238,0.0,1057432.1319228238,{},5.4794520548018255e-05,1.057432131922824,0.0
2022-09-14,1057490.0734095047,0.0,1057490.0734095047,{},5.4794520548018255e-05,1.0574900734095047,0.0
2022-09-15,1057548.0180710615,0.0,1057548.0180710615,{},5.4794520548018255e-05,1.0575480180710615,0.0
2022-09-16,1057605.9659076682,0.0,1057605.9659076682,{},5.4794520548018255e-05,1.0576059659076682,0.0
2022-09-19,1057663.916919499,0.0,1057663.916919499,{},5.4794520548018255e-05,1.057663916919499,0.0
2022-09-20,1057721.8711067275,0.0,1057721.8711067275,{},5.4794520548018255e-05,1.0577218711067276,0.0
2022-09-21,1057779.828469528,0.0,1057779.828469528,{},5.4794520548018255e-05,1.057779828469528,0.0
2022-09-22,1057837.7890080742,0.0,1057837.7890080742,{},5.4794520548018255e-05,1.0578377890080741,0.0
2022-09-23,1057895.7527225404,0.0,1057895.7527225404,{},5.4794520548018255e-05,1.0578957527225403,0.0
2022-09-26,1057953.7196131006,0.0,1057953.7196131006,{},5.4794520548018255e-05,1.0579537196131006,0.0
2022-09-27,1058011.6896799288,0.0,1058011.6896799288,{},5.4794520548018255e-05,1.0580116896799288,0.0
2022-09-28,1058069.6629231991,0.0,1058069.6629231991,{},5.4794520548018255e-05,1.0580696629231992,0.0
2022-09-29,1058127.6393430855,0.0,1058127.6393430855,{},5.4794520548018255e-05,1.0581276393430854,0.0
2022-09-30,1058185.6189397618,0.0,1058185.6189397618,{},5.4794520548018255e-05,1.0581856189397618,0.0
2022-10-10,1058243.6017134024,0.0,1058243.6017134024,{},5.4794520548018255e-05,1.0582436017134025,0.0
2022-10-11,1058301.5876641814,0.0,1058301.5876641814,{},5.4794520548018255e-05,1.0583015876641815,0.0
2022-10-12,1058359.5767922727,0.0,1058359.5767922727,{},5.4794520548018255e-05,1.0583595767922727,0.0
2022-10-13,1058417.5690978505,0.0,1058417.5690978505,{},5.4794520548018255e-05,1.0584175690978506,0.0
2022-10-14,1058475.5645810887,0.0,1058475.5645810887,{},5.4794520548018255e-05,1.0584755645810888,0.0
2022-10-17,1058533.5632421616,0.0,1058533.5632421616,{},5.4794520548018255e-05,1.0585335632421617,0.0
2022-10-18,1058591.5650812434,0.0,1058591.5650812434,{},5.4794520548018255e-05,1.0585915650812434,0.0
2022-10-19,1058649.5700985081,0.0,1058649.5700985081,{},5.4794520548018255e-05,1.0586495700985081,0.0
2022-10-20,1058707.57829413,0.0,1058707.57829413,{},5.4794520548018255e-05,1.05870757829413,0.0
2022-10-21,1058765.5896682832,0.0,1058765.5896682832,{},5.4794520548018255e-05,1.0587655896682833,0.0
2022-10-24,1058823.604221142,0.0,1058823.604221142,{},5.4794520548018255e-05,1.0588236042211419,0.0
2022-10-25,1058881.6219528802,0.0,1058881.6219528802,{},5.4794520548018255e-05,1.0588816219528803,0.0
2022-10-26,1058939.6428636722,0.0,1058939.6428636722,{},5.4794520548018255e-05,1.0589396428636721,0.0
2022-10-27,1058997.6669536922,0.0,1058997.6669536922,{},5.4794520548018255e-05,1.0589976669536922,0.0
2022-10-28,1059055.6942231145,0.0,1059055.6942231145,{},5.4794520548018255e-05,1.0590556942231146,0.0
2022-10-31,1059113.724672113,0.0,1059113.724672113,{},5.4794520548018255e-05,1.0591137246721132,0.0
2022-11-01,1059171.7583008623,0.0,1059171.7583008623,{},5.4794520548018255e-05,1.0591717583008622,0.0
2022-11-02,1059229.7951095363,0.0,1059229.7951095363,{},5.4794520548018255e-05,1.0592297951095362,0.0
2022-11-03,1059287.8350983094,0.0,1059287.8350983094,{},5.4794520548018255e-05,1.0592878350983095,0.0
2022-11-04,1059345.878267356,0.0,1059345.878267356,{},5.4794520548018255e-05,1.059345878267356,0.0
2022-11-07,1059403.9246168502,0.0,1059403.9246168502,{},5.4794520548018255e-05,1.0594039246168503,0.0
2022-11-08,1059461.9741469664,0.0,1059461.9741469664,{},5.4794520548018255e-05,1.0594619741469664,0.0
2022-11-09,1059520.0268578785,0.0,1059520.0268578785,{},5.4794520548018255e-05,1.0595200268578786,0.0
2022-11-10,1059578.0827497612,0.0,1059578.0827497612,{},5.4794520548018255e-05,1.0595780827497612,0.0
2022-11-11,1059636.1418227886,0.0,1059636.1418227886,{},5.4794520548018255e-05,1.0596361418227886,0.0
2022-11-14,1059694.204077135,0.0,1059694.204077135,{},5.4794520548018255e-05,1.059694204077135,0.0
2022-11-15,1059752.269512975,0.0,1059752.269512975,{},5.4794520548018255e-05,1.0597522695129749,0.0
2022-11-16,1059810.3381304825,0.0,1059810.3381304825,{},5.4794520548018255e-05,1.0598103381304824,0.0
2022-11-17,1059868.4099298322,0.0,1059868.4099298322,{},5.4794520548018255e-05,1.0598684099298321,0.0
2022-11-18,1059926.4849111983,0.0,1059926.4849111983,{},5.4794520548018255e-05,1.0599264849111982,0.0
2022-11-21,1059984.563074755,0.0,1059984.563074755,{},5.4794520548018255e-05,1.059984563074755,0.0
2022-11-22,1060042.644420677,0.0,1060042.644420677,{},5.4794520548018255e-05,1.0600426444206772,0.0
2022-11-23,1060100.7289491387,0.0,1060100.7289491387,{},5.4794520548018255e-05,1.0601007289491386,0.0
2022-11-24,1060158.816660314,0.0,1060158.816660314,{},5.4794520548018255e-05,1.0601588166603142,0.0
2022-11-25,1060216.9075543778,0.0,1060216.9075543778,{},5.4794520548018255e-05,1.0602169075543777,0.0
2022-11-28,1060275.0016315042,0.0,1060275.0016315042,{},5.4794520548018255e-05,1.0602750016315041,0.0
2022-11-29,1060333.0988918676,0.0,1060333.0988918676,{},5.4794520548018255e-05,1.0603330988918676,0.0
2022-11-30,1060391.1993356426,0.0,1060391.1993356426,{},5.4794520548018255e-05,1.0603911993356425,0.0
2022-12-01,1060449.3029630035,0.0,1060449.3029630035,{},5.4794520548018255e-05,1.0604493029630035,0.0
2022-12-02,1060507.4097741249,0.0,1060507.4097741249,{},5.4794520548018255e-05,1.060507409774125,0.0
2022-12-05,1060565.519769181,0.0,1060565.519769181,{},5.4794520548018255e-05,1.060565519769181,0.0
2022-12-06,1060623.6329483464,0.0,1060623.6329483464,{},5.4794520548018255e-05,1.0606236329483465,0.0
2022-12-07,1060681.7493117957,0.0,1060681.7493117957,{},5.4794520548018255e-05,1.0606817493117957,0.0
2022-12-08,1060739.8688597032,0.0,1060739.8688597032,{},5.4794520548018255e-05,1.0607398688597032,0.0
2022-12-09,1060797.9915922435,0.0,1060797.9915922435,{},5.4794520548018255e-05,1.0607979915922436,0.0
2022-12-12,1060856.1175095912,0.0,1060856.1175095912,{},5.4794520548018255e-05,1.0608561175095912,0.0
2022-12-13,1060914.2466119204,0.0,1060914.2466119204,{},5.4794520548018255e-05,1.0609142466119204,0.0
2022-12-14,1060972.3788994062,0.0,1060972.3788994062,{},5.4794520548018255e-05,1.060972378899406,0.0
2022-12-15,1061030.5143722226,0.0,1061030.5143722226,{},5.4794520548018255e-05,1.0610305143722225,0.0
2022-12-16,1061088.6530305445,0.0,1061088.6530305445,{},5.4794520548018255e-05,1.0610886530305446,0.0
2022-12-19,1061146.7948745464,0.0,1061146.7948745464,{},5.4794520548018255e-05,1.0611467948745463,0.0
2022-12-20,1061204.9399044025,0.0,1061204.9399044025,{},5.4794520548018255e-05,1.0612049399044026,0.0
2022-12-21,1061263.0881202877,0.0,1061263.0881202877,{},5.4794520548018255e-05,1.0612630881202878,0.0
2022-12-22,1061321.2395223766,0.0,1061321.2395223766,{},5.4794520548018255e-05,1.0613212395223766,0.0
2022-12-23,1061379.3941108435,0.0,1061379.3941108435,{},5.4794520548018255e-05,1.0613793941108436,0.0
2022-12-26,1061437.5518858633,0.0,1061437.5518858633,{},5.4794520548018255e-05,1.0614375518858632,0.0
2022-12-27,1061495.7128476105,0.0,1061495.7128476105,{},5.4794520548018255e-05,1.0614957128476106,0.0
2022-12-28,1061553.8769962597,0.0,1061553.8769962597,{},5.4794520548018255e-05,1.0615538769962596,0.0
2022-12-29,1061612.0443319855,0.0,1061612.0443319855,{},5.4794520548018255e-05,1.0616120443319854,0.0
2022-12-30,1061670.2148549627,0.0,1061670.2148549627,{},5.4794520548018255e-05,1.0616702148549626,0.0
2022-12-31,1061728.3885653657,0.0,1061728.3885653657,{},5.4794520548018255e-05,1.0617283885653657,0.0
2023-01-03,1061786.5654633692,0.0,1061786.5654633692,{},5.4794520548018255e-05,1.0617865654633691,0.0
2023-01-04,1061844.7455491482,0.0,1061844.7455491482,{},5.4794520548018255e-05,1.0618447455491482,0.0
2023-01-05,1061902.928822877,0.0,1061902.928822877,{},5.4794520548018255e-05,1.061902928822877,0.0
2023-01-06,1061961.1152847302,0.0,1061961.1152847302,{},5.4794520548018255e-05,1.0619611152847301,0.0
2023-01-09,1062019.3049348828,0.0,1062019.3049348828,{},5.4794520548018255e-05,1.0620193049348827,0.0
2023-01-10,1062077.4977735095,0.0,1062077.4977735095,{},5.4794520548018255e-05,1.0620774977735095,0.0
2023-01-11,1062135.6938007849,0.0,1062135.6938007849,{},5.4794520548018255e-05,1.0621356938007849,0.0
2023-01-12,1062193.8930168836,0.0,1062193.8930168836,{},5.4794520548018255e-05,1.0621938930168837,0.0
2023-01-13,1062252.0954219806,0.0,1062252.0954219806,{},5.4794520548018255e-05,1.0622520954219805,0.0
2023-01-16,1062310.3010162504,0.0,1062310.3010162504,{},5.4794520548018255e-05,1.0623103010162505,0.0
2023-01-17,1062368.5097998679,0.0,1062368.5097998679,{},5.4794520548018255e-05,1.0623685097998679,0.0
2023-01-18,1062426.7217730077,0.0,1062426.7217730077,{},5.4794520548018255e-05,1.0624267217730077,0.0
2023-01-19,1062484.9369358446,0.0,1062484.9369358446,{},5.4794520548018255e-05,1.0624849369358447,0.0
2023-01-20,1062543.1552885536,0.0,1062543.1552885536,{},5.4794520548018255e-05,1.0625431552885536,0.0
2023-01-30,1062601.3768313092,0.0,1062601.3768313092,{},5.4794520548018255e-05,1.0626013768313092,0.0
2023-01-31,1062659.6015642863,0.0,1062659.6015642863,{},5.4794520548018255e-05,1.0626596015642862,0.0
2023-02-01,1062717.8294876597,0.0,1062717.8294876597,{},5.4794520548018255e-05,1.0627178294876598,0.0
2023-02-02,1062776.0606016044,0.0,1062776.0606016044,{},5.4794520548018255e-05,1.0627760606016043,0.0
2023-02-03,1062834.294906295,0.0,1062834.294906295,{},5.4794520548018255e-05,1.062834294906295,0.0
2023-02-06,1062892.5324019063,0.0,1062892.5324019063,{},5.4794520548018255e-05,1.0628925324019063,0.0
2023-02-07,1062950.7730886133,0.0,1062950.7730886133,{},5.4794520548018255e-05,1.0629507730886132,0.0
2023-02-08,1063009.016966591,0.0,1063009.016966591,{},5.4794520548018255e-05,1.063009016966591,0.0
2023-02-09,1063067.2640360137,0.0,1063067.2640360137,{},5.4794520548018255e-05,1.0630672640360137,0.0
2023-02-10,1063125.514297057,0.0,1063125.514297057,{},5.4794520548018255e-05,1.063125514297057,0.0
2023-02-13,1063183.767749895,0.0,1063183.767749895,{},5.4794520548018255e-05,1.0631837677498952,0.0
2023-02-14,1063242.0243947033,0.0,1063242.0243947033,{},5.4794520548018255e-05,1.0632420243947034,0.0
2023-02-15,1063300.2842316565,0.0,1063300.2842316565,{},5.4794520548018255e-05,1.0633002842316566,0.0
2023-02-16,1063358.5472609296,0.0,1063358.5472609296,{},5.4794520548018255e-05,1.0633585472609295,0.0
2023-02-17,1063416.8134826974,0.0,1063416.8134826974,{},5.4794520548018255e-05,1.0634168134826973,0.0
2023-02-20,1063475.0828971348,0.0,1063475.0828971348,{},5.4794520548018255e-05,1.0634750828971349,0.0
2023-02-21,1063533.3555044169,0.0,1063533.3555044169,{},5.4794520548018255e-05,1.0635333555044169,0.0
2023-02-22,1063591.6313047186,0.0,1063591.6313047186,{},5.4794520548018255e-05,1.0635916313047185,0.0
2023-02-23,1063649.9102982148,0.0,1063649.9102982148,{},5.4794520548018255e-05,1.0636499102982147,0.0
2023-02-24,1063708.1924850806,0.0,1063708.1924850806,{},5.4794520548018255e-05,1.0637081924850806,0.0
2023-02-27,1063766.4778654908,0.0,1063766.4778654908,{},5.4794520548018255e-05,1.0637664778654907,0.0
2023-02-28,1063824.7664396206,0.0,1063824.7664396206,{},5.4794520548018255e-05,1.0638247664396205,0.0
2023-03-01,1063883.0582076448,0.0,1063883.0582076448,{},5.4794520548018255e-05,1.0638830582076448,0.0
2023-03-02,1063941.3531697385,0.0,1063941.3531697385,{},5.4794520548018255e-05,1.0639413531697386,0.0
2023-03-03,1063999.6513260766,0.0,1063999.6513260766,{},5.4794520548018255e-05,1.0639996513260765,0.0
2023-03-06,1064057.9526768343,0.0,1064057.9526768343,{},5.4794520548018255e-05,1.0640579526768343,0.0
2023-03-07,1064116.2572221865,0.0,1064116.2572221865,{},5.4794520548018255e-05,1.0641162572221865,0.0
2023-03-08,1064174.5649623084,0.0,1064174.5649623084,{},5.4794520548018255e-05,1.0641745649623084,0.0
2023-03-09,1064232.875897375,0.0,1064232.875897375,{},5.4794520548018255e-05,1.064232875897375,0.0
2023-03-10,1064291.1900275613,0.0,1064291.1900275613,{},5.4794520548018255e-05,1.0642911900275613,0.0
2023-03-13,1064349.5073530423,0.0,1064349.5073530423,{},5.4794520548018255e-05,1.0643495073530422,0.0
2023-03-14,1064407.8278739932,0.0,1064407.8278739932,{},5.4794520548018255e-05,1.0644078278739932,0.0
2023-03-15,1064466.1515905892,0.0,1064466.1515905892,{},5.4794520548018255e-05,1.064466151590589,0.0
2023-03-16,1064524.478503005,0.0,1064524.478503005,{},5.4794520548018255e-05,1.064524478503005,0.0
2023-03-17,1064582.8086114163,0.0,1064582.8086114163,{},5.4794520548018255e-05,1.0645828086114162,0.0
2023-03-20,1064641.1419159977,0.0,1064641.1419159977,{},5.4794520548018255e-05,1.0646411419159978,0.0
2023-03-21,1064699.4784169246,0.0,1064699.4784169246,{},5.4794520548018255e-05,1.0646994784169246,0.0
2023-03-22,1064757.8181143722,0.0,1064757.8181143722,{},5.4794520548018255e-05,1.0647578181143722,0.0
2023-03-23,1064816.1610085156,0.0,1064816.1610085156,{},5.4794520548018255e-05,1.0648161610085156,0.0
2023-03-24,1064874.50709953,0.0,1064874.50709953,{},5.4794520548018255e-05,1.06487450709953,0.0
2023-03-27,1064932.8563875903,0.0,1064932.8563875903,{},5.4794520548018255e-05,1.0649328563875904,0.0
2023-03-28,1064991.208872872,0.0,1064991.208872872,{},5.4794520548018255e-05,1.064991208872872,0.0
2023-03-29,1065049.56455555,0.0,1065049.56455555,{},5.4794520548018255e-05,1.06504956455555,0.0
2023-03-30,1065107.9234357998,0.0,1065107.9234357998,{},5.4794520548018255e-05,1.0651079234357999,0.0
2023-03-31,1065166.2855137964,0.0,1065166.2855137964,{},5.4794520548018255e-05,1.0651662855137964,0.0
2023-04-03,1065224.6507897151,0.0,1065224.6507897151,{},5.4794520548018255e-05,1.0652246507897152,0.0
2023-04-04,1065283.019263731,0.0,1065283.019263731,{},5.4794520548018255e-05,1.065283019263731,0.0
2023-04-06,1065341.3909360196,0.0,1065341.3909360196,{},5.4794520548018255e-05,1.0653413909360196,0.0
2023-04-07,1065399.765806756,0.0,1065399.765806756,{},5.4794520548018255e-05,1.065399765806756,0.0
2023-04-10,1065458.1438761153,0.0,1065458.1438761153,{},5.4794520548018255e-05,1.0654581438761153,0.0
2023-04-11,1065516.525144273,0.0,1065516.525144273,{},5.4794520548018255e-05,1.0655165251442729,0.0
2023-04-12,1065574.9096114042,0.0,1065574.9096114042,{},5.4794520548018255e-05,1.0655749096114042,0.0
2023-04-13,1065633.2972776843,0.0,1065633.2972776843,{},5.4794520548018255e-05,1.0656332972776843,0.0
2023-04-14,1065691.6881432887,0.0,1065691.6881432887,{},5.4794520548018255e-05,1.0656916881432887,0.0
2023-04-17,1065750.0822083924,0.0,1065750.0822083924,{},5.4794520548018255e-05,1.0657500822083925,0.0
2023-04-18,1065808.479473171,0.0,1065808.479473171,{},5.4794520548018255e-05,1.065808479473171,0.0
2023-04-19,1065866.8799377999,0.0,1065866.8799377999,{},5.4794520548018255e-05,1.0658668799378,0.0
2023-04-20,1065925.283602454,0.0,1065925.283602454,{},5.4794520548018255e-05,1.065925283602454,0.0
2023-04-21,1065983.690467309,0.0,1065983.690467309,{},5.4794520548018255e-05,1.065983690467309,0.0
2023-04-24,1066042.1005325401,0.0,1066042.1005325401,{},5.4794520548018255e-05,1.0660421005325402,0.0
2023-04-25,1066100.5137983228,0.0,1066100.5137983228,{},5.4794520548018255e-05,1.0661005137983228,0.0
2023-04-26,1066158.9302648325,0.0,1066158.9302648325,{},5.4794520548018255e-05,1.0661589302648324,0.0
2023-04-27,1066217.3499322443,0.0,1066217.3499322443,{},5.4794520548018255e-05,1.0662173499322443,0.0
2023-04-28,1066275.7728007338,0.0,1066275.7728007338,{},5.4794520548018255e-05,1.0662757728007337,0.0
2023-05-04,1066334.1988704763,0.0,1066334.1988704763,{},5.4794520548018255e-05,1.0663341988704764,0.0
2023-05-05,1066392.6281416474,0.0,1066392.6281416474,{},5.4794520548018255e-05,1.0663926281416474,0.0
2023-05-08,1066451.0606144224,0.0,1066451.0606144224,{},5.4794520548018255e-05,1.0664510606144224,0.0
2023-05-09,1066509.4962889766,0.0,1066509.4962889766,{},5.4794520548018255e-05,1.0665094962889767,0.0
2023-05-10,1066567.9351654856,0.0,1066567.9351654856,{},5.4794520548018255e-05,1.0665679351654855,0.0
2023-05-11,1066626.377244125,0.0,1066626.377244125,{},5.4794520548018255e-05,1.066626377244125,0.0
2023-05-12,1066684.8225250698,0.0,1066684.8225250698,{},5.4794520548018255e-05,1.0666848225250698,0.0
2023-05-15,1066743.271008496,0.0,1066743.271008496,{},5.4794520548018255e-05,1.0667432710084959,0.0
2023-05-16,1066801.7226945786,0.0,1066801.7226945786,{},5.4794520548018255e-05,1.0668017226945785,0.0
2023-05-17,1066860.1775834935,0.0,1066860.1775834935,{},5.4794520548018255e-05,1.0668601775834936,0.0
2023-05-18,1066918.635675416,0.0,1066918.635675416,{},5.4794520548018255e-05,1.0669186356754161,0.0
2023-05-19,1066977.0969705216,0.0,1066977.0969705216,{},5.4794520548018255e-05,1.0669770969705217,0.0
2023-05-22,1067035.5614689859,0.0,1067035.5614689859,{},5.4794520548018255e-05,1.067035561468986,0.0
2023-05-23,1067094.0291709842,0.0,1067094.0291709842,{},5.4794520548018255e-05,1.067094029170984,0.0
2023-05-24,1067152.5000766923,0.0,1067152.5000766923,{},5.4794520548018255e-05,1.0671525000766924,0.0
2023-05-25,1067210.9741862856,0.0,1067210.9741862856,{},5.4794520548018255e-05,1.0672109741862856,0.0
2023-05-26,1067269.4514999397,0.0,1067269.4514999397,{},5.4794520548018255e-05,1.0672694514999397,0.0
2023-05-29,1067327.9320178302,0.0,1067327.9320178302,{},5.4794520548018255e-05,1.0673279320178302,0.0
2023-05-30,1067386.4157401326,0.0,1067386.4157401326,{},5.4794520548018255e-05,1.0673864157401325,0.0
2023-05-31,1067444.9026670225,0.0,1067444.9026670225,{},5.4794520548018255e-05,1.0674449026670225,0.0
2023-06-01,1067503.3927986757,0.0,1067503.3927986757,{},5.4794520548018255e-05,1.0675033927986757,0.0
2023-06-02,1067561.8861352676,0.0,1067561.8861352676,{},5.4794520548018255e-05,1.0675618861352676,0.0
2023-06-05,1067620.3826769737,0.0,1067620.3826769737,{},5.4794520548018255e-05,1.0676203826769737,0.0
2023-06-06,1067678.8824239697,0.0,1067678.8824239697,{},5.4794520548018255e-05,1.0676788824239696,0.0
2023-06-07,1067737.3853764313,0.0,1067737.3853764313,{},5.4794520548018255e-05,1.0677373853764314,0.0
2023-06-08,1067795.8915345343,0.0,1067795.8915345343,{},5.4794520548018255e-05,1.0677958915345342,0.0
2023-06-09,1067854.400898454,0.0,1067854.400898454,{},5.4794520548018255e-05,1.067854400898454,0.0
2023-06-12,1067912.9134683663,0.0,1067912.9134683663,{},5.4794520548018255e-05,1.0679129134683663,0.0
2023-06-13,1067971.4292444468,0.0,1067971.4292444468,{},5.4794520548018255e-05,1.0679714292444469,0.0
2023-06-14,1068029.9482268712,0.0,1068029.9482268712,{},5.4794520548018255e-05,1.0680299482268711,0.0
2023-06-15,1068088.4704158152,0.0,1068088.4704158152,{},5.4794520548018255e-05,1.0680884704158153,0.0
2023-06-16,1068146.9958114545,0.0,1068146.9958114545,{},5.4794520548018255e-05,1.0681469958114544,0.0
2023-06-19,1068205.5244139647,0.0,1068205.5244139647,{},5.4794520548018255e-05,1.0682055244139648,0.0
2023-06-20,1068264.0562235217,0.0,1068264.0562235217,{},5.4794520548018255e-05,1.0682640562235217,0.0
2023-06-21,1068322.5912403013,0.0,1068322.5912403013,{},5.4794520548018255e-05,1.0683225912403012,0.0
2023-06-26,1068381.129464479,0.0,1068381.129464479,{},5.4794520548018255e-05,1.068381129464479,0.0
2023-06-27,1068439.6708962305,0.0,1068439.6708962305,{},5.4794520548018255e-05,1.0684396708962305,0.0
2023-06-28,1068498.2155357318,0.0,1068498.2155357318,{},5.4794520548018255e-05,1.0684982155357317,0.0
2023-06-29,1068556.7633831585,0.0,1068556.7633831585,{},5.4794520548018255e-05,1.0685567633831585,0.0
2023-06-30,1068615.3144386865,0.0,1068615.3144386865,{},5.4794520548018255e-05,1.0686153144386865,0.0
2023-07-03,1068673.8687024915,0.0,1068673.8687024915,{},5.4794520548018255e-05,1.0686738687024915,0.0
2023-07-04,1068732.4261747492,0.0,1068732.4261747492,{},5.4794520548018255e-05,1.068732426174749,0.0
2023-07-05,1068790.9868556354,0.0,1068790.9868556354,{},5.4794520548018255e-05,1.0687909868556353,0.0
2023-07-06,1068849.5507453263,0.0,1068849.5507453263,{},5.4794520548018255e-05,1.0688495507453264,0.0
2023-07-07,1068908.1178439974,0.0,1068908.1178439974,{},5.4794520548018255e-05,1.0689081178439974,0.0
2023-07-10,1068966.6881518245,0.0,1068966.6881518245,{},5.4794520548018255e-05,1.0689666881518245,0.0
2023-07-11,1069025.2616689836,0.0,1069025.2616689836,{},5.4794520548018255e-05,1.0690252616689837,0.0
2023-07-12,1069083.8383956505,0.0,1069083.8383956505,{},5.4794520548018255e-05,1.0690838383956505,0.0
2023-07-13,1069142.418332001,0.0,1069142.418332001,{},5.4794520548018255e-05,1.0691424183320009,0.0
2023-07-14,1069201.001478211,0.0,1069201.001478211,{},5.4794520548018255e-05,1.069201001478211,0.0
2023-07-17,1069259.5878344565,0.0,1069259.5878344565,{},5.4794520548018255e-05,1.0692595878344564,0.0
2023-07-18,1069318.1774009133,0.0,1069318.1774009133,{},5.4794520548018255e-05,1.0693181774009133,0.0
2023-07-19,1069376.7701777574,0.0,1069376.7701777574,{},5.4794520548018255e-05,1.0693767701777575,0.0
2023-07-20,1069435.3661651644,0.0,1069435.3661651644,{},5.4794520548018255e-05,1.0694353661651643,0.0
2023-07-21,1069493.9653633104,0.0,1069493.9653633104,{},5.4794520548018255e-05,1.0694939653633104,0.0
2023-07-24,1069552.5677723715,0.0,1069552.5677723715,{},5.4794520548018255e-05,1.0695525677723714,0.0
2023-07-25,1069611.1733925235,0.0,1069611.1733925235,{},5.4794520548018255e-05,1.0696111733925235,0.0
2023-07-26,1069669.7822239425,0.0,1069669.7822239425,{},5.4794520548018255e-05,1.0696697822239425,0.0
2023-07-27,1069728.3942668042,0.0,1069728.3942668042,{},5.4794520548018255e-05,1.069728394266804,0.0
2023-07-28,1069787.0095212846,0.0,1069787.0095212846,{},5.4794520548018255e-05,1.0697870095212847,0.0
2023-07-31,1069845.62798756,0.0,1069845.62798756,{},5.4794520548018255e-05,1.0698456279875599,0.0
2023-08-01,1069904.2496658058,0.0,1069904.2496658058,{},5.4794520548018255e-05,1.0699042496658058,0.0
2023-08-02,1069962.8745561985,0.0,1069962.8745561985,{},5.4794520548018255e-05,1.0699628745561984,0.0
2023-08-03,1070021.502658914,0.0,1070021.502658914,{},5.4794520548018255e-05,1.0700215026589142,0.0
2023-08-04,1070080.1339741284,0.0,1070080.1339741284,{},5.4794520548018255e-05,1.0700801339741284,0.0
2023-08-07,1070138.7685020175,0.0,1070138.7685020175,{},5.4794520548018255e-05,1.0701387685020174,0.0
2023-08-08,1070197.4062427573,0.0,1070197.4062427573,{},5.4794520548018255e-05,1.0701974062427573,0.0
2023-08-09,1070256.0471965242,0.0,1070256.0471965242,{},5.4794520548018255e-05,1.0702560471965241,0.0
2023-08-10,1070314.691363494,0.0,1070314.691363494,{},5.4794520548018255e-05,1.070314691363494,0.0
2023-08-11,1070373.3387438427,0.0,1070373.3387438427,{},5.4794520548018255e-05,1.0703733387438428,0.0
2023-08-14,1070431.9893377465,0.0,1070431.9893377465,{},5.4794520548018255e-05,1.0704319893377465,0.0
2023-08-15,1070490.6431453815,0.0,1070490.6431453815,{},5.4794520548018255e-05,1.0704906431453816,0.0
2023-08-16,1070549.3001669238,0.0,1070549.3001669238,{},5.4794520548018255e-05,1.0705493001669237,0.0
2023-08-17,1070607.9604025495,0.0,1070607.9604025495,{},5.4794520548018255e-05,1.0706079604025496,0.0
2023-08-18,1070666.6238524346,0.0,1070666.6238524346,{},5.4794520548018255e-05,1.0706666238524345,0.0
2023-08-21,1070725.2905167553,0.0,1070725.2905167553,{},5.4794520548018255e-05,1.0707252905167552,0.0
2023-08-22,1070783.9603956877,0.0,1070783.9603956877,{},5.4794520548018255e-05,1.0707839603956877,0.0
2023-08-23,1070842.633489408,0.0,1070842.633489408,{},5.4794520548018255e-05,1.0708426334894081,0.0
2023-08-24,1070901.3097980926,0.0,1070901.3097980926,{},5.4794520548018255e-05,1.0709013097980926,0.0
2023-08-25,1070959.9893219173,0.0,1070959.9893219173,{},5.4794520548018255e-05,1.0709599893219173,0.0
2023-08-28,1071018.6720610582,0.0,1071018.6720610582,{},5.4794520548018255e-05,1.0710186720610582,0.0
2023-08-29,1071077.3580156919,0.0,1071077.3580156919,{},5.4794520548018255e-05,1.0710773580156918,0.0
2023-08-30,1071136.0471859942,0.0,1071136.0471859942,{},5.4794520548018255e-05,1.0711360471859943,0.0
2023-08-31,1071194.7395721416,0.0,1071194.7395721416,{},5.4794520548018255e-05,1.0711947395721415,0.0
2023-09-01,1071253.4351743099,0.0,1071253.4351743099,{},5.4794520548018255e-05,1.07125343517431,0.0
2023-09-04,1071312.1339926757,0.0,1071312.1339926757,{},5.4794520548018255e-05,1.0713121339926757,0.0
2023-09-05,1071370.836027415,0.0,1071370.836027415,{},5.4794520548018255e-05,1.071370836027415,0.0
2023-09-06,1071429.5412787043,0.0,1071429.5412787043,{},5.4794520548018255e-05,1.0714295412787043,0.0
2023-09-07,1071488.2497467196,0.0,1071488.2497467196,{},5.4794520548018255e-05,1.0714882497467195,0.0
2023-09-08,1071546.9614316374,0.0,1071546.9614316374,{},5.4794520548018255e-05,1.0715469614316373,0.0
2023-09-11,1071605.6763336337,0.0,1071605.6763336337,{},5.4794520548018255e-05,1.0716056763336337,0.0
2023-09-12,1071664.394452885,0.0,1071664.394452885,{},5.4794520548018255e-05,1.071664394452885,0.0
2023-09-13,1071723.1157895674,0.0,1071723.1157895674,{},5.4794520548018255e-05,1.0717231157895672,0.0
2023-09-14,1071781.8403438572,0.0,1071781.8403438572,{},5.4794520548018255e-05,1.0717818403438573,0.0
2023-09-15,1071840.568115931,0.0,1071840.568115931,{},5.4794520548018255e-05,1.071840568115931,0.0
2023-09-18,1071899.2991059648,0.0,1071899.2991059648,{},5.4794520548018255e-05,1.0718992991059648,0.0
2023-09-19,1071958.0333141352,0.0,1071958.0333141352,{},5.4794520548018255e-05,1.0719580333141352,0.0
2023-09-20,1072016.7707406182,0.0,1072016.7707406182,{},5.4794520548018255e-05,1.0720167707406183,0.0
2023-09-21,1072075.5113855903,0.0,1072075.5113855903,{},5.4794520548018255e-05,1.0720755113855902,0.0
2023-09-22,1072134.2552492279,0.0,1072134.2552492279,{},5.4794520548018255e-05,1.072134255249228,0.0
2023-09-25,1072193.0023317074,0.0,1072193.0023317074,{},5.4794520548018255e-05,1.0721930023317074,0.0
2023-09-26,1072251.7526332051,0.0,1072251.7526332051,{},5.4794520548018255e-05,1.0722517526332052,0.0
2023-09-27,1072310.5061538974,0.0,1072310.5061538974,{},5.4794520548018255e-05,1.0723105061538973,0.0
2023-09-28,1072369.2628939606,0.0,1072369.2628939606,{},5.4794520548018255e-05,1.0723692628939605,0.0
2023-10-09,1072428.0228535712,0.0,1072428.0228535712,{},5.4794520548018255e-05,1.0724280228535712,0.0
2023-10-10,1072486.7860329058,0.0,1072486.7860329058,{},5.4794520548018255e-05,1.0724867860329057,0.0
2023-10-11,1072545.5524321406,0.0,1072545.5524321406,{},5.4794520548018255e-05,1.0725455524321406,0.0
2023-10-12,1072604.322051452,0.0,1072604.322051452,{},5.4794520548018255e-05,1.072604322051452,0.0
2023-10-13,1072663.0948910166,0.0,1072663.0948910166,{},5.4794520548018255e-05,1.0726630948910165,0.0
2023-10-16,1072721.8709510106,0.0,1072721.8709510106,{},5.4794520548018255e-05,1.0727218709510107,0.0
2023-10-17,1072780.6502316108,0.0,1072780.6502316108,{},5.4794520548018255e-05,1.0727806502316108,0.0
2023-10-18,1072839.4327329933,0.0,1072839.4327329933,{},5.4794520548018255e-05,1.0728394327329933,0.0
2023-10-19,1072898.218455335,0.0,1072898.218455335,{},5.4794520548018255e-05,1.0728982184553348,0.0
2023-10-20,1072957.0073988119,0.0,1072957.0073988119,{},5.4794520548018255e-05,1.072957007398812,0.0
2023-10-23,1073015.799563601,0.0,1073015.799563601,{},5.4794520548018255e-05,1.073015799563601,0.0
2023-10-24,1073074.5949498785,0.0,1073074.5949498785,{},5.4794520548018255e-05,1.0730745949498786,0.0
2023-10-25,1073133.3935578212,0.0,1073133.3935578212,{},5.4794520548018255e-05,1.0731333935578211,0.0
2023-10-26,1073192.1953876053,0.0,1073192.1953876053,{},5.4794520548018255e-05,1.0731921953876054,0.0
2023-10-27,1073251.0004394075,0.0,1073251.0004394075,{},5.4794520548018255e-05,1.0732510004394076,0.0
2023-10-30,1073309.8087134042,0.0,1073309.8087134042,{},5.4794520548018255e-05,1.0733098087134043,0.0
2023-10-31,1073368.6202097721,0.0,1073368.6202097721,{},5.4794520548018255e-05,1.073368620209772,0.0
2023-11-01,1073427.4349286878,0.0,1073427.4349286878,{},5.4794520548018255e-05,1.0734274349286879,0.0
2023-11-02,1073486.2528703278,0.0,1073486.2528703278,{},5.4794520548018255e-05,1.0734862528703277,0.0
2023-11-03,1073545.0740348687,0.0,1073545.0740348687,{},5.4794520548018255e-05,1.0735450740348687,0.0
2023-11-06,1073603.898422487,0.0,1073603.898422487,{},5.4794520548018255e-05,1.0736038984224872,0.0
2023-11-07,1073662.7260333595,0.0,1073662.7260333595,{},5.4794520548018255e-05,1.0736627260333595,0.0
2023-11-08,1073721.5568676628,0.0,1073721.5568676628,{},5.4794520548018255e-05,1.0737215568676628,0.0
2023-11-09,1073780.3909255734,0.0,1073780.3909255734,{},5.4794520548018255e-05,1.0737803909255734,0.0
2023-11-10,1073839.228207268,0.0,1073839.228207268,{},5.4794520548018255e-05,1.073839228207268,0.0
2023-11-13,1073898.0687129232,0.0,1073898.0687129232,{},5.4794520548018255e-05,1.0738980687129231,0.0
2023-11-14,1073956.9124427158,0.0,1073956.9124427158,{},5.4794520548018255e-05,1.0739569124427157,0.0
2023-11-15,1074015.7593968224,0.0,1074015.7593968224,{},5.4794520548018255e-05,1.0740157593968225,0.0
2023-11-16,1074074.6095754197,0.0,1074074.6095754197,{},5.4794520548018255e-05,1.0740746095754197,0.0
2023-11-17,1074133.462978684,0.0,1074133.462978684,{},5.4794520548018255e-05,1.074133462978684,0.0
2023-11-20,1074192.3196067926,0.0,1074192.3196067926,{},5.4794520548018255e-05,1.0741923196067926,0.0
2023-11-21,1074251.1794599218,0.0,1074251.1794599218,{},5.4794520548018255e-05,1.0742511794599219,0.0
2023-11-22,1074310.0425382485,0.0,1074310.0425382485,{},5.4794520548018255e-05,1.0743100425382486,0.0
2023-11-23,1074368.9088419492,0.0,1074368.9088419492,{},5.4794520548018255e-05,1.0743689088419492,0.0
2023-11-24,1074427.778371201,0.0,1074427.778371201,{},5.4794520548018255e-05,1.0744277783712008,0.0
2023-11-27,1074486.6511261803,0.0,1074486.6511261803,{},5.4794520548018255e-05,1.0744866511261804,0.0
2023-11-28,1074545.527107064,0.0,1074545.527107064,{},5.4794520548018255e-05,1.0745455271070639,0.0
2023-11-29,1074604.4063140287,0.0,1074604.4063140287,{},5.4794520548018255e-05,1.0746044063140288,0.0
2023-11-30,1074663.2887472515,0.0,1074663.2887472515,{},5.4794520548018255e-05,1.0746632887472516,0.0
2023-12-01,1074722.174406909,0.0,1074722.174406909,{},5.4794520548018255e-05,1.0747221744069089,0.0
2023-12-04,1074781.0632931779,0.0,1074781.0632931779,{},5.4794520548018255e-05,1.0747810632931778,0.0
2023-12-05,1074839.955406235,0.0,1074839.955406235,{},5.4794520548018255e-05,1.0748399554062351,0.0
2023-12-06,1074898.8507462575,0.0,1074898.8507462575,{},5.4794520548018255e-05,1.0748988507462576,0.0
2023-12-07,1074957.7493134218,0.0,1074957.7493134218,{},5.4794520548018255e-05,1.0749577493134217,0.0
2023-12-08,1075016.6511079047,0.0,1075016.6511079047,{},5.4794520548018255e-05,1.0750166511079047,0.0
2023-12-11,1075075.5561298833,0.0,1075075.5561298833,{},5.4794520548018255e-05,1.0750755561298833,0.0
2023-12-12,1075134.4643795344,0.0,1075134.4643795344,{},5.4794520548018255e-05,1.0751344643795344,0.0
2023-12-13,1075193.3758570347,0.0,1075193.3758570347,{},5.4794520548018255e-05,1.0751933758570347,0.0
2023-12-14,1075252.2905625612,0.0,1075252.2905625612,{},5.4794520548018255e-05,1.0752522905625612,0.0
2023-12-15,1075311.2084962907,0.0,1075311.2084962907,{},5.4794520548018255e-05,1.0753112084962908,0.0
2023-12-18,1075370.1296584,0.0,1075370.1296584,{},5.4794520548018255e-05,1.0753701296584002,0.0
2023-12-19,1075429.0540490663,0.0,1075429.0540490663,{},5.4794520548018255e-05,1.0754290540490663,0.0
2023-12-20,1075487.9816684662,0.0,1075487.9816684662,{},5.4794520548018255e-05,1.0754879816684662,0.0
2023-12-21,1075546.912516777,0.0,1075546.912516777,{},5.4794520548018255e-05,1.075546912516777,0.0
2023-12-22,1075605.846594175,0.0,1075605.846594175,{},5.4794520548018255e-05,1.0756058465941751,0.0
2023-12-25,1075664.7839008379,0.0,1075664.7839008379,{},5.4794520548018255e-05,1.075664783900838,0.0
2023-12-26,1075723.724436942,0.0,1075723.724436942,{},5.4794520548018255e-05,1.075723724436942,0.0
2023-12-27,1075782.6682026647,0.0,1075782.6682026647,{},5.4794520548018255e-05,1.0757826682026648,0.0
2023-12-28,1075841.6151981826,0.0,1075841.6151981826,{},5.4794520548018255e-05,1.0758416151981827,0.0
2023-12-29,1075900.565423673,0.0,1075900.565423673,{},5.4794520548018255e-05,1.075900565423673,0.0
2023-12-31,1075959.5188793128,0.0,1075959.5188793128,{},5.4794520548018255e-05,1.0759595188793127,0.0
2024-01-02,1076018.475565279,0.0,1076018.475565279,{},5.4794520548018255e-05,1.0760184755652789,0.0
2024-01-03,1076077.4354817483,0.0,1076077.4354817483,{},5.4794520548018255e-05,1.0760774354817484,0.0
2024-01-04,1076136.398628898,0.0,1076136.398628898,{},5.4794520548018255e-05,1.0761363986288979,0.0
2024-01-05,1076195.365006905,0.0,1076195.365006905,{},5.4794520548018255e-05,1.0761953650069052,0.0
2024-01-08,1076254.3346159465,0.0,1076254.3346159465,{},5.4794520548018255e-05,1.0762543346159466,0.0
2024-01-09,1076313.3074561995,0.0,1076313.3074561995,{},5.4794520548018255e-05,1.0763133074561995,0.0
2024-01-10,1076372.283527841,0.0,1076372.283527841,{},5.4794520548018255e-05,1.076372283527841,0.0
2024-01-11,1076431.262831048,0.0,1076431.262831048,{},5.4794520548018255e-05,1.0764312628310482,0.0
2024-01-12,1076490.2453659978,0.0,1076490.2453659978,{},5.4794520548018255e-05,1.0764902453659977,0.0
2024-01-15,1076549.2311328673,0.0,1076549.2311328673,{},5.4794520548018255e-05,1.0765492311328673,0.0
2024-01-16,1076608.2201318336,0.0,1076608.2201318336,{},5.4794520548018255e-05,1.0766082201318337,0.0
2024-01-17,1076667.2123630738,0.0,1076667.2123630738,{},5.4794520548018255e-05,1.0766672123630738,0.0
2024-01-18,1076726.207826765,0.0,1076726.207826765,{},5.4794520548018255e-05,1.076726207826765,0.0
2024-01-19,1076785.2065230843,0.0,1076785.2065230843,{},5.4794520548018255e-05,1.0767852065230843,0.0
2024-01-22,1076844.208452209,0.0,1076844.208452209,{},5.4794520548018255e-05,1.076844208452209,0.0
2024-01-23,1076903.213614316,0.0,1076903.213614316,{},5.4794520548018255e-05,1.076903213614316,0.0
2024-01-24,1076962.2220095827,0.0,1076962.2220095827,{},5.4794520548018255e-05,1.0769622220095827,0.0
2024-01-25,1077021.233638186,0.0,1077021.233638186,{},5.4794520548018255e-05,1.077021233638186,0.0
2024-01-26,1077080.2485003031,0.0,1077080.2485003031,{},5.4794520548018255e-05,1.077080248500303,0.0
2024-01-29,1077139.2665961115,0.0,1077139.2665961115,{},5.4794520548018255e-05,1.0771392665961115,0.0
2024-01-30,1077198.287925788,0.0,1077198.287925788,{},5.4794520548018255e-05,1.077198287925788,0.0
2024-01-31,1077257.31248951,0.0,1077257.31248951,{},5.4794520548018255e-05,1.07725731248951,0.0
2024-02-01,1077316.3402874547,0.0,1077316.3402874547,{},5.4794520548018255e-05,1.0773163402874546,0.0
2024-02-02,1077375.3713197992,0.0,1077375.3713197992,{},5.4794520548018255e-05,1.0773753713197993,0.0
2024-02-05,1077434.405586721,0.0,1077434.405586721,{},5.4794520548018255e-05,1.0774344055867209,0.0
2024-02-06,1077493.443088397,0.0,1077493.443088397,{},5.4794520548018255e-05,1.077493443088397,0.0
2024-02-07,1077552.4838250047,0.0,1077552.4838250047,{},5.4794520548018255e-05,1.0775524838250046,0.0
2024-02-08,1077611.527796721,0.0,1077611.527796721,{},5.4794520548018255e-05,1.077611527796721,0.0
2024-02-19,1077670.5750037236,0.0,1077670.5750037236,{},5.4794520548018255e-05,1.0776705750037237,0.0
2024-02-20,1077729.6254461897,0.0,1077729.6254461897,{},5.4794520548018255e-05,1.0777296254461897,0.0
2024-02-21,1077788.6791242964,0.0,1077788.6791242964,{},5.4794520548018255e-05,1.0777886791242963,0.0
2024-02-22,1077847.736038221,0.0,1077847.736038221,{},5.4794520548018255e-05,1.077847736038221,0.0
2024-02-23,1077906.796188141,0.0,1077906.796188141,{},5.4794520548018255e-05,1.077906796188141,0.0
2024-02-26,1077965.8595742336,0.0,1077965.8595742336,{},5.4794520548018255e-05,1.0779658595742336,0.0
2024-02-27,1078024.9261966762,0.0,1078024.9261966762,{},5.4794520548018255e-05,1.0780249261966761,0.0
2024-02-28,1078083.9960556459,0.0,1078083.9960556459,{},5.4794520548018255e-05,1.0780839960556459,0.0
2024-02-29,1078143.0691513203,0.0,1078143.0691513203,{},5.4794520548018255e-05,1.0781430691513203,0.0
2024-03-01,1078202.1454838766,0.0,1078202.1454838766,{},5.4794520548018255e-05,1.0782021454838766,0.0
2024-03-04,1078261.2250534922,0.0,1078261.2250534922,{},5.4794520548018255e-05,1.0782612250534922,0.0
2024-03-05,1078320.3078603446,0.0,1078320.3078603446,{},5.4794520548018255e-05,1.0783203078603447,0.0
2024-03-06,1078379.393904611,0.0,1078379.393904611,{},5.4794520548018255e-05,1.078379393904611,0.0
2024-03-07,1078438.483186469,0.0,1078438.483186469,{},5.4794520548018255e-05,1.0784384831864688,0.0
2024-03-08,1078497.5757060957,0.0,1078497.5757060957,{},5.4794520548018255e-05,1.0784975757060957,0.0
2024-03-11,1078556.6714636686,0.0,1078556.6714636686,{},5.4794520548018255e-05,1.0785566714636685,0.0
2024-03-12,1078615.7704593653,0.0,1078615.7704593653,{},5.4794520548018255e-05,1.0786157704593653,0.0
2024-03-13,1078674.872693363,0.0,1078674.872693363,{},5.4794520548018255e-05,1.078674872693363,0.0
2024-03-14,1078733.9781658396,0.0,1078733.9781658396,{},5.4794520548018255e-05,1.0787339781658396,0.0
2024-03-15,1078793.086876972,0.0,1078793.086876972,{},5.4794520548018255e-05,1.0787930868769722,0.0
2024-03-18,1078852.1988269382,0.0,1078852.1988269382,{},5.4794520548018255e-05,1.0788521988269382,0.0
2024-03-19,1078911.3140159152,0.0,1078911.3140159152,{},5.4794520548018255e-05,1.0789113140159152,0.0
2024-03-20,1078970.4324440805,0.0,1078970.4324440805,{},5.4794520548018255e-05,1.0789704324440805,0.0
2024-03-21,1079029.5541116118,0.0,1079029.5541116118,{},5.4794520548018255e-05,1.0790295541116117,0.0
2024-03-22,1079088.6790186865,0.0,1079088.6790186865,{},5.4794520548018255e-05,1.0790886790186864,0.0
2024-03-25,1079147.807165482,0.0,1079147.807165482,{},5.4794520548018255e-05,1.079147807165482,0.0
2024-03-26,1079206.938552176,0.0,1079206.938552176,{},5.4794520548018255e-05,1.079206938552176,0.0
2024-03-27,1079266.0731789463,0.0,1079266.0731789463,{},5.4794520548018255e-05,1.0792660731789463,0.0
2024-03-28,1079325.2110459697,0.0,1079325.2110459697,{},5.4794520548018255e-05,1.0793252110459697,0.0
2024-03-29,1079384.3521534244,0.0,1079384.3521534244,{},5.4794520548018255e-05,1.0793843521534243,0.0
2024-04-01,1079443.4965014877,0.0,1079443.4965014877,{},5.4794520548018255e-05,1.0794434965014876,0.0
2024-04-02,1079502.6440903372,0.0,1079502.6440903372,{},5.4794520548018255e-05,1.0795026440903372,0.0
2024-04-03,1079561.7949201504,0.0,1079561.7949201504,{},5.4794520548018255e-05,1.0795617949201504,0.0
2024-04-08,1079620.948991105,0.0,1079620.948991105,{},5.4794520548018255e-05,1.079620948991105,0.0
2024-04-09,1079680.1063033785,0.0,1079680.1063033785,{},5.4794520548018255e-05,1.0796801063033785,0.0
2024-04-10,1079739.2668571486,0.0,1079739.2668571486,{},5.4794520548018255e-05,1.0797392668571486,0.0
2024-04-11,1079798.430652593,0.0,1079798.430652593,{},5.4794520548018255e-05,1.079798430652593,0.0
2024-04-12,1079857.5976898891,0.0,1079857.5976898891,{},5.4794520548018255e-05,1.0798575976898892,0.0
2024-04-15,1079916.7679692146,0.0,1079916.7679692146,{},5.4794520548018255e-05,1.0799167679692145,0.0
2024-04-16,1079975.9414907473,0.0,1079975.9414907473,{},5.4794520548018255e-05,1.0799759414907473,0.0
2024-04-17,1080035.1182546646,0.0,1080035.1182546646,{},5.4794520548018255e-05,1.0800351182546646,0.0
2024-04-18,1080094.2982611444,0.0,1080094.2982611444,{},5.4794520548018255e-05,1.0800942982611443,0.0
2024-04-19,1080153.4815103642,0.0,1080153.4815103642,{},5.4794520548018255e-05,1.0801534815103642,0.0
2024-04-22,1080212.6680025018,0.0,1080212.6680025018,{},5.4794520548018255e-05,1.080212668002502,0.0
2024-04-23,1080271.857737735,0.0,1080271.857737735,{},5.4794520548018255e-05,1.0802718577377348,0.0
2024-04-24,1080331.0507162411,0.0,1080331.0507162411,{},5.4794520548018255e-05,1.0803310507162411,0.0
2024-04-25,1080390.2469381983,0.0,1080390.2469381983,{},5.4794520548018255e-05,1.0803902469381983,0.0
2024-04-26,1080449.446403784,0.0,1080449.446403784,{},5.4794520548018255e-05,1.080449446403784,0.0
2024-04-29,1080508.6491131762,0.0,1080508.6491131762,{},5.4794520548018255e-05,1.0805086491131761,0.0
2024-04-30,1080567.8550665523,0.0,1080567.8550665523,{},5.4794520548018255e-05,1.0805678550665523,0.0
2024-05-06,1080627.0642640903,0.0,1080627.0642640903,{},5.4794520548018255e-05,1.0806270642640903,0.0
2024-05-07,1080686.2767059677,0.0,1080686.2767059677,{},5.4794520548018255e-05,1.0806862767059677,0.0
2024-05-08,1080745.4923923626,0.0,1080745.4923923626,{},5.4794520548018255e-05,1.0807454923923625,0.0
2024-05-09,1080804.7113234526,0.0,1080804.7113234526,{},5.4794520548018255e-05,1.0808047113234527,0.0
2024-05-10,1080863.9334994156,0.0,1080863.9334994156,{},5.4794520548018255e-05,1.0808639334994157,0.0
2024-05-13,1080923.1589204294,0.0,1080923.1589204294,{},5.4794520548018255e-05,1.0809231589204293,0.0
2024-05-14,1080982.3875866716,0.0,1080982.3875866716,{},5.4794520548018255e-05,1.0809823875866715,0.0
2024-05-15,1081041.6194983204,0.0,1081041.6194983204,{},5.4794520548018255e-05,1.0810416194983203,0.0
2024-05-16,1081100.8546555534,0.0,1081100.8546555534,{},5.4794520548018255e-05,1.0811008546555534,0.0
2024-05-17,1081160.0930585482,0.0,1081160.0930585482,{},5.4794520548018255e-05,1.081160093058548,0.0
2024-05-20,1081219.334707483,0.0,1081219.334707483,{},5.4794520548018255e-05,1.081219334707483,0.0
2024-05-21,1081278.5796025356,0.0,1081278.5796025356,{},5.4794520548018255e-05,1.0812785796025355,0.0
2024-05-22,1081337.8277438837,0.0,1081337.8277438837,{},5.4794520548018255e-05,1.0813378277438837,0.0
2024-05-23,1081397.0791317055,0.0,1081397.0791317055,{},5.4794520548018255e-05,1.0813970791317054,0.0
2024-05-24,1081456.3337661785,0.0,1081456.3337661785,{},5.4794520548018255e-05,1.0814563337661784,0.0
2024-05-27,1081515.5916474808,0.0,1081515.5916474808,{},5.4794520548018255e-05,1.0815155916474808,0.0
2024-05-28,1081574.8527757903,0.0,1081574.8527757903,{},5.4794520548018255e-05,1.0815748527757902,0.0
2024-05-29,1081634.1171512848,0.0,1081634.1171512848,{},5.4794520548018255e-05,1.0816341171512849,0.0
2024-05-30,1081693.3847741424,0.0,1081693.3847741424,{},5.4794520548018255e-05,1.0816933847741423,0.0
2024-05-31,1081752.6556445411,0.0,1081752.6556445411,{},5.4794520548018255e-05,1.0817526556445412,0.0
2024-06-03,1081811.9297626587,0.0,1081811.9297626587,{},5.4794520548018255e-05,1.0818119297626587,0.0
2024-06-04,1081871.207128673,0.0,1081871.207128673,{},5.4794520548018255e-05,1.0818712071286731,0.0
2024-06-05,1081930.4877427623,0.0,1081930.4877427623,{},5.4794520548018255e-05,1.0819304877427622,0.0
2024-06-06,1081989.7716051044,0.0,1081989.7716051044,{},5.4794520548018255e-05,1.0819897716051043,0.0
2024-06-07,1082049.0587158774,0.0,1082049.0587158774,{},5.4794520548018255e-05,1.0820490587158773,0.0
2024-06-11,1082108.3490752592,0.0,1082108.3490752592,{},5.4794520548018255e-05,1.0821083490752592,0.0
2024-06-12,1082167.6426834278,0.0,1082167.6426834278,{},5.4794520548018255e-05,1.0821676426834277,0.0
2024-06-13,1082226.9395405613,0.0,1082226.9395405613,{},5.4794520548018255e-05,1.0822269395405613,0.0
2024-06-14,1082286.2396468376,0.0,1082286.2396468376,{},5.4794520548018255e-05,1.0822862396468376,0.0
2024-06-17,1082345.5430024348,0.0,1082345.5430024348,{},5.4794520548018255e-05,1.0823455430024347,0.0
2024-06-18,1082404.849607531,0.0,1082404.849607531,{},5.4794520548018255e-05,1.082404849607531,0.0
2024-06-19,1082464.159462304,0.0,1082464.159462304,{},5.4794520548018255e-05,1.0824641594623041,0.0
2024-06-20,1082523.4725669322,0.0,1082523.4725669322,{},5.4794520548018255e-05,1.0825234725669322,0.0
2024-06-21,1082582.7889215935,0.0,1082582.7889215935,{},5.4794520548018255e-05,1.0825827889215935,0.0
2024-06-24,1082642.108526466,0.0,1082642.108526466,{},5.4794520548018255e-05,1.082642108526466,0.0
2024-06-25,1082701.4313817278,0.0,1082701.4313817278,{},5.4794520548018255e-05,1.0827014313817278,0.0
2024-06-26,1082760.7574875571,0.0,1082760.7574875571,{},5.4794520548018255e-05,1.082760757487557,0.0
2024-06-27,1082820.0868441318,0.0,1082820.0868441318,{},5.4794520548018255e-05,1.0828200868441318,0.0
2024-06-28,1082879.4194516302,0.0,1082879.4194516302,{},5.4794520548018255e-05,1.0828794194516302,0.0
2024-06-30,1082938.7553102304,0.0,1082938.7553102304,{},5.4794520548018255e-05,1.0829387553102303,0.0
2024-07-01,1082998.0944201106,0.0,1082998.0944201106,{},5.4794520548018255e-05,1.0829980944201105,0.0
2024-07-02,1083057.4367814488,0.0,1083057.4367814488,{},5.4794520548018255e-05,1.0830574367814487,0.0
2024-07-03,1083116.7823944231,0.0,1083116.7823944231,{},5.4794520548018255e-05,1.0831167823944232,0.0
2024-07-04,1083176.131259212,0.0,1083176.131259212,{},5.4794520548018255e-05,1.083176131259212,0.0
2024-07-05,1083235.4833759936,0.0,1083235.4833759936,{},5.4794520548018255e-05,1.0832354833759936,0.0
2024-07-08,1083294.8387449458,0.0,1083294.8387449458,{},5.4794520548018255e-05,1.083294838744946,0.0
2024-07-09,1083354.197366247,0.0,1083354.197366247,{},5.4794520548018255e-05,1.083354197366247,0.0
2024-07-10,1083413.5592400753,0.0,1083413.5592400753,{},5.4794520548018255e-05,1.0834135592400753,0.0
2024-07-11,1083472.924366609,0.0,1083472.924366609,{},5.4794520548018255e-05,1.083472924366609,0.0
2024-07-12,1083532.2927460263,0.0,1083532.2927460263,{},5.4794520548018255e-05,1.0835322927460262,0.0
2024-07-15,1083591.6643785057,0.0,1083591.6643785057,{},5.4794520548018255e-05,1.0835916643785057,0.0
2024-07-16,1083651.0392642252,0.0,1083651.0392642252,{},5.4794520548018255e-05,1.0836510392642251,0.0
2024-07-17,1083710.417403363,0.0,1083710.417403363,{},5.4794520548018255e-05,1.083710417403363,0.0
2024-07-18,1083769.7987960975,0.0,1083769.7987960975,{},5.4794520548018255e-05,1.0837697987960975,0.0
2024-07-19,1083829.183442607,0.0,1083829.183442607,{},5.4794520548018255e-05,1.083829183442607,0.0
2024-07-22,1083888.5713430697,0.0,1083888.5713430697,{},5.4794520548018255e-05,1.0838885713430697,0.0
2024-07-23,1083947.962497664,0.0,1083947.962497664,{},5.4794520548018255e-05,1.083947962497664,0.0
2024-07-24,1084007.356906568,0.0,1084007.356906568,{},5.4794520548018255e-05,1.084007356906568,0.0
2024-07-25,1084066.75456996,0.0,1084066.75456996,{},5.4794520548018255e-05,1.08406675456996,0.0
2024-07-26,1084126.1554880189,0.0,1084126.1554880189,{},5.4794520548018255e-05,1.0841261554880188,0.0
2024-07-29,1084185.5596609225,0.0,1084185.5596609225,{},5.4794520548018255e-05,1.0841855596609224,0.0
2024-07-30,1084244.9670888493,0.0,1084244.9670888493,{},5.4794520548018255e-05,1.0842449670888492,0.0
2024-07-31,1084304.3777719776,0.0,1084304.3777719776,{},5.4794520548018255e-05,1.0843043777719776,0.0
2024-08-01,1084363.7917104857,0.0,1084363.7917104857,{},5.4794520548018255e-05,1.0843637917104858,0.0
2024-08-02,1084423.208904552,0.0,1084423.208904552,{},5.4794520548018255e-05,1.084423208904552,0.0
2024-08-05,1084482.6293543552,0.0,1084482.6293543552,{},5.4794520548018255e-05,1.0844826293543552,0.0
2024-08-06,1084542.0530600732,0.0,1084542.0530600732,{},5.4794520548018255e-05,1.0845420530600731,0.0
2024-08-07,1084601.4800218847,0.0,1084601.4800218847,{},5.4794520548018255e-05,1.0846014800218846,0.0
2024-08-08,1084660.9102399682,0.0,1084660.9102399682,{},5.4794520548018255e-05,1.0846609102399682,0.0
2024-08-09,1084720.343714502,0.0,1084720.343714502,{},5.4794520548018255e-05,1.0847203437145019,0.0
2024-08-12,1084779.7804456644,0.0,1084779.7804456644,{},5.4794520548018255e-05,1.0847797804456645,0.0
2024-08-13,1084839.2204336342,0.0,1084839.2204336342,{},5.4794520548018255e-05,1.0848392204336343,0.0
2024-08-14,1084898.6636785895,0.0,1084898.6636785895,{},5.4794520548018255e-05,1.0848986636785896,0.0
2024-08-15,1084958.110180709,0.0,1084958.110180709,{},5.4794520548018255e-05,1.084958110180709,0.0
2024-08-16,1085017.5599401712,0.0,1085017.5599401712,{},5.4794520548018255e-05,1.0850175599401712,0.0
2024-08-19,1085077.0129571543,0.0,1085077.0129571543,{},5.4794520548018255e-05,1.0850770129571543,0.0
2024-08-20,1085136.469231837,0.0,1085136.469231837,{},5.4794520548018255e-05,1.085136469231837,0.0
2024-08-21,1085195.9287643977,0.0,1085195.9287643977,{},5.4794520548018255e-05,1.0851959287643977,0.0
2024-08-22,1085255.391555015,0.0,1085255.391555015,{},5.4794520548018255e-05,1.085255391555015,0.0
2024-08-23,1085314.8576038673,0.0,1085314.8576038673,{},5.4794520548018255e-05,1.0853148576038674,0.0
2024-08-26,1085374.3269111332,0.0,1085374.3269111332,{},5.4794520548018255e-05,1.0853743269111333,0.0
2024-08-27,1085433.7994769914,0.0,1085433.7994769914,{},5.4794520548018255e-05,1.0854337994769914,0.0
2024-08-28,1085493.2753016204,0.0,1085493.2753016204,{},5.4794520548018255e-05,1.0854932753016204,0.0
2024-08-29,1085552.7543851987,0.0,1085552.7543851987,{},5.4794520548018255e-05,1.0855527543851986,0.0
2024-08-30,1085612.2367279048,0.0,1085612.2367279048,{},5.4794520548018255e-05,1.0856122367279049,0.0
2024-09-02,1085671.7223299174,0.0,1085671.7223299174,{},5.4794520548018255e-05,1.0856717223299173,0.0
2024-09-03,1085731.211191415,0.0,1085731.211191415,{},5.4794520548018255e-05,1.085731211191415,0.0
2024-09-04,1085790.7033125763,0.0,1085790.7033125763,{},5.4794520548018255e-05,1.0857907033125762,0.0
2024-09-05,1085850.1986935798,0.0,1085850.1986935798,{},5.4794520548018255e-05,1.0858501986935798,0.0
2024-09-06,1085909.697334604,0.0,1085909.697334604,{},5.4794520548018255e-05,1.085909697334604,0.0
2024-09-09,1085969.199235828,0.0,1085969.199235828,{},5.4794520548018255e-05,1.0859691992358278,0.0
2024-09-10,1086028.70439743,0.0,1086028.70439743,{},5.4794520548018255e-05,1.08602870439743,0.0
2024-09-11,1086088.2128195888,0.0,1086088.2128195888,{},5.4794520548018255e-05,1.0860882128195888,0.0
2024-09-12,1086147.7245024831,0.0,1086147.7245024831,{},5.4794520548018255e-05,1.086147724502483,0.0
2024-09-13,1086207.2394462917,0.0,1086207.2394462917,{},5.4794520548018255e-05,1.0862072394462916,0.0
2024-09-18,1086266.7576511928,0.0,1086266.7576511928,{},5.4794520548018255e-05,1.0862667576511928,0.0
2024-09-19,1086326.2791173656,0.0,1086326.2791173656,{},5.4794520548018255e-05,1.0863262791173656,0.0
2024-09-20,1086385.8038449886,0.0,1086385.8038449886,{},5.4794520548018255e-05,1.0863858038449885,0.0
2024-09-23,1086445.3318342404,0.0,1086445.3318342404,{},5.4794520548018255e-05,1.0864453318342404,0.0
2024-09-24,1086504.8630852997,0.0,1086504.8630852997,{},5.4794520548018255e-05,1.0865048630852998,0.0
2024-09-25,1086564.3975983455,0.0,1086564.3975983455,{},5.4794520548018255e-05,1.0865643975983454,0.0
2024-09-26,1086623.9353735566,0.0,1086623.9353735566,{},5.4794520548018255e-05,1.0866239353735565,0.0
2024-09-27,1086683.4764111114,0.0,1086683.4764111114,{},5.4794520548018255e-05,1.0866834764111115,0.0
2024-09-30,1086743.020711189,0.0,1086743.020711189,{},5.4794520548018255e-05,1.086743020711189,0.0
2024-10-08,1086802.5682739676,0.0,1086802.5682739676,{},5.4794520548018255e-05,1.0868025682739677,0.0
2024-10-09,1086862.1190996266,0.0,1086862.1190996266,{},5.4794520548018255e-05,1.0868621190996266,0.0
2024-10-10,1086921.6731883443,0.0,1086921.6731883443,{},5.4794520548018255e-05,1.0869216731883444,0.0
2024-10-11,1086981.2305403,0.0,1086981.2305403,{},5.4794520548018255e-05,1.0869812305403,0.0
2024-10-14,1087040.7911556722,0.0,1087040.7911556722,{},5.4794520548018255e-05,1.087040791155672,0.0
2024-10-15,1087100.3550346396,0.0,1087100.3550346396,{},5.4794520548018255e-05,1.0871003550346396,0.0
2024-10-16,1087159.9221773813,0.0,1087159.9221773813,{},5.4794520548018255e-05,1.0871599221773813,0.0
2024-10-17,1087219.492584076,0.0,1087219.492584076,{},5.4794520548018255e-05,1.087219492584076,0.0
2024-10-18,1087279.0662549026,0.0,1087279.0662549026,{},5.4794520548018255e-05,1.0872790662549026,0.0
2024-10-21,1087338.64319004,0.0,1087338.64319004,{},5.4794520548018255e-05,1.08733864319004,0.0
2024-10-22,1087398.223389667,0.0,1087398.223389667,{},5.4794520548018255e-05,1.087398223389667,0.0
2024-10-23,1087457.8068539624,0.0,1087457.8068539624,{},5.4794520548018255e-05,1.0874578068539624,0.0
2024-10-24,1087517.3935831052,0.0,1087517.3935831052,{},5.4794520548018255e-05,1.0875173935831053,0.0
2024-10-25,1087576.9835772743,0.0,1087576.9835772743,{},5.4794520548018255e-05,1.0875769835772742,0.0
2024-10-28,1087636.5768366484,0.0,1087636.5768366484,{},5.4794520548018255e-05,1.0876365768366485,0.0
2024-10-29,1087696.1733614067,0.0,1087696.1733614067,{},5.4794520548018255e-05,1.0876961733614066,0.0
2024-10-30,1087755.7731517279,0.0,1087755.7731517279,{},5.4794520548018255e-05,1.0877557731517278,0.0
2024-10-31,1087815.376207791,0.0,1087815.376207791,{},5.4794520548018255e-05,1.0878153762077911,0.0
2024-11-01,1087874.982529775,0.0,1087874.982529775,{},5.4794520548018255e-05,1.087874982529775,0.0
2024-11-04,1087934.5921178588,0.0,1087934.5921178588,{},5.4794520548018255e-05,1.087934592117859,0.0
2024-11-05,1087994.2049722215,0.0,1087994.2049722215,{},5.4794520548018255e-05,1.0879942049722215,0.0
2024-11-06,1088053.821093042,0.0,1088053.821093042,{},5.4794520548018255e-05,1.088053821093042,0.0
2024-11-07,1088113.440480499,0.0,1088113.440480499,{},5.4794520548018255e-05,1.088113440480499,0.0
2024-11-08,1088173.063134772,0.0,1088173.063134772,{},5.4794520548018255e-05,1.088173063134772,0.0
2024-11-11,1088232.6890560398,0.0,1088232.6890560398,{},5.4794520548018255e-05,1.0882326890560399,0.0
2024-11-12,1088292.3182444812,0.0,1088292.3182444812,{},5.4794520548018255e-05,1.0882923182444812,0.0
2024-11-13,1088351.9507002756,0.0,1088351.9507002756,{},5.4794520548018255e-05,1.0883519507002757,0.0
2024-11-14,1088411.5864236017,0.0,1088411.5864236017,{},5.4794520548018255e-05,1.0884115864236017,0.0
2024-11-15,1088471.2254146386,0.0,1088471.2254146386,{},5.4794520548018255e-05,1.0884712254146387,0.0
2024-11-18,1088530.8676735656,0.0,1088530.8676735656,{},5.4794520548018255e-05,1.0885308676735657,0.0
2024-11-19,1088590.5132005615,0.0,1088590.5132005615,{},5.4794520548018255e-05,1.0885905132005615,0.0
2024-11-20,1088650.1619958056,0.0,1088650.1619958056,{},5.4794520548018255e-05,1.0886501619958056,0.0
2024-11-21,1088709.8140594766,0.0,1088709.8140594766,{},5.4794520548018255e-05,1.0887098140594766,0.0
2024-11-22,1088769.469391754,0.0,1088769.469391754,{},5.4794520548018255e-05,1.088769469391754,0.0
2024-11-25,1088829.1279928165,0.0,1088829.1279928165,{},5.4794520548018255e-05,1.0888291279928164,0.0
2024-11-26,1088888.7898628437,0.0,1088888.7898628437,{},5.4794520548018255e-05,1.0888887898628437,0.0
2024-11-27,1088948.4550020143,0.0,1088948.4550020143,{},5.4794520548018255e-05,1.0889484550020143,0.0
2024-11-28,1089008.1234105076,0.0,1089008.1234105076,{},5.4794520548018255e-05,1.0890081234105076,0.0
2024-11-29,1089067.7950885028,0.0,1089067.7950885028,{},5.4794520548018255e-05,1.0890677950885028,0.0
2024-12-02,1089127.470036179,0.0,1089127.470036179,{},5.4794520548018255e-05,1.089127470036179,0.0
2024-12-03,1089187.1482537154,0.0,1089187.1482537154,{},5.4794520548018255e-05,1.0891871482537154,0.0
2024-12-04,1089246.829741291,0.0,1089246.829741291,{},5.4794520548018255e-05,1.089246829741291,0.0
2024-12-05,1089306.514499085,0.0,1089306.514499085,{},5.4794520548018255e-05,1.089306514499085,0.0
2024-12-06,1089366.202527277,0.0,1089366.202527277,{},5.4794520548018255e-05,1.089366202527277,0.0
2024-12-09,1089425.8938260456,0.0,1089425.8938260456,{},5.4794520548018255e-05,1.0894258938260455,0.0
2024-12-10,1089485.5883955704,0.0,1089485.5883955704,{},5.4794520548018255e-05,1.0894855883955703,0.0
2024-12-11,1089545.2862360305,0.0,1089545.2862360305,{},5.4794520548018255e-05,1.0895452862360304,0.0
2024-12-12,1089604.9873476052,0.0,1089604.9873476052,{},5.4794520548018255e-05,1.0896049873476052,0.0
2024-12-13,1089664.6917304737,0.0,1089664.6917304737,{},5.4794520548018255e-05,1.0896646917304738,0.0
2024-12-16,1089724.3993848152,0.0,1089724.3993848152,{},5.4794520548018255e-05,1.0897243993848154,0.0
2024-12-17,1089784.110310809,0.0,1089784.110310809,{},5.4794520548018255e-05,1.089784110310809,0.0
2024-12-18,1089843.8245086344,0.0,1089843.8245086344,{},5.4794520548018255e-05,1.0898438245086344,0.0
2024-12-19,1089903.5419784705,0.0,1089903.5419784705,{},5.4794520548018255e-05,1.0899035419784706,0.0
2024-12-20,1089963.2627204969,0.0,1089963.2627204969,{},5.4794520548018255e-05,1.089963262720497,0.0
2024-12-23,1090022.9867348925,0.0,1090022.9867348925,{},5.4794520548018255e-05,1.0900229867348925,0.0
2024-12-24,1090082.7140218369,0.0,1090082.7140218369,{},5.4794520548018255e-05,1.0900827140218368,0.0
2024-12-25,1090142.4445815093,0.0,1090142.4445815093,{},5.4794520548018255e-05,1.0901424445815093,0.0
2024-12-26,1090202.1784140891,0.0,1090202.1784140891,{},5.4794520548018255e-05,1.0902021784140892,0.0
2024-12-27,1090261.9155197558,0.0,1090261.9155197558,{},5.4794520548018255e-05,1.0902619155197557,0.0
2024-12-30,1090321.6558986884,0.0,1090321.6558986884,{},5.4794520548018255e-05,1.0903216558986883,0.0
2024-12-31,1090381.3995510663,0.0,1090381.3995510663,{},5.4794520548018255e-05,1.0903813995510663,0.0
2025-01-02,1090441.1464770692,0.0,1090441.1464770692,{},5.4794520548018255e-05,1.0904411464770691,0.0
2025-01-03,1090500.8966768763,0.0,1090500.8966768763,{},5.4794520548018255e-05,1.0905008966768763,0.0
2025-01-06,1090560.650150667,0.0,1090560.650150667,{},5.4794520548018255e-05,1.090560650150667,0.0
2025-01-07,1090620.4068986205,0.0,1090620.4068986205,{},5.4794520548018255e-05,1.0906204068986205,0.0
2025-01-08,1090680.1669209164,0.0,1090680.1669209164,{},5.4794520548018255e-05,1.0906801669209165,0.0
2025-01-09,1090739.930217734,0.0,1090739.930217734,{},5.4794520548018255e-05,1.090739930217734,0.0
2025-01-10,1090799.696789253,0.0,1090799.696789253,{},5.4794520548018255e-05,1.090799696789253,0.0
2025-01-13,1090859.4666356526,0.0,1090859.4666356526,{},5.4794520548018255e-05,1.0908594666356526,0.0
2025-01-14,1090919.2397571122,0.0,1090919.2397571122,{},5.4794520548018255e-05,1.0909192397571121,0.0
2025-01-15,1090979.0161538112,0.0,1090979.0161538112,{},5.4794520548018255e-05,1.0909790161538113,0.0
2025-01-16,1091038.7958259294,0.0,1091038.7958259294,{},5.4794520548018255e-05,1.0910387958259293,0.0
2025-01-17,1091098.578773646,0.0,1091098.578773646,{},5.4794520548018255e-05,1.091098578773646,0.0
2025-01-20,1091158.3649971404,0.0,1091158.3649971404,{},5.4794520548018255e-05,1.0911583649971404,0.0
2025-01-21,1091218.1544965922,0.0,1091218.1544965922,{},5.4794520548018255e-05,1.0912181544965922,0.0
2025-01-22,1091277.9472721813,0.0,1091277.9472721813,{},5.4794520548018255e-05,1.0912779472721812,0.0
2025-01-23,1091337.7433240868,0.0,1091337.7433240868,{},5.4794520548018255e-05,1.0913377433240867,0.0
2025-01-24,1091397.5426524882,0.0,1091397.5426524882,{},5.4794520548018255e-05,1.0913975426524882,0.0
2025-01-27,1091457.3452575651,0.0,1091457.3452575651,{},5.4794520548018255e-05,1.091457345257565,0.0
2025-02-05,1091517.151139497,0.0,1091517.151139497,{},5.4794520548018255e-05,1.091517151139497,0.0
2025-02-06,1091576.9602984637,0.0,1091576.9602984637,{},5.4794520548018255e-05,1.0915769602984637,0.0
2025-02-07,1091636.7727346446,0.0,1091636.7727346446,{},5.4794520548018255e-05,1.0916367727346445,0.0
2025-02-10,1091696.5884482192,0.0,1091696.5884482192,{},5.4794520548018255e-05,1.0916965884482193,0.0
2025-02-11,1091756.4074393671,0.0,1091756.4074393671,{},5.4794520548018255e-05,1.091756407439367,0.0
2025-02-12,1091816.229708268,0.0,1091816.229708268,{},5.4794520548018255e-05,1.091816229708268,0.0
2025-02-13,1091876.0552551015,0.0,1091876.0552551015,{},5.4794520548018255e-05,1.0918760552551015,0.0
2025-02-14,1091935.884080047,0.0,1091935.884080047,{},5.4794520548018255e-05,1.091935884080047,0.0
2025-02-17,1091995.7161832843,0.0,1091995.7161832843,{},5.4794520548018255e-05,1.0919957161832843,0.0
2025-02-18,1092055.551564993,0.0,1092055.551564993,{},5.4794520548018255e-05,1.092055551564993,0.0
2025-02-19,1092115.390225353,0.0,1092115.390225353,{},5.4794520548018255e-05,1.0921153902253529,0.0
2025-02-20,1092175.2321645434,0.0,1092175.2321645434,{},5.4794520548018255e-05,1.0921752321645433,0.0
2025-02-21,1092235.0773827443,0.0,1092235.0773827443,{},5.4794520548018255e-05,1.0922350773827443,0.0
2025-02-24,1092294.9258801353,0.0,1092294.9258801353,{},5.4794520548018255e-05,1.0922949258801353,0.0
2025-02-25,1092354.7776568958,0.0,1092354.7776568958,{},5.4794520548018255e-05,1.0923547776568958,0.0
2025-02-26,1092414.6327132059,0.0,1092414.6327132059,{},5.4794520548018255e-05,1.0924146327132058,0.0
2025-02-27,1092474.491049245,0.0,1092474.491049245,{},5.4794520548018255e-05,1.092474491049245,0.0
2025-02-28,1092534.352665193,0.0,1092534.352665193,{},5.4794520548018255e-05,1.092534352665193,0.0
2025-03-03,1092594.2175612294,0.0,1092594.2175612294,{},5.4794520548018255e-05,1.0925942175612293,0.0
2025-03-04,1092654.085737534,0.0,1092654.085737534,{},5.4794520548018255e-05,1.0926540857375342,0.0
2025-03-05,1092713.9571942869,0.0,1092713.9571942869,{},5.4794520548018255e-05,1.0927139571942868,0.0
2025-03-06,1092773.8319316674,0.0,1092773.8319316674,{},5.4794520548018255e-05,1.0927738319316673,0.0
2025-03-07,1092833.7099498555,0.0,1092833.7099498555,{},5.4794520548018255e-05,1.0928337099498555,0.0
2025-03-10,1092893.5912490308,0.0,1092893.5912490308,{},5.4794520548018255e-05,1.0928935912490307,0.0
2025-03-11,1092953.4758293733,0.0,1092953.4758293733,{},5.4794520548018255e-05,1.0929534758293733,0.0
2025-03-12,1093013.3636910627,0.0,1093013.3636910627,{},5.4794520548018255e-05,1.0930133636910626,0.0
2025-03-13,1093073.2548342787,0.0,1093073.2548342787,{},5.4794520548018255e-05,1.0930732548342788,0.0
2025-03-14,1093133.1492592013,0.0,1093133.1492592013,{},5.4794520548018255e-05,1.0931331492592014,0.0
2025-03-17,1093193.04696601,0.0,1093193.04696601,{},5.4794520548018255e-05,1.09319304696601,0.0
2025-03-18,1093252.947954885,0.0,1093252.947954885,{},5.4794520548018255e-05,1.093252947954885,0.0
2025-03-19,1093312.8522260059,0.0,1093312.8522260059,{},5.4794520548018255e-05,1.0933128522260058,0.0
2025-03-20,1093372.7597795525,0.0,1093372.7597795525,{},5.4794520548018255e-05,1.0933727597795524,0.0
2025-03-21,1093432.670615705,0.0,1093432.670615705,{},5.4794520548018255e-05,1.093432670615705,0.0
2025-03-24,1093492.5847346429,0.0,1093492.5847346429,{},5.4794520548018255e-05,1.0934925847346428,0.0
2025-03-25,1093552.5021365462,0.0,1093552.5021365462,{},5.4794520548018255e-05,1.0935525021365462,0.0
2025-03-26,1093612.4228215949,0.0,1093612.4228215949,{},5.4794520548018255e-05,1.0936124228215949,0.0
2025-03-27,1093672.3467899687,0.0,1093672.3467899687,{},5.4794520548018255e-05,1.0936723467899687,0.0
2025-03-28,1093732.2740418476,0.0,1093732.2740418476,{},5.4794520548018255e-05,1.0937322740418476,0.0
2025-03-31,1093792.2045774115,0.0,1093792.2045774115,{},5.4794520548018255e-05,1.0937922045774116,0.0
2025-04-01,1093852.1383968405,0.0,1093852.1383968405,{},5.4794520548018255e-05,1.0938521383968405,0.0
2025-04-02,1093912.0755003144,0.0,1093912.0755003144,{},5.4794520548018255e-05,1.0939120755003144,0.0
2025-04-03,1093972.0158880132,0.0,1093972.0158880132,{},5.4794520548018255e-05,1.093972015888013,0.0
2025-04-07,1094031.9595601168,0.0,1094031.9595601168,{},5.4794520548018255e-05,1.0940319595601167,0.0
2025-04-08,1094091.906516805,0.0,1094091.906516805,{},5.4794520548018255e-05,1.094091906516805,0.0
2025-04-09,1094151.856758258,0.0,1094151.856758258,{},5.4794520548018255e-05,1.094151856758258,0.0
2025-04-10,1094211.8102846558,0.0,1094211.8102846558,{},5.4794520548018255e-05,1.0942118102846559,0.0
2025-04-11,1094271.7670961784,0.0,1094271.7670961784,{},5.4794520548018255e-05,1.0942717670961783,0.0
2025-04-14,1094331.7271930056,0.0,1094331.7271930056,{},5.4794520548018255e-05,1.0943317271930055,0.0
2025-04-15,1094391.6905753177,0.0,1094391.6905753177,{},5.4794520548018255e-05,1.0943916905753177,0.0
2025-04-16,1094451.6572432944,0.0,1094451.6572432944,{},5.4794520548018255e-05,1.0944516572432945,0.0
2025-04-17,1094511.6271971161,0.0,1094511.6271971161,{},5.4794520548018255e-05,1.0945116271971163,0.0
2025-04-18,1094571.6004369627,0.0,1094571.6004369627,{},5.4794520548018255e-05,1.0945716004369628,0.0
2025-04-21,1094631.5769630142,0.0,1094631.5769630142,{},5.4794520548018255e-05,1.0946315769630142,0.0
2025-04-22,1094691.5567754507,0.0,1094691.5567754507,{},5.4794520548018255e-05,1.0946915567754507,0.0
2025-04-23,1094751.5398744522,0.0,1094751.5398744522,{},5.4794520548018255e-05,1.094751539874452,0.0
2025-04-24,1094811.5262601988,0.0,1094811.5262601988,{},5.4794520548018255e-05,1.0948115262601987,0.0
2025-04-25,1094871.5159328706,0.0,1094871.5159328706,{},5.4794520548018255e-05,1.0948715159328706,0.0
2025-04-28,1094931.5088926477,0.0,1094931.5088926477,{},5.4794520548018255e-05,1.0949315088926477,0.0
2025-04-29,1094991.5051397104,0.0,1094991.5051397104,{},5.4794520548018255e-05,1.0949915051397103,0.0
2025-04-30,1095051.5046742386,0.0,1095051.5046742386,{},5.4794520548018255e-05,1.0950515046742386,0.0
2025-05-06,1095111.5074964126,0.0,1095111.5074964126,{},5.4794520548018255e-05,1.0951115074964126,0.0
2025-05-07,1095171.5136064126,0.0,1095171.5136064126,{},5.4794520548018255e-05,1.0951715136064126,0.0
2025-05-08,1095231.5230044185,0.0,1095231.5230044185,{},5.4794520548018255e-05,1.0952315230044185,0.0
2025-05-09,1095291.5356906105,0.0,1095291.5356906105,{},5.4794520548018255e-05,1.0952915356906106,0.0
2025-05-12,1095351.551665169,0.0,1095351.551665169,{},5.4794520548018255e-05,1.0953515516651688,0.0
2025-05-13,1095411.570928274,0.0,1095411.570928274,{},5.4794520548018255e-05,1.095411570928274,0.0
2025-05-14,1095471.5934801057,0.0,1095471.5934801057,{},5.4794520548018255e-05,1.0954715934801058,0.0
2025-05-15,1095531.6193208445,0.0,1095531.6193208445,{},5.4794520548018255e-05,1.0955316193208446,0.0
2025-05-16,1095591.6484506703,0.0,1095591.6484506703,{},5.4794520548018255e-05,1.0955916484506703,0.0
2025-05-19,1095651.6808697635,0.0,1095651.6808697635,{},5.4794520548018255e-05,1.0956516808697634,0.0
2025-05-20,1095711.7165783043,0.0,1095711.7165783043,{},5.4794520548018255e-05,1.0957117165783044,0.0
2025-05-21,1095771.755576473,0.0,1095771.755576473,{},5.4794520548018255e-05,1.095771755576473,0.0
2025-05-22,1095831.79786445,0.0,1095831.79786445,{},5.4794520548018255e-05,1.0958317978644498,0.0
2025-05-23,1095891.8434424151,0.0,1095891.8434424151,{},5.4794520548018255e-05,1.0958918434424152,0.0
2025-05-26,1095951.892310549,0.0,1095951.892310549,{},5.4794520548018255e-05,1.0959518923105491,0.0
2025-05-27,1096011.9444690319,0.0,1096011.9444690319,{},5.4794520548018255e-05,1.096011944469032,0.0
2025-05-28,1096071.9999180438,0.0,1096071.9999180438,{},5.4794520548018255e-05,1.096071999918044,0.0
2025-05-29,1096132.0586577654,0.0,1096132.0586577654,{},5.4794520548018255e-05,1.0961320586577654,0.0
2025-05-30,1096192.120688377,0.0,1096192.120688377,{},5.4794520548018255e-05,1.096192120688377,0.0
2025-06-03,1096252.1860100585,0.0,1096252.1860100585,{},5.4794520548018255e-05,1.0962521860100585,0.0
2025-06-04,1096312.2546229907,0.0,1096312.2546229907,{},5.4794520548018255e-05,1.0963122546229906,0.0
2025-06-05,1096372.3265273536,0.0,1096372.3265273536,{},5.4794520548018255e-05,1.0963723265273535,0.0
2025-06-06,1096432.4017233278,0.0,1096432.4017233278,{},5.4794520548018255e-05,1.0964324017233278,0.0
2025-06-09,1096492.4802110936,0.0,1096492.4802110936,{},5.4794520548018255e-05,1.0964924802110936,0.0
2025-06-10,1096552.5619908313,0.0,1096552.5619908313,{},5.4794520548018255e-05,1.0965525619908312,0.0
2025-06-11,1096612.6470627212,0.0,1096612.6470627212,{},5.4794520548018255e-05,1.096612647062721,0.0
2025-06-12,1096672.735426944,0.0,1096672.735426944,{},5.4794520548018255e-05,1.0966727354269439,0.0
2025-06-13,1096732.8270836798,0.0,1096732.8270836798,{},5.4794520548018255e-05,1.0967328270836798,0.0
2025-06-16,1096792.9220331092,0.0,1096792.9220331092,{},5.4794520548018255e-05,1.0967929220331092,0.0
2025-06-17,1096853.0202754126,0.0,1096853.0202754126,{},5.4794520548018255e-05,1.0968530202754125,0.0
2025-06-18,1096913.1218107701,0.0,1096913.1218107701,{},5.4794520548018255e-05,1.0969131218107702,0.0
2025-06-19,1096973.2266393625,0.0,1096973.2266393625,{},5.4794520548018255e-05,1.0969732266393626,0.0
2025-06-20,1097033.3347613702,0.0,1097033.3347613702,{},5.4794520548018255e-05,1.09703333476137,0.0
2025-06-23,1097093.4461769736,0.0,1097093.4461769736,{},5.4794520548018255e-05,1.0970934461769737,0.0
2025-06-24,1097153.5608863533,0.0,1097153.5608863533,{},5.4794520548018255e-05,1.0971535608863532,0.0
2025-06-25,1097213.6788896895,0.0,1097213.6788896895,{},5.4794520548018255e-05,1.0972136788896896,0.0
2025-06-26,1097273.800187163,0.0,1097273.800187163,{},5.4794520548018255e-05,1.0972738001871631,0.0
2025-06-27,1097333.9247789541,0.0,1097333.9247789541,{},5.4794520548018255e-05,1.0973339247789542,0.0
2025-06-30,1097394.0526652434,0.0,1097394.0526652434,{},5.4794520548018255e-05,1.0973940526652435,0.0
2025-07-01,1097454.1838462115,0.0,1097454.1838462115,{},5.4794520548018255e-05,1.0974541838462115,0.0
2025-07-02,1097514.3183220387,0.0,1097514.3183220387,{},5.4794520548018255e-05,1.0975143183220388,0.0
2025-07-03,1097574.4560929057,0.0,1097574.4560929057,{},5.4794520548018255e-05,1.0975744560929057,0.0
2025-07-04,1097634.5971589931,0.0,1097634.5971589931,{},5.4794520548018255e-05,1.0976345971589931,0.0
2025-07-07,1097694.7415204814,0.0,1097694.7415204814,{},5.4794520548018255e-05,1.0976947415204814,0.0
2025-07-08,1097754.889177551,0.0,1097754.889177551,{},5.4794520548018255e-05,1.097754889177551,0.0
2025-07-09,1097815.0401303829,0.0,1097815.0401303829,{},5.4794520548018255e-05,1.0978150401303828,0.0
2025-07-10,1097875.1943791572,0.0,1097875.1943791572,{},5.4794520548018255e-05,1.0978751943791571,0.0
2025-07-11,1097935.3519240548,0.0,1097935.3519240548,{},5.4794520548018255e-05,1.097935351924055,0.0
2025-07-14,1097995.5127652562,0.0,1097995.5127652562,{},5.4794520548018255e-05,1.0979955127652563,0.0
2025-07-15,1098055.6769029421,0.0,1098055.6769029421,{},5.4794520548018255e-05,1.0980556769029421,0.0
2025-07-16,1098115.844337293,0.0,1098115.844337293,{},5.4794520548018255e-05,1.098115844337293,0.0
2025-07-17,1098176.0150684896,0.0,1098176.0150684896,{},5.4794520548018255e-05,1.0981760150684896,0.0
2025-07-18,1098236.1890967125,0.0,1098236.1890967125,{},5.4794520548018255e-05,1.0982361890967125,0.0
2025-07-21,1098296.3664221426,0.0,1098296.3664221426,{},5.4794520548018255e-05,1.0982963664221426,0.0
2025-07-22,1098356.5470449603,0.0,1098356.5470449603,{},5.4794520548018255e-05,1.0983565470449603,0.0
2025-07-23,1098416.7309653463,0.0,1098416.7309653463,{},5.4794520548018255e-05,1.0984167309653463,0.0
2025-07-24,1098476.9181834816,0.0,1098476.9181834816,{},5.4794520548018255e-05,1.0984769181834815,0.0
2025-07-25,1098537.1086995464,0.0,1098537.1086995464,{},5.4794520548018255e-05,1.0985371086995463,0.0
2025-07-28,1098597.3025137219,0.0,1098597.3025137219,{},5.4794520548018255e-05,1.098597302513722,0.0
2025-07-29,1098657.4996261885,0.0,1098657.4996261885,{},5.4794520548018255e-05,1.0986574996261886,0.0
2025-07-30,1098717.7000371271,0.0,1098717.7000371271,{},5.4794520548018255e-05,1.098717700037127,0.0
2025-07-31,1098777.9037467183,0.0,1098777.9037467183,{},5.4794520548018255e-05,1.0987779037467182,0.0
2025-08-01,1098838.1107551428,0.0,1098838.1107551428,{},5.4794520548018255e-05,1.0988381107551428,0.0
2025-08-04,1098898.3210625814,0.0,1098898.3210625814,{},5.4794520548018255e-05,1.0988983210625813,0.0
2025-08-05,1098958.534669215,0.0,1098958.534669215,{},5.4794520548018255e-05,1.098958534669215,0.0
2025-08-06,1099018.7515752243,0.0,1099018.7515752243,{},5.4794520548018255e-05,1.0990187515752243,0.0
2025-08-07,1099078.9717807902,0.0,1099078.9717807902,{},5.4794520548018255e-05,1.0990789717807903,0.0
2025-08-08,1099139.1952860933,0.0,1099139.1952860933,{},5.4794520548018255e-05,1.0991391952860934,0.0
2025-08-11,1099199.4220913146,0.0,1099199.4220913146,{},5.4794520548018255e-05,1.0991994220913146,0.0
2025-08-12,1099259.6521966348,0.0,1099259.6521966348,{},5.4794520548018255e-05,1.0992596521966347,0.0
2025-08-13,1099319.8856022346,0.0,1099319.8856022346,{},5.4794520548018255e-05,1.0993198856022346,0.0
2025-08-14,1099380.1223082952,0.0,1099380.1223082952,{},5.4794520548018255e-05,1.0993801223082953,0.0
2025-08-15,1099440.3623149972,0.0,1099440.3623149972,{},5.4794520548018255e-05,1.0994403623149973,0.0
2025-08-18,1099500.6056225214,0.0,1099500.6056225214,{},5.4794520548018255e-05,1.0995006056225214,0.0
2025-08-19,1099560.8522310487,0.0,1099560.8522310487,{},5.4794520548018255e-05,1.0995608522310487,0.0
2025-08-20,1099621.10214076,0.0,1099621.10214076,{},5.4794520548018255e-05,1.09962110214076,0.0
2025-08-21,1099681.3553518364,0.0,1099681.3553518364,{},5.4794520548018255e-05,1.0996813553518365,0.0
2025-08-22,1099741.6118644585,0.0,1099741.6118644585,{},5.4794520548018255e-05,1.0997416118644585,0.0
2025-08-25,1099801.8716788073,0.0,1099801.8716788073,{},5.4794520548018255e-05,1.0998018716788074,0.0
2025-08-26,1099862.1347950639,0.0,1099862.1347950639,{},5.4794520548018255e-05,1.099862134795064,0.0
2025-08-27,1099922.401213409,0.0,1099922.401213409,{},5.4794520548018255e-05,1.099922401213409,0.0
2025-08-28,1099982.6709340233,0.0,1099982.6709340233,{},5.4794520548018255e-05,1.0999826709340232,0.0
2025-08-29,1100042.9439570883,0.0,1100042.9439570883,{},5.4794520548018255e-05,1.1000429439570882,0.0
2025-09-01,1100103.2202827847,0.0,1100103.2202827847,{},5.4794520548018255e-05,1.1001032202827847,0.0
2025-09-02,1100163.4999112934,0.0,1100163.4999112934,{},5.4794520548018255e-05,1.1001634999112935,0.0
2025-09-03,1100223.7828427954,0.0,1100223.7828427954,{},5.4794520548018255e-05,1.1002237828427954,0.0
2025-09-04,1100284.0690774717,0.0,1100284.0690774717,{},5.4794520548018255e-05,1.1002840690774718,0.0
2025-09-05,1100344.3586155034,0.0,1100344.3586155034,{},5.4794520548018255e-05,1.1003443586155035,0.0
2025-09-08,1100404.6514570715,0.0,1100404.6514570715,{},5.4794520548018255e-05,1.1004046514570716,0.0
2025-09-09,1100464.947602357,0.0,1100464.947602357,{},5.4794520548018255e-05,1.100464947602357,0.0
2025-09-10,1100525.2470515408,0.0,1100525.2470515408,{},5.4794520548018255e-05,1.1005252470515408,0.0
2025-09-11,1100585.549804804,0.0,1100585.549804804,{},5.4794520548018255e-05,1.1005855498048038,0.0
2025-09-12,1100645.8558623276,0.0,1100645.8558623276,{},5.4794520548018255e-05,1.1006458558623275,0.0
2025-09-15,1100706.1652242928,0.0,1100706.1652242928,{},5.4794520548018255e-05,1.1007061652242929,0.0
2025-09-16,1100766.4778908805,0.0,1100766.4778908805,{},5.4794520548018255e-05,1.1007664778908806,0.0
2025-09-17,1100826.7938622718,0.0,1100826.7938622718,{},5.4794520548018255e-05,1.1008267938622718,0.0
2025-09-18,1100887.113138648,0.0,1100887.113138648,{},5.4794520548018255e-05,1.100887113138648,0.0
2025-09-19,1100947.43572019,0.0,1100947.43572019,{},5.4794520548018255e-05,1.10094743572019,0.0
2025-09-22,1101007.7616070788,0.0,1101007.7616070788,{},5.4794520548018255e-05,1.1010077616070788,0.0
2025-09-23,1101068.0907994958,0.0,1101068.0907994958,{},5.4794520548018255e-05,1.1010680907994959,0.0
2025-09-24,1101128.4232976218,0.0,1101128.4232976218,{},5.4794520548018255e-05,1.1011284232976217,0.0
2025-09-25,1101188.759101638,0.0,1101188.759101638,{},5.4794520548018255e-05,1.101188759101638,0.0
2025-09-26,1101249.098211726,0.0,1101249.098211726,{},5.4794520548018255e-05,1.101249098211726,0.0
2025-09-29,1101309.4406280664,0.0,1101309.4406280664,{},5.4794520548018255e-05,1.1013094406280663,0.0
2025-09-30,1101369.7863508407,0.0,1101369.7863508407,{},5.4794520548018255e-05,1.1013697863508407,0.0
2025-10-09,1101430.13538023,0.0,1101430.13538023,{},5.4794520548018255e-05,1.1014301353802298,0.0
2025-10-10,1101490.4877164152,0.0,1101490.4877164152,{},5.4794520548018255e-05,1.1014904877164151,0.0
2025-10-13,1101550.843359578,0.0,1101550.843359578,{},5.4794520548018255e-05,1.101550843359578,0.0
2025-10-14,1101611.202309899,0.0,1101611.202309899,{},5.4794520548018255e-05,1.101611202309899,0.0
2025-10-15,1101671.5645675599,0.0,1101671.5645675599,{},5.4794520548018255e-05,1.1016715645675599,0.0
2025-10-16,1101731.9301327418,0.0,1101731.9301327418,{},5.4794520548018255e-05,1.1017319301327417,0.0
2025-10-17,1101792.2990056258,0.0,1101792.2990056258,{},5.4794520548018255e-05,1.1017922990056257,0.0
2025-10-20,1101852.6711863934,0.0,1101852.6711863934,{},5.4794520548018255e-05,1.1018526711863934,0.0
2025-10-21,1101913.0466752255,0.0,1101913.0466752255,{},5.4794520548018255e-05,1.1019130466752254,0.0
2025-10-22,1101973.4254723038,0.0,1101973.4254723038,{},5.4794520548018255e-05,1.1019734254723037,0.0
2025-10-23,1102033.807577809,0.0,1102033.807577809,{},5.4794520548018255e-05,1.102033807577809,0.0
2025-10-24,1102094.192991923,0.0,1102094.192991923,{},5.4794520548018255e-05,1.102094192991923,0.0
2025-10-27,1102154.5817148269,0.0,1102154.5817148269,{},5.4794520548018255e-05,1.1021545817148268,0.0
2025-10-28,1102214.9737467018,0.0,1102214.9737467018,{},5.4794520548018255e-05,1.1022149737467017,0.0
2025-10-29,1102275.3690877291,0.0,1102275.3690877291,{},5.4794520548018255e-05,1.1022753690877292,0.0
2025-10-30,1102335.7677380901,0.0,1102335.7677380901,{},5.4794520548018255e-05,1.10233576773809,0.0
2025-10-31,1102396.1696979662,0.0,1102396.1696979662,{},5.4794520548018255e-05,1.1023961696979663,0.0
2025-11-03,1102456.5749675387,0.0,1102456.5749675387,{},5.4794520548018255e-05,1.1024565749675388,0.0
2025-11-04,1102516.983546989,0.0,1102516.983546989,{},5.4794520548018255e-05,1.102516983546989,0.0
2025-11-05,1102577.3954364986,0.0,1102577.3954364986,{},5.4794520548018255e-05,1.1025773954364986,0.0
2025-11-06,1102637.8106362487,0.0,1102637.8106362487,{},5.4794520548018255e-05,1.1026378106362487,0.0
2025-11-07,1102698.2291464205,0.0,1102698.2291464205,{},5.4794520548018255e-05,1.1026982291464205,0.0
2025-11-10,1102758.6509671956,0.0,1102758.6509671956,{},5.4794520548018255e-05,1.1027586509671956,0.0
2025-11-11,1102819.0760987555,0.0,1102819.0760987555,{},5.4794520548018255e-05,1.1028190760987555,0.0
2025-11-12,1102879.5045412816,0.0,1102879.5045412816,{},5.4794520548018255e-05,1.1028795045412816,0.0
2025-11-13,1102939.9362949552,0.0,1102939.9362949552,{},5.4794520548018255e-05,1.1029399362949552,0.0
2025-11-14,1103000.3713599578,0.0,1103000.3713599578,{},5.4794520548018255e-05,1.1030003713599579,0.0
2025-11-17,1103060.8097364707,0.0,1103060.8097364707,{},5.4794520548018255e-05,1.1030608097364707,0.0
2025-11-18,1103121.2514246756,0.0,1103121.2514246756,{},5.4794520548018255e-05,1.1031212514246755,0.0
2025-11-19,1103181.6964247536,0.0,1103181.6964247536,{},5.4794520548018255e-05,1.1031816964247536,0.0
2025-11-20,1103242.1447368865,0.0,1103242.1447368865,{},5.4794520548018255e-05,1.1032421447368865,0.0
2025-11-21,1103302.5963612557,0.0,1103302.5963612557,{},5.4794520548018255e-05,1.1033025963612557,0.0
2025-11-24,1103363.0512980428,0.0,1103363.0512980428,{},5.4794520548018255e-05,1.1033630512980428,0.0
2025-11-25,1103423.509547429,0.0,1103423.509547429,{},5.4794520548018255e-05,1.103423509547429,0.0
2025-11-26,1103483.971109596,0.0,1103483.971109596,{},5.4794520548018255e-05,1.103483971109596,0.0
2025-11-27,1103544.4359847254,0.0,1103544.4359847254,{},5.4794520548018255e-05,1.1035444359847253,0.0
2025-11-28,1103604.9041729986,0.0,1103604.9041729986,{},5.4794520548018255e-05,1.1036049041729987,0.0
2025-12-01,1103665.3756745972,0.0,1103665.3756745972,{},5.4794520548018255e-05,1.1036653756745973,0.0
2025-12-02,1103725.8504897028,0.0,1103725.8504897028,{},5.4794520548018255e-05,1.1037258504897027,0.0
2025-12-03,1103786.328618497,0.0,1103786.328618497,{},5.4794520548018255e-05,1.1037863286184968,0.0
2025-12-04,1103846.810061161,0.0,1103846.810061161,{},5.4794520548018255e-05,1.103846810061161,0.0
2025-12-05,1103907.2948178768,0.0,1103907.2948178768,{},5.4794520548018255e-05,1.1039072948178767,0.0
2025-12-08,1103967.7828888257,0.0,1103967.7828888257,{},5.4794520548018255e-05,1.1039677828888257,0.0
2025-12-09,1104028.2742741895,0.0,1104028.2742741895,{},5.4794520548018255e-05,1.1040282742741896,0.0
2025-12-10,1104088.7689741498,0.0,1104088.7689741498,{},5.4794520548018255e-05,1.1040887689741499,0.0
2025-12-11,1104149.2669888882,0.0,1104149.2669888882,{},5.4794520548018255e-05,1.1041492669888882,0.0
2025-12-12,1104209.7683185863,0.0,1104209.7683185863,{},5.4794520548018255e-05,1.1042097683185863,0.0
2025-12-15,1104270.2729634258,0.0,1104270.2729634258,{},5.4794520548018255e-05,1.104270272963426,0.0
2025-12-16,1104330.7809235882,0.0,1104330.7809235882,{},5.4794520548018255e-05,1.1043307809235883,0.0
2025-12-17,1104391.2921992554,0.0,1104391.2921992554,{},5.4794520548018255e-05,1.1043912921992554,0.0
2025-12-18,1104451.806790609,0.0,1104451.806790609,{},5.4794520548018255e-05,1.1044518067906088,0.0
2025-12-19,1104512.3246978305,0.0,1104512.3246978305,{},5.4794520548018255e-05,1.1045123246978306,0.0
2025-12-22,1104572.8459211017,0.0,1104572.8459211017,{},5.4794520548018255e-05,1.1045728459211017,0.0
2025-12-23,1104633.3704606043,0.0,1104633.3704606043,{},5.4794520548018255e-05,1.1046333704606044,0.0
2025-12-24,1104693.89831652,0.0,1104693.89831652,{},5.4794520548018255e-05,1.10469389831652,0.0
2025-12-25,1104754.4294890305,0.0,1104754.4294890305,{},5.4794520548018255e-05,1.1047544294890306,0.0
2025-12-26,1104814.9639783176,0.0,1104814.9639783176,{},5.4794520548018255e-05,1.1048149639783176,0.0
2025-12-29,1104875.501784563,0.0,1104875.501784563,{},5.4794520548018255e-05,1.104875501784563,0.0
2025-12-30,1104936.0429079486,0.0,1104936.0429079486,{},5.4794520548018255e-05,1.1049360429079487,0.0
2025-12-31,1104996.587348656,0.0,1104996.587348656,{},5.4794520548018255e-05,1.104996587348656,0.0
2026-01-05,1105057.135106867,0.0,1105057.135106867,{},5.4794520548018255e-05,1.105057135106867,0.0
2026-01-06,1105117.6861827632,0.0,1105117.6861827632,{},5.4794520548018255e-05,1.1051176861827632,0.0
2026-01-07,1105178.2405765266,0.0,1105178.2405765266,{},5.4794520548018255e-05,1.1051782405765267,0.0
2026-01-08,1105238.798288339,0.0,1105238.798288339,{},5.4794520548018255e-05,1.1052387982883392,0.0
2026-01-09,1105299.3593183823,0.0,1105299.3593183823,{},5.4794520548018255e-05,1.1052993593183824,0.0
2026-01-12,1105359.9236668383,0.0,1105359.9236668383,{},5.4794520548018255e-05,1.1053599236668383,0.0
2026-01-13,1105420.4913338886,0.0,1105420.4913338886,{},5.4794520548018255e-05,1.1054204913338885,0.0
2026-01-14,1105481.0623197153,0.0,1105481.0623197153,{},5.4794520548018255e-05,1.1054810623197153,0.0
2026-01-15,1105541.6366245,0.0,1105541.6366245,{},5.4794520548018255e-05,1.1055416366245,0.0
2026-01-16,1105602.2142484246,0.0,1105602.2142484246,{},5.4794520548018255e-05,1.1056022142484245,0.0
2026-01-19,1105662.7951916712,0.0,1105662.7951916712,{},5.4794520548018255e-05,1.1056627951916713,0.0
2026-01-20,1105723.3794544216,0.0,1105723.3794544216,{},5.4794520548018255e-05,1.1057233794544217,0.0
2026-01-21,1105783.9670368575,0.0,1105783.9670368575,{},5.4794520548018255e-05,1.1057839670368574,0.0
2026-01-22,1105844.557939161,0.0,1105844.557939161,{},5.4794520548018255e-05,1.1058445579391611,0.0
2026-01-23,1105905.152161514,0.0,1105905.152161514,{},5.4794520548018255e-05,1.105905152161514,0.0
2026-01-26,1105965.749704098,0.0,1105965.749704098,{},5.4794520548018255e-05,1.105965749704098,0.0
2026-01-27,1106026.3505670957,0.0,1106026.3505670957,{},5.4794520548018255e-05,1.1060263505670958,0.0
2026-01-28,1106086.9547506885,0.0,1106086.9547506885,{},5.4794520548018255e-05,1.1060869547506884,0.0
2026-01-29,1106147.5622550584,0.0,1106147.5622550584,{},5.4794520548018255e-05,1.1061475622550585,0.0
2026-01-30,1106208.1730803875,0.0,1106208.1730803875,{},5.4794520548018255e-05,1.1062081730803874,0.0
2026-02-02,1106268.7872268579,0.0,1106268.7872268579,{},5.4794520548018255e-05,1.106268787226858,0.0
2026-02-03,1106329.4046946513,0.0,1106329.4046946513,{},5.4794520548018255e-05,1.1063294046946512,0.0
2026-02-04,1106390.0254839496,0.0,1106390.0254839496,{},5.4794520548018255e-05,1.1063900254839496,0.0
2026-02-05,1106450.6495949351,0.0,1106450.6495949351,{},5.4794520548018255e-05,1.106450649594935,0.0
2026-02-06,1106511.2770277897,0.0,1106511.2770277897,{},5.4794520548018255e-05,1.1065112770277898,0.0
2026-02-09,1106571.9077826955,0.0,1106571.9077826955,{},5.4794520548018255e-05,1.1065719077826954,0.0
2026-02-10,1106632.5418598345,0.0,1106632.5418598345,{},5.4794520548018255e-05,1.1066325418598344,0.0
2026-02-11,1106693.1792593885,0.0,1106693.1792593885,{},5.4794520548018255e-05,1.1066931792593884,0.0
2026-02-12,1106753.8199815399,0.0,1106753.8199815399,{},5.4794520548018255e-05,1.1067538199815399,0.0
2026-02-13,1106814.4640264704,0.0,1106814.4640264704,{},5.4794520548018255e-05,1.1068144640264705,0.0
2026-02-24,1106875.1113943623,0.0,1106875.1113943623,{},5.4794520548018255e-05,1.1068751113943622,0.0
2026-02-25,1106935.7620853977,0.0,1106935.7620853977,{},5.4794520548018255e-05,1.1069357620853977,0.0
2026-02-26,1106996.4160997586,0.0,1106996.4160997586,{},5.4794520548018255e-05,1.1069964160997585,0.0
2026-02-27,1107057.0734376272,0.0,1107057.0734376272,{},5.4794520548018255e-05,1.1070570734376273,0.0
2026-03-02,1107117.7340991856,0.0,1107117.7340991856,{},5.4794520548018255e-05,1.1071177340991856,0.0
2026-03-03,1107178.3980846158,0.0,1107178.3980846158,{},5.4794520548018255e-05,1.107178398084616,0.0
2026-03-04,1107239.0653941,0.0,1107239.0653941,{},5.4794520548018255e-05,1.1072390653941,0.0
2026-03-05,1107299.7360278203,0.0,1107299.7360278203,{},5.4794520548018255e-05,1.1072997360278203,0.0
2026-03-06,1107360.4099859588,0.0,1107360.4099859588,{},5.4794520548018255e-05,1.1073604099859589,0.0
2026-03-09,1107421.0872686978,0.0,1107421.0872686978,{},5.4794520548018255e-05,1.1074210872686978,0.0
2026-03-10,1107481.7678762195,0.0,1107481.7678762195,{},5.4794520548018255e-05,1.1074817678762194,0.0
2026-03-11,1107542.451808706,0.0,1107542.451808706,{},5.4794520548018255e-05,1.107542451808706,0.0
2026-03-12,1107603.1390663395,0.0,1107603.1390663395,{},5.4794520548018255e-05,1.1076031390663394,0.0
2026-03-13,1107663.8296493022,0.0,1107663.8296493022,{},5.4794520548018255e-05,1.1076638296493022,0.0
2026-03-16,1107724.5235577761,0.0,1107724.5235577761,{},5.4794520548018255e-05,1.1077245235577762,0.0
2026-03-17,1107785.2207919438,0.0,1107785.2207919438,{},5.4794520548018255e-05,1.1077852207919439,0.0
2026-03-18,1107845.9213519874,0.0,1107845.9213519874,{},5.4794520548018255e-05,1.1078459213519873,0.0
2026-03-19,1107906.625238089,0.0,1107906.625238089,{},5.4794520548018255e-05,1.107906625238089,0.0
2026-03-20,1107967.3324504308,0.0,1107967.3324504308,{},5.4794520548018255e-05,1.1079673324504309,0.0
2026-03-23,1108028.0429891953,0.0,1108028.0429891953,{},5.4794520548018255e-05,1.1080280429891953,0.0
2026-03-24,1108088.7568545646,0.0,1108088.7568545646,{},5.4794520548018255e-05,1.1080887568545648,0.0
2026-03-25,1108149.4740467211,0.0,1108149.4740467211,{},5.4794520548018255e-05,1.108149474046721,0.0
2026-03-26,1108210.194565847,0.0,1108210.194565847,{},5.4794520548018255e-05,1.1082101945658471,0.0
2026-03-27,1108270.9184121247,0.0,1108270.9184121247,{},5.4794520548018255e-05,1.1082709184121247,0.0
2026-03-30,1108331.6455857365,0.0,1108331.6455857365,{},5.4794520548018255e-05,1.1083316455857366,0.0
2026-03-31,1108392.3760868646,0.0,1108392.3760868646,{},5.4794520548018255e-05,1.1083923760868646,0.0
2026-04-01,1108453.1099156914,0.0,1108453.1099156914,{},5.4794520548018255e-05,1.1084531099156913,0.0
2026-04-02,1108513.8470723992,0.0,1108513.8470723992,{},5.4794520548018255e-05,1.1085138470723992,0.0
2026-04-03,1108574.5875571703,0.0,1108574.5875571703,{},5.4794520548018255e-05,1.1085745875571702,0.0
2026-04-07,1108635.3313701872,0.0,1108635.3313701872,{},5.4794520548018255e-05,1.1086353313701873,0.0
2026-04-08,1108696.0785116323,0.0,1108696.0785116323,{},5.4794520548018255e-05,1.1086960785116322,0.0
2026-04-09,1108756.8289816878,0.0,1108756.8289816878,{},5.4794520548018255e-05,1.1087568289816878,0.0
2026-04-10,1108817.5827805363,0.0,1108817.5827805363,{},5.4794520548018255e-05,1.1088175827805362,0.0
2026-04-13,1108878.33990836,0.0,1108878.33990836,{},5.4794520548018255e-05,1.10887833990836,0.0
2026-04-14,1108939.1003653414,0.0,1108939.1003653414,{},5.4794520548018255e-05,1.1089391003653415,0.0
2026-04-15,1108999.864151663,0.0,1108999.864151663,{},5.4794520548018255e-05,1.108999864151663,0.0
2026-04-16,1109060.6312675069,0.0,1109060.6312675069,{},5.4794520548018255e-05,1.1090606312675069,0.0
2026-04-17,1109121.4017130558,0.0,1109121.4017130558,{},5.4794520548018255e-05,1.1091214017130557,0.0
2026-04-20,1109182.1754884922,0.0,1109182.1754884922,{},5.4794520548018255e-05,1.1091821754884923,0.0
2026-04-21,1109242.9525939985,0.0,1109242.9525939985,{},5.4794520548018255e-05,1.1092429525939984,0.0
2026-04-22,1109303.7330297572,0.0,1109303.7330297572,{},5.4794520548018255e-05,1.1093037330297573,0.0
2026-04-23,1109364.5167959507,0.0,1109364.5167959507,{},5.4794520548018255e-05,1.1093645167959507,0.0
2026-04-24,1109425.3038927615,0.0,1109425.3038927615,{},5.4794520548018255e-05,1.1094253038927615,0.0
2026-04-27,1109486.0943203722,0.0,1109486.0943203722,{},5.4794520548018255e-05,1.1094860943203722,0.0
2026-04-28,1109546.8880789652,0.0,1109546.8880789652,{},5.4794520548018255e-05,1.1095468880789652,0.0
2026-04-29,1109607.685168723,0.0,1109607.685168723,{},5.4794520548018255e-05,1.109607685168723,0.0
2026-04-30,1109668.4855898283,0.0,1109668.4855898283,{},5.4794520548018255e-05,1.1096684855898284,0.0
2026-05-06,1109729.2893424635,0.0,1109729.2893424635,{},5.4794520548018255e-05,1.1097292893424635,0.0
2026-05-07,1109790.096426811,0.0,1109790.096426811,{},5.4794520548018255e-05,1.109790096426811,0.0
2026-05-08,1109850.9068430536,0.0,1109850.9068430536,{},5.4794520548018255e-05,1.1098509068430535,0.0
2026-05-11,1109911.720591374,0.0,1109911.720591374,{},5.4794520548018255e-05,1.109911720591374,0.0
2026-05-12,1109972.5376719544,0.0,1109972.5376719544,{},5.4794520548018255e-05,1.1099725376719545,0.0
2026-05-13,1110033.3580849776,0.0,1110033.3580849776,{},5.4794520548018255e-05,1.1100333580849775,0.0
2026-05-14,1110094.1818306262,0.0,1110094.1818306262,{},5.4794520548018255e-05,1.1100941818306262,0.0
2026-05-15,1110155.0089090827,0.0,1110155.0089090827,{},5.4794520548018255e-05,1.1101550089090828,0.0
2026-05-18,1110215.83932053,0.0,1110215.83932053,{},5.4794520548018255e-05,1.11021583932053,0.0
2026-05-19,1110276.6730651504,0.0,1110276.6730651504,{},5.4794520548018255e-05,1.1102766730651503,0.0
2026-05-20,1110337.5101431266,0.0,1110337.5101431266,{},5.4794520548018255e-05,1.1103375101431265,0.0
2026-05-21,1110398.3505546413,0.0,1110398.3505546413,{},5.4794520548018255e-05,1.1103983505546413,0.0
2026-05-22,1110459.1942998774,0.0,1110459.1942998774,{},5.4794520548018255e-05,1.1104591942998774,0.0
2026-05-25,1110520.0413790173,0.0,1110520.0413790173,{},5.4794520548018255e-05,1.1105200413790173,0.0
2026-05-26,1110580.8917922436,0.0,1110580.8917922436,{},5.4794520548018255e-05,1.1105808917922435,0.0
2026-05-27,1110641.745539739,0.0,1110641.745539739,{},5.4794520548018255e-05,1.110641745539739,0.0
2026-05-28,1110702.6026216864,0.0,1110702.6026216864,{},5.4794520548018255e-05,1.1107026026216864,0.0
2026-05-29,1110763.4630382685,0.0,1110763.4630382685,{},5.4794520548018255e-05,1.1107634630382686,0.0
2026-06-01,1110824.3267896678,0.0,1110824.3267896678,{},5.4794520548018255e-05,1.1108243267896678,0.0
2026-06-02,1110885.1938760674,0.0,1110885.1938760674,{},5.4794520548018255e-05,1.1108851938760673,0.0
2026-06-03,1110946.0642976498,0.0,1110946.0642976498,{},5.4794520548018255e-05,1.1109460642976499,0.0
2026-06-04,1111006.9380545977,0.0,1111006.9380545977,{},5.4794520548018255e-05,1.1110069380545977,0.0
2026-06-05,1111067.815147094,0.0,1111067.815147094,{},5.4794520548018255e-05,1.111067815147094,0.0
2026-06-08,1111128.6955753213,0.0,1111128.6955753213,{},5.4794520548018255e-05,1.1111286955753212,0.0
2026-06-09,1111189.5793394626,0.0,1111189.5793394626,{},5.4794520548018255e-05,1.1111895793394626,0.0
2026-06-10,1111250.4664397005,0.0,1111250.4664397005,{},5.4794520548018255e-05,1.1112504664397005,0.0
2026-06-11,1111311.3568762178,0.0,1111311.3568762178,{},5.4794520548018255e-05,1.1113113568762178,0.0
2026-06-12,1111372.2506491973,0.0,1111372.2506491973,{},5.4794520548018255e-05,1.1113722506491972,0.0
2026-06-15,1111433.147758822,0.0,1111433.147758822,{},5.4794520548018255e-05,1.111433147758822,0.0
2026-06-16,1111494.0482052746,0.0,1111494.0482052746,{},5.4794520548018255e-05,1.1114940482052746,0.0
2026-06-17,1111554.951988738,0.0,1111554.951988738,{},5.4794520548018255e-05,1.111554951988738,0.0
2026-06-18,1111615.859109395,0.0,1111615.859109395,{},5.4794520548018255e-05,1.111615859109395,0.0
2026-06-22,1111676.7695674284,0.0,1111676.7695674284,{},5.4794520548018255e-05,1.1116767695674283,0.0
2026-06-23,1111737.6833630211,0.0,1111737.6833630211,{},5.4794520548018255e-05,1.111737683363021,0.0
2026-06-24,1111798.6004963561,0.0,1111798.6004963561,{},5.4794520548018255e-05,1.111798600496356,0.0
2026-06-25,1111859.5209676162,0.0,1111859.5209676162,{},5.4794520548018255e-05,1.1118595209676163,0.0
2026-06-26,1111920.4447769844,0.0,1111920.4447769844,{},5.4794520548018255e-05,1.1119204447769844,0.0
2026-06-29,1111981.3719246434,0.0,1111981.3719246434,{},5.4794520548018255e-05,1.1119813719246434,0.0
2026-06-30,1112042.3024107763,0.0,1112042.3024107763,{},5.4794520548018255e-05,1.1120423024107762,0.0
2026-07-01,1112103.236235566,0.0,1112103.236235566,{},5.4794520548018255e-05,1.112103236235566,0.0
2026-07-02,1112164.1733991953,0.0,1112164.1733991953,{},5.4794520548018255e-05,1.1121641733991954,0.0
2026-07-03,1112225.1139018475,0.0,1112225.1139018475,{},5.4794520548018255e-05,1.1122251139018475,0.0
2026-07-06,1112286.057743705,0.0,1112286.057743705,{},5.4794520548018255e-05,1.112286057743705,0.0
2026-07-07,1112347.0049249514,0.0,1112347.0049249514,{},5.4794520548018255e-05,1.1123470049249513,0.0
2026-07-08,1112407.9554457692,0.0,1112407.9554457692,{},5.4794520548018255e-05,1.1124079554457693,0.0
2026-07-09,1112468.9093063418,0.0,1112468.9093063418,{},5.4794520548018255e-05,1.1124689093063418,0.0
2026-07-10,1112529.8665068517,0.0,1112529.8665068517,{},5.4794520548018255e-05,1.1125298665068517,0.0
2026-07-13,1112590.8270474824,0.0,1112590.8270474824,{},5.4794520548018255e-05,1.1125908270474825,0.0
2026-07-14,1112651.7909284167,0.0,1112651.7909284167,{},5.4794520548018255e-05,1.1126517909284166,0.0
2026-07-15,1112712.7581498374,0.0,1112712.7581498374,{},5.4794520548018255e-05,1.1127127581498373,0.0
2026-07-16,1112773.7287119278,0.0,1112773.7287119278,{},5.4794520548018255e-05,1.1127737287119277,0.0
2026-07-17,1112834.702614871,0.0,1112834.702614871,{},5.4794520548018255e-05,1.112834702614871,0.0
2026-07-20,1112895.67985885,0.0,1112895.67985885,{},5.4794520548018255e-05,1.11289567985885,0.0
2026-07-21,1112956.660444048,0.0,1112956.660444048,{},5.4794520548018255e-05,1.112956660444048,0.0
2026-07-22,1113017.6443706478,0.0,1113017.6443706478,{},5.4794520548018255e-05,1.1130176443706479,0.0
2026-07-23,1113078.6316388326,0.0,1113078.6316388326,{},5.4794520548018255e-05,1.1130786316388326,0.0
2026-07-24,1113139.6222487856,0.0,1113139.6222487856,{},5.4794520548018255e-05,1.1131396222487855,0.0
2026-07-27,1113200.6162006897,0.0,1113200.6162006897,{},5.4794520548018255e-05,1.1132006162006898,0.0
2026-07-28,1113261.6134947282,0.0,1113261.6134947282,{},5.4794520548018255e-05,1.1132616134947282,0.0
2026-07-29,1113322.6141310842,0.0,1113322.6141310842,{},5.4794520548018255e-05,1.1133226141310841,0.0
2026-07-30,1113383.6181099408,0.0,1113383.6181099408,{},5.4794520548018255e-05,1.1133836181099408,0.0
2026-07-31,1113444.625431481,0.0,1113444.625431481,{},5.4794520548018255e-05,1.1134446254314811,0.0
2026-08-03,1113505.6360958884,0.0,1113505.6360958884,{},5.4794520548018255e-05,1.1135056360958884,0.0
2026-08-04,1113566.6501033457,0.0,1113566.6501033457,{},5.4794520548018255e-05,1.1135666501033457,0.0
2026-08-05,1113627.6674540364,0.0,1113627.6674540364,{},5.4794520548018255e-05,1.1136276674540364,0.0
2026-08-06,1113688.6881481435,0.0,1113688.6881481435,{},5.4794520548018255e-05,1.1136886881481434,0.0
2026-08-07,1113749.7121858504,0.0,1113749.7121858504,{},5.4794520548018255e-05,1.1137497121858504,0.0
2026-08-10,1113810.7395673401,0.0,1113810.7395673401,{},5.4794520548018255e-05,1.1138107395673402,0.0
2026-08-11,1113871.770292796,0.0,1113871.770292796,{},5.4794520548018255e-05,1.113871770292796,0.0
2026-08-12,1113932.8043624011,0.0,1113932.8043624011,{},5.4794520548018255e-05,1.113932804362401,0.0
2026-08-13,1113993.8417763389,0.0,1113993.8417763389,{},5.4794520548018255e-05,1.1139938417763389,0.0
2026-08-14,1114054.8825347924,0.0,1114054.8825347924,{},5.4794520548018255e-05,1.1140548825347925,0.0
2026-08-17,1114115.926637945,0.0,1114115.926637945,{},5.4794520548018255e-05,1.114115926637945,0.0
2026-08-18,1114176.97408598,0.0,1114176.97408598,{},5.4794520548018255e-05,1.1141769740859802,0.0
2026-08-19,1114238.0248790807,0.0,1114238.0248790807,{},5.4794520548018255e-05,1.1142380248790806,0.0
2026-08-20,1114299.0790174303,0.0,1114299.0790174303,{},5.4794520548018255e-05,1.1142990790174303,0.0
2026-08-21,1114360.1365012121,0.0,1114360.1365012121,{},5.4794520548018255e-05,1.1143601365012121,0.0
2026-08-24,1114421.1973306097,0.0,1114421.1973306097,{},5.4794520548018255e-05,1.1144211973306097,0.0
2026-08-25,1114482.261505806,0.0,1114482.261505806,{},5.4794520548018255e-05,1.1144822615058059,0.0
2026-08-26,1114543.3290269843,0.0,1114543.3290269843,{},5.4794520548018255e-05,1.1145433290269844,0.0
2026-08-27,1114604.3998943283,0.0,1114604.3998943283,{},5.4794520548018255e-05,1.1146043998943282,0.0
2026-08-28,1114665.4741080212,0.0,1114665.4741080212,{},5.4794520548018255e-05,1.1146654741080213,0.0
2026-08-31,1114726.5516682465,0.0,1114726.5516682465,{},5.4794520548018255e-05,1.1147265516682465,0.0
2026-09-01,1114787.6325751874,0.0,1114787.6325751874,{},5.4794520548018255e-05,1.1147876325751873,0.0
2026-09-02,1114848.7168290273,0.0,1114848.7168290273,{},5.4794520548018255e-05,1.1148487168290273,0.0
2026-09-03,1114909.8044299495,0.0,1114909.8044299495,{},5.4794520548018255e-05,1.1149098044299495,0.0
