date,cash,position_value,total_value,positions,return,equity,drawdown
2024-11-21,308416.8919125479,691637.9026080001,1000054.794520548,"{'021400': {'shares': 607552.62, 'price': 1.1384, 'value': 691637.9026080001, 'profit_pct': 0.0}}",,1.000054794520548,0.0
2024-11-22,308433.79146826913,674261.8976759999,982695.6891442691,"{'021400': {'shares': 607552.62, 'price': 1.1098, 'value': 674261.8976759999, 'profit_pct': -2.5122979620520183}}",-0.01735815424453946,0.9826956891442691,-1.7358154244539459
2024-11-25,308450.69194999343,675173.226606,983623.9185559934,"{'021400': {'shares': 607552.62, 'price': 1.1113, 'value': 675173.226606, 'profit_pct': -2.380534082923412}}",0.0009445746246556919,0.9836239185559934,-1.6429975691913956
2024-11-26,308467.5933577715,675294.7371299999,983762.3304877714,"{'021400': {'shares': 607552.62, 'price': 1.1115, 'value': 675294.7371299999, 'profit_pct': -2.362965565706267}}",0.000140716313590028,0.9837623304877714,-1.6291571343935773
2024-11-27,308484.49569165416,682038.571212,990523.0669036541,"{'021400': {'shares': 607552.62, 'price': 1.1226, 'value': 682038.571212, 'profit_pct': -1.387912860154606}}",0.00687232699033169,0.9905230669036541,-0.9531205359065931
2024-11-28,297059.9348116921,691171.3353960001,988231.2702076922,"{'021400': {'shares': 617779.17, 'price': 1.1188, 'value': 691171.3353960001, 'profit_pct': -1.6936966031415583}}",-0.0023137237006767286,0.9882312702076922,-1.1822876484007372
2024-11-29,297076.2120683941,695248.677918,992324.8899863942,"{'021400': {'shares': 617779.17, 'price': 1.1254, 'value': 695248.677918, 'profit_pct': -1.113770251318838}}",0.004142370214455626,0.9923248899863942,-0.772948100094828
2024-12-02,297092.49021700065,698522.9075190001,995615.3977360008,"{'021400': {'shares': 617779.17, 'price': 1.1307, 'value': 698522.9075190001, 'profit_pct': -0.6480718172793689}}",0.003315958092769078,0.9956153977360008,-0.44391535432570794
2024-12-03,297108.7692575605,705256.700472,1002365.4697295605,"{'021400': {'shares': 617779.17, 'price': 1.1416, 'value': 705256.700472, 'profit_pct': 0.3096853395187614}}",0.006779798714352081,1.0023654697295605,0.0
2024-12-04,297125.0491901226,706368.702978,1003493.7521681227,"{'021400': {'shares': 617779.17, 'price': 1.1434, 'value': 706368.702978, 'profit_pct': 0.4678470718340524}}",0.0011256198189533162,1.0034937521681226,0.0
2024-12-05,301421.0824927358,700976.9479939999,1002398.0304867357,"{'021093': {'shares': 680361.98, 'price': 1.0303, 'value': 700976.9479939999, 'profit_pct': 0.0}}",-0.0010919068295338619,1.0023980304867357,-0.10919068295338619
2024-12-06,301437.5987164341,717441.70791,1018879.3066264341,"{'021093': {'shares': 680361.98, 'price': 1.0545, 'value': 717441.70791, 'profit_pct': 2.348830437736581}}",0.016441848086728106,1.0188793066264341,0.0
2024-12-09,301454.11584513093,747173.526436,1048627.642281131,"{'021093': {'shares': 680361.98, 'price': 1.0982, 'value': 747173.526436, 'profit_pct': 6.590313500922068}}",0.029197114379715172,1.048627642281131,0.0
2024-12-10,301470.6338788759,734654.8660040001,1036125.4998828759,"{'021093': {'shares': 680361.98, 'price': 1.0798, 'value': 734654.8660040001, 'profit_pct': 4.80442589537029}}",-0.011922384928799379,1.036125499882876,-1.1922384928799379
2024-12-11,301487.15281771857,725333.906878,1026821.0596957186,"{'021093': {'shares': 680361.98, 'price': 1.0661, 'value': 725333.906878, 'profit_pct': 3.474716102106188}}",-0.008980032040722064,1.0268210596957186,-2.079535357085893
2024-12-12,322783.48798970855,716776.8605760001,1039560.3485657086,"{'017513': {'shares': 503920.74, 'price': 1.4224, 'value': 716776.8605760001, 'profit_pct': 0.0}}",0.01240653252063706,1.0395603485657086,-0.8646819280576756
2024-12-13,322801.17475617374,713954.904432,1036756.0791881738,"{'017513': {'shares': 503920.74, 'price': 1.4168, 'value': 713954.904432, 'profit_pct': -0.39370078740157827}}",-0.002697553231425176,1.0367560791881738,-1.1321047256710015
2024-12-16,322818.8624917768,690522.590022,1013341.4525137768,"{'017513': {'shares': 503920.74, 'price': 1.3703, 'value': 690522.590022, 'profit_pct': -3.6628233970753676}}",-0.022584508684754145,1.013341452513777,-3.364987565137445
2024-12-17,322836.5511965709,669408.311016,992244.8622125708,"{'017513': {'shares': 503920.74, 'price': 1.3284, 'value': 669408.311016, 'profit_pct': -6.608548931383583}}",-0.02081883677892782,0.9922448622125708,-5.37681611614852
2024-12-18,322854.2408706091,665628.905466,988483.146336609,"{'017513': {'shares': 503920.74, 'price': 1.3209, 'value': 665628.905466, 'profit_pct': -7.135826771653553}}",-0.0037911165068406083,0.988483146336609,-5.735543630500395
2024-12-19,317148.7374299445,692012.8498900001,1009161.5873199445,"{'017513': {'shares': 508123.1, 'price': 1.3619, 'value': 692012.8498900001, 'profit_pct': -4.219682001871526}}",0.020919366263321137,1.0091615873199444,-3.763590942093986
2024-12-20,317166.1154429544,693181.53302,1010347.6484629544,"{'017513': {'shares': 508123.1, 'price': 1.3642, 'value': 693181.53302, 'profit_pct': -4.05792656358994}}",0.0011752935881752524,1.0103476484629546,-3.65048490757921
2024-12-23,317183.4944081842,675549.6614499999,992733.1558581841,"{'017513': {'shares': 508123.1, 'price': 1.3295, 'value': 675549.6614499999, 'profit_pct': -6.498323828099135}}",-0.017434090762290966,0.9927331558581841,-5.330251098603201
2024-12-24,317200.874325686,680529.2678299999,997730.1421556859,"{'017513': {'shares': 508123.1, 'price': 1.3393, 'value': 680529.2678299999, 'profit_pct': -5.809105004116713}}",0.005033564425660941,0.9977301421556859,-4.853724818346872
2024-12-25,317218.2551955121,655732.86055,972951.1157455121,"{'017513': {'shares': 508123.1, 'price': 1.2905, 'value': 655732.86055, 'profit_pct': -9.241133433743459}}",-0.024835399235946243,0.9729511157455121,-7.21672054829644
2024-12-26,292436.0964337146,681396.2104039999,973832.3068377145,"{'017513': {'shares': 527314.82, 'price': 1.2922, 'value': 681396.2104039999, 'profit_pct': -8.818870672408435}}",0.0009056889682759195,0.9738323068377145,-7.132687755656564
2024-12-27,292452.1203294096,673328.293658,965780.4139874096,"{'017513': {'shares': 527314.82, 'price': 1.2769, 'value': 673328.293658, 'profit_pct': -9.89848008171981}}",-0.008268253983533924,0.9657804139874095,-7.900538280060953
2024-12-30,292468.1451031263,644536.904486,937005.0495891263,"{'017513': {'shares': 527314.82, 'price': 1.2223, 'value': 644536.904486, 'profit_pct': -13.751203856125086}}",-0.029794934730016598,0.9370050495891262,-10.6446357306762
2024-12-31,292484.1707549128,639527.413696,932011.5844509128,"{'017513': {'shares': 527314.82, 'price': 1.2128, 'value': 639527.413696, 'profit_pct': -14.421549567788997}}",-0.005329176337313335,0.9320115844509128,-11.120826223552294
2025-01-02,292500.1972848172,628822.9228499999,921323.120134817,"{'017513': {'shares': 527314.82, 'price': 1.1925, 'value': 628822.9228499999, 'profit_pct': -15.853972509555076}}",-0.01146816680652396,0.921323120134817,-12.14010741404663
2025-01-03,279306.35656588734,640978.1613370001,920284.5179028874,"{'021400': {'shares': 566685.67, 'price': 1.1311, 'value': 640978.1613370001, 'profit_pct': 0.0}}",-0.0011272942241778994,0.9202845179028875,-12.23915136349566
2025-01-06,279321.6610237814,643244.904017,922566.5650407814,"{'021400': {'shares': 566685.67, 'price': 1.1351, 'value': 643244.904017, 'profit_pct': 0.3536380514543368}}",0.002479719145003445,0.9225665650407814,-12.02152910694998
2025-01-07,279336.96632027585,641601.5155740001,920938.4818942759,"{'021400': {'shares': 566685.67, 'price': 1.1322, 'value': 641601.5155740001, 'profit_pct': 0.09725046414995145}}",-0.0017647324412125576,0.9209384818942759,-12.176787568663228
2025-01-08,279352.27245541674,640524.8128010001,919877.0852564168,"{'021400': {'shares': 566685.67, 'price': 1.1303, 'value': 640524.8128010001, 'profit_pct': -0.07072761029085951}}",-0.0011525163284260564,0.9198770852564169,-12.278005255005176
2025-01-09,279367.5794292499,631571.1792150001,910938.75864425,"{'021400': {'shares': 566685.67, 'price': 1.1145, 'value': 631571.1792150001, 'profit_pct': -1.467597913535492}}",-0.009716870607419548,0.91093875864425,-13.130388527367021
2025-01-10,273249.6454578214,628977.4616810001,902227.1071388214,"{'021400': {'shares': 572265.91, 'price': 1.0991, 'value': 628977.4616810001, 'profit_pct': -2.802290510187364}}",-0.009563377804227113,0.9022271071388214,-13.961155441586225
2025-01-13,273264.61804113415,624284.881219,897549.4992601341,"{'021400': {'shares': 572265.91, 'price': 1.0909, 'value': 624284.881219, 'profit_pct': -3.527448564792461}}",-0.005184512681647435,0.897549499260134,-14.407224922313622
2025-01-14,273279.5914448624,635157.9335090001,908437.5249538625,"{'021400': {'shares': 572265.91, 'price': 1.1099, 'value': 635157.9335090001, 'profit_pct': -1.847204291926978}}",0.012130835906770221,0.9084375249538625,-13.368913013041118
2025-01-15,273294.5656690512,635329.6132820001,908624.1789510513,"{'021400': {'shares': 572265.91, 'price': 1.1102, 'value': 635329.6132820001, 'profit_pct': -1.820674119197526}}",0.0002054670707247741,0.9086241789510513,-13.351113177364194
2025-01-16,273309.5407137454,640193.873517,913503.4142307454,"{'021400': {'shares': 572265.91, 'price': 1.1187, 'value': 640193.873517, 'profit_pct': -1.068985891862977}}",0.00536991573933987,0.9135034142307454,-12.885815956219037
2025-01-17,273324.51657899003,638477.075787,911801.59236599,"{'021400': {'shares': 572265.91, 'price': 1.1157, 'value': 638477.075787, 'profit_pct': -1.3342876191575355}}",-0.00186296169039335,0.91180159236599,-13.048106343782473
2025-01-20,273339.49326483,637561.4503310001,910900.9435958301,"{'021400': {'shares': 572265.91, 'price': 1.1141, 'value': 637561.4503310001, 'profit_pct': -1.4757818737146122}}",-0.000987768367263886,0.9109009435958301,-13.133994673809779
2025-01-21,273354.47077131027,633841.721916,907196.1926873103,"{'021400': {'shares': 572265.91, 'price': 1.1076, 'value': 633841.721916, 'profit_pct': -2.050602282852815}}",-0.004067128192770442,0.9071961926873103,-13.487289853065276
2025-01-22,273369.44909847586,628233.515998,901602.9650964759,"{'021400': {'shares': 572265.91, 'price': 1.0978, 'value': 628233.515998, 'profit_pct': -2.9172545920149893}}",-0.006165400203307803,0.9016029650964759,-14.020675333793896
2025-01-23,273384.4282463717,634642.89419,908027.3224363717,"{'021400': {'shares': 572265.91, 'price': 1.109, 'value': 634642.89419, 'profit_pct': -1.9267948101153534}}",0.0071254838200407455,0.9080273224363717,-13.408031047026803
2025-01-24,273399.4082150427,638877.661924,912277.0701390428,"{'021400': {'shares': 572265.91, 'price': 1.1164, 'value': 638877.661924, 'profit_pct': -1.2723838827887948}}",0.004680198048741868,0.9122770701390428,-13.002763482896373
2025-01-27,273414.389004534,646431.571936,919845.960940534,"{'021400': {'shares': 572265.91, 'price': 1.1296, 'value': 646431.571936, 'profit_pct': -0.10505628269279342}}",0.008296701790759364,0.9198459609405341,-12.28097335489381
2025-02-05,273429.3706148904,634185.081462,907614.4520768905,"{'021400': {'shares': 572265.91, 'price': 1.1082, 'value': 634185.081462, 'profit_pct': -1.9975419373938919}}",-0.01329734475448141,0.9076144520768905,-13.447403493721332
2025-02-06,273444.353046157,634700.120781,908144.4738271569,"{'021400': {'shares': 572265.91, 'price': 1.1091, 'value': 634700.120781, 'profit_pct': -1.917951419205536}}",0.0005839723563827448,0.9081444738271569,-13.396859169988506
2025-02-07,273459.3362983787,638648.7555600001,912108.0918583788,"{'021400': {'shares': 572265.91, 'price': 1.116, 'value': 638648.7555600001, 'profit_pct': -1.307757446428064}}",0.004364523647342411,0.9121080918583788,-13.0188777139018
2025-02-10,273474.32037160057,637904.809877,911379.1302486006,"{'021400': {'shares': 572265.91, 'price': 1.1147, 'value': 637904.809877, 'profit_pct': -1.4227215282557084}}",-0.0007992052874928879,0.9113791302486006,-13.08839348674491
2025-02-11,273489.3052658675,640136.646926,913625.9521918675,"{'021400': {'shares': 572265.91, 'price': 1.1186, 'value': 640136.646926, 'profit_pct': -1.0778292827727944}}",0.0024652988736466597,0.9136259521918675,-12.87413040110097
2025-02-12,273504.29098122456,640308.3266990001,913812.6176802246,"{'021400': {'shares': 572265.91, 'price': 1.1189, 'value': 640308.3266990001, 'profit_pct': -1.0512991100433426}}",0.00020431281303823212,0.9138126176802246,-12.856329469594808
2025-02-13,273519.2775177167,640480.006472,913999.2839897168,"{'021400': {'shares': 572265.91, 'price': 1.1192, 'value': 640480.006472, 'profit_pct': -1.0247689373138908}}",0.00020427197642125527,0.9139992839897167,-12.83852845978296
2025-02-14,273534.26487538894,641624.5382920001,915158.803167389,"{'021400': {'shares': 572265.91, 'price': 1.1212, 'value': 641624.5382920001, 'profit_pct': -0.8479011191175251}}",0.0012686215383133082,0.915158803167389,-12.727953539675973
2025-02-17,273549.25305428624,639049.3416970001,912598.5947512863,"{'021400': {'shares': 572265.91, 'price': 1.1167, 'value': 639049.3416970001, 'profit_pct': -1.2458537100593428}}",-0.0027975564538544884,0.9125985947512864,-12.972102016492137
2025-02-18,273564.24205445364,636931.9578300001,910496.1998844538,"{'021400': {'shares': 572265.91, 'price': 1.113, 'value': 636931.9578300001, 'profit_pct': -1.5730591737226223}}",-0.0023037454571201987,0.9104961998844537,-13.17259214111437
2025-02-19,273579.2318759361,635272.3866910001,908851.6185669361,"{'021400': {'shares': 572265.91, 'price': 1.1101, 'value': 635272.3866910001, 'profit_pct': -1.8295175101073435}}",-0.0018062473162725468,0.9088516185669361,-13.329423913538385
2025-02-20,273594.22251877864,633784.495325,907378.7178437787,"{'021400': {'shares': 572265.91, 'price': 1.1075, 'value': 633784.495325, 'profit_pct': -2.0594456737626325}}",-0.0016206173736917906,0.9073787178437787,-13.469883754931978
2025-02-21,273609.2139830263,629835.8605460001,903445.0745290264,"{'021400': {'shares': 572265.91, 'price': 1.1006, 'value': 629835.8605460001, 'profit_pct': -2.669639646540085}}",-0.004335172555181677,0.9034450745290264,-13.845006740074272
2025-02-24,271447.354662724,632413.298289,903860.6529517241,"{'021400': {'shares': 574242.53, 'price': 1.1013, 'value': 632413.298289, 'profit_pct': -2.598993022766975}}",0.00045999301386911995,0.9038606529517241,-13.805376045064776
2025-02-25,271462.2284903768,628393.6005790001,899855.8290693769,"{'021400': {'shares': 574242.53, 'price': 1.0943, 'value': 628393.6005790001, 'profit_pct': -3.2180859573357763}}",-0.004430797899287575,0.8998558290693769,-14.187287003814186
2025-02-26,271477.1031330338,635514.2079510001,906991.3110840339,"{'021400': {'shares': 574242.53, 'price': 1.1067, 'value': 635514.2079510001, 'profit_pct': -2.1214070446710287}}",0.007929583589002753,0.906991311084034,-13.50682792311182
2025-02-27,271491.9785907397,642003.1485400001,913495.1271307399,"{'021400': {'shares': 574242.53, 'price': 1.118, 'value': 642003.1485400001, 'profit_pct': -1.1220141645813697}}",0.007170758933657817,0.9134951271307399,-12.886606236741072
2025-02-28,271506.8548635392,637638.9053120001,909145.7601755393,"{'021400': {'shares': 574242.53, 'price': 1.1104, 'value': 637638.9053120001, 'profit_pct': -1.7941722078275115}}",-0.00476123717141419,0.9091457601755393,-13.30137376525473
2025-03-03,271521.73195147695,636892.3900230001,908414.1219744771,"{'021400': {'shares': 574242.53, 'price': 1.1091, 'value': 636892.3900230001, 'profit_pct': -1.9091466099617265}}",-0.0008047534654079813,0.9084141219744771,-13.371144785163258
2025-03-04,271536.6098545976,636949.814276,908486.4241305976,"{'021400': {'shares': 574242.53, 'price': 1.1092, 'value': 636949.814276, 'profit_pct': -1.9003024251821727}}",7.959162497761518e-05,0.9084864241305977,-13.364249853806754
2025-03-05,271551.4885729458,639763.6026730001,911315.0912459459,"{'021400': {'shares': 574242.53, 'price': 1.1141, 'value': 639763.6026730001, 'profit_pct': -1.4669373709839941}}",0.003113604166463224,0.9113150912459459,-13.094500421186906
2025-03-06,271566.36810656625,639591.329914,911157.6980205663,"{'021400': {'shares': 574242.53, 'price': 1.1138, 'value': 639591.329914, 'profit_pct': -1.4934699253226742}}",-0.00017270999557839062,0.9111576980205662,-13.109509869634905
2025-03-07,271581.2484555036,640337.845203,911919.0936585036,"{'021400': {'shares': 574242.53, 'price': 1.1151, 'value': 640337.845203, 'profit_pct': -1.3784955231884595}}",0.0008356354115115483,0.9119190936585037,-13.03690109915837
2025-03-10,271596.1296198026,642003.1485400001,913599.2781598027,"{'021400': {'shares': 574242.53, 'price': 1.118, 'value': 642003.1485400001, 'profit_pct': -1.1220141645813697}}",0.0018424710185180881,0.9135992781598027,-12.87667410975305
2025-03-11,271611.0115995078,645850.5734910001,917461.585090508,"{'021400': {'shares': 574242.53, 'price': 1.1247, 'value': 645850.5734910001, 'profit_pct': -0.5294537843512286}}",0.004227572222347709,0.917461585090508,-12.5083539573009
2025-03-12,271625.894394664,643381.3306120001,915007.225006664,"{'021400': {'shares': 574242.53, 'price': 1.1204, 'value': 643381.3306120001, 'profit_pct': -0.9097537298720669}}",-0.00267516386923361,0.9150072250066641,-12.742408447654096
2025-03-13,271640.77800531575,647573.301081,919214.0790863158,"{'021400': {'shares': 574242.53, 'price': 1.1277, 'value': 647573.301081, 'profit_pct': -0.2641282409646051}}",0.004597618428227257,0.9192140790863158,-12.341231336730306
2025-03-14,271655.66243150784,652167.241321,923822.9037525079,"{'021400': {'shares': 574242.53, 'price': 1.1357, 'value': 652167.241321, 'profit_pct': 0.44340654139975055}}",0.00501387519082952,0.9238229037525079,-11.901721211270877
2025-03-17,271670.54767328495,654291.938682,925962.4863552849,"{'021400': {'shares': 574242.53, 'price': 1.1394, 'value': 654291.938682, 'profit_pct': 0.7706413782432681}}",0.0023160094798322373,0.9259624863552849,-11.697684762439264
2025-03-18,271685.43373069173,653315.726381,925001.1601116918,"{'021400': {'shares': 574242.53, 'price': 1.1377, 'value': 653315.726381, 'profit_pct': 0.6202902369908395}}",-0.0010381913498213047,0.9250011601116918,-11.789359462288097
2025-03-19,271700.3206037729,654177.090176,925877.4107797729,"{'021400': {'shares': 574242.53, 'price': 1.1392, 'value': 654177.090176, 'profit_pct': 0.7529530086841612}}",0.0009472968314714336,0.9258774107797729,-11.70579780200467
2025-03-20,271715.2082925731,652569.2110920001,924284.4193845732,"{'021400': {'shares': 574242.53, 'price': 1.1364, 'value': 652569.2110920001, 'profit_pct': 0.5053158348566446}}",-0.001720520855842067,0.9242844193845733,-11.857709818336259
2025-03-21,271730.0967971371,650042.5439599999,921772.640757137,"{'021400': {'shares': 574242.53, 'price': 1.132, 'value': 650042.5439599999, 'profit_pct': 0.11617170455623316}}",-0.0027175386436879556,0.9217726407571369,-12.097239898048084
2025-03-24,271744.9861175096,653258.302128,925003.2882455096,"{'021400': {'shares': 574242.53, 'price': 1.1376, 'value': 653258.302128, 'profit_pct': 0.611446052211286}}",0.003504820327189462,0.9250032882455096,-11.789156517626708
2025-03-25,271759.8762537352,656990.878573,928750.7548267352,"{'021400': {'shares': 574242.53, 'price': 1.1441, 'value': 656990.878573, 'profit_pct': 1.18631806288232}}",0.004051300821139359,0.9287507548267352,-11.43178785499318
2025-03-26,271774.7672058587,656129.5147780001,927904.2819838588,"{'021400': {'shares': 574242.53, 'price': 1.1426, 'value': 656129.5147780001, 'profit_pct': 1.0536552911890182}}",-0.000911410126427703,0.9279042819838588,-11.512509820421734
2025-03-27,271789.6589739248,655555.272248,927344.9312219248,"{'021400': {'shares': 574242.53, 'price': 1.1416, 'value': 655555.272248, 'profit_pct': 0.9652134433934639}}",-0.000602810842448176,0.9273449312219249,-11.565851038923014
2025-03-28,271804.5515579782,651018.756261,922823.3078189781,"{'021400': {'shares': 574242.53, 'price': 1.1337, 'value': 651018.756261, 'profit_pct': 0.2665228458086617}}",-0.004875880862354798,0.9228233078189781,-11.99704541342096
2025-03-31,271819.4449580636,647802.9980930001,919622.4430510637,"{'021400': {'shares': 574242.53, 'price': 1.1281, 'value': 647802.9980930001, 'profit_pct': -0.2287515018463716}}",-0.0034685564839919136,0.9196224430510637,-12.302288632162695
2025-04-01,271834.3391742257,653717.6961520001,925552.0353262258,"{'021400': {'shares': 574242.53, 'price': 1.1384, 'value': 653717.6961520001, 'profit_pct': 0.6821995304477334}}",0.006447855117029722,0.9255520353262258,-11.736826495167795
2025-04-02,271849.23420650925,655957.2420190001,927806.4762255093,"{'021400': {'shares': 574242.53, 'price': 1.1423, 'value': 655957.2420190001, 'profit_pct': 1.0271227368503577}}",0.0024357797435872186,0.9278064762255093,-11.521836845040001
2025-04-03,271864.1300549589,656761.181561,928625.3116159588,"{'021400': {'shares': 574242.53, 'price': 1.1437, 'value': 656761.181561, 'profit_pct': 1.1509413237641062}}",0.000882549768116192,0.9286253116159588,-11.443750462664248
2025-04-07,271879.02671961946,616334.507449,888213.5341686194,"{'021400': {'shares': 574242.53, 'price': 1.0733, 'value': 616334.507449, 'profit_pct': -5.07536476104222}}",-0.04351785046330081,0.8882135341686195,-15.29752808762077
2025-04-08,271893.92420053564,630633.1464460001,902527.0706465357,"{'021400': {'shares': 574242.53, 'price': 1.0982, 'value': 630633.1464460001, 'profit_pct': -2.873162750933152}}",0.016114972275573347,0.9025270706465357,-13.932550101080254
2025-04-09,271908.82249775215,632528.146795,904436.9692927521,"{'021400': {'shares': 574242.53, 'price': 1.1015, 'value': 632528.146795, 'profit_pct': -2.581304653207868}}",0.0021161677121199762,0.9044369692927521,-13.750416942539657
2025-04-10,271923.7216113137,637983.45083,909907.1724413137,"{'021400': {'shares': 574242.53, 'price': 1.111, 'value': 637983.45083, 'profit_pct': -1.741107099150191}}",0.006048186147055823,0.9099071724413137,-13.228763409102184
2025-04-11,271938.62154126505,635456.783698,907395.4052392651,"{'021400': {'shares': 574242.53, 'price': 1.1066, 'value': 635456.783698, 'profit_pct': -2.1302512294505824}}",-0.002760465328907724,0.9073954052392651,-13.468292399257798
2025-04-14,271953.5222876509,640567.542215,912521.0645026509,"{'021400': {'shares': 574242.53, 'price': 1.1155, 'value': 640567.542215, 'profit_pct': -1.3431187840702457}}",0.005648760434305178,0.9125210645026509,-12.979495513049866
2025-04-15,271968.42385051603,643438.754865,915407.1787155161,"{'021400': {'shares': 574242.53, 'price': 1.1205, 'value': 643438.754865, 'profit_pct': -0.9009095450925134}}",0.0031627918797012544,0.9154071787155161,-12.704267768091048
2025-04-16,271983.3262299051,646080.270503,918063.5967329051,"{'021400': {'shares': 574242.53, 'price': 1.1251, 'value': 646080.270503, 'profit_pct': -0.49407704523301477}}",0.002901897733767367,0.9180635967329052,-12.4509444805597
2025-04-17,271998.22942586296,644816.936937,916815.166362863,"{'021400': {'shares': 574242.53, 'price': 1.1229, 'value': 644816.936937, 'profit_pct': -0.6886491103832106}}",-0.0013598517297547241,0.9168151663628631,-12.569998215146205
2025-04-18,272013.1334384343,645218.906708,917232.0401464342,"{'021400': {'shares': 574242.53, 'price': 1.1236, 'value': 645218.906708, 'profit_pct': -0.6267398169263364}}",0.00045469773937645286,0.9172320401464342,-12.53024399098096
2025-04-21,272028.0382676638,644357.5429130001,916385.5811806639,"{'021400': {'shares': 574242.53, 'price': 1.1221, 'value': 644357.5429130001, 'profit_pct': -0.7594025886196384}}",-0.000922840599457464,0.9163855811806639,-12.610964633050713
2025-04-22,272042.9439135963,646654.513033,918697.4569465963,"{'021400': {'shares': 574242.53, 'price': 1.1261, 'value': 646654.513033, 'profit_pct': -0.4056351974374605}}",0.0025228198843481042,0.9186974569465963,-12.390497836952985
2025-04-23,272057.8503762765,643898.1488890001,915955.9992652766,"{'021400': {'shares': 574242.53, 'price': 1.1213, 'value': 643898.1488890001, 'profit_pct': -0.8301560668560857}}",-0.002984070175214404,0.9159559992652766,-12.651930739423122
2025-04-24,272072.75765574916,647171.33131,919244.0889657491,"{'021400': {'shares': 574242.53, 'price': 1.127, 'value': 647171.33131, 'profit_pct': -0.32603753442147937}}",0.003589790015142702,0.9192440889657492,-12.338369512549507
2025-04-25,272087.6657520591,646309.967515,918397.6332670591,"{'021400': {'shares': 574242.53, 'price': 1.1255, 'value': 646309.967515, 'profit_pct': -0.45870030611480095}}",-0.0009208171244727836,0.9183976332670591,-12.41908984306156
2025-04-28,272102.574665251,646137.6947560001,918240.269421251,"{'021400': {'shares': 574242.53, 'price': 1.1252, 'value': 646137.6947560001, 'profit_pct': -0.48523286045346137}}",-0.00017134609248536936,0.918240269421251,-12.434096489793255
2025-04-29,272117.48439536965,644816.936937,916934.4213323697,"{'021400': {'shares': 574242.53, 'price': 1.1229, 'value': 644816.936937, 'profit_pct': -0.6886491103832106}}",-0.0014221202580283476,0.9169344213323697,-12.55862573508767
2025-04-30,272132.3949424598,641026.9362390001,913159.3311814598,"{'021400': {'shares': 574242.53, 'price': 1.1163, 'value': 641026.9362390001, 'profit_pct': -1.2723653058337983}}",-0.004117077582739603,0.9131593311814599,-12.918628656877695
2025-05-06,272147.3063065663,642462.542564,914609.8488705663,"{'021400': {'shares': 574242.53, 'price': 1.1188, 'value': 642462.542564, 'profit_pct': -1.051260686344942}}",0.001588460676659631,0.9146098488705664,-12.780303322829544
2025-05-07,272162.2184877338,646539.6645269999,918701.8830147337,"{'021400': {'shares': 574242.53, 'price': 1.1259, 'value': 646539.6645269999, 'profit_pct': -0.42332356699658713}}",0.004474076185840836,0.9187018830147337,-12.39007575498996
2025-05-08,272177.1314860071,647515.876828,919693.0083140071,"{'021400': {'shares': 574242.53, 'price': 1.1276, 'value': 647515.876828, 'profit_pct': -0.2729724257441586}}",0.0010788323367978414,0.9196930083140071,-12.295559335690031
2025-05-09,272192.04530143103,650903.907755,923095.9530564311,"{'021400': {'shares': 574242.53, 'price': 1.1335, 'value': 650903.907755, 'profit_pct': 0.24883447624955476}}",0.00370008765061991,0.9230959530564311,-11.971045217883491
2025-05-12,272206.95993405033,652971.180863,925178.1407970503,"{'021400': {'shares': 574242.53, 'price': 1.1371, 'value': 652971.180863, 'profit_pct': 0.5672251283135188}}",0.0022556568834743995,0.9251781407970503,-11.772482100084147
2025-05-13,272221.87538390973,657277.999838,929499.8752219097,"{'021400': {'shares': 574242.53, 'price': 1.1446, 'value': 657277.999838, 'profit_pct': 1.230538986780107}}",0.004671245713972594,0.9294998752219097,-11.360349685239724
2025-05-14,272236.79165105405,660780.879271,933017.6709220541,"{'021400': {'shares': 574242.53, 'price': 1.1507, 'value': 660780.879271, 'profit_pct': 1.7700342583329274}}",0.0037846112666819476,0.9330176709220541,-11.024883065983726
2025-05-15,272251.7087355281,658598.7576570001,930850.4663925283,"{'021400': {'shares': 574242.53, 'price': 1.1469, 'value': 658598.7576570001, 'profit_pct': 1.4339552367098563}}",-0.002322790443383682,0.9308504663925282,-11.231553617296996
2025-05-16,280805.3739573767,646557.130904,927362.5048613767,"{'021093': {'shares': 530660.81, 'price': 1.2184, 'value': 646557.130904, 'profit_pct': 0.0}}",-0.00374706964983218,0.9273625048613767,-11.564175168600377
2025-05-19,280820.76055321,643426.232125,924246.9926782099,"{'021093': {'shares': 530660.81, 'price': 1.2125, 'value': 643426.232125, 'profit_pct': -0.48424162836507034}}",-0.003359540812610806,0.9242469926782099,-11.861278931418372
2025-05-20,280836.14799214446,652182.1354900001,933018.2834821446,"{'021093': {'shares': 530660.81, 'price': 1.229, 'value': 652182.1354900001, 'profit_pct': 0.8699934340118324}}",0.009490202157453442,0.9330182834821446,-11.024824650578125
2025-05-21,280851.53627422627,657382.611428,938234.1477022263,"{'021093': {'shares': 530660.81, 'price': 1.2388, 'value': 657382.611428, 'profit_pct': 1.674326986211423}}",0.005590312979307788,0.9382341477022264,-10.52742557298606
2025-05-22,280866.9253995016,645389.677122,926256.6025215016,"{'021093': {'shares': 530660.81, 'price': 1.2162, 'value': 645389.677122, 'profit_pct': -0.1805646749835834}}",-0.012766051214463059,0.9262566025215015,-11.669637040411175
2025-05-23,278863.37074801663,648363.8112,927227.1819480166,"{'021093': {'shares': 532318.4, 'price': 1.218, 'value': 648363.8112, 'profit_pct': -0.03272774498018447}}",0.001047851560650459,0.9272271819480167,-11.577079931731149
2025-05-26,278878.65093271516,637185.1248000001,916063.7757327153,"{'021093': {'shares': 532318.4, 'price': 1.197, 'value': 637185.1248000001, 'profit_pct': -1.7563014045494842}}",-0.0120395588402058,0.9160637757327152,-12.641652880715881
2025-05-27,278893.9319546841,643839.1048000001,922733.0367546842,"{'021093': {'shares': 532318.4, 'price': 1.2095, 'value': 643839.1048000001, 'profit_pct': -0.7303647024249001}}",0.0072803457560959295,0.9227330367546842,-12.005653909006442
2025-05-28,278909.2138139693,640379.0352,919288.2490139693,"{'021093': {'shares': 532318.4, 'price': 1.203, 'value': 640379.0352, 'profit_pct': -1.2638517875296815}}",-0.0037332441816870787,0.9192882490139693,-12.334158289572006
2025-05-29,278924.4965106166,654379.0091200001,933303.5056306167,"{'021093': {'shares': 532318.4, 'price': 1.2293, 'value': 654379.0091200001, 'profit_pct': 0.8947190337404499}}",0.015245769356543093,0.9333035056306167,-10.997625086407602
2025-05-30,278939.780044672,636812.50192,915752.281964672,"{'021093': {'shares': 532318.4, 'price': 1.1963, 'value': 636812.50192, 'profit_pct': -1.8137538598684728}}",-0.018805483489623853,0.9157522819646721,-12.671357778382475
2025-06-03,278955.06441618135,639420.8620800001,918375.9264961814,"{'021093': {'shares': 532318.4, 'price': 1.2012, 'value': 639420.8620800001, 'profit_pct': -1.411586672635624}}",0.0028650155540759226,0.9183759264961814,-12.421159860101206
2025-06-04,278970.3496251905,644690.8142400001,923661.1638651906,"{'021093': {'shares': 532318.4, 'price': 1.2111, 'value': 644690.8142400001, 'profit_pct': -0.5990448045529492}}",0.00575498248214501,0.9236611638651906,-11.917145169289512
2025-06-05,278985.6356717453,658584.3244800001,937569.9601517454,"{'021093': {'shares': 532318.4, 'price': 1.2372, 'value': 658584.3244800001, 'profit_pct': 1.543111029483191}}",0.015058331811149683,0.9375699601517453,-10.590764314375345
2025-06-06,279000.9225558917,652090.04,931090.9625558917,"{'021093': {'shares': 532318.4, 'price': 1.225, 'value': 652090.04, 'profit_pct': 0.5417968082095942}}",-0.006910415084976695,0.9310909625558917,-11.208619245393525
2025-06-09,279016.2102776756,670614.7203200001,949630.9305976757,"{'021093': {'shares': 532318.4, 'price': 1.2598, 'value': 670614.7203200001, 'profit_pct': 3.3980045869244413}}",0.019912091070984905,0.9496309305976758,-9.440597185489297
2025-06-10,279031.4988371429,666249.70944,945281.2082771428,"{'021093': {'shares': 532318.4, 'price': 1.2516, 'value': 666249.70944, 'profit_pct': 2.724990110330713}}",-0.004580434546077039,0.9452812082771428,-9.855398602612986
2025-06-11,279046.78823433944,673329.5441599999,952376.3323943394,"{'021093': {'shares': 532318.4, 'price': 1.2649, 'value': 673329.5441599999, 'profit_pct': 3.8165867613912634}}",0.007505834301020364,0.9523763323943394,-9.17878816139267
2025-06-12,279062.07846931124,667154.65072,946216.7291893113,"{'021093': {'shares': 532318.4, 'price': 1.2533, 'value': 667154.65072, 'profit_pct': 2.86451750181966}}",-0.006467614739587679,0.9462167291893113,-9.766184769747266
2025-06-13,279077.3695421041,656242.12352,935319.4930621041,"{'021093': {'shares': 532318.4, 'price': 1.2328, 'value': 656242.12352, 'profit_pct': 1.181981310335321}}",-0.011516638620988617,0.935319493062104,-10.805375011147145
2025-06-16,279092.66145276395,670188.8656,949281.527052764,"{'021093': {'shares': 532318.4, 'price': 1.259, 'value': 670188.8656, 'profit_pct': 3.3323446379884567}}",0.014927555871791176,0.9492815270527639,-9.47391726316259
2025-06-17,279107.9542013367,668378.9830400001,947486.9372413368,"{'021093': {'shares': 532318.4, 'price': 1.2556, 'value': 668378.9830400001, 'profit_pct': 3.0532898550105814}}",-0.0018904716464870353,0.9474869372413368,-9.645054255844121
2025-06-18,279123.2477878683,660926.52544,940049.7732278684,"{'021093': {'shares': 532318.4, 'price': 1.2416, 'value': 660926.52544, 'profit_pct': 1.9042407486310424}}",-0.00784935783402163,0.9400497732278684,-10.354282557063609
2025-06-19,279138.54221240466,643785.8729600001,922924.4151724047,"{'021093': {'shares': 532318.4, 'price': 1.2094, 'value': 643785.8729600001, 'profit_pct': -0.738572196041896}}",-0.018217501395335622,0.9229244151724048,-11.987403539666165
2025-06-20,279153.8374749917,648470.27488,927624.1123549917,"{'021093': {'shares': 532318.4, 'price': 1.2182, 'value': 648470.27488, 'profit_pct': -0.01631275774619288}}",0.0050921799286338665,0.9276241123549918,-11.539227562503907
2025-06-23,279169.13357567525,652462.6628800001,931631.7964556753,"{'021093': {'shares': 532318.4, 'price': 1.2257, 'value': 652462.6628800001, 'profit_pct': 0.5992492635285648}}",0.004320375082218497,0.9316317964556753,-11.15704384551115
2025-06-24,279184.43051450135,666036.78208,945221.2125945014,"{'021093': {'shares': 532318.4, 'price': 1.2512, 'value': 666036.78208, 'profit_pct': 2.6921601358627303}}",0.014586681337547924,0.9452212125945014,-9.861119954999886
2025-06-25,279199.72829151584,671679.3571200001,950879.0854115159,"{'021093': {'shares': 532318.4, 'price': 1.2618, 'value': 671679.3571200001, 'profit_pct': 3.562154459264376}}",0.005985765809766841,0.9508790854115159,-9.321569728695856
2025-06-26,279215.0269067647,668378.9830400001,947594.0099467648,"{'021093': {'shares': 532318.4, 'price': 1.2556, 'value': 668378.9830400001, 'profit_pct': 3.0532898550105814}}",-0.0034547772846738045,0.9475940099467648,-9.634843509807034
2025-06-27,279230.3263602939,673861.86256,953092.1889202939,"{'021093': {'shares': 532318.4, 'price': 1.2659, 'value': 673861.86256, 'profit_pct': 3.8986616975612396}}",0.005802251719423612,0.9530921889202939,-9.110522125185827
2025-06-30,279245.62665214925,670188.8656,949434.4922521493,"{'021093': {'shares': 532318.4, 'price': 1.259, 'value': 670188.8656, 'profit_pct': 3.3323446379884567}}",-0.0038377155018847198,0.9494344922521493,-9.45933008338421
2025-07-01,279260.92778237676,669656.5472,948917.4749823768,"{'021093': {'shares': 532318.4, 'price': 1.258, 'value': 669656.5472, 'profit_pct': 3.2502697018184987}}",-0.0005445528617209483,0.9489174749823768,-9.508634264289439
2025-07-02,279276.2297510224,663801.0448,943077.2745510224,"{'021093': {'shares': 532318.4, 'price': 1.247, 'value': 663801.0448, 'profit_pct': 2.34744540394887}}",-0.006154592559761696,0.9430772745510224,-10.065571750569113
2025-07-03,279291.5325581321,654858.09568,934149.6282381321,"{'021093': {'shares': 532318.4, 'price': 1.2302, 'value': 654858.09568, 'profit_pct': 0.9685864762934121}}",-0.009466505612851894,0.9341496282381321,-10.916936520380983
2025-07-04,279306.83620375174,653048.21312,932355.0493237517,"{'021093': {'shares': 532318.4, 'price': 1.2268, 'value': 653048.21312, 'profit_pct': 0.6895316933155186}}",-0.001921082940176344,0.9323550493237517,-11.088072473890321
2025-07-07,279322.1406879273,653154.6768000001,932476.8174879274,"{'021093': {'shares': 532318.4, 'price': 1.227, 'value': 653154.6768000001, 'profit_pct': 0.7059466805495284}}",0.0001306027829892642,0.9324768174879274,-11.076460328714488
2025-07-08,279337.44601070473,665983.5502400001,945320.9962507049,"{'021093': {'shares': 532318.4, 'price': 1.2511, 'value': 665983.5502400001, 'profit_pct': 2.683952642245734}}",0.013774260680688544,0.9453209962507049,-9.851604312632656
2025-07-09,279352.75217213,658158.46976,937511.2219321299,"{'021093': {'shares': 532318.4, 'price': 1.2364, 'value': 658158.46976, 'profit_pct': 1.477451080547206}}",-0.0082615051919398,0.9375112219321299,-10.596365751648884
2025-07-10,279368.05917224905,658264.9334399999,937632.992612249,"{'021093': {'shares': 532318.4, 'price': 1.2366, 'value': 658264.9334399999, 'profit_pct': 1.4938660677811977}}",0.00012988717070294697,0.937632992612249,-10.584753366545808
2025-07-11,279383.3670111078,661831.46672,941214.8337311079,"{'021093': {'shares': 532318.4, 'price': 1.2433, 'value': 661831.46672, 'profit_pct': 2.0437681401199894}}",0.0038200886136481316,0.9412148337311079,-10.2431792009948
2025-07-14,279398.67568875226,668911.30144,948309.9771287523,"{'021093': {'shares': 532318.4, 'price': 1.2566, 'value': 668911.30144, 'profit_pct': 3.1353647911805393}}",0.007538282593271717,0.9483099771287523,-9.566566921138254
2025-07-15,279413.9852052284,691055.74688,970469.7320852284,"{'021093': {'shares': 532318.4, 'price': 1.2982, 'value': 691055.74688, 'profit_pct': 6.549682135851173}}",0.023367628192176637,0.9704697320852285,-7.453352080809328
2025-07-16,279429.29556058213,688394.1548799999,967823.4504405821,"{'021093': {'shares': 532318.4, 'price': 1.2932, 'value': 688394.1548799999, 'profit_pct': 6.139307455001329}}",-0.0027268049246217396,0.9678234504405822,-7.705708736112604
2025-07-17,279444.60675485944,688820.0096000001,968264.6163548596,"{'021093': {'shares': 532318.4, 'price': 1.294, 'value': 688820.0096000001, 'profit_pct': 6.204967403937314}}",0.000455833048968346,0.9682646163548595,-7.6636379479234185
2025-07-18,279459.9187881063,704789.5616,984249.4803881063,"{'021093': {'shares': 532318.4, 'price': 1.324, 'value': 704789.5616, 'profit_pct': 8.667215489036325}}",0.016508776385347534,0.9842494803881063,-6.139277594569181
2025-07-21,296624.7080593688,689822.590641,986447.2987003687,"{'021093': {'shares': 519405.61, 'price': 1.3281, 'value': 689822.590641, 'profit_pct': 0.0}}",0.0022329890500889515,0.9864472987003687,-5.929687629204416
2025-07-22,296640.9614680296,683953.3072479999,980594.2687160296,"{'021093': {'shares': 519405.61, 'price': 1.3168, 'value': 683953.3072479999, 'profit_pct': -0.8508395452149754}}",-0.005933444181002279,0.9805942687160296,-6.48784857674598
2025-07-23,296657.2157672881,698912.1888159999,995569.404583288,"{'021093': {'shares': 519405.61, 'price': 1.3456, 'value': 698912.1888159999, 'profit_pct': 1.3176718620585686}}",0.01527149030441155,0.995569404583288,-5.059778662941095
2025-07-24,296673.4709571932,703690.720428,1000364.1913851931,"{'021093': {'shares': 519405.61, 'price': 1.3548, 'value': 703690.720428, 'profit_pct': 2.010390783826515}}",0.004816125103715985,1.000364191385193,-4.602534679607329
2025-07-25,296689.7270377936,694133.657204,990823.3842417937,"{'021093': {'shares': 519405.61, 'price': 1.3364, 'value': 694133.657204, 'profit_pct': 0.6249529402906389}}",-0.00953733372861787,0.9908233842417936,-5.512372143232158
2025-07-28,298532.40779213817,689658.26481,988190.6726021381,"{'021093': {'shares': 518033.7, 'price': 1.3313, 'value': 689658.26481, 'profit_pct': 0.0}}",-0.002657094777461455,0.9881906726021381,-5.763434725745098
2025-07-29,298548.7657322912,688466.7873,987015.5530322911,"{'021093': {'shares': 518033.7, 'price': 1.329, 'value': 688466.7873, 'profit_pct': -0.1727634642830293}}",-0.0011891627824746065,0.9870155530322912,-5.875497341917479
2025-07-30,298565.1245687697,681887.75931,980452.8838787697,"{'021093': {'shares': 518033.7, 'price': 1.3163, 'value': 681887.75931, 'profit_pct': -1.126718245324112}}",-0.0066490027774737115,0.9804528838787697,-6.501331421519396
2025-07-31,298581.48430162284,680281.8548399999,978863.3391416228,"{'021093': {'shares': 518033.7, 'price': 1.3132, 'value': 680281.8548399999, 'profit_pct': -1.359573349357771}}",-0.0016212352100577476,0.9788633391416227,-6.652914755112349
2025-08-01,298597.8449308997,670698.23139,969296.0763208997,"{'021093': {'shares': 518033.7, 'price': 1.2947, 'value': 670698.23139, 'profit_pct': -2.749192518590849}}",-0.009773849359924758,0.9692960763208996,-7.565275104483938
2025-08-04,296503.8495166494,682703.032,979206.8815166494,"{'021093': {'shares': 519640.0, 'price': 1.3138, 'value': 682703.032, 'profit_pct': 0.0}}",0.010224744985420253,0.9792068815166494,-6.620153614629798
2025-08-05,296520.09630292427,687587.6479999999,984107.7443029243,"{'021093': {'shares': 519640.0, 'price': 1.3232, 'value': 687587.6479999999, 'profit_pct': 0.7154818084944323}}",0.005004930907638316,0.9841077443029242,-6.152793935305134
2025-08-06,296536.34397943405,690185.848,986722.1919794341,"{'021093': {'shares': 519640.0, 'price': 1.3282, 'value': 690185.848, 'profit_pct': 1.096057238544677}}",0.002656668125665229,0.9867221919794341,-5.903473054270325
2025-08-07,296552.59254622745,687743.5399999999,984296.1325462274,"{'021093': {'shares': 519640.0, 'price': 1.3235, 'value': 687743.5399999999, 'profit_pct': 0.738316334297444}}",-0.0024587056548711628,0.9842961325462274,-6.134828717175522
2025-08-08,296568.8420033533,680832.328,977401.1700033533,"{'021093': {'shares': 519640.0, 'price': 1.3102, 'value': 680832.328, 'profit_pct': -0.2740143096361735}}",-0.007004967625990677,0.9774011700033532,-6.792351203219782
2025-08-11,293981.68439486035,684163.231956,978144.9163508604,"{'021093': {'shares': 521624.91, 'price': 1.3116, 'value': 684163.231956, 'profit_pct': -0.16681705195610969}}",0.0007609427636603439,0.9781449163508604,-6.721425517350088
2025-08-12,293997.79298030667,678216.707982,972214.5009623066,"{'021093': {'shares': 521624.91, 'price': 1.3002, 'value': 678216.707982, 'profit_pct': -1.0345345615685737}}",-0.006062921034930335,0.9722145009623067,-7.286966148689256
2025-08-13,294013.9024484152,702680.916261,996694.8187094152,"{'021093': {'shares': 521624.91, 'price': 1.3471, 'value': 702680.916261, 'profit_pct': 2.5352857192054827}}",0.025179955372891083,0.9966948187094151,-4.952456093827906
2025-08-14,294030.0127992343,702472.266297,996502.2790962344,"{'021093': {'shares': 521624.91, 'price': 1.3467, 'value': 702472.266297, 'profit_pct': 2.504839490798031}}",-0.0001931781018287282,0.9965022790962343,-4.9708171979431786
2025-08-15,294046.12403281237,706436.615613,1000482.7396458124,"{'021093': {'shares': 521624.91, 'price': 1.3543, 'value': 706436.615613, 'profit_pct': 3.083317830539674}}",0.0039944319577354115,1.0004827396458125,-4.5912295932411755
2025-08-18,292842.4635211977,716263.1992560001,1009105.6627771978,"{'021400': {'shares': 600539.28, 'price': 1.1927, 'value': 716263.1992560001, 'profit_pct': 0.0}}",0.008618762513022515,1.0091056627771977,-3.768924059445833
2025-08-19,292858.5096835824,715662.659976,1008521.1696595824,"{'021400': {'shares': 600539.28, 'price': 1.1917, 'value': 715662.659976, 'profit_pct': -0.08384338056511376}}",-0.0005792189452259455,1.0085211696595824,-3.824662921750077
2025-08-20,292874.55672520894,720707.189928,1013581.746653209,"{'021400': {'shares': 600539.28, 'price': 1.2001, 'value': 720707.189928, 'profit_pct': 0.6204410161817598}}",0.0050178193040157915,1.0135817466532089,-3.342072458788603
2025-08-21,292890.6046461254,724310.425608,1017201.0302541254,"{'021400': {'shares': 600539.28, 'price': 1.2061, 'value': 724310.425608, 'profit_pct': 1.1235012995723868}}",0.0035707860889040433,1.0172010302541254,-2.996927675742145
2025-08-22,292906.65344638,723229.454904,1016136.1083503801,"{'021400': {'shares': 600539.28, 'price': 1.2043, 'value': 723229.454904, 'profit_pct': 0.9725832145551968}}",-0.001046913905975111,1.0161361083503802,-3.098481541080722
2025-08-25,314918.53956602106,706218.0944879999,1021136.634054021,"{'021400': {'shares': 582399.88, 'price': 1.2126, 'value': 706218.0944879999, 'profit_pct': 0.0}}",0.00492111801022288,1.0211366340540209,-2.6216177333745816
2025-08-26,314935.79537640826,705402.734656,1020338.5300324083,"{'021400': {'shares': 582399.88, 'price': 1.2112, 'value': 705402.734656, 'profit_pct': -0.11545439551375937}}",-0.0007815839673130931,1.0203385300324084,-2.6977271157170635
2025-08-27,314953.0521323193,693463.5371160001,1008416.5892483194,"{'021400': {'shares': 582399.88, 'price': 1.1907, 'value': 693463.5371160001, 'profit_pct': -1.8060366155368472}}",-0.011684299311631619,1.0084165892483195,-3.834635995799085
2025-08-28,314970.309833806,694803.0568400001,1009773.3666738061,"{'021400': {'shares': 582399.88, 'price': 1.193, 'value': 694803.0568400001, 'profit_pct': -1.6163615371927957}}",0.0013454532977268396,1.009773366673806,-3.705249989672521
2025-08-29,314987.5684809202,694395.376924,1009382.9454049203,"{'021400': {'shares': 582399.88, 'price': 1.1923, 'value': 694395.376924, 'profit_pct': -1.6740887349496938}}",-0.0003866424702524407,1.0093829454049204,-3.742481629688854
2025-09-01,302759.13968371367,705010.3456499999,1007769.4853337136,"{'021400': {'shares': 592694.7, 'price': 1.1895, 'value': 705010.3456499999, 'profit_pct': -1.8725282399216538}}",-0.0015984617914852617,1.0077694853337136,-3.8963455949469927
2025-09-02,302775.72922561417,707025.50763,1009801.2368556142,"{'021400': {'shares': 592694.7, 'price': 1.1929, 'value': 707025.50763, 'profit_pct': -1.5920461852900663}}",0.002016087559178148,1.0098012368556142,-3.7025922129094058
2025-09-03,302792.31967653066,701335.63851,1004127.9581865306,"{'021400': {'shares': 592694.7, 'price': 1.1833, 'value': 701335.63851, 'profit_pct': -2.383995516014537}}",-0.005618213230506042,1.0041279581865306,-4.243611583402274
2025-09-04,302808.911036513,701039.29116,1003848.2021965131,"{'021400': {'shares': 592694.7, 'price': 1.1828, 'value': 701039.29116, 'profit_pct': -2.4252428769897647}}",-0.0002786059164439081,1.0038482021965132,-4.2702898797524425
2025-09-05,302825.5033056109,703232.26155,1006057.7648556109,"{'021400': {'shares': 592694.7, 'price': 1.1865, 'value': 703232.26155, 'profit_pct': -2.1200124057730405}}",0.0022010924104491902,1.0060577648556108,-4.059579941352265
2025-09-08,305457.01938387414,705655.2436,1011112.2629838742,"{'021400': {'shares': 590506.48, 'price': 1.195, 'value': 705655.2436, 'profit_pct': 0.0}}",0.00502406353276208,1.0111122629838742,-3.577569175617734
2025-09-09,305473.7567547993,707131.5098,1012605.2665547993,"{'021400': {'shares': 590506.48, 'price': 1.1975, 'value': 707131.5098, 'profit_pct': 0.20920502092049761}}",0.0014765952561184292,1.0126052665547993,-3.435192271679044
2025-09-10,305490.49504284066,703883.72416,1009374.2192028407,"{'021400': {'shares': 590506.48, 'price': 1.192, 'value': 703883.72416, 'profit_pct': -0.251046025104612}}",-0.0031908261379596237,1.0093742192028408,-3.743313784185609
2025-09-11,305507.2342480485,706718.1552640001,1012225.3895120486,"{'021400': {'shares': 590506.48, 'price': 1.1968, 'value': 706718.1552640001, 'profit_pct': 0.15062761506276348}}",0.0028246910362537125,1.0122253895120485,-3.4714183854523184
2025-09-12,305523.97437047306,701876.002128,1007399.9764984731,"{'021400': {'shares': 590506.48, 'price': 1.1886, 'value': 701876.002128, 'profit_pct': -0.5355648535564821}}",-0.00476713295632869,1.0073999764984731,-3.9315829680946823
2025-09-15,302205.1181601646,703085.77605,1005290.8942101647,"{'021400': {'shares': 593321.33, 'price': 1.185, 'value': 703085.77605, 'profit_pct': -0.8328830867434868}}",-0.002093589773189408,1.0052908942101646,-4.1327108235191705
2025-09-16,302221.6773447214,703085.77605,1005307.4533947214,"{'021400': {'shares': 593321.33, 'price': 1.185, 'value': 703085.77605, 'profit_pct': -0.8328830867434868}}",1.6472032773773293e-05,1.0053074533947213,-4.131131694389911
2025-09-17,302238.2374366307,704865.74004,1007103.9774766306,"{'021400': {'shares': 593321.33, 'price': 1.188, 'value': 704865.74004, 'profit_pct': -0.5818270945580364}}",0.0017870394532963907,1.0071039774766306,-3.9598102443849204
2025-09-18,302254.7984359423,692583.9885089999,994838.7869449423,"{'021400': {'shares': 593321.33, 'price': 1.1673, 'value': 692583.9885089999, 'profit_pct': -2.3141134406377017}}",-0.012178673509382398,0.9948387869449423,-5.129452359197684
2025-09-19,302271.360342706,697983.2126119998,1000254.5729547058,"{'021400': {'shares': 593321.33, 'price': 1.1764, 'value': 697983.2126119998, 'profit_pct': -1.5525769310084845}}",0.005443883050031406,1.0002545729547059,-4.61298819294872
2025-09-22,300114.4376559713,695825.452404,995939.8900599713,"{'021400': {'shares': 595180.44, 'price': 1.1691, 'value': 695825.452404, 'profit_pct': -2.156867741904904}}",-0.004313584772713597,0.9959398900599713,-5.024448154594263
2025-09-23,300130.88228269224,698325.2102519999,998456.0925346921,"{'021400': {'shares': 595180.44, 'price': 1.1733, 'value': 698325.2102519999, 'profit_pct': -1.8053655988170603}}",0.0025264601808141496,0.9984560925346921,-4.784496204706001
2025-09-24,300147.3278104886,700051.2335279998,1000198.5613384885,"{'021400': {'shares': 595180.44, 'price': 1.1762, 'value': 700051.2335279998, 'profit_pct': -1.5626617381135566}}",0.0017451631742493312,1.0001985613384885,-4.618329613864869
2025-09-25,300163.7742394097,696718.223064,996881.9973034097,"{'021400': {'shares': 595180.44, 'price': 1.1706, 'value': 696718.223064, 'profit_pct': -2.0313312622306685}}",-0.003315905624419635,0.9968819973034098,-4.934606231164795
2025-09-26,300180.22156950505,698622.8004719999,998803.022041505,"{'021400': {'shares': 595180.44, 'price': 1.1738, 'value': 698622.8004719999, 'profit_pct': -1.7635201055923218}}",0.0019270332329117679,0.998803022041505,-4.751412058072391
2025-09-29,300196.66980082396,701420.14854,1001616.818340824,"{'021400': {'shares': 595180.44, 'price': 1.1785, 'value': 701420.14854, 'profit_pct': -1.3701724692797208}}",0.0028171683877844522,1.001616818340824,-4.483080747141277
2025-09-30,300213.1189334158,699872.6793959999,1000085.7983294157,"{'021400': {'shares': 595180.44, 'price': 1.1759, 'value': 699872.6793959999, 'profit_pct': -1.5877690340483999}}",-0.001528548625954973,1.0000857983294158,-4.629083002820689
2025-10-09,300229.56896733,704634.1229159998,1004863.6918833298,"{'021400': {'shares': 595180.44, 'price': 1.1839, 'value': 704634.1229159998, 'profit_pct': -0.9182411424525045}}",0.0047774836537977095,1.0048636918833298,-4.173450005818968
2025-10-10,300246.01990261587,711419.179932,1011665.1998346159,"{'021400': {'shares': 595180.44, 'price': 1.1953, 'value': 711419.179932, 'profit_pct': 0.03583610307165225}}",0.006768587626585054,1.011665199834616,-3.5248396052300124
2025-10-13,300262.4717393229,708502.7957759999,1008765.2675153228,"{'021400': {'shares': 595180.44, 'price': 1.1904, 'value': 708502.7957759999, 'profit_pct': -0.374249730530844}}",-0.0028664940928749827,1.0087652675153227,-3.8013850826107864
2025-10-14,305542.0034215003,710560.4362440001,1016102.4396655004,"{'017513': {'shares': 409026.27, 'price': 1.7372, 'value': 710560.4362440001, 'profit_pct': 0.0}}",0.007273418689612177,1.0161024396655005,-3.1016922789558365
2025-10-15,305558.7454490851,721563.242907,1027121.988356085,"{'017513': {'shares': 409026.27, 'price': 1.7641, 'value': 721563.242907, 'profit_pct': 1.5484688003684044}}",0.010844919036128164,1.027121988356085,-2.0508379769832885
2025-10-16,305575.4883940412,712646.470221,1018221.9586150412,"{'017513': {'shares': 409026.27, 'price': 1.7423, 'value': 712646.470221, 'profit_pct': 0.2935758692148217}}",-0.008665017244240292,1.0182219586150412,-2.899569154971604
2025-10-17,305592.23225641897,687450.4519890001,993042.684245419,"{'017513': {'shares': 409026.27, 'price': 1.6807, 'value': 687450.4519890001, 'profit_pct': -3.2523601197329026}}",-0.02472866957600328,0.993042684245419,-5.300733625025867
2025-10-20,305608.9770362687,685773.4442820001,991382.4213182688,"{'017513': {'shares': 409026.27, 'price': 1.6766, 'value': 685773.4442820001, 'profit_pct': -3.488372093023255}}",-0.001671894827372733,0.9913824213182687,-5.459060838634178
2025-10-21,305625.7227336406,698821.382295,1004447.1050286406,"{'017513': {'shares': 409026.27, 'price': 1.7085, 'value': 698821.382295, 'profit_pct': -1.6520838130324758}}",0.01317824830200176,1.0044471050286405,-4.213176867661261
2025-10-22,305642.4693485849,704465.944821,1010108.4141695849,"{'017513': {'shares': 409026.27, 'price': 1.7223, 'value': 704465.944821, 'profit_pct': -0.8577020492747026}}",0.005636244171148164,1.0101084141695849,-3.673298944108827
2025-10-23,305659.21688115195,697389.79035,1003049.0072311519,"{'017513': {'shares': 409026.27, 'price': 1.705, 'value': 697389.79035, 'profit_pct': -1.8535574487681328}}",-0.006988761641230856,1.003049007231152,-4.346503297474547
2025-10-24,305675.965331392,704874.971091,1010550.936422392,"{'017513': {'shares': 409026.27, 'price': 1.7233, 'value': 704874.971091, 'profit_pct': -0.8001381533502201}}",0.007479125284165944,1.0105509364223921,-3.6310988117677967
2025-10-27,305692.7146993554,703484.281773,1009176.9964723554,"{'017513': {'shares': 409026.27, 'price': 1.7199, 'value': 703484.281773, 'profit_pct': -0.995855399493443}}",-0.0013595949501572502,1.0091769964723554,-3.762121483175529
2025-10-28,302775.8328810924,698441.901612,1001217.7344930924,"{'017513': {'shares': 410751.53, 'price': 1.7004, 'value': 698441.901612, 'profit_pct': -2.1096414677772075}}",-0.007886884071956812,1.0012177344930924,-4.521138474368791
2025-10-29,302792.4233376886,754180.8842330001,1056973.3075706887,"{'017513': {'shares': 410751.53, 'price': 1.8361, 'value': 754180.8842330001, 'profit_pct': 5.702474300761165}}",0.0556877601711927,1.0569733075706886,0.0
2025-10-30,302809.01470335096,744774.674196,1047583.6888993509,"{'017513': {'shares': 410751.53, 'price': 1.8132, 'value': 744774.674196, 'profit_pct': 4.384143784183939}}",-0.008883496493320653,1.0475836888993508,-0.8883496493320653
2025-10-31,302825.60697812925,758493.7752980001,1061319.3822761294,"{'017513': {'shares': 410751.53, 'price': 1.8466, 'value': 758493.7752980001, 'profit_pct': 6.306948991768184}}",0.013111786220354471,1.0613193822761295,0.0
2025-11-03,302842.20016207325,751182.3980640001,1054024.5982260732,"{'017513': {'shares': 410751.53, 'price': 1.8288, 'value': 751182.3980640001, 'profit_pct': 5.282220467965802}}",-0.006873316526465056,1.0540245982260732,-0.6873316526465056
2025-11-04,307286.3327692328,729092.54376,1036378.8765292328,"{'021093': {'shares': 543126.15, 'price': 1.3424, 'value': 729092.54376, 'profit_pct': 0.0}}",-0.016741280731529584,1.0363788765292328,-2.3499529136468467
2025-11-05,307303.17037650786,723606.9696450001,1030910.1400215079,"{'021093': {'shares': 543126.15, 'price': 1.3323, 'value': 723606.9696450001, 'profit_pct': -0.75238379022646}}",-0.005276773419040981,1.030910140021508,-2.8652300864802083
2025-11-06,307320.0089063915,735229.869255,1042549.8781613915,"{'021093': {'shares': 543126.15, 'price': 1.3537, 'value': 735229.869255, 'profit_pct': 0.8417759237187027}}",0.011290739791967486,1.0425498781613916,-1.7685066746340294
2025-11-07,307336.84835893434,716437.704465,1023774.5528239342,"{'021093': {'shares': 543126.15, 'price': 1.3191, 'value': 716437.704465, 'profit_pct': -1.735697258641247}}",-0.01800904276212556,1.0237745528239341,-3.5375618385179886
2025-11-10,307353.68873418693,730939.1726700001,1038292.861404187,"{'021093': {'shares': 543126.15, 'price': 1.3458, 'value': 730939.1726700001, 'profit_pct': 0.2532777115613878}}",0.014181157892825258,1.038292861404187,-2.1696127722231173
2025-11-11,307370.5300321998,729364.106835,1036734.6368671998,"{'021093': {'shares': 543126.15, 'price': 1.3429, 'value': 729364.106835, 'profit_pct': 0.03724672228843451}}",-0.0015007562845803513,1.0367346368671997,-2.3164323406781318
2025-11-12,307387.3722530235,729255.481605,1036642.8538580234,"{'021093': {'shares': 543126.15, 'price': 1.3427, 'value': 729255.481605, 'profit_pct': 0.022348033373060707}}",-8.853086017623912e-05,1.0366428538580235,-2.3250803509480944
2025-11-13,307404.21539670863,734741.0557200001,1042145.2711167086,"{'021093': {'shares': 543126.15, 'price': 1.3528, 'value': 734741.0557200001, 'profit_pct': 0.7747318235995205}}",0.0053079199245980035,1.0421452711167087,-1.806629698809381
2025-11-14,307421.05946330575,719859.39921,1027280.4586733057,"{'021093': {'shares': 543126.15, 'price': 1.3254, 'value': 719859.39921, 'profit_pct': -1.2663885578069225}}",-0.014263666357641869,1.0272804586733058,-3.207227171317939
2025-11-17,307437.9044528654,715025.576475,1022463.4809278655,"{'021093': {'shares': 543126.15, 'price': 1.3165, 'value': 715025.576475, 'profit_pct': -1.9293802145411227}}",-0.0046890580899991985,1.0224634809278654,-3.6610941058037305
2025-11-18,306735.5650004382,703795.98654,1010531.5515404381,"{'021093': {'shares': 543681.72, 'price': 1.2945, 'value': 703795.98654, 'profit_pct': -3.564719714246223}}",-0.011669785385977183,1.010531551540438,-4.785348461908856
2025-11-19,306752.3724286574,697489.2785879999,1004241.6510166572,"{'021093': {'shares': 543681.72, 'price': 1.2829, 'value': 697489.2785879999, 'profit_pct': -4.4288751806925335}}",-0.006224348476989827,1.0042416510166572,-5.377997633197085
2025-11-20,306769.18077783164,695042.7108479999,1001811.8916258316,"{'021093': {'shares': 543681.72, 'price': 1.2784, 'value': 695042.7108479999, 'profit_pct': -4.764107904744976}}",-0.0024194967300608106,1.0018118916258316,-5.6069352585153664
2025-11-21,306785.9900480113,677971.10484,984757.0948880113,"{'021093': {'shares': 543681.72, 'price': 1.247, 'value': 677971.10484, 'profit_pct': -7.1032873570220385}}",-0.017023951183232744,0.9847570948880113,-7.213878184710143
2025-11-24,306802.8002392468,696836.860524,1003639.6607632468,"{'021093': {'shares': 543681.72, 'price': 1.2817, 'value': 696836.860524, 'profit_pct': -4.518270573773176}}",0.01917484623696253,1.0036396607632467,-5.434718565977881
2025-11-25,301136.9895865887,712523.225937,1013660.2155235887,"{'021093': {'shares': 543681.72, 'price': 1.3001, 'value': 706840.604172, 'profit_pct': -3.147541213203174}, '017513': {'shares': 3466.07, 'price': 1.6395, 'value': 5682.621765, 'profit_pct': 0.0}}",0.009984215602561353,1.0136602155235888,-4.490558407623713
2025-11-26,301153.49024355237,710652.1786339999,1011805.6688775523,"{'021093': {'shares': 543681.72, 'price': 1.2967, 'value': 704992.0863239999, 'profit_pct': -3.4008281602650277}, '017513': {'shares': 3466.07, 'price': 1.633, 'value': 5660.09231, 'profit_pct': -0.3964623360780696}}",-0.0018295545367522648,1.0118056688775523,-4.665298139791718
2025-11-27,301169.99180466164,705018.636039,1006188.6278436617,"{'021093': {'shares': 543681.72, 'price': 1.2864, 'value': 699392.164608, 'profit_pct': -4.168138617540626}, '017513': {'shares': 3466.07, 'price': 1.6233, 'value': 5626.471431, 'profit_pct': -0.9881061299176574}}",-0.0055515018413780925,1.0061886278436618,-5.194548912715891
2025-11-28,301186.49426996603,704495.4041319999,1005681.898401966,"{'021093': {'shares': 543681.72, 'price': 1.2854, 'value': 698848.482888, 'profit_pct': -4.242634778441161}, '017513': {'shares': 3466.07, 'price': 1.6292, 'value': 5646.921244, 'profit_pct': -0.6282403171698674}}",-0.0005036127696868009,1.005681898401966,-5.242294148519367
2025-12-01,301202.9976395151,707620.7811949999,1008823.778834515,"{'021093': {'shares': 543681.72, 'price': 1.291, 'value': 701893.10052, 'profit_pct': -3.8254562773981293}, '017513': {'shares': 3466.07, 'price': 1.6525, 'value': 5727.6806750000005, 'profit_pct': 0.7929246721561527}}",0.003124129446439694,1.0088237788345151,-4.946258809391679
2025-12-02,301219.5019133584,670229.6406189998,971449.1425323582,"{'021093': {'shares': 543681.72, 'price': 1.2223, 'value': 664542.1663559999, 'profit_pct': -8.943342531265479}, '017513': {'shares': 3466.07, 'price': 1.6409, 'value': 5687.474263, 'profit_pct': 0.08539188777066592}}",-0.03704773527972882,0.9714491425323581,-8.467784650369193
2025-12-03,301236.00709154544,658518.300791,959754.3078825455,"{'021093': {'shares': 543681.72, 'price': 1.2008, 'value': 652853.009376, 'profit_pct': -10.545009990627156}, '017513': {'shares': 3466.07, 'price': 1.6345, 'value': 5665.291415000001, 'profit_pct': -0.304971027752357}}",-0.01203854544492855,0.9597543078825456,-9.569699384530717
2025-12-04,301252.5131741258,665946.983756,967199.4969301258,"{'021093': {'shares': 543681.72, 'price': 1.2145, 'value': 660301.4489399999, 'profit_pct': -9.52441258628972}, '017513': {'shares': 3466.07, 'price': 1.6288, 'value': 5645.534816, 'profit_pct': -0.6526379993900538}}",0.007757390601357272,0.9671994969301257,-8.868196220458358
2025-12-05,301269.0201611491,670921.225274,972190.2454351491,"{'021093': {'shares': 543681.72, 'price': 1.2235, 'value': 665194.58442, 'profit_pct': -8.85394713818482}, '017513': {'shares': 3466.07, 'price': 1.6522, 'value': 5726.640854, 'profit_pct': 0.7746264104909993}}",0.005159999070371679,0.9721902454351491,-8.397956197674638
2025-12-08,301285.52805266477,667183.7348129998,968469.2628656647,"{'021093': {'shares': 543681.72, 'price': 1.2165, 'value': 661388.8123799999, 'profit_pct': -9.375420264488634}, '017513': {'shares': 3466.07, 'price': 1.6719, 'value': 5794.922433, 'profit_pct': 1.976212259835315}}",-0.0038274222426690763,0.9684692628656647,-8.748555897597598
2025-12-09,290470.4344167225,668841.9220239999,959312.3564407224,"{'021093': {'shares': 552709.5599999999, 'price': 1.1998, 'value': 663140.9300879999, 'profit_pct': -10.464200265743644}, '017513': {'shares': 3466.07, 'price': 1.6448, 'value': 5700.991936, 'profit_pct': 0.3232692894175104}}",-0.009455030506437923,0.9593123564407223,-9.611341085342328
2025-12-10,290486.35060490976,670070.521351,960556.8719559098,"{'021093': {'shares': 552709.5599999999, 'price': 1.2021, 'value': 664412.1620759999, 'profit_pct': -10.292561376438103}, '017513': {'shares': 3466.07, 'price': 1.6325, 'value': 5658.359275000001, 'profit_pct': -0.42695943885330256}}",0.0012972995780069496,0.9605568719559098,-9.494079916275734
2025-12-11,290502.2676652169,664132.3180109999,954634.5856762168,"{'021093': {'shares': 552709.5599999999, 'price': 1.191, 'value': 658277.0859599999, 'profit_pct': -11.12090558134745}, '017513': {'shares': 3466.07, 'price': 1.6893, 'value': 5855.232051, 'profit_pct': 3.0375114364135447}}",-0.006165471772258457,0.9546345856762167,-10.052091611774216
2025-12-12,290518.1855976917,675497.178084,966015.3636816917,"{'021093': {'shares': 552709.5599999999, 'price': 1.2115, 'value': 669607.63194, 'profit_pct': -9.591080698406751}, '017513': {'shares': 3466.07, 'price': 1.6992, 'value': 5889.546144000001, 'profit_pct': 3.6413540713632258}}",0.011921606629633485,0.9660153636816917,-8.979768030811474
2025-12-15,290534.104402382,662611.9270319999,953146.0314343818,"{'021093': {'shares': 552709.5599999999, 'price': 1.1883, 'value': 656784.7701479999, 'profit_pct': -11.32239471227136}, '017513': {'shares': 3466.07, 'price': 1.6812, 'value': 5827.156884, 'profit_pct': 2.543458371454716}}",-0.013322078230994294,0.9531460314343818,-10.192346681708253
2025-12-16,285985.39095433557,655710.702725,941696.0936793356,"{'021093': {'shares': 556619.3099999999, 'price': 1.1675, 'value': 649853.044425, 'profit_pct': -12.79574625825298}, '017513': {'shares': 3466.07, 'price': 1.69, 'value': 5857.6583, 'profit_pct': 3.0802073802988708}}",-0.012012784376613683,0.9416960936793356,-11.271186656390563
2025-12-17,286001.06138671667,662609.6627059999,948610.7240927166,"{'021093': {'shares': 556619.3099999999, 'price': 1.1799, 'value': 656755.1238689999, 'profit_pct': -11.869551186392028}, '017513': {'shares': 3466.07, 'price': 1.6891, 'value': 5854.538837, 'profit_pct': 3.025312595303452}}",0.0073427408903912195,0.9486107240927166,-10.619673970496546
2025-12-18,286016.73267775157,656125.4967569999,942142.2294347514,"{'021093': {'shares': 556619.3099999999, 'price': 1.1683, 'value': 650298.3398729998, 'profit_pct': -12.735991737487765}, '017513': {'shares': 3466.07, 'price': 1.6812, 'value': 5827.156884, 'profit_pct': 2.543458371454716}}",-0.006818913695237683,0.9421422294347515,-11.22915069974394
2025-12-19,286032.40482748736,661022.5020529999,947054.9068804872,"{'021093': {'shares': 556619.3099999999, 'price': 1.177, 'value': 655140.9278699999, 'profit_pct': -12.086161324165955}, '017513': {'shares': 3466.07, 'price': 1.6969, 'value': 5881.574183000001, 'profit_pct': 3.501067398597141}}",0.00521436922393681,0.9470549068804872,-10.766266715169948
2025-12-22,286048.0778359711,664208.403186,950256.481021971,"{'021093': {'shares': 556619.3099999999, 'price': 1.1827, 'value': 658313.6579369999, 'profit_pct': -11.660410363713739}, '017513': {'shares': 3466.07, 'price': 1.7007, 'value': 5894.7452490000005, 'profit_pct': 3.7328453796889387}}",0.0033805581051571387,0.950256481021971,-10.464606894860474
2025-12-23,285094.41042524984,661300.6774899999,946395.0879152498,"{'021093': {'shares': 557443.72, 'price': 1.1758, 'value': 655442.3259759999, 'profit_pct': -12.159975820661606}, '017513': {'shares': 3466.07, 'price': 1.6902, 'value': 5858.351514, 'profit_pct': 3.0924062214089645}}",-0.004063527251683019,0.9463950879152497,-10.828436404733367
2025-12-24,285110.03203678003,659203.880988,944313.91302478,"{'021093': {'shares': 557443.72, 'price': 1.172, 'value': 653324.03984, 'profit_pct': -12.443860913263654}, '017513': {'shares': 3466.07, 'price': 1.6964, 'value': 5879.8411479999995, 'profit_pct': 3.470570295821894}}",-0.002199055042703457,0.94431391302478,-11.024529581323284
2025-12-25,285125.6545042889,658583.126897,943708.7814012889,"{'021093': {'shares': 557443.72, 'price': 1.1708, 'value': 652655.107376, 'profit_pct': -12.533508837243238}, '017513': {'shares': 3466.07, 'price': 1.7103, 'value': 5928.019521, 'profit_pct': 4.318389752973466}}",-0.0006408161683785218,0.9437087814012889,-11.081546501356653
2025-12-26,285141.2778278234,658268.0706569998,943409.3484848232,"{'021093': {'shares': 557443.72, 'price': 1.1702, 'value': 652320.6411439999, 'profit_pct': -12.578332799233047}, '017513': {'shares': 3466.07, 'price': 1.7159, 'value': 5947.429513, 'profit_pct': 4.659957304056117}}",-0.0003172937693989297,0.9434093484848233,-11.109759772636362
2025-12-29,285156.90200743044,652890.962027,938047.8640344305,"{'021093': {'shares': 557443.72, 'price': 1.1606, 'value': 646969.181432, 'profit_pct': -13.295516191069781}, '017513': {'shares': 3466.07, 'price': 1.7085, 'value': 5921.780595, 'profit_pct': 4.208600182982614}}",-0.005683094469016714,0.9380478640344305,-11.614931405222062
2025-12-30,285902.8346091569,656596.981552,942499.8161611569,"{'021093': {'shares': 561866.32, 'price': 1.1686, 'value': 656596.981552, 'profit_pct': -12.610519084197053}}",0.004745975442637995,0.9424998161611569,-11.195458040175376
2025-12-31,285918.5005179026,653225.783632,939144.2841499026,"{'021093': {'shares': 561866.32, 'price': 1.1626, 'value': 653225.783632, 'profit_pct': -13.059207160095406}}",-0.003560246860229044,0.9391442841499026,-11.51162413186192
2026-01-05,285934.1672850543,677610.7819199999,963544.9492050542,"{'021093': {'shares': 561866.32, 'price': 1.206, 'value': 677610.7819199999, 'profit_pct': -9.813696744430649}}",0.025981806488061254,0.9635449492050542,-9.212536273613136
2026-01-06,285949.83491065894,685083.603976,971033.438886659,"{'021093': {'shares': 561866.32, 'price': 1.2193, 'value': 685083.603976, 'profit_pct': -8.819104842855955}}",0.007771811463266998,0.9710334388866589,-8.506953222303471
2026-01-07,285965.5033947637,676093.742856,962059.2462507637,"{'021093': {'shares': 561866.32, 'price': 1.2033, 'value': 676093.742856, 'profit_pct': -10.015606378584902}}",-0.009241898658180814,0.9620592462507637,-9.352522688551135
2026-01-08,285981.1727374155,670306.5197599999,956287.6924974155,"{'021093': {'shares': 561866.32, 'price': 1.193, 'value': 670306.5197599999, 'profit_pct': -10.78585424221041}}",-0.0059991666582286385,0.9562876924974155,-9.896332012090525
2026-01-09,285996.8429386614,677498.4086559999,963495.2515946613,"{'021093': {'shares': 561866.32, 'price': 1.2058, 'value': 677498.4086559999, 'profit_pct': -9.828653013627259}}",0.007537019616369545,0.9634952515946613,-9.217218898958802
2026-01-12,286012.5139985485,711491.3210159999,997503.8350145484,"{'021093': {'shares': 561866.32, 'price': 1.2663, 'value': 711491.3210159999, 'profit_pct': -5.30438158165218}}",0.035297094992009725,0.9975038350145484,-6.012850450796514
2026-01-13,286028.1859171238,713401.666504,999429.8524211238,"{'021093': {'shares': 561866.32, 'price': 1.2697, 'value': 713401.666504, 'profit_pct': -5.0501250053097735}}",0.0019308370945232411,0.9994298524211238,-5.831376576038405
2026-01-14,286043.85869443434,724976.1126959999,1011019.9713904343,"{'021093': {'shares': 561866.32, 'price': 1.2903, 'value': 724976.1126959999, 'profit_pct': -3.5096292780587577}}",0.011596730817308831,1.0110199713904342,-4.739328398754184
2026-01-15,286059.5323305272,712165.5606,998225.0929305272,"{'021093': {'shares': 561866.32, 'price': 1.2675, 'value': 712165.5606, 'profit_pct': -5.214643966472502}}",-0.01265541613615273,0.9982250929305272,-5.944891839277333
2026-01-16,286075.2068254494,706884.0171919999,992959.2240174494,"{'021093': {'shares': 561866.32, 'price': 1.2581, 'value': 706884.0171919999, 'profit_pct': -5.917588618713263}}",-0.00527523195957591,0.9929592240174494,-6.441054351808151
2026-01-19,286090.8821792481,691657.43992,977748.3220992482,"{'021093': {'shares': 561866.32, 'price': 1.231, 'value': 691657.43992, 'profit_pct': -7.944163094854159}}",-0.015318757860628862,0.9777483220992482,-7.8742611858885425
2026-01-20,286106.55839197023,684858.857448,970965.4158399702,"{'021093': {'shares': 561866.32, 'price': 1.2189, 'value': 684858.857448, 'profit_pct': -8.849017381249176}}",-0.00693727220591378,0.9709654158399702,-8.513362513212952
2026-01-21,286122.23546366295,691994.559712,978116.795175663,"{'021093': {'shares': 561866.32, 'price': 1.2316, 'value': 691994.559712, 'profit_pct': -7.899294287264329}}",0.007365225598180647,0.978116795175663,-7.8395427889037865
2026-01-22,286137.9133943733,690814.64044,976952.5538343734,"{'021093': {'shares': 561866.32, 'price': 1.2295, 'value': 690814.64044, 'profit_pct': -8.056335113828753}}",-0.0011902886721012473,0.9769525538343734,-7.94924033713783
2026-01-23,286153.5921841484,694972.451208,981126.0433921483,"{'021093': {'shares': 561866.32, 'price': 1.2369, 'value': 694972.451208, 'profit_pct': -7.50295315355411}}",0.004271947026899925,0.9811260433921484,-7.556004368072189
2026-01-26,286169.2718330352,688567.17516,974736.4469930353,"{'021093': {'shares': 561866.32, 'price': 1.2255, 'value': 688567.17516, 'profit_pct': -8.35546049776099}}",-0.006512513292401878,0.9747364469930353,-8.158047118427858
2026-01-27,286184.9523410809,693792.5319359999,979977.4842770807,"{'021093': {'shares': 561866.32, 'price': 1.2348, 'value': 693792.5319359999, 'profit_pct': -7.65999398011855}}",0.005376876283033738,0.9799774842770808,-7.664224300191435
2026-01-28,286200.6337083325,706603.0840319999,992803.7177403325,"{'021093': {'shares': 561866.32, 'price': 1.2576, 'value': 706603.0840319999, 'profit_pct': -5.954979291704789}}",0.013088294036381454,0.9928037177403325,-6.455706517754978
2026-01-29,286216.3159348371,707783.003304,993999.3192388371,"{'021093': {'shares': 561866.32, 'price': 1.2597, 'value': 707783.003304, 'profit_pct': -5.797938465140366}}",0.0012042677491437281,0.9939993192388371,-6.343054141997884
2026-01-30,286231.9990206418,690028.027592,976260.0266126418,"{'021093': {'shares': 561866.32, 'price': 1.2281, 'value': 690028.027592, 'profit_pct': -8.16102899820504}}",-0.017846383073762406,0.9762600266126418,-8.014491875298413
2026-02-02,286247.68296579365,672160.6786159999,958408.3615817935,"{'021093': {'shares': 561866.32, 'price': 1.1963, 'value': 672160.6786159999, 'profit_pct': -10.539075800466327}}",-0.018285768692987148,0.9584083615817935,-9.696517599973598
2026-02-03,286263.3677703397,663283.19076,949546.5585303397,"{'021093': {'shares': 561866.32, 'price': 1.1805, 'value': 663283.19076, 'profit_pct': -11.720621066998646}}",-0.009246374934404722,0.9495465585303398,-10.53149745612666
2026-02-04,286279.0534343271,647326.1872719999,933605.240706327,"{'021093': {'shares': 561866.32, 'price': 1.1521, 'value': 647326.1872719999, 'profit_pct': -13.844411292917542}}",-0.016788347744302157,0.933605240706327,-12.033525788995181
2026-02-05,286043.073542803,653533.6366789999,939576.7102218028,"{'021093': {'shares': 562082.7699999999, 'price': 1.1627, 'value': 653533.6366789999, 'profit_pct': -13.047358756749375}}",0.006396139669222478,0.9395767102218028,-11.470879933732537
2026-02-06,286058.7471358739,642966.4806029998,929025.2277388737,"{'021093': {'shares': 562082.7699999999, 'price': 1.1439, 'value': 642966.4806029998, 'profit_pct': -14.453318725247808}}",-0.011230038344009485,0.9290252277388736,-12.465065346638138
2026-02-09,286074.42158777174,652184.6380309999,938259.0596187717,"{'021093': {'shares': 562082.7699999999, 'price': 1.1603, 'value': 652184.6380309999, 'profit_pct': -13.226843008047043}}",0.009939269251462601,0.9382590596187717,-11.5950320622092
2026-02-10,286090.0968985437,652240.8463079999,938330.9432065436,"{'021093': {'shares': 562082.7699999999, 'price': 1.1604, 'value': 652240.8463079999, 'profit_pct': -13.219364497576308}}",7.661379555568004e-05,0.9383309432065435,-11.588259022069503
2026-02-11,286105.7730682368,658198.9236699999,944304.6967382368,"{'021093': {'shares': 562082.7699999999, 'price': 1.171, 'value': 658198.9236699999, 'profit_pct': -12.426642387678267}}",0.006366361010412103,0.9443046967382368,-11.02539796144496
2026-02-12,283273.50941889815,651154.2075959999,934427.7170148981,"{'021093': {'shares': 564551.94, 'price': 1.1534, 'value': 651154.2075959999, 'profit_pct': -13.690982569193885}}",-0.010459526207436287,0.9344277170148981,-11.95603014326344
2026-02-13,283289.0312550307,643081.1148539999,926370.1461090306,"{'021093': {'shares': 564551.94, 'price': 1.1391, 'value': 643081.1148539999, 'profit_pct': -14.761052752357164}}",-0.008623000751313392,0.9263701461090306,-12.715233361486689
2026-02-24,283304.5539416748,621007.134,904311.6879416748,"{'021093': {'shares': 564551.94, 'price': 1.1, 'value': 621007.134, 'profit_pct': -17.686908987439974}}",-0.02381171096673007,0.9043116879416748,-14.793632996481454
2026-02-25,283320.07747887715,618579.5606579998,901899.638136877,"{'021093': {'shares': 564551.94, 'price': 1.0957, 'value': 618579.5606579998, 'profit_pct': -18.00867834321636}}",-0.0026672770428168846,0.901899638136877,-15.020901983091772
2026-02-26,283335.6018666842,602772.106338,886107.7082046843,"{'021093': {'shares': 564551.94, 'price': 1.0677, 'value': 602772.106338, 'profit_pct': -20.10392065989969}}",-0.017509631076929155,0.8861077082046843,-16.508854638618043
2026-02-27,268706.5117171427,620183.026232,888889.5379491427,"{'021093': {'shares': 578205.32, 'price': 1.0726, 'value': 620183.026232, 'profit_pct': -19.361426542573955}}",0.0031393810466839867,0.8888895379491427,-16.24674411930458
2026-03-02,268721.2353616204,596360.967048,865082.2024096204,"{'021093': {'shares': 578205.32, 'price': 1.0314, 'value': 596360.967048, 'profit_pct': -22.45886195786945}}",-0.026783232925039147,0.8650822024096204,-18.48992707978765
2026-03-03,268735.9598128731,583004.4241559999,851740.383968873,"{'021093': {'shares': 578205.32, 'price': 1.0083, 'value': 583004.4241559999, 'profit_pct': -24.195530843629797}}",-0.015422601925672352,0.851740383968873,-19.747024487368602
2026-03-04,268750.68507094507,578956.986916,847707.6719869451,"{'021093': {'shares': 578205.32, 'price': 1.0013, 'value': 578956.986916, 'profit_pct': -24.721794142345043}}",-0.004734672745158042,0.8477076719869451,-20.126996063246093
2026-03-05,268765.41113588045,572191.9846719999,840957.3958078804,"{'021093': {'shares': 578205.32, 'price': 0.9896, 'value': 572191.9846719999, 'profit_pct': -25.601405655911975}}",-0.007962976391664212,0.8409573958078804,-20.763022907925766
2026-03-06,265942.96523572353,588674.8029959999,854617.7682317235,"{'021093': {'shares': 581005.5299999999, 'price': 1.0132, 'value': 588674.8029959999, 'profit_pct': -23.739571238389406}}",0.016243834101393295,0.8546177682317234,-19.475910597346203
2026-03-09,265957.53745299677,591405.5289869999,857363.0664399967,"{'021093': {'shares': 581005.5299999999, 'price': 1.0179, 'value': 591405.5289869999, 'profit_pct': -23.385816782033736}}",0.003212311176203908,0.8573630664399967,-19.21724216500441
2026-03-10,265972.1104687476,603316.1423519999,869288.2528207474,"{'021093': {'shares': 581005.5299999999, 'price': 1.0384, 'value': 603316.1423519999, 'profit_pct': -21.842845217078136}}",0.01390914403423893,0.8692882528207474,-18.093623150794414
2026-03-11,265986.6842830199,598668.0981119999,864654.7823950199,"{'021093': {'shares': 581005.5299999999, 'price': 1.0304, 'value': 598668.0981119999, 'profit_pct': -22.44498046193886}}",-0.005330188704025907,0.8646547823950199,-18.530199595463735
2026-03-12,266001.2588958574,591812.2328579999,857813.4917538572,"{'021093': {'shares': 581005.5299999999, 'price': 1.0186, 'value': 591812.2328579999, 'profit_pct': -23.33312994810843}}",-0.007912164230691965,0.8578134917538572,-19.17480203610612
2026-03-13,257357.08074930377,596752.5510239999,854109.6317733037,"{'021093': {'shares': 589559.9199999999, 'price': 1.0122, 'value': 596752.5510239999, 'profit_pct': -23.55066879890513}}",-0.004317791706657248,0.8541096317733037,-19.523788405563558
2026-03-16,257371.18250715308,610017.6492239999,867388.831731153,"{'021093': {'shares': 589559.9199999999, 'price': 1.0347, 'value': 610017.6492239999, 'profit_pct': -21.85129125294126}}",0.015547418579367811,0.867388831731153,-18.272591058223085
2026-03-17,257385.28503770143,609604.95728,866990.2423177015,"{'021093': {'shares': 589559.9199999999, 'price': 1.034, 'value': 609604.95728, 'profit_pct': -21.90416077659346}}",-0.0004595279520211992,0.8669902423177015,-18.3101470870781
2026-03-18,257399.3883409912,614026.65668,871426.0450209912,"{'021093': {'shares': 589559.9199999999, 'price': 1.0415, 'value': 614026.65668, 'profit_pct': -21.337701594605495}}",0.005116323675606438,0.8714260450209912,-17.892195358562912
2026-03-19,257413.4924170647,598639.142768,856052.6351850647,"{'021093': {'shares': 589559.9199999999, 'price': 1.0154, 'value': 598639.142768, 'profit_pct': -23.308979547923595}}",-0.01764166899046049,0.8560526351850648,-19.340714069580546
2026-03-20,256823.66695096428,578077.8719549999,834901.5389059641,"{'021093': {'shares': 590176.4899999999, 'price': 0.9795, 'value': 578077.8719549999, 'profit_pct': -26.000314683519658}}",-0.02470770535567368,0.8349015389059641,-21.333619940548388
2026-03-23,256837.73948066024,559723.3831159999,816561.1225966602,"{'021093': {'shares': 590176.4899999999, 'price': 0.9484, 'value': 559723.3831159999, 'profit_pct': -28.349870797192487}}",-0.021967160742495273,0.8165611225966601,-23.06169695634458
2026-03-24,256851.81278145371,572176.1070549999,829027.9198364536,"{'021093': {'shares': 590176.4899999999, 'price': 0.9695, 'value': 572176.1070549999, 'profit_pct': -26.7557989644434}}",0.015267439135663308,0.8290279198364536,-21.887046097424346
2026-03-25,256865.88685338697,585100.9721859999,841966.8590393869,"{'021093': {'shares': 590176.4899999999, 'price': 0.9914, 'value': 585100.9721859999, 'profit_pct': -25.10128838922041}}",0.015607362422107363,0.8419668590393868,-20.667908916005494
2026-03-26,256879.96169650223,569756.3834459999,826636.3451425021,"{'021093': {'shares': 590176.4899999999, 'price': 0.9654, 'value': 569756.3834459999, 'profit_pct': -27.06554751962213}}",-0.018207977822756072,0.8266363451425021,-22.11238587109573
2026-03-27,249690.87957984177,578553.0176999999,828243.8972798416,"{'021093': {'shares': 597616.9999999999, 'price': 0.9681, 'value': 578553.0176999999, 'profit_pct': -26.616145821349424}}",0.0019446908508025107,0.8282438972798416,-21.960918540508413
2026-03-30,249704.56127187356,567019.0095999999,816723.5708718734,"{'021093': {'shares': 597616.9999999999, 'price': 0.9488, 'value': 567019.0095999999, 'profit_pct': -28.079123184894467}}",-0.013909340528561409,0.8167235708718734,-23.046390699064624
2026-03-31,249718.24371358712,560146.4140999999,809864.657813587,"{'021093': {'shares': 597616.9999999999, 'price': 0.9373, 'value': 560146.4140999999, 'profit_pct': -28.95084544814669}}",-0.00839808388407881,0.809864657813587,-23.692653565156508
2026-04-01,249731.9269050235,570843.7583999999,820575.6853050234,"{'021093': {'shares': 597616.9999999999, 'price': 0.9552, 'value': 570843.7583999999, 'profit_pct': -27.59399079491061}}",0.013225700600830281,0.8205756853050235,-22.683435447565426
2026-04-02,249745.61084622378,557755.9461,807501.5569462237,"{'021093': {'shares': 597616.9999999999, 'price': 0.9333, 'value': 557755.9461, 'profit_pct': -29.254053191886598}}",-0.015932873216856103,0.8075015569462237,-23.915310468142238
2026-04-03,242687.07555722908,565246.4979799999,807933.573537229,"{'021093': {'shares': 605188.9699999999, 'price': 0.934, 'value': 565246.4979799999, 'profit_pct': -28.941375342621406}}",0.0005350040347154028,0.8079335735372289,-23.874604852262614
2026-04-07,242700.37347917745,564641.3090099999,807341.6824891773,"{'021093': {'shares': 605188.9699999999, 'price': 0.933, 'value': 564641.3090099999, 'profit_pct': -29.017455240541512}}",-0.0007325986534515438,0.8073416824891774,-23.93037421424131
2026-04-08,242713.67212977906,597260.9944929999,839974.6666227789,"{'021093': {'shares': 605188.9699999999, 'price': 0.9869, 'value': 597260.9944929999, 'profit_pct': -24.916748742647826}}",0.04042028900698935,0.8399746666227789,-20.85561795532742
2026-04-09,242726.97150907386,584188.9127409998,826915.8842500737,"{'021093': {'shares': 605188.9699999999, 'price': 0.9653, 'value': 584188.9127409998, 'profit_pct': -26.5600745377221}}",-0.015546638358999054,0.8269158842500737,-22.086047041122413
2026-04-10,242740.27161710177,584430.9883289998,827171.2599461016,"{'021093': {'shares': 605188.9699999999, 'price': 0.9657, 'value': 584430.9883289998, 'profit_pct': -26.529642578554064}}",0.00030882910933494045,0.8271712599461015,-22.06198494442536
2026-04-13,242753.5724539027,574021.7380449999,816775.3104989026,"{'021093': {'shares': 605188.9699999999, 'price': 0.9485, 'value': 574021.7380449999, 'profit_pct': -27.838216822779877}}",-0.012568073808411073,0.8167753104989026,-23.041515670124866
2026-04-14,242766.87401951663,579347.4009809999,822114.2750005166,"{'021093': {'shares': 605188.9699999999, 'price': 0.9573, 'value': 579347.4009809999, 'profit_pct': -27.16871372108295}}",0.006536637962713199,0.8221142750005166,-22.53846591990134
2026-04-15,242780.17631398348,586549.1497239998,829329.3260379833,"{'021093': {'shares': 605188.9699999999, 'price': 0.9692, 'value': 586549.1497239998, 'profit_pct': -26.263362935833694}}",0.008776214276856154,0.8293293260379833,-21.85864689860041
2026-04-16,242793.47933734316,607307.1313949999,850100.610732343,"{'021093': {'shares': 605188.9699999999, 'price': 1.0035, 'value': 607307.1313949999, 'profit_pct': -23.653822437174068}}",0.025045882307806355,0.850100610732343,-19.901527765450012
2026-04-17,242806.78308963563,601134.2039009999,843940.9869906355,"{'021093': {'shares': 605188.9699999999, 'price': 0.9933, 'value': 601134.2039009999, 'profit_pct': -24.429837395959154}}",-0.007245758518396039,0.8439409869906355,-20.481901952954008
2026-04-20,242820.08757090083,606036.2345579999,848856.3221289007,"{'021093': {'shares': 605188.9699999999, 'price': 1.0014, 'value': 606036.2345579999, 'profit_pct': -23.813590222806287}}",0.005824264035086735,0.8488563221289007,-20.018767554360096
2026-04-21,242833.3927811787,603070.8086049999,845904.2013861786,"{'021093': {'shares': 605188.9699999999, 'price': 0.9965, 'value': 603070.8086049999, 'profit_pct': -24.186381722614808}}",-0.003477762568014131,0.8459042013861786,-20.296923290703184
2026-04-22,242846.6987205092,588243.6788399998,831090.377560509,"{'021093': {'shares': 605188.9699999999, 'price': 0.972, 'value': 588243.6788399998, 'profit_pct': -26.0503392216574}}",-0.017512413109420977,0.8310903775605091,-21.69271649612825
2026-04-23,242860.00538893224,580376.2222299998,823236.227618932,"{'021093': {'shares': 605188.9699999999, 'price': 0.959, 'value': 580376.2222299998, 'profit_pct': -27.03937789461877}}",-0.009450416168493292,0.823236227618932,-22.432752914264032
2026-04-24,242873.31278648783,579286.8820839999,822160.1948704878,"{'021093': {'shares': 605188.9699999999, 'price': 0.9572, 'value': 579286.8820839999, 'profit_pct': -27.176321710874955}}",-0.0013070765259645123,0.8221601948704877,-22.534139242113483
2026-04-27,242886.62091321588,571843.0577529998,814729.6786662157,"{'021093': {'shares': 605188.9699999999, 'price': 0.9449, 'value': 571843.0577529998, 'profit_pct': -28.112104455292265}}",-0.009037796101819984,0.8147296786662157,-23.234259896495235
2026-04-28,242899.92976915636,558952.5326919998,801852.4624611562,"{'021093': {'shares': 605188.9699999999, 'price': 0.9236, 'value': 558952.5326919998, 'profit_pct': -29.73260628099051}}",-0.015805507694454768,0.8018524624611562,-24.4475813923717
2026-04-29,242913.2393543492,570995.7931949999,813909.0325493491,"{'021093': {'shares': 605188.9699999999, 'price': 0.9435, 'value': 570995.7931949999, 'profit_pct': -28.218616312380405}}",0.015035895819521805,0.8139090325493491,-23.3115830972745
2026-04-30,242926.5496688344,560283.9484259998,803210.4980948343,"{'021093': {'shares': 605188.9699999999, 'price': 0.9258, 'value': 560283.9484259998, 'profit_pct': -29.565230505566277}}",-0.01314463168077229,0.8032104980948342,-24.319624091642332
2026-05-06,242939.8607126519,573719.1435599999,816659.0042726517,"{'021093': {'shares': 605188.9699999999, 'price': 0.948, 'value': 573719.1435599999, 'profit_pct': -27.876256771739932}}",0.016743439247515424,0.8166590042726517,-23.052474315391613
2026-05-07,242953.17248584164,590119.7646469999,833072.9371328416,"{'021093': {'shares': 605188.9699999999, 'price': 0.9751, 'value': 590119.7646469999, 'profit_pct': -25.814491538105074}}",0.020098881876418728,0.8330729371328416,-21.50591508597397
2026-05-08,242966.4849884436,593932.4551579999,836898.9401464434,"{'021093': {'shares': 605188.9699999999, 'price': 0.9814, 'value': 593932.4551579999, 'profit_pct': -25.3351881812084}}",0.004592638703124541,0.8368989401464434,-21.145420113631474
2026-05-11,242979.7982204978,586246.5552389999,829226.3534594977,"{'021093': {'shares': 605188.9699999999, 'price': 0.9687, 'value': 586246.5552389999, 'profit_pct': -26.301402884793745}}",-0.009167877169976024,0.8292263534594977,-21.86834921631977
2026-05-12,242993.11218204413,579589.4765689998,822582.5887510439,"{'021093': {'shares': 605188.9699999999, 'price': 0.9577, 'value': 579589.4765689998, 'profit_pct': -27.138281761914907}}",-0.008012003816251445,0.8225825887510438,-22.494340300568638
2026-05-13,243006.42687312263,582433.8647279999,825440.2916011226,"{'021093': {'shares': 605188.9699999999, 'price': 0.9624, 'value': 582433.8647279999, 'profit_pct': -26.78070624169041}}",0.003474061922970728,0.8254402916011226,-22.22508083939212
2026-05-14,243019.74229377322,583402.1670799998,826421.909373773,"{'021093': {'shares': 605188.9699999999, 'price': 0.964, 'value': 583402.1670799998, 'profit_pct': -26.658978405018246}}",0.00118920506139375,0.826421909373773,-22.132590511876828
2026-05-15,243033.0584440359,566093.7625379999,809126.8209820358,"{'021093': {'shares': 605188.9699999999, 'price': 0.9354, 'value': 566093.7625379999, 'profit_pct': -28.834863485533262}}",-0.020927674103948468,0.8091268209820358,-23.762174280962977
2026-05-18,243046.37532395066,558770.9760009999,801817.3513249506,"{'021093': {'shares': 605188.9699999999, 'price': 0.9233, 'value': 558770.9760009999, 'profit_pct': -29.755430250366537}}",-0.009033775012196155,0.8018173513249506,-24.450889645927788
2026-05-19,243059.69293355747,560768.0996019999,803827.7925355573,"{'021093': {'shares': 605188.9699999999, 'price': 0.9266, 'value': 560768.0996019999, 'profit_pct': -29.50436658723019}}",0.0025073555807748615,0.8038277925355573,-24.26146116245893
2026-05-20,243073.0112728963,552355.9729189998,795428.9841918962,"{'021093': {'shares': 605188.9699999999, 'price': 0.9127, 'value': 552355.9729189998, 'profit_pct': -30.56187716831966}}",-0.01044851698542082,0.7954289841918961,-25.05281657195393
2026-05-21,238601.5088420072,541590.0323749998,780191.541217007,"{'021093': {'shares': 610242.2899999998, 'price': 0.8875, 'value': 541590.0323749998, 'profit_pct': -32.29700052288641}}",-0.019156258167244755,0.780191541217007,-26.48852416660943
2026-05-22,238614.58289728622,543176.6623289998,781791.2452262861,"{'021093': {'shares': 610242.2899999998, 'price': 0.8901, 'value': 543176.6623289998, 'profit_pct': -32.098659341319646}}",0.002050399068392661,0.7817912452262861,-26.33779630504448
2026-05-25,238627.65766895184,542871.5411839997,781499.1988529516,"{'021093': {'shares': 610242.2899999998, 'price': 0.8896, 'value': 542871.5411839997, 'profit_pct': -32.13680187623633}}",-0.00037356055739656835,0.7814991988529516,-26.36531359891583
2026-05-26,238640.73315704332,538050.6270929999,776691.3602500432,"{'021093': {'shares': 610242.2899999998, 'price': 0.8817, 'value': 538050.6270929999, 'profit_pct': -32.739453927919925}}",-0.006152071057737629,0.7766913602500433,-26.818319421969527
2026-05-27,238653.80936159988,529507.2350329999,768161.0443945997,"{'021093': {'shares': 610242.2899999998, 'price': 0.8677, 'value': 529507.2350329999, 'profit_pct': -33.807444905587076}}",-0.010982890105404652,0.7681610443945998,-27.62206577748686
2026-05-28,230567.2364726608,526256.3782489998,756823.6147216606,"{'021093': {'shares': 619781.3899999998, 'price': 0.8491, 'value': 526256.3782489998, 'profit_pct': -34.87324868524291}}",-0.014759183319266511,0.7568236147216606,-28.690304976946745
2026-05-29,230579.8702938374,526070.4438319998,756650.3141258372,"{'021093': {'shares': 619781.3899999998, 'price': 0.8488, 'value': 526070.4438319998, 'profit_pct': -34.89625896129335}}",-0.00022898412847116578,0.7566503141258372,-28.70663376531315
2026-06-01,230592.50480727816,545407.6231999998,776000.128007278,"{'021093': {'shares': 619781.3899999998, 'price': 0.88, 'value': 545407.6231999998, 'profit_pct': -32.50319025204777}}",0.02557299391832779,0.7760001280072779,-26.88344894417639
2026-06-02,230605.14001302104,572801.9606379998,803407.1006510209,"{'021093': {'shares': 619781.3899999998, 'price': 0.9242, 'value': 572801.9606379998, 'profit_pct': -29.113009580616527}}",0.035318257890140314,0.8034071006510208,-24.301099737949205
2026-06-03,230617.77591110396,550055.9836249998,780673.7595361037,"{'021093': {'shares': 619781.3899999998, 'price': 0.8875, 'value': 550055.9836249998, 'profit_pct': -31.927933350786812}}",-0.028296166534370726,0.7806737595361037,-26.443088426232908
2026-06-04,230630.41250156486,539581.6781339998,770212.0906355646,"{'021093': {'shares': 619781.3899999998, 'price': 0.8706, 'value': 539581.6781339998, 'profit_pct': -33.224178901628164}}",-0.01340082047429858,0.7702120906355646,-27.428811392876817
2026-06-05,230643.04978444168,536854.6400179998,767497.6898024415,"{'021093': {'shares': 619781.3899999998, 'price': 0.8662, 'value': 536854.6400179998, 'profit_pct': -33.56166295036793}}",-0.0035242251661918855,0.7674976898024415,-27.684568602106495
2026-06-08,230655.68775977235,523281.4275769998,753937.1153367722,"{'021093': {'shares': 619781.3899999998, 'price': 0.8443, 'value': 523281.4275769998, 'profit_pct': -35.24141310204992}}",-0.01766855411533541,0.7539371153367722,-28.962277715134
2026-06-09,230668.32642759482,523343.40571599983,754011.7321435947,"{'021093': {'shares': 619781.3899999998, 'price': 0.8444, 'value': 523343.40571599983, 'profit_pct': -35.23374301003311}}",9.896953645682771e-05,0.7540117321435946,-28.955247144688524
2026-06-10,230680.96578794703,523591.31827199983,754272.2840599469,"{'021093': {'shares': 619781.3899999998, 'price': 0.8448, 'value': 523591.31827199983, 'profit_pct': -35.20306264196586}}",0.00034555419397985787,0.7542722840599468,-28.930697332379108
2026-06-11,226236.98431486695,518999.1315039999,745236.1158188668,"{'021093': {'shares': 625149.5199999998, 'price': 0.8302, 'value': 518999.1315039999, 'profit_pct': -36.12366384992173}}",-0.011979981807686224,0.7452361158188667,-29.78210628542215
2026-06-12,226249.3808619527,525625.7164159998,751875.0972779525,"{'021093': {'shares': 625149.5199999998, 'price': 0.8408, 'value': 525625.7164159998, 'profit_pct': -35.30809029753577}}",0.008908561083074806,0.7518750972779524,-29.156565890140985
2026-06-15,226261.7780883013,526125.8360319998,752387.6141203011,"{'021093': {'shares': 625149.5199999998, 'price': 0.8416, 'value': 526125.8360319998, 'profit_pct': -35.24653757660098}}",0.000681651572454145,0.7523876141203011,-29.10827535188195
2026-06-16,226274.17599395,512247.5166879998,738521.6926819498,"{'021093': {'shares': 625149.5199999998, 'price': 0.8194, 'value': 512247.5166879998, 'profit_pct': -36.954625582541404}}",-0.018429226077257277,0.7385216926819498,-30.414754972428792
2026-06-17,226286.57457893598,508871.7092799998,735158.2838589358,"{'021093': {'shares': 625149.5199999998, 'price': 0.814, 'value': 508871.7092799998, 'profit_pct': -37.37010644885124}}",-0.004554245130972023,0.7351582838589358,-30.731663235783103
2026-06-18,220631.6743082965,504349.07163899986,724980.7459472964,"{'021093': {'shares': 632254.0699999998, 'price': 0.7977, 'value': 504349.07163899986, 'profit_pct': -38.35670186401094}}",-0.013844009018324943,0.7249807459472963,-31.690614714631295
2026-06-22,220643.76371510793,494865.26058899984,715509.0243041078,"{'021093': {'shares': 632254.0699999998, 'price': 0.7827, 'value': 494865.26058899984, 'profit_pct': -39.51584624415364}}",-0.01306479061152499,0.7155090243041078,-32.58306253018662
2026-06-23,220655.8537843526,478932.4580249998,699588.3118093524,"{'021093': {'shares': 632254.0699999998, 'price': 0.7575, 'value': 478932.4580249998, 'profit_pct': -41.46320880279339}}",-0.022250889861577416,0.6995883118093523,-34.08314938063229
2026-06-24,220667.94451606684,479122.1342459999,699790.0787620668,"{'021093': {'shares': 632254.0699999998, 'price': 0.7578, 'value': 479122.1342459999, 'profit_pct': -41.440025915190525}}",0.00028840812419028694,0.6997900787620668,-34.06413842539262
2026-06-25,220680.0359102869,469322.1961609998,690002.2320712868,"{'021093': {'shares': 632254.0699999998, 'price': 0.7423, 'value': 469322.1961609998, 'profit_pct': -42.637808441337995}}",-0.013986832605707655,0.6900022320712867,-34.98637228394978
2026-06-26,206949.54670704913,467068.7494499999,674018.296157049,"{'021093': {'shares': 651420.8499999999, 'price': 0.717, 'value': 467068.7494499999, 'profit_pct': -43.85625990271724}}",-0.02316504957709531,0.674018296157049,-36.49241619317889
2026-06-29,206960.88640823858,483289.1286149999,690250.0150232385,"{'021093': {'shares': 651420.8499999999, 'price': 0.7419, 'value': 483289.1286149999, 'profit_pct': -41.90649821733044}}",0.024082015219372366,0.6902500150232385,-34.963025593397454
2026-06-30,206972.22673078152,482507.4235949999,689479.6503257814,"{'021093': {'shares': 651420.8499999999, 'price': 0.7407, 'value': 482507.4235949999, 'profit_pct': -42.00046263590329}}",-0.0011160661799205496,0.6894796503257814,-35.03561116097702
2026-07-01,206983.567674712,482116.5710849999,689100.1387597119,"{'021093': {'shares': 651420.8499999999, 'price': 0.7401, 'value': 482116.5710849999, 'profit_pct': -42.04744484518972}}",-0.0005504318595773716,0.6891001387597119,-35.07136963033199
2026-07-02,206994.90924006404,492539.30468499986,699534.2139250638,"{'021093': {'shares': 651420.8499999999, 'price': 0.7561, 'value': 492539.30468499986, 'profit_pct': -40.79458593088495}}",0.015141594927163826,0.6995342139250639,-34.08824661009893
2026-07-03,207006.25142687172,499639.7919499999,706646.0433768716,"{'021093': {'shares': 651420.8499999999, 'price': 0.767, 'value': 499639.7919499999, 'profit_pct': -39.94107579551482}}",0.010166521251195881,0.7066460433768716,-33.418153368556915
2026-07-06,207017.5942351691,511495.6514199999,718513.245655169,"{'021093': {'shares': 651420.8499999999, 'price': 0.7852, 'value': 511495.6514199999, 'profit_pct': -38.51594878049313}}",0.016793700876873485,0.718513245655169,-32.29999775239859
2026-07-07,207028.9376649902,509020.25218999985,716049.18985499,"{'021093': {'shares': 651420.8499999999, 'price': 0.7814, 'value': 509020.25218999985, 'profit_pct': -38.813502772640526}}",-0.0034293811771447524,0.71604918985499,-32.53216686579917
2026-07-08,207040.28171636912,541526.152605,748566.434321369,"{'021093': {'shares': 651420.8499999999, 'price': 0.8313, 'value': 541526.152605, 'profit_pct': -34.9061490336525}}",0.045412026055031474,0.748566434321369,-29.46831586963232
2026-07-09,207051.6263893399,532145.6923649999,739197.3187543398,"{'021093': {'shares': 651420.8499999999, 'price': 0.8169, 'value': 532145.6923649999, 'profit_pct': -36.0337220565268}}",-0.012516077581708585,0.7391973187543398,-30.351095900176574
2026-07-10,207062.97168393657,536640.4962299998,743703.4679139364,"{'021093': {'shares': 651420.8499999999, 'price': 0.8238, 'value': 536640.4962299998, 'profit_pct': -35.49342664973287}}",0.006096003117530335,0.7437034679139364,-29.92651596365148
2026-07-13,207074.31760019323,529149.1564549999,736223.4740551931,"{'021093': {'shares': 651420.8499999999, 'price': 0.8123, 'value': 529149.1564549999, 'profit_pct': -36.393918994389416}}",-0.010057763855430668,0.7362234740551932,-30.631298518616358
2026-07-14,207085.66413814394,531689.6977699999,738775.3619081439,"{'021093': {'shares': 651420.8499999999, 'price': 0.8162, 'value': 531689.6977699999, 'profit_pct': -36.08853463402763}}",0.003466186481252409,0.7387753619081439,-30.39085366331956
2026-07-15,207097.01129782276,542177.573455,749274.5847528228,"{'021093': {'shares': 651420.8499999999, 'price': 0.8323, 'value': 542177.573455, 'profit_pct': -34.82784535150845}}",0.014211658084483325,0.7492745847528227,-29.4015922760299
2026-07-16,207108.35907926376,563674.4615049999,770782.8205842637,"{'021093': {'shares': 651420.8499999999, 'price': 0.8653, 'value': 563674.4615049999, 'profit_pct': -32.24382384075486}}",0.02870541223353551,0.7707828205842636,-27.375035879282116
2026-07-17,207119.707482501,540744.4475849998,747864.1550675009,"{'021093': {'shares': 651420.8499999999, 'price': 0.8301, 'value': 540744.4475849998, 'profit_pct': -35.000113452225364}}",-0.029734271320928096,0.7478641550675009,-29.53448626712022
2026-07-20,207131.05650756854,556313.4058999999,763444.4624075685,"{'021093': {'shares': 651420.8499999999, 'price': 0.854, 'value': 556313.4058999999, 'profit_pct': -33.1286554489826}}",0.020833071400061076,0.7634444624075685,-28.06647318828115
2026-07-21,207142.4061545005,555857.4113049998,762999.8174595004,"{'021093': {'shares': 651420.8499999999, 'price': 0.8533, 'value': 555857.4113049998, 'profit_pct': -33.18346802648344}}",-0.0005824195078524275,0.7629998174595004,-28.108368677564922
2026-07-22,207153.7564233309,537096.4908249999,744250.2472483307,"{'021093': {'shares': 651420.8499999999, 'price': 0.8245, 'value': 537096.4908249999, 'profit_pct': -35.43861407223203}}",-0.02457349239426898,0.7442502472483308,-29.874997133078363
2026-07-23,207165.10731409382,541851.8630299999,749016.9703440937,"{'021093': {'shares': 651420.8499999999, 'price': 0.8318, 'value': 541851.8630299999, 'profit_pct': -34.86699719258048}}",0.006404731625399895,0.7490169703440938,-29.425865309485346
2026-07-24,207176.4588268234,529735.4352199999,736911.8940468233,"{'021093': {'shares': 651420.8499999999, 'price': 0.8132, 'value': 529735.4352199999, 'profit_pct': -36.32344568045978}}",-0.016161284425517786,0.7369118940468232,-30.566433973303553
2026-07-27,207187.81096155365,541851.8630299999,749039.6739915535,"{'021093': {'shares': 651420.8499999999, 'price': 0.8318, 'value': 541851.8630299999, 'profit_pct': -34.86699719258048}}",0.016457571173304597,0.7490396739915535,-29.423726118602854
2026-07-28,207199.16371831868,548170.6452749999,755369.8089933186,"{'021093': {'shares': 651420.8499999999, 'price': 0.8415, 'value': 548170.6452749999, 'profit_pct': -34.10745147578321}}",0.008451000957041988,0.7553698089933186,-28.827285960486705
2026-07-29,207210.51709715257,567387.5603499999,774598.0774471525,"{'021093': {'shares': 651420.8499999999, 'price': 0.871, 'value': 567387.5603499999, 'profit_pct': -31.797492852533775}}",0.025455436826975486,0.7745980774471525,-27.01555343444949
2026-07-30,207221.8710980894,564716.7348649999,771938.6059630893,"{'021093': {'shares': 651420.8499999999, 'price': 0.8669, 'value': 564716.7348649999, 'profit_pct': -32.11853794932438}}",-0.0034333566807034366,0.7719386059630893,-27.266135071652762
2026-07-31,226859.59734616324,549259.45668,776119.0540261632,"{'017513': {'shares': 423517.2, 'price': 1.2969, 'value': 549259.45668, 'profit_pct': 0.0}}",0.005415518838908451,0.7761190540261632,-26.872243455906663
2026-08-03,226872.02800903155,545701.9122,772573.9402090316,"{'017513': {'shares': 423517.2, 'price': 1.2885, 'value': 545701.9122, 'profit_pct': -0.6476983576220189}}",-0.004567744856592726,0.7725739402090316,-27.20627238973511
2026-08-04,226884.45935303206,554087.55276,780972.012113032,"{'017513': {'shares': 423517.2, 'price': 1.3083, 'value': 554087.55276, 'profit_pct': 0.8790191996298926}}",0.010870250039404894,0.780972012113032,-26.4149863693112
2026-08-05,226896.8913782021,566623.66188,793520.5532582022,"{'017513': {'shares': 423517.2, 'price': 1.3379, 'value': 566623.66188, 'profit_pct': 3.1613848407741654}}",0.01606785000043498,0.7935205532582021,-25.232633408013328
2026-08-06,226909.324084579,568275.37896,795184.703044579,"{'017513': {'shares': 423517.2, 'price': 1.3418, 'value': 568275.37896, 'profit_pct': 3.462101935384391}}",0.0020971728829755065,0.795184703044579,-25.075833314265118
2026-08-07,226921.75747220012,573781.10256,800702.8600322001,"{'017513': {'shares': 423517.2, 'price': 1.3548, 'value': 573781.10256, 'profit_pct': 4.464492250751798}}",0.00693946571971682,0.8007028600322001,-24.55589962797111
2026-08-10,226934.19154110271,568233.02724,795167.2187811027,"{'017513': {'shares': 423517.2, 'price': 1.3417, 'value': 568233.02724, 'profit_pct': 3.454391240650779}}",-0.006913477555050562,0.7951672187811026,-25.077480722554114
2026-08-11,226946.62629132415,563574.3380400001,790520.9643313242,"{'017513': {'shares': 423517.2, 'price': 1.3307, 'value': 563574.3380400001, 'profit_pct': 2.6062148199552824}}",-0.0058431161899513695,0.7905209643313242,-25.515261707936098
2026-08-12,226959.06172290177,564802.5379199999,791761.5996429017,"{'017513': {'shares': 423517.2, 'price': 1.3336, 'value': 564802.5379199999, 'profit_pct': 2.829824967229544}}",0.0015693895134418767,0.7917615996429017,-25.398366140749083
2026-08-13,226971.4978358729,556035.73188,783007.2297158729,"{'017513': {'shares': 423517.2, 'price': 1.3129, 'value': 556035.73188, 'profit_pct': 1.2337111573752808}}",-0.011056825603789289,0.7830072297158729,-26.223223396088557
2026-08-14,226983.9346302749,551038.22892,778022.1635502749,"{'017513': {'shares': 423517.2, 'price': 1.3011, 'value': 551038.22892, 'profit_pct': 0.32384917881100944}}",-0.0063665646706824175,0.7780221635502749,-26.692928015531848
2026-08-17,226996.37210614505,561075.58656,788071.958666145,"{'017513': {'shares': 423517.2, 'price': 1.3248, 'value': 561075.58656, 'profit_pct': 2.1512838306731465}}",0.01291710646135158,0.788071958666145,-25.7460127623385
2026-08-18,227008.81026352075,575348.1162,802356.9264635209,"{'017513': {'shares': 423517.2, 'price': 1.3585, 'value': 575348.1162, 'profit_pct': 4.749787955894834}}",0.01812647644709231,0.8023569264635209,-24.400049611572328
2026-08-19,227021.24910243932,548454.774,775476.0231024392,"{'017513': {'shares': 423517.2, 'price': 1.295, 'value': 548454.774, 'profit_pct': -0.14650319993831543}}",-0.033502425759022514,0.7754760231024392,-26.93283133684642
2026-08-20,227033.6886229381,548073.60852,775107.2971429381,"{'017513': {'shares': 423517.2, 'price': 1.2941, 'value': 548073.60852, 'profit_pct': -0.21589945254066725}}",-0.00047548337861680334,0.7751072971429381,-26.967573561068335
2026-08-21,227046.12882505445,545066.6364,772112.7652250545,"{'017513': {'shares': 423517.2, 'price': 1.287, 'value': 545066.6364, 'profit_pct': -0.7633587786259557}}",-0.003863377275535318,0.7721127652250545,-27.249725377749723
2026-08-24,227058.5697088257,534563.40984,761621.9795488256,"{'017513': {'shares': 423517.2, 'price': 1.2622, 'value': 534563.40984, 'profit_pct': -2.6756110725576336}}",-0.01358711596119122,0.7616219795488256,-28.238191795250735
2026-08-25,227071.01127428922,539179.74732,766250.7585942892,"{'017513': {'shares': 423517.2, 'price': 1.2731, 'value': 539179.74732, 'profit_pct': -1.835145346595732}}",0.006077528182951708,0.7662507585942891,-27.802057383426792
2026-08-26,227083.45352148236,541424.38848,768507.8420014824,"{'017513': {'shares': 423517.2, 'price': 1.2784, 'value': 541424.38848, 'profit_pct': -1.426478525715164}}",0.002945619801191235,0.7685078420014824,-27.589389694050137
2026-08-27,227095.89645044247,544770.1743600001,771866.0708104426,"{'017513': {'shares': 423517.2, 'price': 1.2863, 'value': 544770.1743600001, 'profit_pct': -0.8173336417611183}}",0.004369804217240203,0.7718660708104426,-27.27296950376227
2026-08-28,227108.3400612069,539391.50592,766499.845981207,"{'017513': {'shares': 423517.2, 'price': 1.2736, 'value': 539391.50592, 'profit_pct': -1.7965918729277415}}",-0.0069522745359194005,0.766499845981207,-27.77858778595429
2026-08-31,227120.784353813,540026.78172,767147.566073813,"{'017513': {'shares': 423517.2, 'price': 1.2751, 'value': 540026.78172, 'profit_pct': -1.6809314519238217}}",0.0008450361679810392,0.767147566073813,-27.717558080530758
2026-09-01,227133.22932829816,546464.2431600001,773597.4724882982,"{'017513': {'shares': 423517.2, 'price': 1.2903, 'value': 546464.2431600001, 'profit_pct': -0.5089058524172981}}",0.008407647628337234,0.7735974724882982,-27.109832779156108
2026-09-02,227145.67498469973,558830.9454,785976.6203846997,"{'017513': {'shares': 423517.2, 'price': 1.3195, 'value': 558830.9454, 'profit_pct': 1.7426170097925786}}",0.016002053182236464,0.7859766203846996,-25.94344044682605
2026-09-03,227158.12132305506,551377.0426800001,778535.1640030551,"{'017513': {'shares': 423517.2, 'price': 1.3019, 'value': 551377.0426800001, 'profit_pct': 0.3855347366797838}}",-0.009467783377579808,0.7785351640030551,-26.644591910364333
2026-09-04,227170.56834340154,550445.30484,777615.8731834015,"{'017513': {'shares': 423517.2, 'price': 1.2997, 'value': 550445.30484, 'profit_pct': 0.21589945254068438}}",-0.0011807955018071636,0.7776158731834015,-26.731209646269814
