date,策略1：RRG多因子行业轮动,策略2：双均线动量轮动+空仓风控,策略3：网格交易,策略4：宏观因子择时,策略5：指数增强多因子选股
2020-06-01,1.0,1.0,0.9995689008071607,0.9993512967517778,0.9987736865336442
2020-06-02,1.0,1.0,1.0029378536986484,0.9997567717587795,1.0001924716851824
2020-06-03,1.0,1.0,1.0014948679375955,0.9988098672590258,1.000995272998251
2020-06-04,1.0,1.0,0.9982772296982806,1.0008629285322725,0.9993621797714893
2020-06-05,1.0,1.0,0.9973335546239097,0.9950120113450526,0.9980266618551005
2020-06-08,1.0,1.0,0.9973335546239097,0.9942880374441312,0.9970746896470822
2020-06-09,1.0,1.0,0.9973335546239097,0.9870102953832117,0.9956958522534599
2020-06-10,1.0,1.0,0.9973335546239097,0.9928213281309565,0.9922917695869711
2020-06-11,1.0,1.0,0.9973335546239097,0.9999037427797552,0.9893057385259734
2020-06-12,1.0,1.0,0.9973335546239097,0.9971813657917795,0.990789438733985
2020-06-15,1.0,1.0,0.9973335546239097,1.0010839132101517,0.9947905790861098
2020-06-16,1.0,1.0,0.9973335546239097,0.9958409753392108,1.0010671699583402
2020-06-17,1.0,1.0,0.9973335546239097,0.9958994826083444,0.9988456819239713
2020-06-18,1.0,1.0,0.9973335546239097,0.9941251663899491,0.9995451402346954
2020-06-19,1.0,1.0,0.9973335546239097,0.9982092229176815,1.000156557305066
2020-06-22,1.0,1.0,0.9973335546239097,0.9944831612635137,1.001522650397746
2020-06-23,1.0,1.0,0.9973335546239097,0.9925731389971078,1.0018932297486696
2020-06-24,1.0,1.0,0.9973335546239097,1.0003341635518443,1.005823543427538
2020-06-25,1.0,1.0,0.9973335546239097,1.0002760033618925,1.005955381193699
2020-06-26,1.0,1.0,0.9973335546239097,1.0105898255709296,0.9989974032247723
2020-06-29,1.0,1.0,0.9973335546239097,1.0135061591947936,1.0070524949452833
2020-06-30,0.9987015944762376,1.0,0.9973335546239097,1.025291690719088,1.0072700608059426
2020-07-01,0.9980019656969924,1.0,0.9973335546239097,1.0243182541723699,1.0053508697303544
2020-07-02,0.9901132622277099,1.0,0.9973335546239097,1.0297568949245832,1.0013765146900553
2020-07-03,0.9825503088848516,1.0,0.9973335546239097,1.0342372950758465,1.0092742827134924
2020-07-06,0.9804807746871647,1.0,0.9973335546239097,1.0337735415968754,1.0042484006871952
2020-07-07,0.9767495553994283,1.0,0.9973335546239097,1.0373459852135916,1.011554581561577
2020-07-08,0.9752198522131809,1.0,0.9973335546239097,1.024439453394074,1.018149888668977
2020-07-09,0.9857209461923887,1.0,0.9973335546239097,1.0267673563784836,1.015163958253118
2020-07-10,0.9935551475376766,1.0,0.9973335546239097,1.0276552645217634,1.0178462202974845
2020-07-13,0.9839414209143724,1.0,0.9973335546239097,1.0304638794183396,1.0152291831964206
2020-07-14,0.9777749060650239,1.0,0.9973335546239097,1.0351741387094555,1.0213781622077232
2020-07-15,0.9747343741841124,1.0,0.9973335546239097,1.0406667062025883,1.0246345161195407
2020-07-16,0.9718075060350718,0.9987145242691667,0.9973335546239097,1.0258424990761938,1.0242616968720584
2020-07-17,0.9764669992599988,0.9587599247781093,0.9973335546239097,1.0310493620409489,1.0261731279733641
2020-07-20,0.9742128339810954,0.9528438186512271,0.9973335546239097,1.0374485662331032,1.0204062880035125
2020-07-21,0.9638338446766616,0.947617459716513,0.9972254176427613,1.0286074919446297,1.015250383323127
2020-07-22,0.9609598662110753,0.9428698204319204,0.9983674323786393,1.031864868498448,1.0164321844898567
2020-07-23,0.9604663080569149,0.9478595958959491,0.9982360179533137,1.0377700427759469,1.014329078187724
2020-07-24,0.9649186360920412,0.9504732269965492,0.9984396758001443,1.0423464414068377,1.0118264494620588
2020-07-27,0.9652686192777052,0.9354329176202822,0.9994445707624292,1.0449466911128367,1.016359986127764
2020-07-28,0.9767975073365164,0.9754987375673608,1.0006407561269262,1.0661500014887013,1.014552469335992
2020-07-29,0.9805008436597477,0.9877085251391711,1.0006230654494286,1.0682288469322656,1.0122147596994677
2020-07-30,0.9825418943762062,0.9852494133817784,1.000635226170432,1.0601017555276655,1.0114257061380856
2020-07-31,0.9719342967233132,1.0032903100705706,1.000644012161091,1.0646974211846891,1.0142597014296222
2020-08-03,0.9759651877711518,1.0189127838032443,1.0006303603900377,1.0630956312979907,1.010326547899376
2020-08-04,0.9876196712700259,0.9848427693946985,1.0006361930581864,1.0561224900843706,1.005087145174889
2020-08-05,0.997335984784665,1.0090669621985453,1.0006185255849829,1.0621475696694815,1.0053014180900668
2020-08-06,1.0196288223859378,0.9835920179956446,1.00062394901227,1.0533740997241596,1.0012213753411723
2020-08-07,1.0207018169469226,1.0095353371294107,1.000630048410288,1.0618157218219346,1.0016784862523544
2020-08-10,1.0178276289204502,1.026149920264322,1.0006107817208554,1.0682957411923282,1.0010914503427126
2020-08-11,1.0124518627399441,1.028964830496287,1.0005953822706621,1.0690220776861603,1.0007905952177372
2020-08-12,1.0035043591941026,1.0457893044453133,1.0004858381100816,1.0766223812076356,0.9994577331895982
2020-08-13,1.0080775452142368,1.019843270620632,0.9998668279864269,1.0767700650012864,1.0003370710649604
2020-08-14,1.0119518726968215,0.9932397885710192,0.9993896227474338,1.0712626948452042,1.0035812326174915
2020-08-17,1.0050030121536715,1.0112155049048412,0.9975267827441409,1.0701298312812935,1.0081749804754794
2020-08-18,1.0090564360815384,1.0216874664991142,0.9944115353676993,1.068513228334039,1.0102055859416776
2020-08-19,1.013226426934698,1.026389054301171,0.9852302951570671,1.0669631443455267,1.012119296858476
2020-08-20,1.0126326415351223,1.015094441044253,0.982514031073221,1.060716476605696,1.0143001546208537
2020-08-21,1.0129941316828601,1.0073160130907761,0.9802843494425136,1.0678275848016088,1.0120413600702103
2020-08-24,1.0474594252557794,1.0090568971445804,0.9850143309610251,1.072368037934144,1.0098413399099022
2020-08-25,1.0273800378107414,1.0212776057737538,0.9881462820712147,1.0783414713507626,1.011418982095034
2020-08-26,1.0316985698952246,1.0292372739862645,0.9851896085477632,1.0749754318351863,1.018869115256386
2020-08-27,1.0150022854693022,1.0230553551289567,0.9848680288829863,1.0766912034659726,1.0147616292679331
2020-08-28,1.0491529713971002,1.0191081601777825,0.9780423717944314,1.0799737250556358,1.0121454822611338
2020-08-31,1.0609483917935176,1.0144846209691856,0.978007505952921,1.0729973935640855,1.0115359838308475
2020-09-01,1.0555421179810203,1.0113515829428386,0.9817894433989768,1.062701158164098,1.0122909273051741
2020-09-02,1.047109406417214,0.9960703030712001,0.977652689833286,1.0561879580604883,1.011313478525733
2020-09-03,1.0474250260675448,0.9956932391759189,0.9822781544965329,1.0531909451113515,1.0180617382348751
2020-09-04,1.0290600378456598,1.0014027704919166,0.9742208944107884,1.0563308800998499,1.0198294773560665
2020-09-07,1.0279063663010666,0.9992082409899183,0.9701667515876577,1.0752840826200651,1.0175066498719907
2020-09-08,1.031363056902843,1.0089420137226721,0.9747846627662038,1.0747261859317654,1.01916727731365
2020-09-09,1.0340208847903218,1.024939387569988,0.9683721019921548,1.071646880577423,1.0210548190448525
2020-09-10,1.0373944831527613,1.003072531670431,0.9735677503381363,1.0829347223866501,1.0250401361943997
2020-09-11,1.0355015165570365,1.0114275519825646,0.9775648729462777,1.0926421325251119,1.0264674306811938
2020-09-14,1.0397413310814962,0.9881482278892559,0.9771260701976296,1.073019800623051,1.0282116578406375
2020-09-15,1.0391348051217475,0.9937744676339435,0.9736749435426525,1.0773928063598446,1.024325848859706
2020-09-16,1.0329458036423051,0.997231647994652,0.9852287227456517,1.0948952862683785,1.0244686141182755
2020-09-17,1.0222959301767753,0.9575959304266739,0.990416513989982,1.1023712728316102,1.0247465082609126
2020-09-18,1.0218586457107663,0.9662065600419918,0.9825640915591812,1.1229116636807572,1.0292406663614138
2020-09-21,1.0170079978833317,0.9978860925032689,0.9832374012525068,1.136517262217912,1.0327231241586825
2020-09-22,1.0171085997564513,1.00392422555406,0.9883643680502724,1.143857297797592,1.029891970957244
2020-09-23,1.0195008070854594,1.0267207017909923,0.981691908570362,1.1486871182537584,1.03391327765519
2020-09-24,1.0343888817139388,1.0190827793593435,0.9838180965788558,1.1402650221969877,1.025750543475692
2020-09-25,1.0184098685558718,1.028617837040444,0.983052769539399,1.1503666391422573,1.0270094754789794
2020-09-28,1.0125326958632395,1.0429053537513022,0.9884281268356443,1.1530705932080423,1.023271922605574
2020-09-29,0.997890834182714,1.0265402726478374,0.9924598199399189,1.1436018408702002,1.0318801135005005
2020-09-30,1.0167326339006155,0.996047593118396,0.9871083960248555,1.1305941166843099,1.0291018039277395
2020-10-01,1.0177872716322,0.9699553724157712,0.9925473067669417,1.1146797423279424,1.0299521481861937
2020-10-02,1.0211750922433227,0.9538609168547373,0.9920782921914366,1.1038734315157253,1.031222126875408
2020-10-05,1.0330876300423997,0.9705903061695452,0.9865079185656519,1.1126617333681337,1.0279535917762106
2020-10-06,1.0302732209463783,0.9643873740526622,0.9835772447009987,1.0942627632604651,1.0274218568701758
2020-10-07,1.0227864997703744,0.9661568415811862,0.9837212780648651,1.0963845894376054,1.030213008742917
2020-10-08,1.0318226336732126,0.972922176236757,0.9862634602977254,1.0984422071940736,1.0299337718618542
2020-10-09,1.0242415289905655,0.9745910353407976,0.983544156915595,1.1096686748661808,1.0271046006960052
2020-10-12,1.0450046515187799,0.9853982475455769,0.9750838276988641,1.118038259115676,1.0250262514741866
2020-10-13,1.0343426644251223,0.9760162935859201,0.9758502551329234,1.1120963414530218,1.0256047751568933
2020-10-14,1.0051361684820792,0.9748880916911451,0.9699834019723295,1.1114029515571435,1.0306776485930111
2020-10-15,1.006733050425046,0.9689542707909264,0.9715250420900148,1.1044896280126955,1.0269788068031376
2020-10-16,0.9979232183657456,0.9598896536615474,0.966944969606575,1.1065330024443911,1.0311018545592767
2020-10-19,0.9821848961743642,0.9403500204330825,0.9639737267019334,1.1089958665185202,1.0294991732865997
2020-10-20,0.9856357153366487,0.9307599855101879,0.9551324858432121,1.1082209819025062,1.0284323190250995
2020-10-21,0.9717678189442086,0.9276716259225799,0.9492075745322702,1.0720613038016824,1.0311564016740529
2020-10-22,0.9733629713042048,0.9299940855894027,0.955206705014128,1.0888242527357483,1.0370680039978053
2020-10-23,0.9797868418114817,0.9395400820874835,0.9612340381843639,1.115842995453443,1.0382848568176224
2020-10-26,0.9675189844264889,0.9332682517430334,0.9677604076971323,1.109697166254524,1.0352573664027886
2020-10-27,0.9549430110843949,0.9348859382322285,0.9635759804671004,1.1034394605170232,1.0337014470254975
2020-10-28,0.962316646207906,0.9319333263460436,0.9557129959817438,1.104821092563917,1.0339672219068974
2020-10-29,0.9552755682728865,0.9446113247655001,0.9439949649872194,1.1190774411912607,1.035758708950082
2020-10-30,0.9535401136194428,0.9509390433952922,0.940555337692443,1.127652158810501,1.0385342305189191
2020-11-02,0.9686118892736915,0.9388245174799787,0.9372402169877359,1.1012135955280082,1.0381571290495748
2020-11-03,0.9712295505136769,0.950639126251251,0.9258963906892836,1.1070590023299458,1.035564241003342
2020-11-04,0.9711424450165098,0.946462290337983,0.9301210270421318,1.1032524587610149,1.0394758122599215
2020-11-05,0.974362972902983,0.9473608957803975,0.9248051915958123,1.1156474276058532,1.0429751817486776
2020-11-06,0.9633770242554434,0.9591831560657663,0.9349006185629307,1.112567419934059,1.0450419140451652
2020-11-09,0.9600100208405913,0.9346951349437674,0.9363195583708468,1.1054862770975384,1.0404666403747782
2020-11-10,0.9553091336314539,0.9472688073251364,0.9419690198593627,1.1051548584329536,1.041808552786272
2020-11-11,0.9711823855672241,0.9305552315061036,0.9270213981135017,1.0945011999729808,1.0448995532142076
2020-11-12,0.9701358640823566,0.9346423432293158,0.9018658571477547,1.0904942403368085,1.0469286470263897
2020-11-13,0.9706379076196028,0.9525568868877421,0.8945445435920686,1.103161121911221,1.0522984919286968
2020-11-16,0.9781692328814617,0.9494914417082674,0.9081618367067953,1.1172404463857184,1.0519103314761027
2020-11-17,0.9900909493710499,0.9968753538161268,0.9030813045639594,1.1008290232411553,1.0523024568499368
2020-11-18,1.002148730201691,0.9430760066479125,0.9166115398644821,1.0843126924785227,1.0548256118743549
2020-11-19,1.0116993783694797,0.9330619601915419,0.913907678708104,1.069879401224185,1.0569080660257673
2020-11-20,1.0139929933511802,0.9372969898126796,0.9029073989319235,1.072149991630856,1.0545662004456202
2020-11-23,1.0167538830293876,0.9248663656388815,0.8911074652535296,1.076362299544704,1.0566230922829272
2020-11-24,1.0277167594439782,0.8857716175553085,0.8937696613531886,1.0883616742312776,1.0528289448861181
2020-11-25,1.0235598536127108,0.8755030638996417,0.8777564444450598,1.061600586196087,1.0584239913778202
2020-11-26,1.0039302743008867,0.8892032001872815,0.8672688636717975,1.0641249298777375,1.0586426111916578
2020-11-27,1.022760517949656,0.8897373459493847,0.86411241218886,1.0560696796413005,1.0561758642934365
2020-11-30,1.005614891192619,0.8824546211777622,0.8568896121577804,1.0529675487860182,1.0563526147051736
2020-12-01,1.0053955515916553,0.8746642977742093,0.8485656289183185,1.0543006102510133,1.0630152727377042
2020-12-02,1.000855411358416,0.8794487342744436,0.8280394556522183,1.0579757912375547,1.068238257535851
2020-12-03,0.9980818115995096,0.8877056446355064,0.8297543878700203,1.0581403244976928,1.0708099410561667
2020-12-04,1.010429229391828,0.8791739694600602,0.8366374819707804,1.065801884132689,1.0674578423151149
2020-12-07,1.0064474145615572,0.87598860484662,0.8365833914874923,1.067363666680613,1.0690702824708036
2020-12-08,1.0137592953039827,0.8730262334642509,0.8297356713735755,1.0550561517577388,1.0667277284758807
2020-12-09,1.0238782529531778,0.8710232682943319,0.8345306829221685,1.0714213204001866,1.0688207438026347
2020-12-10,1.0340966426254627,0.8568585932325941,0.824544692896186,1.0726822247076886,1.0729691962030468
2020-12-11,1.035749310175209,0.8521812713700379,0.8200930481612809,1.065381685913563,1.078193493616173
2020-12-14,1.057992090947675,0.8549172893938977,0.8009345879376745,1.0803155663356632,1.0790307886339987
2020-12-15,1.0427654027137563,0.8583890711990955,0.8007421269496213,1.083779377898143,1.0775532520830804
2020-12-16,1.058293898572301,0.8644674232105389,0.7931686880508311,1.0718744309044783,1.0671889652794975
2020-12-17,1.0428645953079576,0.8546773615305798,0.7926794887688058,1.0721076807039982,1.0648154725991672
2020-12-18,1.0397910848593608,0.8534525854086661,0.7979563383223821,1.0790796683232413,1.0673650230882548
2020-12-21,1.0427362916653273,0.8323629862847624,0.7867158949168274,1.077980019802157,1.072206939969081
2020-12-22,1.027557951458068,0.815960724429719,0.7850576681023326,1.0798101840844858,1.0720531196228487
2020-12-23,1.03070223461604,0.8164977570057658,0.8048318531350439,1.084002604955927,1.0723312500218716
2020-12-24,1.0318394596577498,0.8246593979167604,0.7863621586885418,1.0783604932869064,1.0679047682861065
2020-12-25,1.0347900721643528,0.8278478342238428,0.7847073113727548,1.0806854082425552,1.0654671476961561
2020-12-28,1.061979855104116,0.8121569407279622,0.7780132366261424,1.0715753181108005,1.0589090046941856
2020-12-29,1.0723389727183408,0.8148373940059893,0.7637309717891874,1.0666735584189022,1.0631164389524812
2020-12-30,1.088683996465553,0.804744948743501,0.764134450473677,1.0714042152610557,1.061747471917604
2020-12-31,1.0936765581101529,0.8223248055973639,0.7613277526875281,1.0711629009809067,1.0619769940546624
2021-01-01,1.0757039800843844,0.8287903792984803,0.7537327525220215,1.0732015557418666,1.0592249864825831
2021-01-04,1.077753908818716,0.8253171594257425,0.7532231555836824,1.08767193993926,1.0643812534334016
2021-01-05,1.091957286277738,0.8322598285788587,0.755592531171804,1.1069002402944608,1.0677804233661712
2021-01-06,1.1120846428485298,0.8519744299985091,0.7532313180918431,1.1110772722505349,1.0696335267096357
2021-01-07,1.1025263180993192,0.8364567060232552,0.7629124601066106,1.1020823892755964,1.0723552060410884
2021-01-08,1.1142573463387095,0.8360401169861332,0.7838515709374676,1.0881048929878636,1.0743651030094477
2021-01-11,1.1018579279194411,0.810856555355354,0.8054873285631761,1.0961437272191024,1.0858470547153247
2021-01-12,1.092903765181757,0.8249989591754208,0.8036460732004346,1.094926764001416,1.0909180928718818
2021-01-13,1.1095481563343508,0.8273485286174723,0.7996380474752555,1.101036818933402,1.0920916077371345
2021-01-14,1.1207550889987221,0.8255495968761216,0.8016888738086079,1.1021499422472076,1.0988231741227616
2021-01-15,1.1263026375593383,0.8272612019850899,0.80443940124307,1.1018158244053744,1.0944071693870414
2021-01-18,1.1309016747355385,0.832857603202884,0.8018499481370197,1.1173253740124485,1.0976996874593354
2021-01-19,1.155165679522992,0.8277952401613687,0.8137775561943447,1.1154271124194892,1.1108018445365986
2021-01-20,1.1707725888066944,0.8209320936160139,0.8443555841158569,1.1102420885851407,1.1129965117027287
2021-01-21,1.1689513105801956,0.8173389587822828,0.8433502030774106,1.091575511373907,1.1134044209626706
2021-01-22,1.1683278571710922,0.8289101753803673,0.8206602916118739,1.0772739220754355,1.115514206888549
2021-01-25,1.1595527868237756,0.7997703804406059,0.8246171019305291,1.0750757461474678,1.1155743716868942
2021-01-26,1.1604887237507238,0.7976952348518397,0.8135081911975635,1.0727659151772297,1.1201793454833362
2021-01-27,1.1571665829554472,0.7976238976483219,0.8214822840988341,1.0702352856189568,1.112625406398454
2021-01-28,1.1597346309339422,0.7908576945771156,0.8114949776432374,1.060748403173796,1.1231029687038954
2021-01-29,1.1510261264600412,0.8262430500052343,0.7987913881144959,1.0856109773744107,1.110586753606331
2021-02-01,1.153232248133351,0.8061972225330694,0.8015810651444816,1.0689592461074415,1.116948686609266
2021-02-02,1.1900815008559242,0.8042416616836777,0.8125516145955788,1.0611452536993025,1.116744555978666
2021-02-03,1.2035187496428348,0.8155470307930285,0.799108532055687,1.0804624810035803,1.120485930195424
2021-02-04,1.1911812779922604,0.8097702490965898,0.7972471345447586,1.0736409168228296,1.1238770164515686
2021-02-05,1.2010739223960056,0.8178792968197647,0.8014376277076743,1.084764836903269,1.1108404705135277
2021-02-08,1.2012818295016376,0.7948559647412949,0.8021037413652379,1.072638056182213,1.113370902353506
2021-02-09,1.2182349743833345,0.7974880196679364,0.801563756465132,1.0782197562419769,1.107033627615242
2021-02-10,1.233787990576245,0.8323273090323443,0.804205608852056,1.0853661348059223,1.1078941182284523
2021-02-11,1.2162480302150036,0.8255151979759802,0.7945560716876078,1.081265841895476,1.1204100300971755
2021-02-12,1.2178739175784645,0.8214869721599038,0.7745119594295471,1.0752192116493722,1.1130784663639033
2021-02-15,1.20009542973585,0.8371892948923104,0.7674970472643272,1.0899197659963344,1.1049181947450417
2021-02-16,1.1863561134373988,0.8522071581982408,0.7581494168728704,1.1173438259336403,1.1074050156503827
2021-02-17,1.1760516891148065,0.8811003341849154,0.7620585994722435,1.1454380030768565,1.1121416000995161
2021-02-18,1.1684952902395618,0.906928932052791,0.7857572549768204,1.170411475662673,1.1172446860406333
2021-02-19,1.1613526072165061,0.9139999236771681,0.7825948327544142,1.1640788378870977,1.1196519167711898
2021-02-22,1.1696752900778924,0.9512031136229248,0.7766933710062823,1.188402065337547,1.1214940838140461
2021-02-23,1.1746139898870445,0.9206384954730201,0.7913103926907863,1.1689619314242539,1.1197131154825406
2021-02-24,1.1683547096817253,0.9228638101771106,0.7860521068379756,1.1603834487889726,1.1253996083497966
2021-02-25,1.1687695465378387,0.9465799126857923,0.7787426887849676,1.1777114689301418,1.1246366968085004
2021-02-26,1.1663040871012997,0.9499199058147006,0.7783894387605798,1.187361403532152,1.1315795854698836
2021-03-01,1.1782667792878763,0.9568584120553332,0.7780549555174978,1.1910334852767155,1.1274385273389154
2021-03-02,1.1587129315173492,0.9741063964181222,0.7671956919095999,1.2073955838100634,1.1247092592135957
2021-03-03,1.162665837171249,0.9797183196410786,0.7694677697764004,1.2206029704784418,1.1302266437784865
2021-03-04,1.1775033338400565,0.9842557759545629,0.7659673071222713,1.2211002536578208,1.1403212236648768
2021-03-05,1.1841816404492753,0.9916494883024128,0.7562742480549023,1.2406200540830608,1.1430913966250864
2021-03-08,1.198356255292733,0.9819234963922145,0.7418371408726516,1.2308025893400405,1.1386026067927164
2021-03-09,1.1852767173456564,0.9771691659279231,0.7523570811609395,1.226326133330097,1.1424013398214228
2021-03-10,1.1920882646604687,1.00538282429127,0.7518296096902,1.2416020847203366,1.1313037268838106
2021-03-11,1.1884269659000555,0.9845432274717745,0.7558202165883072,1.2288928261084546,1.1301455764567823
2021-03-12,1.2063569849814544,0.9854379069807505,0.758581803592777,1.2190011138231245,1.1307860888243944
2021-03-15,1.1865624474329932,0.9814524671712155,0.7679843917091537,1.2244691273449761,1.1386503524372429
2021-03-16,1.1881763535926657,0.9947680678377733,0.7773163015852423,1.2444239731297122,1.138056440020326
2021-03-17,1.1961439483165632,0.992541422850982,0.7776118815566727,1.2486291698910341,1.1428641865962779
2021-03-18,1.2023180145319505,0.9869986742115181,0.7932843122485932,1.2572011258537454,1.1269429510861422
2021-03-19,1.2023861503091906,0.9771537163449917,0.7864083625648643,1.2516297389394793,1.130435796386765
2021-03-22,1.216222987547352,0.9593141981132959,0.7583476380536815,1.257986966448004,1.1215485661032054
2021-03-23,1.222777381142592,0.9656335753690125,0.7604909389296575,1.2548681791527263,1.1212559687833918
2021-03-24,1.2360298531916691,0.9726015358051741,0.7513354750237738,1.2491664059789171,1.123521121969198
2021-03-25,1.259789823588955,0.9622564350671866,0.7606574805926801,1.2510102546367836,1.1184239880334534
2021-03-26,1.2593095056233479,0.9666694875544816,0.7662216899477285,1.2438022359287462,1.1196624909310169
2021-03-29,1.2750872964122895,0.9601174087163471,0.7826067408614714,1.2671365176985638,1.1092749493962524
2021-03-30,1.263104599038537,0.9534453598428184,0.7986289471413808,1.2717885495318646,1.1075388751031567
2021-03-31,1.2558766211120023,0.9648998664307888,0.8113840667701078,1.2783096154263445,1.1043504866715033
2021-04-01,1.2392893738808681,0.9620156161152361,0.7948425548395037,1.2621032430230574,1.1006020828150564
2021-04-02,1.242171910961501,0.9567791915773357,0.7783378514764208,1.2536654603272597,1.098631793054961
2021-04-05,1.228888188618517,0.935813526700809,0.7620659028851575,1.2299221865811651,1.1034738225142184
2021-04-06,1.241872263171119,0.9273460331147907,0.7596253856225597,1.212191903183202,1.106603759435979
2021-04-07,1.2443499394862625,0.9361690666340534,0.7520049562638702,1.2178925984402367,1.1100232419011302
2021-04-08,1.2426690735359662,0.9304640993436383,0.7668318872047223,1.2235532542330239,1.1047743884735886
2021-04-09,1.2439934880446935,0.9293643878777618,0.7756462850077437,1.226905852855729,1.1017160195419
2021-04-12,1.2451802383664352,0.9322667452934094,0.7657191535980151,1.2133564094142082,1.0933895260562847
2021-04-13,1.2458965718859512,0.9477637389659209,0.7521577365324578,1.200724040552786,1.0921007682209112
2021-04-14,1.2710276986649618,0.9554320380713759,0.7604661780305682,1.2046416522250198,1.102347887155006
2021-04-15,1.2660022800583233,0.9627376996884525,0.7689467965821433,1.2064593971627444,1.1125083892201144
2021-04-16,1.2612342382432238,0.9844161702932566,0.7619940905495962,1.1941001252502241,1.120687229516952
2021-04-19,1.256494444561105,0.9852385662707447,0.7664087862623004,1.191027257984229,1.1240947794812834
2021-04-20,1.2704825044745052,0.9890672796223825,0.7566182788615965,1.2041376241580057,1.11227362912579
2021-04-21,1.270756646099606,0.9609868152862184,0.7598765602507201,1.2014199187284478,1.110592546509065
2021-04-22,1.2506794675700204,0.967032676448955,0.758432031001496,1.1792971598399347,1.1111072141901508
2021-04-23,1.2522884675139934,0.9721002712540254,0.7623080558912241,1.1871870250484333,1.117066508245201
2021-04-26,1.2660447118507778,0.9503360506134291,0.7550010676169617,1.1918287891362802,1.122634318458231
2021-04-27,1.272748547304478,0.97904374811253,0.7441012197826109,1.1870023854568987,1.1163690550559764
2021-04-28,1.280969693908981,0.9811464565715519,0.7656474374313399,1.1910177351951048,1.1246363327376074
2021-04-29,1.2884073079560776,0.9668674906173967,0.7637670413508443,1.1978179127845225,1.1267484447379388
2021-04-30,1.3125698073164331,0.9594287508344352,0.7601211753515078,1.1936223742766985,1.1240246062264359
2021-05-03,1.3213509432025656,0.938424956167801,0.7635921432431408,1.1835439386069542,1.1246987639959702
2021-05-04,1.3228742612695799,0.9375182245672575,0.7718942458754293,1.1968160001486987,1.11245677075322
2021-05-05,1.3173576380402552,0.9697788366020877,0.7834495944407857,1.1770632258497244,1.1128972123934127
2021-05-06,1.3038673961269465,0.9713700566993815,0.7807735703357493,1.176611371387659,1.1099289119566957
2021-05-07,1.3231465611528932,0.9490995236109006,0.7679628515452749,1.21256490167368,1.1109915758538789
2021-05-10,1.3037734499972038,0.9396935183077143,0.7685901399438007,1.2002124623791364,1.1170569897433056
2021-05-11,1.324442787689979,0.9183738917999738,0.7449320227960308,1.1983457241033384,1.114545799912157
2021-05-12,1.3142828919059122,0.9367129284807107,0.7403612607757628,1.198287625846664,1.1161927590250225
2021-05-13,1.3278217677425281,0.9591897246702075,0.7331874415011159,1.2150419457054682,1.1106868604367075
2021-05-14,1.3245884845433904,0.9410858449252183,0.7345929486092807,1.2065554312997668,1.111050070297947
2021-05-17,1.3193696494008877,0.9427175376117851,0.7265719085380604,1.206615468941462,1.113117879884807
2021-05-18,1.3085743073543654,0.9401003747383241,0.7018814943976864,1.2021168504620634,1.1218833491959583
2021-05-19,1.3082778749818609,0.9365648815451766,0.6949429816349234,1.2005867756182773,1.1205936510861003
2021-05-20,1.3262889702282252,0.9262373858582186,0.699409655801433,1.1883454010023617,1.1223671258149237
2021-05-21,1.3421045171926864,0.9141452417692645,0.7018075653633362,1.1754908090145126,1.112880894095907
2021-05-24,1.3328252605896995,0.9237228010052755,0.7079504461079034,1.190567858720241,1.107456262122932
2021-05-25,1.3116246326741277,0.9229145194044533,0.7092570596623171,1.1878947377732139,1.1117888287556084
2021-05-26,1.3357001095634808,0.870621795235501,0.7161325043420061,1.2035744990538346,1.1061050519537583
2021-05-27,1.341993076152403,0.8790615350772791,0.7180847509083182,1.199622631877756,1.1008634872262957
2021-05-28,1.346682183028609,0.8798079215648694,0.7199169630161144,1.2023515618520781,1.1148669610937336
2021-05-31,1.3421056491762315,0.8758677039799296,0.7214094783532586,1.2136672210805903,1.1187759904337418
2021-06-01,1.3179367392959065,0.8899576567543572,0.710203543845946,1.2134498715883442,1.1135634704851591
2021-06-02,1.320103945283179,0.8618963127947761,0.7181748052802659,1.1950862186911235,1.113034875119808
2021-06-03,1.3342630162457074,0.8519073876168595,0.7094892698785139,1.18776806333938,1.1203413058993226
2021-06-04,1.3303796264246777,0.8720752417341968,0.711814387526397,1.1773765186398542,1.1107967093725297
2021-06-07,1.3288564658024455,0.8915884198948953,0.7172385807048752,1.18428466909269,1.1223343193621795
2021-06-08,1.324753107789879,0.8918060181864106,0.7183224000728428,1.1773988129873691,1.1204210172214095
2021-06-09,1.3418996314394753,0.9200560068229835,0.7497322878516319,1.1899598051513776,1.1228077760890693
2021-06-10,1.3349117870372869,0.944414016038085,0.7371335732749423,1.1703209534795815,1.1127432830170083
2021-06-11,1.3291338012900185,0.9500668204441026,0.7322497915237953,1.1859366610653939,1.1109381767143276
2021-06-14,1.323031200364816,0.9519958768168032,0.7137505174011415,1.16404740535582,1.1105974092839095
2021-06-15,1.3384650279668346,0.9650409311201118,0.7149501197205195,1.1863202786466658,1.1138787813958468
2021-06-16,1.343050557482811,0.9285704136022056,0.7227087375951593,1.1909080405301553,1.1060302771031312
2021-06-17,1.3398151921872725,0.9516027419407045,0.736516592069126,1.2021013449079871,1.1112582795848127
2021-06-18,1.348449990271065,0.9526093976782505,0.7373339819338827,1.2173306999606077,1.1120929940034547
2021-06-21,1.3350480850913486,0.970171790944159,0.7227396000644521,1.217178672185455,1.1179487822595884
2021-06-22,1.321310138932058,1.0175129624831132,0.7266865972637094,1.212836336305415,1.1076003191444095
2021-06-23,1.2965601931798807,1.0052226020750896,0.7317830527461466,1.1999481573547055,1.1046290851369107
2021-06-24,1.3115824905556925,1.0149394035117174,0.7282073937735836,1.2189970462167876,1.1002340890786713
2021-06-25,1.305339276155429,1.0223866677212783,0.7330361889950818,1.2208494133531227,1.107894756647311
2021-06-28,1.3039799820425217,1.0704347332766948,0.7415541444766386,1.2173787645195382,1.1109398373941881
2021-06-29,1.306130231247773,1.0237977591115426,0.7519061597728539,1.2100265061321358,1.1171940584639846
2021-06-30,1.3026590120243864,1.0439657288642916,0.752684133222571,1.1842653850797351,1.124689544993952
2021-07-01,1.2824057503573816,1.0702601569411636,0.7798049525551632,1.1783008177934975,1.1259587883439555
2021-07-02,1.2934671886141886,1.0649151481638865,0.7814534086658053,1.1651757607853748,1.1245934450384416
2021-07-05,1.3127750795708657,1.0611663671294094,0.7616767658655721,1.1432156782453493,1.1330608175907613
2021-07-06,1.3121941138826316,1.0621712401797476,0.7613103943317618,1.1496851420431047,1.1401809415673814
2021-07-07,1.3215087203909093,1.061260727878113,0.7694385046313668,1.1722026349370314,1.126564805930984
2021-07-08,1.3372090015789513,1.063178327166361,0.7572196116239672,1.1546799065673603,1.1305176327889277
2021-07-09,1.3343402175345904,1.0712553250393417,0.7497931558572957,1.1407977215315839,1.1208916210492297
2021-07-12,1.3377063893662258,1.0663030318257611,0.7369996164525038,1.1531765419263065,1.1220372465966097
2021-07-13,1.353997535384812,1.0564635308116874,0.7248725141963381,1.1444859737935376,1.119165249819168
2021-07-14,1.3492476848543953,1.0492820065087194,0.7254395563580525,1.1523319667116456,1.1076534326205278
2021-07-15,1.3666662025850942,1.0845407008402366,0.7123391170033925,1.1482244261904382,1.1145086325968436
2021-07-16,1.3780177287768074,1.042560609297373,0.7152761787531491,1.1575905588601494,1.1132240471896524
2021-07-19,1.3649562446524095,1.048199375641581,0.7090819909949732,1.1633404896141655,1.1144041233457471
2021-07-20,1.3741091423388874,1.0599367979180068,0.6933491503398915,1.1643086036000245,1.1031835503358498
2021-07-21,1.3536744604427764,1.0475349206934605,0.6839341793354727,1.1602715381354454,1.1137817441312536
2021-07-22,1.359926718923883,1.0521070061802285,0.668988405495394,1.14414596279423,1.1138362155222656
2021-07-23,1.3573752287475043,1.0418378731440514,0.6735023520507486,1.1330536787904064,1.116828162381877
2021-07-26,1.3663063084772649,1.042169947254721,0.6762259869557798,1.133260273013487,1.1152356213444834
2021-07-27,1.3542482312749735,1.075854307335219,0.6871915171593138,1.124085548145151,1.1125847621234153
2021-07-28,1.3735003482936887,1.0721508147185645,0.6840382716766554,1.1585140026180856,1.107146947428226
2021-07-29,1.3725774613331188,1.1055206714498922,0.6779780484019168,1.1560603947642274,1.109539240909228
2021-07-30,1.3625644745767227,1.1212906181101334,0.7022289213661559,1.1593856954442487,1.1125490815200403
2021-08-02,1.3524952289878007,1.1646538487230735,0.6976772133082166,1.1548468224635715,1.1178275039687053
2021-08-03,1.3286619629763678,1.136483432517421,0.6868371136522343,1.147575902247389,1.122453600838837
2021-08-04,1.3115873727859197,1.192608679452661,0.6852605143653612,1.1410645724184083,1.1196915556525209
2021-08-05,1.315135003387241,1.202698856175288,0.6866084167756802,1.1268335401543725,1.1258887574912484
2021-08-06,1.2939043587151948,1.1973087519908687,0.6842550233681665,1.1284019315764215,1.1275652927053024
2021-08-09,1.2781363731107918,1.157015701795033,0.6784574004610451,1.1400009703740737,1.1208439613945156
2021-08-10,1.262596166411829,1.1823500127390627,0.6860242010660523,1.1457027659302066,1.1078583117413034
2021-08-11,1.2607878699733974,1.2289891727469564,0.6830412563537211,1.1440938022259852,1.1191172518161567
2021-08-12,1.2624421143234084,1.232360514436757,0.6662124010975258,1.1494366519536028,1.1177878236225003
2021-08-13,1.2691508226721273,1.2840474251061016,0.6451384935492493,1.1473643416896897,1.1204994773864634
2021-08-16,1.262559046096679,1.2574285352282697,0.6566118352113888,1.136744394311887,1.123717681640529
2021-08-17,1.264372648694838,1.2475312660697526,0.6625924275038925,1.1381094260052262,1.126325141290192
2021-08-18,1.2476385208913312,1.250046027997682,0.6633008520706131,1.1425289177615796,1.1167376053296518
2021-08-19,1.2387783423441416,1.2805754283638382,0.6498960030683114,1.1529627205748967,1.1244839518768375
2021-08-20,1.2426092094427321,1.312575919172403,0.6525467879838726,1.1409468952015158,1.1212069600889634
2021-08-23,1.23555834415225,1.3089330576898954,0.6607022855002029,1.139430880504375,1.1180769594527826
2021-08-24,1.238224861210976,1.3446336184529109,0.6730116866819456,1.1437574517071896,1.1200635555287441
2021-08-25,1.2526896509624676,1.3092597811282203,0.6860119753463373,1.13272338549574,1.1110587107289247
2021-08-26,1.2509453181151593,1.278746427776981,0.705035270990757,1.1439755534546543,1.1152659190645615
2021-08-27,1.2425829267348947,1.3222413239311959,0.711605777395736,1.127460853451256,1.1117353422139185
2021-08-30,1.2586868027167897,1.3491622091227113,0.7026052477080383,1.1275948198787151,1.1059722425011191
2021-08-31,1.2598351624630881,1.3972075165489217,0.6957090543411185,1.137578399054687,1.1017643568194957
2021-09-01,1.263900908687767,1.3840680296287624,0.6964168100860023,1.1483795879035963,1.1034985655979177
2021-09-02,1.2523836231331518,1.3227875229804833,0.7029657942731706,1.178320155634235,1.099921179955608
2021-09-03,1.260251242344044,1.3830446321002947,0.6968561971805506,1.1615074748332435,1.1120430914726418
2021-09-06,1.267935789546859,1.4051285824564095,0.703627238704436,1.1547436490039775,1.112492516651184
2021-09-07,1.2795708537551973,1.3622090359660997,0.704359428229462,1.1622602814378737,1.1207123918937127
2021-09-08,1.2917062715198198,1.3558017456168951,0.7148277795919348,1.1737743867061217,1.122340909035416
2021-09-09,1.275528320961711,1.3175207769747819,0.7274065864000969,1.185320965889711,1.1229346997698086
2021-09-10,1.287772403361448,1.3393687736404707,0.7245904076367744,1.1702711869025555,1.1330039955601614
2021-09-13,1.3117168317399417,1.3184314490544655,0.7431156352991372,1.1691978018152005,1.1334224706882214
2021-09-14,1.3021067484971705,1.390257681779077,0.7453938379235511,1.1639218028171672,1.1250176411527866
2021-09-15,1.3211915471875226,1.3917962785939295,0.7495348152369908,1.1689573662046546,1.1112729146676241
2021-09-16,1.2947931132368293,1.403379361569812,0.740284085253593,1.1535848816420446,1.1179118949614812
2021-09-17,1.3133955520475442,1.3921346750184462,0.7393639987337579,1.1698097105919276,1.1155839565590515
2021-09-20,1.308155303828069,1.4295727755955616,0.7406490806806971,1.1796248620115553,1.1153404828025226
2021-09-21,1.3292093369125202,1.3735381853435877,0.741375281876356,1.1710516086758775,1.1124687101171078
2021-09-22,1.3375556833505509,1.3679288661884907,0.7298881770164751,1.1817185206340766,1.1160725737301427
2021-09-23,1.3329277780086637,1.2982268537434904,0.7223809580581486,1.1667907691423265,1.1182170114647634
2021-09-24,1.3558902893553806,1.2931650708514748,0.7210184495256482,1.1639265932315863,1.1245871049009515
2021-09-27,1.3532518172545775,1.3009462640138567,0.7085040698355598,1.1726807422381398,1.1287144514481982
2021-09-28,1.3571628167329635,1.305216502270612,0.7115765910629016,1.1957627942485005,1.1389165433816726
2021-09-29,1.3459260331938834,1.28095202978485,0.7205222358042813,1.171566712098483,1.1340996350071582
2021-09-30,1.3372969236666616,1.2778392715971105,0.7045708100544431,1.190809861810336,1.1305394046572574
2021-10-01,1.334868695921671,1.2505136600340656,0.7034646128695126,1.1970674746385448,1.1190304932005173
2021-10-04,1.322102698342179,1.2720202342373232,0.7193163637458386,1.2215348034688187,1.125305555919455
2021-10-05,1.3106495250333798,1.303517755908731,0.7196229973636357,1.21070674284523,1.1316827018696227
2021-10-06,1.2986623495180591,1.2796092397824035,0.7156054957712108,1.2248761082647164,1.142564521729062
2021-10-07,1.3091256347850169,1.3101395528892632,0.7054055724264217,1.2244472764316887,1.1448672659242898
2021-10-08,1.311013851638439,1.3407318903494951,0.7116266275665746,1.2294763329881737,1.1539343939164428
2021-10-11,1.323042887441983,1.3552713498073703,0.7204544003378534,1.2422151712117087,1.1522900843037764
2021-10-12,1.3196085855210764,1.4171093211651293,0.7190897561981581,1.2704712385943282,1.1530606061093847
2021-10-13,1.318230640286799,1.4204392681741345,0.7222365697294157,1.2726484544653702,1.148568757617045
2021-10-14,1.3325135421509222,1.4294364850548613,0.7138744345307746,1.2619408075588658,1.1452274073924893
2021-10-15,1.3545999127688748,1.4030025714865644,0.7202847070128057,1.2409485767537753,1.1489716295104906
2021-10-18,1.3655890129058317,1.3866544951730462,0.7149348968924314,1.2272494731633836,1.1537007518853675
2021-10-19,1.3507021614876322,1.4122894656223546,0.7050518729784513,1.2206618899004609,1.1461490957703826
2021-10-20,1.3504781690645242,1.4195941091498143,0.7023668241718375,1.2259722702147695,1.1495867336178027
2021-10-21,1.3384290541165633,1.3800323036494084,0.6927318225238258,1.2177421547941987,1.1478610079888427
2021-10-22,1.338178689007949,1.4055287547346356,0.6830591647566865,1.2233161595971864,1.1407126478927505
2021-10-25,1.339882794713551,1.426975903385767,0.6869850681798266,1.2157543459445992,1.149271399583216
2021-10-26,1.3442318119551881,1.4563483953617433,0.6740276163725585,1.2278852461468341,1.1426283775381283
2021-10-27,1.3371177790252717,1.4819042113391687,0.681930098531816,1.2391566576399853,1.1354012667850077
2021-10-28,1.3183908961040758,1.4839818522133534,0.6767192700016601,1.2342684960935462,1.1418712324190226
2021-10-29,1.315695795837521,1.4510330358472663,0.6735380903674528,1.2258372299659008,1.138989148117213
2021-11-01,1.3261183138758863,1.4552064885680662,0.6833925584209107,1.2333655720010794,1.1308480848412463
2021-11-02,1.3067787078719277,1.45090010823325,0.6673229946208333,1.239390518875351,1.1291938095649579
2021-11-03,1.3015525077064911,1.3736403403938457,0.6748425525397479,1.2488229053469941,1.1245666410640518
2021-11-04,1.307277977303548,1.3723044653115164,0.6831937566306316,1.2486742881165789,1.1145583867592805
2021-11-05,1.3037843981786745,1.3628012276571422,0.6707884036366817,1.2445780790506227,1.1070672297467332
2021-11-08,1.317316231906894,1.3402085171922287,0.6842568811876121,1.2270932558529657,1.1051982359567432
2021-11-09,1.3235152947851785,1.3532446405352987,0.6860080096887279,1.2271799988187042,1.1159976915988319
2021-11-10,1.3300747736001493,1.313336916794516,0.6911053966453298,1.21870656423742,1.10007752254738
2021-11-11,1.3483299207279935,1.3128552200656132,0.7002809764551803,1.2209844452817735,1.0894779287456844
2021-11-12,1.3618322159147276,1.3380841696855152,0.7102188603403032,1.2115761124338404,1.0929866824475274
2021-11-15,1.3595025257087652,1.3598448090171187,0.7124182345081984,1.223781917299647,1.1035061170686158
2021-11-16,1.339568790963318,1.3477585648339516,0.710589070748703,1.232266776028661,1.0969494830529718
2021-11-17,1.3528350797145983,1.3526225780453323,0.6955761542911747,1.236888072054514,1.1012911901264082
2021-11-18,1.354772718011709,1.3372173583983862,0.6886867407702397,1.2335926367599188,1.0895662324327753
2021-11-19,1.351043710720094,1.329169940792614,0.6816697641447484,1.214376604226492,1.0820209100973375
2021-11-22,1.3455382576052834,1.2995318914728604,0.6918624110244225,1.2316889588074478,1.0822854724339863
2021-11-23,1.326443635709685,1.3325349121135135,0.6896935135714143,1.2476241427167427,1.077624088426352
2021-11-24,1.3140652292009387,1.3262161017604068,0.683465748301507,1.251499091408501,1.083030122393214
2021-11-25,1.3234706930592315,1.3369300348483237,0.6677805297013114,1.2462475542633753,1.0900990166363083
2021-11-26,1.303100696109985,1.3241220232817255,0.6632592386653358,1.229993755315892,1.0797210960566335
2021-11-29,1.2970852498441054,1.334770350584481,0.6692919901949113,1.2425381390661951,1.084074787095603
2021-11-30,1.2722399728972997,1.3067018873417027,0.6631715649310265,1.2503684171208485,1.080220604958737
2021-12-01,1.2730265088880581,1.2737188531504544,0.6748570424928299,1.2462757166656733,1.0775672106747265
2021-12-02,1.2562708940799672,1.229493793391458,0.6560725497489753,1.251879900119299,1.0826789244971367
2021-12-03,1.2677850014658658,1.2268797685175412,0.6604014457668324,1.2445823877986193,1.0762438710174502
2021-12-06,1.2593061678609936,1.246956575843232,0.6620258236734041,1.260072403211305,1.0886478226038536
2021-12-07,1.253738193597934,1.2298152474433053,0.6544079544405212,1.2610301111080722,1.076326577765162
2021-12-08,1.2721010856970174,1.2359695619805309,0.6449010149753974,1.2540408358205173,1.0778132195579349
2021-12-09,1.2617764125164401,1.219879429067179,0.6526843907592267,1.2295489467464207,1.077638169943814
2021-12-10,1.2815063439861492,1.2131585846104362,0.6387964273152399,1.225612294187292,1.0706059277936937
2021-12-13,1.2675792150874534,1.233953251378491,0.6346571540715741,1.2374514904398284,1.078444415882032
2021-12-14,1.2610272550299038,1.2616045032698033,0.6141575372578932,1.2505685030653397,1.0826468040531407
2021-12-15,1.2747917037941103,1.2633170121841244,0.6102822337834859,1.2581372256827328,1.069643770528023
2021-12-16,1.2755253892345493,1.3261357680142096,0.6160105639046087,1.292342163762249,1.0667714027193254
2021-12-17,1.2660949964368766,1.3279748144263162,0.6111275366311052,1.2982625558459038,1.0766544253530157
2021-12-20,1.2686167820666079,1.3308771017045866,0.6190188253699574,1.2962207149987308,1.0850555603458107
2021-12-21,1.253702593064371,1.365280142327592,0.6179539988957103,1.303676977569839,1.0913328093587533
2021-12-22,1.2569609199303633,1.3535260761425385,0.6273649470599822,1.2952293197751554,1.0870911701867403
2021-12-23,1.2563684002899596,1.334122714041206,0.628152695151683,1.2968616693138635,1.093073552132257
2021-12-24,1.264545681843345,1.3533701541401215,0.6229294064276467,1.300028457165874,1.0982669691909692
2021-12-27,1.2487783201156917,1.3412836791792393,0.6046608098457759,1.3000881291991147,1.0913839463978614
2021-12-28,1.2464326241002885,1.3797423891624552,0.6064247412135879,1.320157297251586,1.0874668144475588
2021-12-29,1.2720430901909605,1.395237574754422,0.5982597269444627,1.3376525881618837,1.0846723893901788
2021-12-30,1.2584859302769564,1.4066372026066385,0.609269790258939,1.3395572687166462,1.088195245533622
2021-12-31,1.254514031429872,1.4238659930902418,0.6010891899740957,1.329960374021926,1.082731949342263
2022-01-03,1.2417833632288753,1.401552254298842,0.5955223184590404,1.3329380960627668,1.0846446329142039
2022-01-04,1.250084571067561,1.371729594975803,0.59853335679039,1.3279031494571152,1.0867605413721984
2022-01-05,1.2639848233281892,1.3521857762347853,0.6186451058026776,1.3221115499050868,1.0892790470166904
2022-01-06,1.2776375341519233,1.3418161967622144,0.6340210026891692,1.3234861554453212,1.0947967679304345
2022-01-07,1.2763075861479212,1.2894804502612318,0.6287427543041416,1.3098277155929516,1.0926790815413403
2022-01-10,1.2673389198519196,1.271278149955592,0.6384796028286109,1.2941874114999856,1.0870967142506789
2022-01-11,1.2680301319899936,1.2664363327137942,0.6445678629164465,1.2846130961758782,1.0909011176060703
2022-01-12,1.2786009120254143,1.2771888252839552,0.6612651454670359,1.2786542434700094,1.0913955197568663
2022-01-13,1.25952787623301,1.270179280246751,0.6577439485263049,1.2684869962411347,1.0921835134416873
2022-01-14,1.2824234178856462,1.3027647029438865,0.6534166407645362,1.269843652472524,1.0961886568386954
2022-01-17,1.299533291730441,1.2841147642856816,0.6668132788451405,1.2756162970847993,1.0945396545818993
2022-01-18,1.3129340236309317,1.2716539167371812,0.6772325495772371,1.277241266499941,1.0904031201877498
2022-01-19,1.3135443357032723,1.2453613253717333,0.6798085413220563,1.2722104194827288,1.0940281174466453
2022-01-20,1.328066250657645,1.23210223195381,0.6813155476054296,1.3078474206015063,1.0925977984151045
2022-01-21,1.3198776668505496,1.2188211633722292,0.6698879241253595,1.3242677040661102,1.0939809527455726
2022-01-24,1.326895888032589,1.2127674702961948,0.6754358995604967,1.333521407338289,1.0915633523737684
2022-01-25,1.3121647737290572,1.1955672998788487,0.68433191733282,1.3380245158073998,1.0940115962045331
2022-01-26,1.3415600480411707,1.193199660261712,0.7044324539104775,1.328258158532554,1.093838437308242
2022-01-27,1.3388374243292882,1.166729771779244,0.7087055886632211,1.3433262666641435,1.0968635029729419
2022-01-28,1.34511507904711,1.1728899680175506,0.7297794185787395,1.3400683334379728,1.101150968704847
2022-01-31,1.3409692189209066,1.155930530742061,0.7203384346288199,1.3487061341349111,1.1086136276911558
2022-02-01,1.363127815964949,1.0996008473479644,0.7174058599330312,1.3243361410725945,1.1187857469376215
2022-02-02,1.3532673621929094,1.1100191382610607,0.7295692135148497,1.3325863989292241,1.1171352021703527
2022-02-03,1.3835347275148695,1.1069694938212096,0.7422015047642706,1.3291940350371174,1.127453141440988
2022-02-04,1.3989776928270754,1.0312382629442591,0.7501773978300369,1.3157206483209885,1.1251799632543469
2022-02-07,1.3981733780336074,1.044351693728901,0.7721635557401831,1.3244599738409,1.1293673070592636
2022-02-08,1.398422749283708,1.004574275583049,0.7740401679920312,1.3330565603581508,1.1244620916100978
2022-02-09,1.3886404140275024,0.9738763576437226,0.7797854419984316,1.3258544953203417,1.1146932962976077
2022-02-10,1.3473912392000003,0.9656981645154958,0.7768121348315158,1.3174806218689499,1.1109088775767335
2022-02-11,1.3255432634257958,0.973804323051631,0.7794025914983966,1.32323983411674,1.10709018753446
2022-02-14,1.303167831485625,0.9727513032852106,0.7786572259591372,1.3213976760890425,1.1078491104100854
2022-02-15,1.312659148326112,0.974318136241163,0.8071396805936252,1.3159225441951072,1.111441413472181
2022-02-16,1.3144810446788056,0.9774878959924436,0.8125974113121318,1.312679605701634,1.1125943948883037
2022-02-17,1.3268865707704345,0.9831880091301428,0.800576138590228,1.314736623269072,1.1161365478620824
2022-02-18,1.3366512033151454,0.9864946280823914,0.8069338501855234,1.3179082102546544,1.121413057228964
2022-02-21,1.3002980969346778,0.9866426291583854,0.8280916472888387,1.312502135139168,1.119446495355215
2022-02-22,1.3256447666216002,1.0001809982909748,0.8434408250830344,1.3139949375530675,1.1158983721716407
2022-02-23,1.3148919996949588,1.0018615598733995,0.846305739472972,1.3150281119938387,1.1185270894033916
2022-02-24,1.3327867162024187,0.9969197696033351,0.8301672908836553,1.3099398412099954,1.11764839706304
2022-02-25,1.3041478876580703,1.0027783772042766,0.8231869618477311,1.3096920263529113,1.1203250919435372
2022-02-28,1.3002479113002399,1.0078783429025058,0.8429324043348517,1.3183691633922547,1.1179226918736027
2022-03-01,1.3015222790730732,1.010030166088575,0.8281275083551605,1.3214203601065904,1.113933884088877
2022-03-02,1.3050719372084363,1.0135481671338231,0.8043119768202808,1.3182241259131917,1.1115437090564058
2022-03-03,1.3137059666277149,1.0173940207567886,0.8018468366294284,1.3227705809608783,1.1138919924697435
2022-03-04,1.3275700065613485,1.0183093704143051,0.7938076941237207,1.3230958155606367,1.117026616105046
2022-03-07,1.3327885975903964,1.0130266037812299,0.79231077594349,1.3149105895651796,1.1129872143418131
2022-03-08,1.3403011410510126,1.0172594696608515,0.8046786534562937,1.321204222072442,1.1079133854912013
2022-03-09,1.3515697912874536,0.9849455905357121,0.8010578805995874,1.324281454375999,1.1150675984984715
2022-03-10,1.3576092492737848,0.9715038652252953,0.7971782072953395,1.3282083333009238,1.1175374414554167
2022-03-11,1.3640515025398687,0.989970804711973,0.789886816743776,1.3298344653230738,1.1140145357064382
2022-03-14,1.3713224568570934,0.9764826964544817,0.8000172793913319,1.3254439468408128,1.1142810489040191
2022-03-15,1.3891583228102384,1.0090757866816396,0.7761146762275485,1.3308595081433676,1.112723079007667
2022-03-16,1.3906319097908533,0.9953418659640825,0.7717889805213907,1.3258180519701361,1.1111828985421237
2022-03-17,1.386559970593448,1.014041956107662,0.7829464081546599,1.3231054799921564,1.1126192541670126
2022-03-18,1.3916459090347113,1.0203795795819428,0.7762580100427298,1.3260933057646458,1.1104820312160928
2022-03-21,1.4150741205073716,0.9855464047896666,0.7825796451208702,1.3285886131736957,1.1008636234541058
2022-03-22,1.4105181904997193,1.0088738695542252,0.7987463704191682,1.3281126227803404,1.1023871242339882
2022-03-23,1.4072183389068467,0.9971120841637828,0.7881150468646845,1.3353767209616079,1.099848103547683
2022-03-24,1.4049283416148513,0.975635715673242,0.7975238283177778,1.3316340838970773,1.0906304454582867
2022-03-25,1.4048322016397563,0.9777538652063245,0.802436698825051,1.3383458685227292,1.093937032801779
2022-03-28,1.4299318130736163,0.9751317351124873,0.7897369577355566,1.3351396001003846,1.091606900162803
2022-03-29,1.4361007311102867,0.9925944451762053,0.79147155441917,1.3403623985833681,1.0920048377745533
2022-03-30,1.4303305752832673,0.9969706192281949,0.7853595301719904,1.3284412973605693,1.0928162825686856
2022-03-31,1.4366659703371616,1.0118624821531652,0.7808086240740828,1.3327940769067042,1.08881235896516
2022-04-01,1.4293805534615813,1.0181705243311043,0.7867544108068266,1.3272451321173757,1.0785081327939567
2022-04-04,1.433636737192479,1.0255530141537386,0.781787362571495,1.3186250897638467,1.0796662910769812
2022-04-05,1.4146840457572025,1.0493153281205292,0.7788061729167062,1.3041209838969716,1.0759675431759992
2022-04-06,1.4009862472670391,1.0253917509934316,0.7681282421437077,1.3010674216248947,1.078953108511099
2022-04-07,1.3989814918024617,1.0096788906792427,0.7517957001171527,1.3053443368726094,1.080084822050039
2022-04-08,1.3706778793213397,0.9868903400103325,0.7374288272993105,1.3100080810374528,1.0792198354818072
2022-04-11,1.3728593137624416,0.9868674269727539,0.7469756011408878,1.3018073291629753,1.0772250112852848
2022-04-12,1.3585695142214833,1.000043017693882,0.7541880035955064,1.3064955901510311,1.075802356623726
2022-04-13,1.3417167140715267,1.0002187079941762,0.7532210509639551,1.294699862776957,1.076052937281982
2022-04-14,1.3361146340333212,0.9867588142473833,0.751703905192232,1.292140700006817,1.076322451004081
2022-04-15,1.3270573396190997,0.9818637257143497,0.7501323626598518,1.2948101011799462,1.076049209482664
2022-04-18,1.3431383206576957,0.9959016416156854,0.7638498481975746,1.290719610325429,1.0794291124938145
2022-04-19,1.330961170862151,0.9873204214839489,0.7476154261403989,1.2917184457211615,1.082266939661758
2022-04-20,1.3252265087039885,0.9723471913136836,0.7543782868210205,1.2948129554704955,1.0816587029131024
2022-04-21,1.3169307819277132,0.9754160838215523,0.74610093848405,1.2925379565758175,1.0817060408451065
2022-04-22,1.3097801638457636,1.0125231900981149,0.7332227296005455,1.295466270206072,1.0861470792174108
2022-04-25,1.291236980771497,1.0035500604598655,0.744097980449351,1.2955987610602033,1.081688415157568
2022-04-26,1.2969136954235259,1.0071694390907027,0.7448011493893323,1.2951269275038577,1.0826620466421795
2022-04-27,1.2943664887498454,1.0049874219817942,0.7592389248824049,1.2808732465225738,1.0813873592388943
2022-04-28,1.3050581327010216,0.997719583709477,0.7574567695027449,1.288783429227712,1.083987041915885
2022-04-29,1.3220132261879156,1.0046690543300896,0.7780781586877795,1.296834869679851,1.083475801675048
2022-05-02,1.320169978406045,0.9901902271347964,0.7637807256738985,1.2846967056663756,1.0812247653008211
2022-05-03,1.3218371416042736,0.9526736772932503,0.7717363955836148,1.2847947502353845,1.0830573999027242
2022-05-04,1.3365843246894495,0.9510974691660188,0.7583673423490404,1.2855890695189212,1.0873108591133611
2022-05-05,1.3505389783655342,0.9585366823762416,0.7581035025542564,1.297784078524701,1.0932342449313814
2022-05-06,1.343289159355482,0.9557872331750158,0.769665126074171,1.3044021992333887,1.0937109344952
2022-05-09,1.3424640312222036,0.9731304206955422,0.7556154606113168,1.3030400829406574,1.095499554345821
2022-05-10,1.3302300091715054,0.9845304549900523,0.7584775415966036,1.31513745029062,1.0907138234568912
2022-05-11,1.3499485166229972,0.9799972264166735,0.7692347659331911,1.3095151616823,1.0889560243587484
2022-05-12,1.3572923050640868,0.9592414006122685,0.7746966861269615,1.3037838977948721,1.0893233358951129
2022-05-13,1.3639554891689787,0.9694262476372604,0.7876959590704679,1.3065014307782574,1.090306058224081
2022-05-16,1.359577527258054,0.9724035368241721,0.7816434200942258,1.3080079897704289,1.0880210514831516
2022-05-17,1.39372040275882,0.9487200649100036,0.7908205404847551,1.3001639177482902,1.0872652435301995
2022-05-18,1.3914829561453743,0.9703870207954274,0.7788935569098182,1.3004470465280547,1.0915886138989213
2022-05-19,1.4131000560925873,0.9399652479389381,0.7684233719839657,1.287010438786581,1.0911269320827157
2022-05-20,1.4377429888664892,0.9316972748966625,0.7794972316665661,1.2857869952856436,1.0876765644138142
2022-05-23,1.4284189125893976,0.9272159224920683,0.7812845264691984,1.2832093436342515,1.092053009412196
2022-05-24,1.4450193736337535,0.9354968485494847,0.7800662357753164,1.2813151697756588,1.0941727991025691
2022-05-25,1.4493763968429718,0.9284469502606277,0.7903222986151534,1.2847300407399505,1.089237807009813
2022-05-26,1.4375031282802402,0.9179183570728718,0.7787984328527874,1.28692499466566,1.0922738255397104
2022-05-27,1.4429660516865246,0.9164546933741083,0.8029572951823521,1.2929757994092645,1.089438702167202
2022-05-30,1.417960603828356,0.9304111358214823,0.8349020484883952,1.2983582467051191,1.091492751716627
2022-05-31,1.4429183358228417,0.9346031960516281,0.8319889450934458,1.2949975030531835,1.0898815747785924
2022-06-01,1.4306590346051284,0.9125329745874184,0.820707539427278,1.2813080253339157,1.0956604322619365
2022-06-02,1.4353045539043257,0.9148892132835064,0.8287417338870396,1.289442332515233,1.0927545617801953
2022-06-03,1.4331310648603306,0.9065004093222152,0.8501018866532759,1.285606632332136,1.0963127055099682
2022-06-06,1.437259420003297,0.9057544782620778,0.8444501304131072,1.3014362248898326,1.0909477261885896
2022-06-07,1.4449189967241722,0.902946260756438,0.8524600728916849,1.3012432041589148,1.0930295983279867
2022-06-08,1.4446133380792974,0.9127542750504503,0.859465647746213,1.307315913225058,1.0931376612593522
2022-06-09,1.4316586596828313,0.9033069868194002,0.8541775238720816,1.3006636532244737,1.091073597174411
2022-06-10,1.4342494210461845,0.9125921602021215,0.8497623397963803,1.3028074078376293,1.0906152024924132
2022-06-13,1.4205957056528686,0.8935775967999535,0.8611194259698953,1.2917681820173375,1.0902088307324989
2022-06-14,1.425961041192209,0.8955653400848251,0.8382548900456802,1.2984267092106538,1.0881461441022473
2022-06-15,1.4153563820373383,0.8919475480491809,0.8411348259292192,1.2990099799482864,1.085734974049063
2022-06-16,1.4364546144047636,0.8940791875181462,0.831212198157425,1.3019110368451612,1.0766510630456372
2022-06-17,1.4238596173572515,0.9014984047166142,0.8220754567326471,1.3100881995392162,1.07699713409779
2022-06-20,1.4226518005405329,0.8885041758436852,0.8222485426191549,1.3088944452009863,1.073149862287356
2022-06-21,1.421628152820713,0.9051128465912539,0.8464028067178243,1.3116984357066508,1.0737356542964065
2022-06-22,1.4395807163006833,0.9088324702576278,0.8493250300080849,1.3192233486264189,1.0763590545176556
2022-06-23,1.4312770378268567,0.9414546801349863,0.8319881685132656,1.319628667897659,1.0763114215489318
2022-06-24,1.4413046989957479,0.9322837857944449,0.8422679786934504,1.3182001631019404,1.0792684169182438
2022-06-27,1.456006201049516,0.9430583433579793,0.8318642659940579,1.3124888568132342,1.0760137201107745
2022-06-28,1.4408072737619617,0.9256128762934934,0.8146717237603738,1.3163943501871005,1.0769873841046802
2022-06-29,1.4260857824658824,0.934946163749596,0.8069443270871866,1.308809169257889,1.0763846171477656
2022-06-30,1.4257287477529395,0.9361734761036851,0.8245201795688837,1.306181795445053,1.0758754713919032
2022-07-01,1.4066310037908414,0.9232282512148137,0.820650504964181,1.2944320180864377,1.0722426850642495
2022-07-04,1.387440477176286,0.9030210577567936,0.8181495022417442,1.2835893096434106,1.0729113097583987
2022-07-05,1.3710860359263806,0.9140588361758469,0.805632193752845,1.281498527070065,1.0742732331363736
2022-07-06,1.3725172225577533,0.9162901633604495,0.7988828561525966,1.2827965719796377,1.0748279246956727
2022-07-07,1.357064740289731,0.9598356676749508,0.8049896502936769,1.297228361026489,1.07492005137102
2022-07-08,1.3733336937970124,0.9544078404764772,0.7725674911798869,1.3010254487259125,1.0760172364598801
2022-07-11,1.3713443936977665,0.9328222512098417,0.7584513791667609,1.2885189056765707,1.077082448438319
2022-07-12,1.3962269176730873,0.9403972598418816,0.7764567850924414,1.2947412933564344,1.077385759165193
2022-07-13,1.4027960536360569,0.9562296904446741,0.7873048283329886,1.2922094226465708,1.0785158565767907
2022-07-14,1.4011521176091373,0.9490747023115282,0.7819375557619944,1.2876125713116575,1.0796105132612461
2022-07-15,1.4149755918548466,0.9550432478771843,0.7979682435034305,1.294009769645511,1.0803806942423562
2022-07-18,1.4169637041449794,0.9421119347612901,0.7834609552389884,1.2919273678025713,1.0803760650366572
2022-07-19,1.4161228680682942,0.9240237506789428,0.7865278984215978,1.2945141075947972,1.0795165481915772
2022-07-20,1.3968115927139646,0.9276492409444393,0.7868890031223612,1.2989628902491932,1.0801348774816855
2022-07-21,1.4028567567623444,0.8898476414394759,0.7791121615310201,1.2934534365490182,1.0813572957384903
2022-07-22,1.3976901882712656,0.8978003716391934,0.8003339937761471,1.2946862824868997,1.081971088289756
2022-07-25,1.4177379635747545,0.8959208249351992,0.7899153234505186,1.2928681805479607,1.0827292407464388
2022-07-26,1.3981831745122038,0.9106277552042762,0.7999018218258864,1.2933089956164256,1.081201102682985
2022-07-27,1.4009621891424893,0.9238966325849579,0.7965571395902236,1.3025937927381113,1.0814668719298668
2022-07-28,1.3695676727162414,0.9211303650313662,0.7912869778470014,1.2871394583708498,1.0795790669056327
2022-07-29,1.3806500423911847,0.9133448949988537,0.7898806485553592,1.2777184741480903,1.0788702572140099
2022-08-01,1.4066340797895585,0.9058816427881835,0.8084459506868935,1.2643415815745505,1.0801912173723487
2022-08-02,1.4043534257036414,0.8773798802173144,0.8015552882023225,1.2653482997442917,1.0804428881592707
2022-08-03,1.414909447889422,0.8637055849217644,0.825411514544384,1.259616269479265,1.0781698064818577
2022-08-04,1.4271689537113035,0.8678623695812485,0.8350439349268103,1.25565715019187,1.0799605080494752
2022-08-05,1.4256127503389922,0.8777014682597328,0.8264034617349442,1.2610352350567207,1.0798057925766755
2022-08-08,1.4133728953273477,0.8762739009915921,0.838961873542339,1.2665069434212026,1.0797915492166448
2022-08-09,1.4455191831582215,0.874015923789974,0.8339116319559876,1.261453451191166,1.0800623015998432
2022-08-10,1.436358127741761,0.8932691072264672,0.8322644294143225,1.2672230154606412,1.0789855867349643
2022-08-11,1.4322819418105017,0.9058660766173802,0.8291619385887334,1.2725293021770656,1.080139751364695
2022-08-12,1.4226051919504457,0.9075412096498034,0.8210935923002428,1.2836880631002774,1.0802894957334952
2022-08-15,1.4317438776509164,0.9014521674974748,0.8269797806886879,1.2802297210850073,1.0774868052033866
2022-08-16,1.4321030456792252,0.9135962809973868,0.8334413346323403,1.2819133478534048,1.0785087374247384
2022-08-17,1.4419976018691012,0.9178595081030981,0.8414328737510585,1.2803573103655363,1.0785358505040596
2022-08-18,1.4192615031799032,0.9125944694591865,0.8415444576769296,1.2754095065618418,1.078692790350439
2022-08-19,1.4203985215894324,0.9080710426760086,0.8309830057365545,1.2749290058633056,1.0800832128250095
2022-08-22,1.408729788341909,0.9119591116542037,0.8183824767237726,1.2786013511248384,1.0815225386012381
2022-08-23,1.4113749436898968,0.8890540546726358,0.8386704413711477,1.263557856512465,1.080384191513659
2022-08-24,1.408053939895473,0.8808823394396468,0.8388280575290563,1.2548245870865626,1.080633161012842
2022-08-25,1.4218345784716144,0.8319191257368911,0.8299721709795203,1.2514200015693722,1.0821051728326456
2022-08-26,1.4207788101077143,0.8259180586979067,0.8393819740191475,1.2482254719865313,1.0830632375880538
2022-08-29,1.4097797705804815,0.8344581717482982,0.8367748426225211,1.2549749915819537,1.0838505818751876
2022-08-30,1.402857481916351,0.8235072984112906,0.8294902223855233,1.2540799449497488,1.0827924576351302
2022-08-31,1.4182712192504796,0.8230621537906961,0.8336316543816374,1.2581829850451145,1.0837373857447286
2022-09-01,1.4299152750114563,0.8223065362094722,0.8227614962383298,1.245596802872904,1.0854720939725553
2022-09-02,1.4388427360717995,0.8212497464555387,0.8197914907018893,1.247940138865564,1.0857329204196988
2022-09-05,1.430849838145577,0.7958811431391236,0.8312387546795454,1.2351202160532604,1.085297452053927
2022-09-06,1.4421738141895601,0.7948584847817735,0.8343648353453679,1.2518267594031656,1.0853447448274518
2022-09-07,1.4229552336801865,0.7946556576632514,0.8290540298413073,1.2555924430814516,1.0843351981089275
2022-09-08,1.412643630508685,0.7858725540010453,0.8257887418240046,1.2488264341394366,1.0850682799168418
2022-09-09,1.4295337585401366,0.767272158982232,0.8141146524825651,1.2422848777831468,1.0837753148612155
2022-09-12,1.4577162706960205,0.7516119853128935,0.81715421754219,1.2370657448570725,1.0840212425568425
2022-09-13,1.456284046192897,0.7506461806807441,0.8086689222746442,1.237583685797947,1.0844289216329375
2022-09-14,1.4527424666116122,0.7485085057797007,0.8162586152927359,1.2394328519892364,1.0816711960185912
2022-09-15,1.4325639403208996,0.7154719099212681,0.8253759850819589,1.2378263451850013,1.0800903052741893
2022-09-16,1.4505837727751707,0.7137479646990409,0.8298653398306894,1.245264448088142,1.0803405399154131
2022-09-19,1.4314027732408472,0.7150946353264442,0.8410630906564986,1.240142144290143,1.0818164629262745
2022-09-20,1.4337896327627082,0.7152345951654687,0.8572653235431685,1.2497081741619611,1.081221097307411
2022-09-21,1.4142952094407708,0.7234911203538392,0.868636374789978,1.255953499188239,1.0797636101224524
2022-09-22,1.4085057612953493,0.7294659303032146,0.8757104213355167,1.259545574642381,1.079169086205576
2022-09-23,1.4072462413054025,0.7395929202320828,0.858119317492488,1.2580877551989975,1.0795068166566313
2022-09-26,1.4026349296767897,0.7365499452800569,0.8534461464756458,1.2551048633973185,1.0785300503188158
2022-09-27,1.4173019327932772,0.7114695331932518,0.8640172183917135,1.2552051341927677,1.0793022989415204
2022-09-28,1.439344417781409,0.7106752297061221,0.8547496922410392,1.263600918231026,1.0781112214914246
2022-09-29,1.4334573119720595,0.7236647459096625,0.8464173336213586,1.2614733079696459,1.0790213505491435
2022-09-30,1.4359744912933696,0.7162676920125434,0.8453022980834334,1.2546877339934006,1.0777669606911777
2022-10-03,1.4405596631699826,0.7177973529013014,0.8339461157025501,1.2482213753411213,1.0751971260290591
2022-10-04,1.443917330198164,0.7177589744499401,0.8312269848310606,1.2430392430278445,1.0701908212531712
2022-10-05,1.4450069148116067,0.7638609444749674,0.8379087597009497,1.252875125819075,1.0703453504641876
2022-10-06,1.4650260934856336,0.7570687493696523,0.833905772599749,1.2412866739063364,1.0657990038205252
2022-10-07,1.4698186694666262,0.7614936297044389,0.8338716685231359,1.2623570480394668,1.0683745911735802
2022-10-10,1.4836288234546757,0.751577406392755,0.8332576091496658,1.2699619508088758,1.0643663828854597
2022-10-11,1.499722591043326,0.7203310704462367,0.8269915533030019,1.2670852573172384,1.0703107845265558
2022-10-12,1.5085795648465212,0.708335876603042,0.8196401891118243,1.2659679427275197,1.0705664783453863
2022-10-13,1.512237026593472,0.7220862980502777,0.8107964370256635,1.259397238312216,1.0742649596267673
2022-10-14,1.5125906806604459,0.7208918150879986,0.8025500010593755,1.2527645314339628,1.0717956126705959
2022-10-17,1.481372366292184,0.7257333326794282,0.8181483076596903,1.2566812852947666,1.0731990134106237
2022-10-18,1.4812528543385677,0.7263624028501358,0.8008162358924218,1.246625070322535,1.0704282335175772
2022-10-19,1.4895233022146896,0.7255240225207726,0.8024749748182666,1.2539406445315582,1.0717043024679525
2022-10-20,1.495530026913379,0.7317860810799917,0.7849390608605504,1.2529567492505154,1.0709478464100721
2022-10-21,1.5076264115573885,0.7478504232080346,0.7882209093379984,1.2485674685417485,1.0729524294890687
2022-10-24,1.5057074934329588,0.7455823723053322,0.7908426124886855,1.2406695653625346,1.0714424115806496
2022-10-25,1.5141346074647146,0.7370957082324353,0.8012949890414705,1.2436403904898274,1.0718511871106178
2022-10-26,1.5381012963175227,0.7689889292120505,0.7957899716276128,1.240287727132111,1.0736254262004779
2022-10-27,1.5314798012322623,0.7557603457321336,0.7854107571097063,1.2573026116797203,1.077354643062614
2022-10-28,1.5329253458905212,0.7595226477288052,0.8039314425601564,1.259653124340651,1.0762095126618114
2022-10-31,1.522479842918665,0.75055737026459,0.8067329991066926,1.2522178096694225,1.0796693425981654
2022-11-01,1.5217840538557916,0.7394087358021262,0.8119387263305755,1.2530147596136805,1.0799400942436326
2022-11-02,1.5103767423904468,0.725953720391781,0.8084921356253992,1.2481045119730674,1.0834512274433277
2022-11-03,1.5173985851572864,0.7241022160510455,0.8153919004041336,1.2528369092678413,1.0813947243365656
2022-11-04,1.5080750924740844,0.7516577677322068,0.8162548486189974,1.2546395946371296,1.0818007809946477
2022-11-07,1.5001484493454853,0.731920633573477,0.8132780516047912,1.2454209306462858,1.0820557567259028
2022-11-08,1.484348165357275,0.7290604393464061,0.80607402240605,1.238421806673644,1.0869626761258668
2022-11-09,1.500006768906502,0.6809971572051641,0.8092103194538093,1.244306730090398,1.0889070822497346
2022-11-10,1.489226882897918,0.6732988789780433,0.8127957833787657,1.2507429525969036,1.0926820099722794
2022-11-11,1.4785397762025203,0.692397044157068,0.825124307755922,1.2539705427415688,1.0961566288972977
2022-11-14,1.4697585631694545,0.6659388123776594,0.8370006592116492,1.2333296087625236,1.0970795893457959
2022-11-15,1.4830785666884687,0.6608631784854699,0.8349382094537383,1.22066062357905,1.0921391204243829
2022-11-16,1.4543862174257811,0.6600139156683685,0.8342864928989612,1.233270451340151,1.091249427660305
2022-11-17,1.4388421718970064,0.6750132889965698,0.833370040747938,1.2486289566737305,1.0885363407674804
2022-11-18,1.4556827194430964,0.6878523447321346,0.8249766593251067,1.2543461735997896,1.0878912070572069
2022-11-21,1.4697490138853477,0.676056922047457,0.825238288752222,1.241354640583806,1.088990958017082
2022-11-22,1.4461953906581155,0.6538691439958707,0.8281171356255975,1.2356419951413067,1.0892572338557356
2022-11-23,1.4412073231940896,0.6506690536865244,0.8252786860264745,1.2229781023390032,1.0921050828144145
2022-11-24,1.435517092664625,0.6611343233775181,0.8280006333896255,1.2314502145859518,1.09221608678235
2022-11-25,1.43181353930346,0.6577625313786943,0.8273854923099092,1.2182245478292626,1.0946912816875154
2022-11-28,1.43383975369122,0.6585797726894057,0.8264379922644153,1.2406636269647284,1.0978891707024643
2022-11-29,1.4223587477715245,0.6526325893815993,0.8425883567217828,1.238568124994139,1.094218704157323
2022-11-30,1.4015368681677702,0.6356651994700869,0.8443586496703979,1.231612114611604,1.0941183989159187
2022-12-01,1.4215480120976787,0.6289868444890707,0.8448313356690413,1.2392423706546725,1.0948636298115535
2022-12-02,1.4308177041245727,0.6305952925970701,0.8571076380710568,1.2420412274273809,1.0926684923681322
2022-12-05,1.4456755727520758,0.6194407656078866,0.8440920624487794,1.2323629666731466,1.0936476761930185
2022-12-06,1.4360375224168418,0.6142674742725747,0.8609166807754779,1.2280413552896872,1.0934856495132683
2022-12-07,1.4321120886889536,0.6292185588124833,0.8493895093077141,1.2458461521514845,1.0935943646002324
2022-12-08,1.3997845302151763,0.6350370348577207,0.8729755697397368,1.251742711201932,1.0948890231687096
2022-12-09,1.385609537488126,0.6353847271758067,0.8612479172525024,1.2606144385172586,1.0932399939113107
2022-12-12,1.3883816844933898,0.6311509495919203,0.8409987743471624,1.2534923662796345,1.0909580159341
2022-12-13,1.3823961806151202,0.6229669678787999,0.8462119534749672,1.2481320095004351,1.0886383358332377
2022-12-14,1.402263433549156,0.6167000808088271,0.8523512369407693,1.2531074655083196,1.0945780667357796
2022-12-15,1.389112791063134,0.5992291775235302,0.8731366802149518,1.2415976629016348,1.0957922022219015
2022-12-16,1.3888984840168175,0.5993532766470789,0.8398631657790664,1.2334120525962007,1.0995279267913602
2022-12-19,1.371923190041935,0.5885859617469831,0.8419683074160277,1.2253129277909964,1.0969630964596182
2022-12-20,1.3855288240541481,0.5852627782957109,0.840958291290149,1.2175565475903203,1.0928536206253232
2022-12-21,1.3776390831426402,0.5792381072783388,0.8315881412238424,1.2162954157016017,1.0946182644558433
2022-12-22,1.3873845506127966,0.5740910733295598,0.8406089605282459,1.2093938647170546,1.097994832290779
2022-12-23,1.389969324149346,0.5357998797163774,0.8354034576237825,1.192017978184331,1.0992122151646533
2022-12-26,1.3946393717325483,0.5397555436447508,0.8409320573448539,1.1858635537299218,1.102486602088892
2022-12-27,1.3820088230753984,0.5417165717698595,0.8326222850065572,1.196868177565909,1.102941436203587
2022-12-28,1.392919844866002,0.5283284108258172,0.8234616774486452,1.2021950897124796,1.1006414503859223
2022-12-29,1.374269275973813,0.526241849191047,0.8088168440736282,1.2001916966698025,1.1029299669897732
2022-12-30,1.3654921576218306,0.5285676889437821,0.8084353540694746,1.1915337181610859,1.0988159531919164
2023-01-02,1.3691414184267419,0.529171758931814,0.8085921461600681,1.184651537721519,1.100361068571447
2023-01-03,1.3534408764602828,0.52989760469545,0.8245863029669485,1.1782235730702808,1.1019471572306665
2023-01-04,1.3415361415099427,0.5326300520557296,0.813741037870605,1.1893874931386814,1.1014534336469988
2023-01-05,1.3449041240455812,0.5302613916240556,0.816571178929102,1.1955406569382026,1.103102679492433
2023-01-06,1.324299976631048,0.5268874694166181,0.8221477834815629,1.2181949166180979,1.1027269134920805
2023-01-09,1.3148249761221023,0.5281374037591305,0.8133993958336287,1.2184324819359578,1.1019732836146294
2023-01-10,1.3111361065984288,0.5290126953893616,0.8073092618214117,1.2316184299969242,1.1045807519306838
2023-01-11,1.3027089899233817,0.5347317819384951,0.8179434115466246,1.2350879675371174,1.1053884847654243
2023-01-12,1.3201098170935726,0.5323014891047579,0.8168377169633615,1.237899968352726,1.1056944549473604
2023-01-13,1.3262440033518874,0.5412521861049954,0.8238183630171139,1.237716436434623,1.1044689316065281
2023-01-16,1.354489992426626,0.5287585776526501,0.8180702790793141,1.2389309243824793,1.1052326115657358
2023-01-17,1.349964299856464,0.513318379276259,0.821540969901029,1.231830769578651,1.105586320968033
2023-01-18,1.3435409100495666,0.5090408253437685,0.8186047368056033,1.2450296611495966,1.1056752014592235
2023-01-19,1.3625978300461912,0.5116488002874474,0.8053662338720524,1.248237788187629,1.1028614500745735
2023-01-20,1.3449317962312717,0.5079050100714668,0.8076880021196483,1.2223222009081405,1.1015101737838076
2023-01-23,1.3684179282153341,0.5128695035793652,0.8164347259929348,1.218405142977463,1.1044068248084382
2023-01-24,1.3482843917055256,0.5197253877486415,0.8126352674477345,1.2099461399058453,1.1039531632043353
2023-01-25,1.3540052686199122,0.5146942064895115,0.8003128337480578,1.1936275604251019,1.1024569989890554
2023-01-26,1.3607340171558318,0.5294900833973973,0.8051352622757776,1.176745065529717,1.1028057190336413
2023-01-27,1.3819115960780077,0.5277548673485355,0.8129645020799373,1.195388029784468,1.1019750820584355
2023-01-30,1.3875907170607171,0.5297385618102183,0.8110793786286706,1.1944831748187708,1.101430792943052
2023-01-31,1.3800384783640085,0.5000787723724265,0.7992486780607972,1.1903801703394457,1.101990642040784
2023-02-01,1.3607366942301835,0.4687080105270739,0.7993987138972738,1.2159562011883323,1.1019876891926657
2023-02-02,1.3351601800991157,0.46961119990776984,0.8012866046002743,1.2150389221209774,1.0997574817772873
2023-02-03,1.356863333353463,0.467026162578567,0.7967754381799635,1.219364380069316,1.100983387008826
2023-02-06,1.3623572942682862,0.4729658439601553,0.7766623070861706,1.2174086194493516,1.1024070157627295
2023-02-07,1.3659130226492444,0.47700332402322976,0.766662609170319,1.2255333903034185,1.1031292617912123
2023-02-08,1.371024406361395,0.4788682353277726,0.7936522064677656,1.2201775045321717,1.1033620456957103
2023-02-09,1.3721909483785577,0.4819379974180543,0.80551648517083,1.2265355419186983,1.102786652914251
2023-02-10,1.4074065840858514,0.46732929440238974,0.7864492624439107,1.2272137957861198,1.1038839605977298
2023-02-13,1.411589723567544,0.4645297546322997,0.7841132850718144,1.2226990727685685,1.105306693258406
2023-02-14,1.4419727233074755,0.4407862857856429,0.7924660157296958,1.233373206096207,1.1036190120824212
2023-02-15,1.4408900908974935,0.44440883337734566,0.8024950242717218,1.252445347983533,1.1039499056457729
2023-02-16,1.4365790484402632,0.4392323759879887,0.7918249544263213,1.230421084175718,1.102621798795405
2023-02-17,1.4210607703591245,0.4386546375501084,0.795612243944001,1.2296236167562573,1.1028388439225838
2023-02-20,1.4286289975784379,0.4332138564325681,0.7808965675365354,1.2258354372078424,1.1020855711856086
2023-02-21,1.459759726553643,0.43632360265374087,0.7871648708472346,1.221622238179235,1.1002443320905817
2023-02-22,1.4506515678136274,0.42514738670015656,0.7975416292994595,1.2077597939708222,1.1009372354656757
2023-02-23,1.426651890923656,0.4243447793553773,0.8243450337457561,1.2218963234901825,1.1022309733964624
2023-02-24,1.4242062575187446,0.4280652824601251,0.829682304020582,1.229414631569106,1.1040406263755764
2023-02-27,1.4208335285020628,0.42686613877422414,0.8430106330926328,1.2278395617640634,1.1052072713538506
2023-02-28,1.405912784252025,0.435529963575976,0.8577697494593988,1.2351803265175754,1.1055015128036823
2023-03-01,1.4196455651372872,0.4272826489148603,0.8516520724659364,1.2339692753143263,1.1078664201415758
2023-03-02,1.4360872354478083,0.41880352060222326,0.8473825751887227,1.2695184338628502,1.1097085386979455
2023-03-03,1.4699716516913268,0.419202929943614,0.8435293797850768,1.2761036278818623,1.1097230321776228
2023-03-06,1.4749603685638095,0.4239152389419236,0.8299404941846896,1.2966457872624604,1.1111920233290336
2023-03-07,1.486943198123305,0.42857718686157226,0.8314588947265117,1.308645004630189,1.1111646644030428
2023-03-08,1.488588374059964,0.4183274301010915,0.830361961977892,1.2967267415367048,1.1100702310818602
2023-03-09,1.4973472190647,0.4063742671620542,0.8016542198236292,1.3043228607523527,1.1097774821180124
2023-03-10,1.4693017638438433,0.4001391581753842,0.8034495276441411,1.3248023884303506,1.1096729317532992
2023-03-13,1.4849627214160517,0.39630073256376036,0.8075716694131579,1.31693616963338,1.1113361452980506
2023-03-14,1.4888364910652077,0.41078090198029815,0.8040116139906943,1.3268784879760824,1.1096645513049581
2023-03-15,1.5076751626649076,0.3947966176893913,0.7944358327654624,1.3022096606315754,1.1108823182825536
2023-03-16,1.4740737453163075,0.3993472175400245,0.7757652676132025,1.3032855261050669,1.111399595059575
2023-03-17,1.4900709110678807,0.3988570383340506,0.7759343646467829,1.2850375947729635,1.1113491559273383
2023-03-20,1.4781048809109303,0.39412965470815253,0.7902902251888833,1.2776066058013746,1.113172929458986
2023-03-21,1.4660173153797122,0.38521938752485735,0.8013254294035521,1.271710689348284,1.1140480582186123
2023-03-22,1.4668577130224252,0.3814754478509494,0.7852861243264151,1.2732718424518241,1.1150835569000617
2023-03-23,1.4926213604887013,0.38512031002908614,0.7894291192137585,1.278380772734479,1.1133053345280395
2023-03-24,1.5009232605305283,0.38597330649957373,0.7712008819792987,1.2701669717461315,1.1141389947381566
2023-03-27,1.4875466809038185,0.38043921059318414,0.7678244151653023,1.2536917356366644,1.1149458326640864
2023-03-28,1.4872580722940625,0.3872802959951093,0.7556696257991745,1.2460651356296686,1.117277538289544
2023-03-29,1.536472172293654,0.384881370158039,0.7587898113631504,1.2450968171718457,1.116993043134224
2023-03-30,1.5165330299736326,0.3780895780693757,0.764442720526515,1.2392300969677885,1.1171866784538238
2023-03-31,1.4907490440626605,0.38228750929944083,0.7630770212946485,1.2444298666120224,1.1169562867473006
2023-04-03,1.4851556088830624,0.3811619212281703,0.7630639160532774,1.2482244378308585,1.1167119807986152
2023-04-04,1.490631621541942,0.3801318698618396,0.7487384291127412,1.258193036253322,1.114509068729316
2023-04-05,1.4771764767824849,0.3671057684861398,0.727138136992981,1.2508888269803033,1.1138783070657625
2023-04-06,1.486586006374118,0.36165130183727,0.7319041450043554,1.2542538196968565,1.114244810645073
2023-04-07,1.4891992828034126,0.3621827255230115,0.7277199244783256,1.2735853315032388,1.1163082071314727
2023-04-10,1.4942423963074847,0.3663093598222227,0.7423617001477691,1.289722373833561,1.116943663370194
2023-04-11,1.5220136840882657,0.37448671281059104,0.7629756043836642,1.3066688788126317,1.1164814401295624
2023-04-12,1.5637629268974533,0.3837039157742794,0.7617266089191483,1.3339973134604866,1.116125731133897
2023-04-13,1.5585604280128849,0.37712076973841846,0.7634103094537174,1.324324730436953,1.1150722158039685
2023-04-14,1.5503824048243153,0.38221468037812234,0.77877144543674,1.3309927491721787,1.1146434085517005
2023-04-17,1.5456803992656518,0.3862772309608403,0.7877597537393303,1.3296314425665412,1.1161592813312966
2023-04-18,1.5253010817156183,0.37661500420429006,0.7870026425411453,1.31886058242056,1.1161747146512844
2023-04-19,1.551853386514219,0.37909481142335505,0.783849079988501,1.3135922453393056,1.1159015932244838
2023-04-20,1.5466117600850127,0.3767396675947943,0.8016567618836398,1.3074672758796584,1.1158023713595469
2023-04-21,1.541980966433709,0.36575409863492314,0.8014475749683243,1.2903442965444023,1.1157725677703596
2023-04-24,1.5459087947736658,0.36306871510459876,0.8032631822246191,1.305461037388588,1.116356820876095
2023-04-25,1.554629873652707,0.371187052844062,0.8287663574296903,1.3002383796472667,1.1172908962569978
2023-04-26,1.5410393329767411,0.37341382847433174,0.8424458216149928,1.3149373351519404,1.1170101069623344
2023-04-27,1.54508226865757,0.3801690668294402,0.8527099049239482,1.3180250820867996,1.1167604881175277
2023-04-28,1.5480998132830088,0.38815825716872027,0.8492810736477668,1.3211723028365814,1.1177275943831289
2023-05-01,1.5452313763332075,0.38914107654502095,0.840192479915467,1.3140261261479624,1.116483014040293
2023-05-02,1.5604155706332112,0.3911371720342459,0.8375923591956539,1.3027940978874442,1.1164195891901474
2023-05-03,1.5601834875691596,0.38908668857386436,0.8317395139554601,1.3302092232954117,1.116600655808282
2023-05-04,1.565804956616694,0.37904256253378854,0.8321261938771717,1.3142947033214838,1.116378090062579
2023-05-05,1.5784424132012567,0.38756883845590223,0.8218224567712846,1.3189491685044692,1.1170648941995243
2023-05-08,1.5616375764663646,0.3843768382960397,0.825538749018013,1.309754384639671,1.1176708444572059
2023-05-09,1.5595410297340695,0.39302288129979895,0.8112390630923139,1.330259548757853,1.1164855175741026
2023-05-10,1.56105611951442,0.4062306151554195,0.8058457835367063,1.3243810865678607,1.1155287457518253
2023-05-11,1.58510130594574,0.39742067181921203,0.8096362024512317,1.3401034440767914,1.1164675555801955
2023-05-12,1.592610394168328,0.4069984068762799,0.8170074735127499,1.340071840260264,1.1136518179504298
2023-05-15,1.5657219810457248,0.4072962973411427,0.8149547304292052,1.3405171384461387,1.1124025450907231
2023-05-16,1.5911537620401561,0.4113319752694661,0.8112640276547147,1.3583362279367222,1.112822981619806
2023-05-17,1.6079316929294285,0.4054996870645337,0.8267197306275985,1.354317518046426,1.111946947098565
2023-05-18,1.646208935449135,0.40035844114994257,0.8101107003408389,1.3467071368954355,1.1115838379067768
2023-05-19,1.637498431278522,0.3907180564678155,0.8068409209012369,1.33995500606241,1.1109800985294753
2023-05-22,1.6467526440025786,0.39210940234885616,0.8025610740865738,1.3366072058860874,1.1118757556433319
2023-05-23,1.6714533692746645,0.39174213469814584,0.8060213141227067,1.3452568381962835,1.1104997292410423
2023-05-24,1.6784247951515565,0.39449552531781146,0.8058943113334125,1.3492244074263666,1.1106497212019637
2023-05-25,1.6870467436514343,0.3932568183812501,0.7838993806691542,1.3529781551700022,1.111682685843526
2023-05-26,1.697934801467061,0.3952415478736718,0.7924649429335625,1.3674383856303356,1.1110846245472865
2023-05-29,1.6851985953701332,0.3935431762978237,0.781903071268481,1.3901384815695714,1.1124195732851665
2023-05-30,1.695405403366816,0.3886646743341267,0.7771965616331733,1.3865589750498168,1.1134826680737109
2023-05-31,1.6763562179737965,0.38561300282997496,0.7786721351702813,1.396823717132517,1.1136760279630205
2023-06-01,1.6915592374505692,0.3922618843908955,0.7782062904549691,1.394820611855866,1.1140437460267012
2023-06-02,1.6828188650155929,0.3940562718333947,0.7774749487194466,1.406385850473133,1.1160223334684674
2023-06-05,1.6855766857357182,0.3946710916924772,0.7746866789951132,1.3852614784877928,1.1144699647048881
2023-06-06,1.6548531876285828,0.3914645242210967,0.7869578941646419,1.3750446523950195,1.1139386529163504
2023-06-07,1.661181724989601,0.39080483990195325,0.7959819957483535,1.3604926695235269,1.1135546342565381
2023-06-08,1.6649007511394447,0.38738881709799383,0.7905605467579847,1.3457999579198001,1.1161065590997379
2023-06-09,1.6427366848334863,0.3877130177318559,0.7856909027157154,1.3319531118656098,1.115154882656606
2023-06-12,1.6500425763355748,0.38299158667884,0.7861044350210293,1.3214637765142974,1.1161693477554815
2023-06-13,1.6461940223408287,0.3891149265621717,0.8064525871480077,1.326357487939509,1.1169410518796923
2023-06-14,1.6298359800227176,0.3937363934444618,0.7904968284195116,1.3456861570791814,1.1127812379327482
2023-06-15,1.6275619699481294,0.3946949160202697,0.79339077772642,1.3500230296365927,1.1162690123495072
2023-06-16,1.6317543712368852,0.3970226390978796,0.792134980688541,1.3666967603936366,1.1164381972284685
2023-06-19,1.637780619641747,0.40145777263999366,0.8088914411195443,1.3821514528071313,1.1178272364211765
2023-06-20,1.6529005304098254,0.402626654658162,0.8107770121581068,1.3986882047245335,1.11803004569769
2023-06-21,1.6520383521710376,0.40365383602400284,0.8110785190609097,1.3868328586925571,1.1191883439422503
2023-06-22,1.6509164165024786,0.4102644833370476,0.8070834961376228,1.4116114295285163,1.1193579391838067
2023-06-23,1.6261203846682892,0.40747217205497477,0.7802969360120618,1.4108917758578412,1.1175630396149312
2023-06-26,1.6389981578934278,0.41822696500889767,0.7842716268114306,1.432843833073867,1.1183658658027091
2023-06-27,1.628485725371259,0.42506756944152646,0.7783156354396963,1.449172058317905,1.117966841674386
2023-06-28,1.64675584561832,0.4306103967183417,0.779392612734039,1.4411301972336694,1.115392211430327
2023-06-29,1.61814531813714,0.41957879892890854,0.7820475618695722,1.446916478281937,1.1164081214880373
2023-06-30,1.5808349304070757,0.40637015506806384,0.7784117759583955,1.4484411592806847,1.1140954667342535
2023-07-03,1.5755961088939412,0.3910261449526434,0.7662592787888336,1.4289223640845083,1.110525148364331
2023-07-04,1.5807202834614003,0.3882247483206596,0.7772752773974785,1.4155408087438623,1.1067722502112687
2023-07-05,1.5720184755344075,0.3912822757877552,0.7973595553754014,1.4107864774109713,1.1048402711823364
2023-07-06,1.5866810693957996,0.3950259082763062,0.7985434395745653,1.4368409975628,1.108733355019263
2023-07-07,1.573738374715139,0.39845260724645026,0.803273287500746,1.4319858226152715,1.1228734798685815
2023-07-10,1.5735027242202604,0.3958201033473908,0.8099187902377841,1.4313758085551533,1.119649539288556
2023-07-11,1.5759390898113832,0.3919492797634803,0.8219560771138253,1.4459688574541523,1.108371251331826
2023-07-12,1.5834649366182512,0.39851388642375907,0.8058475980811887,1.4294495584490172,1.1018206470561067
2023-07-13,1.5980838064327323,0.41368343744194364,0.8129598217922553,1.4452586997355052,1.0943806283121893
2023-07-14,1.6167549463189768,0.39530269943482893,0.8085733135497454,1.4384820873829827,1.0925336667862988
2023-07-17,1.6030174121000473,0.3830149270614192,0.8130857781446531,1.4383586287201056,1.0963920026054461
2023-07-18,1.5872698514738153,0.376382133019439,0.81094719842366,1.4426934474120907,1.093688828381486
2023-07-19,1.5888990453042755,0.38970587190748407,0.7983375323809991,1.4415450505346983,1.0946932108513923
2023-07-20,1.5829793710521431,0.3900960686617667,0.7982220889855238,1.43334357031839,1.0908773852929161
2023-07-21,1.5846444341294146,0.3770930509525148,0.8002567788961398,1.440703863295302,1.100603618122248
2023-07-24,1.5683811015233509,0.3885099717894677,0.8091314401737272,1.4400397516351753,1.1128203264129035
2023-07-25,1.5813626761895687,0.3790020432694441,0.8190196852247948,1.4281866222383224,1.1217339556963688
2023-07-26,1.5908740603856921,0.3758987451410254,0.8197940540525258,1.4159351002917475,1.1138328039647318
2023-07-27,1.622457122103774,0.38245548809347324,0.8072341098678012,1.402807831154042,1.1067876323898103
2023-07-28,1.6176922210009415,0.37633009734005485,0.8057775900415506,1.4034207574230617,1.1014877042720144
2023-07-31,1.6003202672888823,0.3813601404457611,0.7986153617903325,1.4180097861068086,1.0946898875760003
2023-08-01,1.580225030987986,0.3736967927362157,0.7810148411030127,1.406456189389136,1.0993123427726832
2023-08-02,1.5874102141966513,0.36393323941977906,0.7787830486702156,1.4059549902960018,1.1087769078447416
2023-08-03,1.5835266274279471,0.36357057402453324,0.7743805894768262,1.3927676482956448,1.1099720991421278
2023-08-04,1.5821147365979409,0.36484611559158403,0.754392623912705,1.392022309657942,1.119100934642538
2023-08-07,1.5732914388399561,0.3690948931424768,0.7672683838068723,1.3949323222038554,1.120257511083067
2023-08-08,1.5725842653486943,0.37203127025467336,0.7581445909181977,1.4062748255668591,1.120722515801946
2023-08-09,1.5835608977973112,0.37552335569987355,0.7478792219114908,1.4017938725596368,1.1214224280523475
2023-08-10,1.6002832221730925,0.37985184652164133,0.7444983233260946,1.3925145529629543,1.1175612160396753
2023-08-11,1.5986574021482565,0.37969173346169754,0.7579459497678382,1.3926592469848027,1.1186735923253248
2023-08-14,1.6078171093908864,0.37720238424838026,0.7672259261816671,1.393044340678273,1.1197038454539505
2023-08-15,1.595327629929494,0.3693545867680975,0.771317308222804,1.4179248541195644,1.115239379944828
2023-08-16,1.5872594376407332,0.3603980472503708,0.7876176949348781,1.4252506064813577,1.1074454569817231
2023-08-17,1.5835857143223235,0.35628169224849,0.7764596552693331,1.420190629859858,1.117044754840515
2023-08-18,1.5857276899173487,0.35700174727879674,0.7789375757418249,1.4265649681497363,1.1169798009983614
2023-08-21,1.6039720234133765,0.35957502583461376,0.7830855143970089,1.4392217547865005,1.1287568191328017
2023-08-22,1.5886463293667086,0.35916547953634564,0.8073406878892351,1.4363903351197373,1.137966361645107
2023-08-23,1.5951793944930774,0.3597252812158942,0.7966311210596312,1.4408937870541403,1.1288920608718145
2023-08-24,1.614439186200575,0.34455840430676804,0.8014172338603502,1.41848693159219,1.1238259563955777
2023-08-25,1.6119238455868088,0.3533408688373506,0.7974934592029145,1.4385925729715168,1.124836254277991
2023-08-28,1.601792033915477,0.3522333689799385,0.7986259462138853,1.4299377960790747,1.1267716127219338
2023-08-29,1.602428219804869,0.3607371112615525,0.8002635119836639,1.4397846648992854,1.1334419843660892
2023-08-30,1.5947875456861678,0.3651165797066909,0.7806251606014816,1.455161816241952,1.131133201943662
2023-08-31,1.6222804751600346,0.367084203561609,0.7856742295846041,1.4511153983976426,1.1322791548783917
2023-09-01,1.6510904174144492,0.37740507366528575,0.7937868140956469,1.4663336482995777,1.139076640702588
2023-09-04,1.6585805435533727,0.3734098845412295,0.7901584185466966,1.4569645879157889,1.1414177647436028
2023-09-05,1.678419519067892,0.3879414515354429,0.8172626749493546,1.4759927027682243,1.147788800636499
2023-09-06,1.692455375301787,0.38782836736676757,0.8244723469817601,1.4654554691542676,1.1482015415410303
2023-09-07,1.6927729420008948,0.37805774079942633,0.8290739291798954,1.4517419200413018,1.1625885681004735
2023-09-08,1.6958548765376888,0.3749799341575454,0.8285339699759001,1.4432605179324072,1.1659313304195664
2023-09-11,1.7033952482011387,0.37588482955458274,0.8505070121966786,1.4493633554169219,1.1645141802020877
2023-09-12,1.7008696592967318,0.36652971691994385,0.8531877231407495,1.4227593937235121,1.1718904396107188
2023-09-13,1.7111203875907333,0.3664071016892997,0.8627443151904509,1.4320519544104058,1.1691060940711715
2023-09-14,1.7077870811641822,0.36420304043873003,0.8666300688024666,1.4169349962063151,1.1586695226360688
2023-09-15,1.677729433532624,0.3603826125297365,0.8768424810104642,1.4208848074848648,1.1626433866722028
2023-09-18,1.6705735363166916,0.3599205266644185,0.8911325830203122,1.4101207770945061,1.1560603777278697
2023-09-19,1.660130283750584,0.3604528053064756,0.8867448033195909,1.395852294735963,1.15161974943517
2023-09-20,1.6583194714663083,0.3664767894535932,0.8769585904071184,1.3918372760934834,1.1589191039572346
2023-09-21,1.646782613886434,0.35656968118465715,0.8710556887685086,1.3904510670923154,1.155918428559111
2023-09-22,1.6423966900293954,0.36801006773950545,0.8747694394779376,1.4017486940420036,1.15884435692133
2023-09-25,1.621056689209915,0.37371828504339094,0.8689383504239523,1.4077212862163013,1.1572363821009046
2023-09-26,1.645378235836715,0.37927157356354135,0.8771900189920312,1.4129329770896324,1.1588049392532511
2023-09-27,1.657845246501025,0.3729109757492177,0.8582819952660986,1.4207478937058067,1.1603178976073292
2023-09-28,1.627930610144247,0.3785985623465804,0.8641873834292234,1.4067032749886503,1.1646784796127887
2023-09-29,1.619397572694267,0.380616521983464,0.8702312131262586,1.4283304191438122,1.1695953843113722
2023-10-02,1.6457688666784238,0.372501852037716,0.8576848738673363,1.4300400815076102,1.1703740853686542
2023-10-03,1.6554959949124524,0.38598520773070794,0.8585935160949985,1.4208021438899352,1.1625685779719999
2023-10-04,1.6804607764512838,0.37861116541112394,0.8586346690046045,1.409221305664146,1.1677104294843381
2023-10-05,1.6826680653474515,0.3713212779311898,0.8280846189596108,1.3945555598565398,1.1654445375929345
2023-10-06,1.7123350910149244,0.37314973207706775,0.8132857331652864,1.3891422456988338,1.167130445610813
2023-10-09,1.7212006175024679,0.3796703574996334,0.807911157824852,1.3827848914574847,1.1734504233892704
2023-10-10,1.7423520653950468,0.37492762341759084,0.8054577944886638,1.3962430298195343,1.1739524937959736
2023-10-11,1.7579191654298516,0.3795142838546869,0.8056505241305361,1.3872918503961953,1.1739701555545976
2023-10-12,1.7631807034977576,0.388307631936216,0.8082944589211877,1.3734469598683077,1.1690785713002756
2023-10-13,1.773267689493854,0.39313764298240345,0.8035845330120638,1.3565892083575402,1.1645531904293955
2023-10-16,1.7962094712507932,0.39681096359766244,0.8069172983459812,1.3498284589833776,1.1573655098941185
2023-10-17,1.7867493943388641,0.40846852630666575,0.8329530300650456,1.32889421746104,1.14665476151075
2023-10-18,1.7836254687991335,0.40788806829156693,0.846817502851629,1.3341003015310855,1.1544759991168676
2023-10-19,1.7715680496201234,0.402664495805134,0.8397453179105058,1.3362404429408654,1.1556026723259847
2023-10-20,1.7676602434080846,0.4184456706280175,0.8449184003184813,1.3364927593827733,1.1570198711798276
2023-10-23,1.7751312130167034,0.4259744766077554,0.8408235363994624,1.3411306835520342,1.1616303212514096
2023-10-24,1.7791037847132734,0.42160389396551756,0.8451136676988791,1.333927806770437,1.16006041039886
2023-10-25,1.7753758610996868,0.41067461146013307,0.832880229271903,1.3284749017737005,1.1576224949188687
2023-10-26,1.7876341461201162,0.419831153436115,0.8540156097974583,1.3227602744312925,1.159308938770638
2023-10-27,1.7834864303078968,0.41777021741299264,0.854626114013534,1.3258113040560706,1.163062665782743
2023-10-30,1.7766346291162531,0.4287083027280571,0.8464724257793299,1.320970616632513,1.1667048466631134
2023-10-31,1.7756711363653175,0.423983461202691,0.848811297249054,1.33240488314462,1.168233905263249
2023-11-01,1.8037209323786385,0.41471438197623645,0.8403905622754286,1.337395478190739,1.1649314289161212
2023-11-02,1.800326735257684,0.4196712824711934,0.8440222354528102,1.3433043905758522,1.1734365634895398
2023-11-03,1.8161478341117594,0.40641929716069725,0.8566732337322226,1.34628650526656,1.1839090980206297
2023-11-06,1.827573559128917,0.40833565195969374,0.8673447196697901,1.3510324969201548,1.1808400245983286
2023-11-07,1.8381622293153428,0.40708585294659627,0.8668505042474202,1.357711562956419,1.1674511184429006
2023-11-08,1.8831946014730114,0.38843017883271264,0.9019843710267413,1.3554165975066355,1.168399788358987
2023-11-09,1.8818725633553066,0.38064459931456573,0.9174017938652484,1.343124714039626,1.177068379451089
2023-11-10,1.8527790432596574,0.3795686241890819,0.9320493883227109,1.338613598627886,1.1719307189888655
2023-11-13,1.8689791784846221,0.3790000977583976,0.9166471759344836,1.3402332925534373,1.1636936559063866
2023-11-14,1.858373060754424,0.38002400059858366,0.9304867999946589,1.33581688454478,1.1664446595640459
2023-11-15,1.8709453434950307,0.3814615925888835,0.9365253633110899,1.345127029694618,1.1542341952706299
2023-11-16,1.834586695026192,0.38013415726434263,0.9223949907586411,1.3433081621910747,1.1538689896889394
2023-11-17,1.8348591681691453,0.3801407820645033,0.9100181476548348,1.35169202250143,1.1494920828965665
2023-11-20,1.8129950982308263,0.3821201243578251,0.8962607313983271,1.3632325429472225,1.1435697844362571
2023-11-21,1.8038934697769269,0.3812392329303162,0.8953474165429969,1.3596154134618943,1.1415544377159632
2023-11-22,1.792247691264218,0.37838101526453044,0.885189727348892,1.3422860422185987,1.1365731778208628
2023-11-23,1.8204286963899654,0.3735152133120142,0.8867774562710684,1.338763471787008,1.1423931718310272
2023-11-24,1.8138713773607922,0.3611934038904297,0.9017846910280605,1.3370829970063207,1.1508766652301576
2023-11-27,1.8478889110170156,0.35998407895423684,0.9267196772086916,1.3545865834088278,1.161579827182006
2023-11-28,1.8691972755796407,0.35021226424911517,0.9309626315089259,1.3467940743165776,1.1757041692001382
2023-11-29,1.8581221082904809,0.35274426042558243,0.9453327273068741,1.3514854104837193,1.163778185678758
2023-11-30,1.8272887866388152,0.36660305669749643,0.9551868539583598,1.3348644691287648,1.158763012873032
2023-12-01,1.7880937650682505,0.3507089733981555,0.9647652861235751,1.3200698484672144,1.1455957842338527
2023-12-04,1.794780143373086,0.35592494984671,0.9532569008412953,1.3293610728236247,1.1407396438145672
2023-12-05,1.8078227492486645,0.3668007883174738,0.9494029539807495,1.3181212160040676,1.1422356969131942
2023-12-06,1.8212229578813186,0.37020131263885303,0.9295599882541904,1.326913556854024,1.1410281984597694
2023-12-07,1.7995985505598082,0.36155035474123104,0.9178764271708528,1.3292379841326152,1.1479419197669853
2023-12-08,1.8094991659747504,0.35742417356885575,0.9222019965610844,1.3410223077403647,1.145430480872746
2023-12-11,1.81526498170516,0.3559787857683517,0.9206013587319805,1.341746869778118,1.1331024952582982
2023-12-12,1.7965844550598193,0.3553765390614255,0.9275122527067826,1.3453773951667691,1.1317434931304184
2023-12-13,1.798109478093308,0.3517737815507022,0.9062816020662884,1.3591020844358446,1.1244679261689607
2023-12-14,1.7942227384801845,0.34751543974209653,0.91730352729568,1.3536692258184486,1.1199649199115331
2023-12-15,1.808162057028899,0.33969888257217856,0.9165908264437924,1.3497779790443567,1.1197584783209698
2023-12-18,1.7797451352897034,0.3439184965068383,0.9283065266350853,1.3596363276479628,1.1143257908127084
2023-12-19,1.774035149129018,0.33410588089294274,0.9147125414265088,1.3640944885490338,1.1062807591450934
2023-12-20,1.7708955993934365,0.33524585039181054,0.9304260021324608,1.3553243555661514,1.098464712099502
2023-12-21,1.7413446904190262,0.33486267783877005,0.9172205903049976,1.3585346217709038,1.0936239455184893
2023-12-22,1.7390064306529365,0.3364573733628461,0.9118098896159059,1.3611510549942045,1.0909739984945086
2023-12-25,1.720570926148738,0.3357057124990328,0.897989046517673,1.3655188711803914,1.082878957124434
2023-12-26,1.7317764194889762,0.33351722187770544,0.905643266787693,1.3628151334366796,1.0852043505254367
2023-12-27,1.7499851745595452,0.3380726031484194,0.9298655436002488,1.3640758074468053,1.0902398767468628
2023-12-28,1.7479247060794132,0.33794856982934895,0.9360846426289328,1.3595434281590888,1.0893661004562385
2023-12-29,1.7407006452792548,0.3491711055635633,0.9189622317255515,1.3684300262268971,1.0830553909193665
2024-01-01,1.748315235890744,0.3483222809641459,0.9546036597470443,1.3730978951203026,1.0816928671871513
2024-01-02,1.722596824385128,0.3452687477981546,0.9494111388761227,1.3716153657129702,1.094284991850456
2024-01-03,1.727882897493008,0.34873161488202453,0.9459740677064103,1.375012442876146,1.08150501171856
2024-01-04,1.7154967082915524,0.3476811938247555,0.9391936524315478,1.373690531454873,1.0806464127538502
2024-01-05,1.7181276229527722,0.3498064955969093,0.9303223038596713,1.3810278102519877,1.0768462059289874
2024-01-08,1.728968265717298,0.3579692571980593,0.9441673351542662,1.3834668470264555,1.079629254421461
2024-01-09,1.6914667693778604,0.35845196145743896,0.9534916717456555,1.3845405529831782,1.0749112060609272
2024-01-10,1.6589075461165208,0.3741976400030247,0.9776908538678002,1.401674274222073,1.073603663148567
2024-01-11,1.6571983534720947,0.36435968115071576,0.9712206855630044,1.3916818676988307,1.0723053312923685
2024-01-12,1.6413516078774095,0.36695356436143794,0.985717956053604,1.3977584669718803,1.074515852048181
2024-01-15,1.6561412700319775,0.37514181960251586,1.0036014108991895,1.4073540400659987,1.085619445817662
2024-01-16,1.6600313681845684,0.3776833134306197,1.0084402590376862,1.4161164665837378,1.0742030355087835
2024-01-17,1.6578833397918336,0.36981738681368687,1.0207379803494925,1.4097432199671271,1.0794352074632525
2024-01-18,1.649902297333734,0.36866097211767096,1.000126864886858,1.4119869964184104,1.087085074571726
2024-01-19,1.647351131727553,0.3728478339284742,1.0114830364498726,1.4231849315190677,1.091433504166823
2024-01-22,1.6652932258471966,0.3613392930927383,1.0025043763011254,1.4153698352155835,1.0953556792490704
2024-01-23,1.6699323009506752,0.3701082546163213,1.0056044353572335,1.4264487780693942,1.0885224082687717
2024-01-24,1.6672223545079126,0.37770725320549026,0.995199801840827,1.4372649064981788,1.0974328563065958
2024-01-25,1.679903673687987,0.3762840600419406,0.9870973821366262,1.4343538014137893,1.0977121870539956
2024-01-26,1.6918148214281319,0.3782678424862214,1.0023177381475958,1.4383338074475087,1.0866526548928759
2024-01-29,1.7139654295755364,0.3711948427965644,1.0115390442770764,1.437116194471982,1.0813630572160333
2024-01-30,1.705671026933332,0.3770274742383861,0.9984859856367598,1.4359789100494829,1.0911883220819159
2024-01-31,1.714447430277649,0.3776482651574983,1.0083494810180524,1.4349850137976599,1.099795171318618
2024-02-01,1.7027929696460506,0.37707866146687846,1.0118779140631424,1.426129966237472,1.1094862149702112
2024-02-02,1.6903790832611634,0.37365596575739973,1.0328993229056682,1.428237674875506,1.114199094395862
2024-02-05,1.7055245373155739,0.3728302854767287,1.0220700143303925,1.4201296179962648,1.1177435176792654
2024-02-06,1.7051088541009127,0.3688791680973259,1.0204385632937334,1.4091785256232792,1.119980283147904
2024-02-07,1.6934906582461695,0.37095933126683345,1.0204625271010395,1.4170645569121847,1.1217258283402072
2024-02-08,1.7088051672021458,0.36802141253069254,0.9962026207294546,1.4122662514515434,1.112952974654942
2024-02-09,1.6893787795717563,0.36601346742476426,1.0042606908845302,1.4102544512025137,1.113043206787345
2024-02-12,1.6872338123133441,0.35764765864094133,1.0031555432504153,1.4166772186366647,1.1074646688610426
2024-02-13,1.6714924597938075,0.3593282617360728,0.9764823215700654,1.4269286939556012,1.1033738571223082
2024-02-14,1.6754886643194173,0.3586697589281626,0.9555801964623345,1.4216700187477367,1.101993493479433
2024-02-15,1.6717194917529752,0.3584318030021451,0.9443378064293869,1.4234210623976682,1.0972150218976573
2024-02-16,1.6671739826311487,0.3590837221485991,0.9277339114377903,1.436328196929667,1.092325952228628
2024-02-19,1.6571479048672886,0.3539150624640997,0.9130855505449731,1.429003809791987,1.090779857217889
2024-02-20,1.6320609824034862,0.35587505369516426,0.9258250192936197,1.4299541759940644,1.0980582304370543
2024-02-21,1.6465295090011178,0.3526881670844357,0.9140671659301239,1.4333911634231307,1.107610101645265
2024-02-22,1.6524410722857592,0.35309287811899326,0.9150258812713941,1.4390144490815187,1.1146658355735977
2024-02-23,1.6464986161303905,0.34829264500601476,0.9108113259097707,1.4334545893671997,1.1072544453110722
2024-02-26,1.647804109014926,0.3400794634809151,0.9242930844499226,1.420668031465548,1.1044795050036322
2024-02-27,1.6539972315495812,0.34157108472310327,0.9101516638866222,1.409572528658042,1.0938399892044752
2024-02-28,1.656162423884981,0.3405234326380155,0.9040384350021227,1.401262608206466,1.0956611639209468
2024-02-29,1.670268656407519,0.3413994330840633,0.8895702454747785,1.4094160582505808,1.1125886046702704
2024-03-01,1.658696130546244,0.34253066305064506,0.8670714532457338,1.4069320606280857,1.1057530561328532
2024-03-04,1.6535478682122156,0.340333519233366,0.8670630714976021,1.4225274967747183,1.1126636057270576
2024-03-05,1.6452710241792907,0.3339268912410578,0.8607068287240497,1.4137692862515996,1.10648285365374
2024-03-06,1.684699828168103,0.3303891111653836,0.8647678153366236,1.4092654363747483,1.1103540542647294
2024-03-07,1.6811170163687457,0.32863376041930886,0.8673924279292733,1.4148432459336708,1.1205550998001927
2024-03-08,1.674819437889574,0.3255149890592392,0.8853198909203737,1.4086921620109265,1.1269723465529395
2024-03-11,1.6758869693188656,0.3394038707349858,0.8998526134540011,1.4179044524372557,1.1370343271559573
2024-03-12,1.6744326359127548,0.3375766456362832,0.8909385535399211,1.4041253493337236,1.1391020313308935
2024-03-13,1.6440531225700552,0.3393483075046426,0.9015638823473929,1.4032994731466135,1.1300969785800834
2024-03-14,1.6583080932423981,0.34103075301433117,0.9079643693277811,1.4030452643320244,1.130474174268442
2024-03-15,1.6406170535916746,0.3413638518809419,0.8857791655576784,1.4134874828551922,1.148145293950825
2024-03-18,1.6421045014708227,0.3473714764351311,0.8762482124409091,1.4061130589493844,1.1419815353367835
2024-03-19,1.6604208190936538,0.35381264912254823,0.8712185499273571,1.3990985850491355,1.1254549505835578
2024-03-20,1.6478977194027533,0.3610117705218292,0.8978456768054222,1.393928741146059,1.125860842532755
2024-03-21,1.6605909837132087,0.3657043993593786,0.8963192567726597,1.3896049427827761,1.1338122927237457
2024-03-22,1.6621862049113,0.3616006579734393,0.8814297402957245,1.401477972361088,1.1368320170591946
2024-03-25,1.6405095769794633,0.35764955560306616,0.8926836993718232,1.4057709258398345,1.1262949505594233
2024-03-26,1.632705614061575,0.3563393245428588,0.8802652564010613,1.4069228044957909,1.1438284275336617
2024-03-27,1.6237209165482773,0.36268312262356905,0.8880287962278073,1.4139838003941465,1.1449924692072195
2024-03-28,1.6168201840762622,0.3610451244909204,0.8920456190237215,1.4051123964610077,1.1436261835640567
2024-03-29,1.6304422610183154,0.3650631456086101,0.9082526213958124,1.3997827136344074,1.1365963760503925
2024-04-01,1.6667002864018279,0.3578293097509193,0.904728337919055,1.390355832021006,1.1282564051802904
2024-04-02,1.6287482664147597,0.3626422049085009,0.9111313800113425,1.4131515279003108,1.1172117214269035
2024-04-03,1.6276093847269644,0.3709342676353968,0.9130945176184897,1.3976228866631593,1.1149874758400262
2024-04-04,1.659143423563011,0.3645045432318708,0.9122473344937774,1.386285175348904,1.1063400830126717
2024-04-05,1.6670457758796908,0.36277201605008164,0.9277136822114517,1.381226933699947,1.1028485255172469
2024-04-08,1.664822268168706,0.3570706523843154,0.9214884521237251,1.4006586828830319,1.1015331968605977
2024-04-09,1.6521441678061504,0.35667650307632126,0.9220379544292713,1.4154697210744416,1.1019802162870493
2024-04-10,1.652024022979563,0.34660092029998923,0.9201594168721158,1.4100682737568753,1.0991510675024578
2024-04-11,1.6550364597910676,0.3625284463493693,0.9141372740385276,1.4151294132103331,1.0975375713258309
2024-04-12,1.6301995148471082,0.3901087523479658,0.8971398548662742,1.4108185086287095,1.0951312741083674
2024-04-15,1.64764622434791,0.3783183540936141,0.9096558072233895,1.4255211084009223,1.0971063073857183
2024-04-16,1.6302690381245217,0.3589714109313956,0.909836670231352,1.4346194287258232,1.1020188145498124
2024-04-17,1.5860901409091601,0.3678762347218402,0.9444124817074951,1.4320717157030551,1.0978116590033007
2024-04-18,1.5640205625873151,0.36702560269697576,0.9372143365650876,1.4627644268334885,1.0928850962601289
2024-04-19,1.5577953230808899,0.36192247440102754,0.9150447356984439,1.4559231205011145,1.094515133172695
2024-04-22,1.5660517223616461,0.3547648276512437,0.9206731202018045,1.433343394908591,1.0971517644781308
2024-04-23,1.5741778267528987,0.3531796841040055,0.9054236948896336,1.434546019987796,1.100803996011993
2024-04-24,1.585979601750268,0.3445190095118216,0.9162742556654463,1.4218150359564024,1.101124469505534
2024-04-25,1.5859234837887701,0.34049486427396697,0.9190427787736041,1.4123158776735845,1.1018115328885052
2024-04-26,1.5644434003460923,0.3452731178869067,0.9047341216436446,1.3960426600005493,1.0934628666641346
2024-04-29,1.5651996075720904,0.346225112382305,0.9273039142466054,1.3907647605047215,1.094720796541257
2024-04-30,1.5577932183482712,0.3352627885320978,0.9309999465139598,1.3795874590386386,1.0958764455868886
2024-05-01,1.5640374209692798,0.33327663844344624,0.9335631759405534,1.3751331767865527,1.0915682446748842
2024-05-02,1.5720369371573528,0.3383531794050381,0.9555958356607632,1.3834626655410025,1.0874171408880724
2024-05-03,1.579559728486632,0.34538772857175987,0.9451377784330158,1.3793152077422952,1.0857402382223365
2024-05-06,1.5711049875456886,0.35609143300195983,0.9506998953331894,1.382935405573759,1.0895503586611426
2024-05-07,1.5755154878946984,0.3613781517015728,0.9527228136967808,1.3703348287521506,1.0808293765824006
2024-05-08,1.565614108675536,0.37018595064333065,0.9568285981733791,1.3753856839992165,1.076456582946465
2024-05-09,1.5491908702883752,0.3569364182371583,0.9605989896949196,1.3781300571203547,1.0839386766772676
2024-05-10,1.5512645946398815,0.35801759299105884,0.9652801316614622,1.3748487192468901,1.0870182802939268
2024-05-13,1.5470087442173144,0.36629076160162577,0.9646215106682505,1.3904915260175221,1.0894017709824535
2024-05-14,1.5493682834330917,0.3442522427199993,0.9419511543499283,1.3809929988458371,1.0904882433806158
2024-05-15,1.536311060704728,0.33838252629853943,0.9522248386838273,1.3999892585990898,1.0867725983837073
2024-05-16,1.551295787112791,0.33651501811196644,0.9720982115319777,1.3993394828574204,1.0855185518781232
2024-05-17,1.5543581292733608,0.35427540608519664,0.9562066053024445,1.4051505365149395,1.0805478852510144
2024-05-20,1.5630150228735653,0.3402049006546654,0.9701133691839745,1.412590841992525,1.0799696281486633
2024-05-21,1.5523505667127808,0.32729526071679277,0.9731435793228672,1.4298088327838265,1.0846323531544941
2024-05-22,1.551573290784521,0.3282915683181201,0.9690663509765166,1.4235393019644265,1.0873740534640095
2024-05-23,1.5388265326140924,0.3337400987273595,0.9738385969190433,1.4437938722528203,1.0860142543177256
2024-05-24,1.5601047877960141,0.3228647968701362,0.9939732031451818,1.4157789311585036,1.0886850152216094
2024-05-27,1.5496321411634875,0.31993723836590504,1.005034892739823,1.4177739695706233,1.0929562200349574
2024-05-28,1.5441594078881298,0.32120032302303453,1.018731749879375,1.429242442055684,1.0934890453764976
2024-05-29,1.5446525377470788,0.3194543534955161,1.01941607927687,1.4281657486587471,1.095840661936247
2024-05-30,1.5581091537011331,0.32039730406947997,1.0134253348855378,1.4178795068961485,1.0969202606718926
2024-05-31,1.548475316254892,0.3103740696922422,1.02007235326937,1.4248272370916433,1.0943902877846643
2024-06-03,1.5589288485794524,0.3109453111055737,1.048262877338363,1.4226869831834787,1.0891750895317214
2024-06-04,1.5954037292610335,0.3087387820565878,1.0594579167496845,1.4161013659524646,1.0903228427282767
2024-06-05,1.5921294821759875,0.31413767578736373,1.0520062703783561,1.4487437284352722,1.0905651646085024
2024-06-06,1.570186564105231,0.3073707154544858,1.0381907285120027,1.4446584636113557,1.0916658027235413
2024-06-07,1.5412562744162872,0.3002874663583204,1.027126221310745,1.4289389772867709,1.0886900625499882
2024-06-10,1.5576944475924142,0.3090912009262611,1.0451442800211024,1.4295075874022745,1.0878220438975397
2024-06-11,1.5611222983048862,0.3037805033397628,1.0622681252208073,1.4135810205106083,1.0839011270084278
2024-06-12,1.5388942983834049,0.3023596073338306,1.054678931282696,1.4145541658936434,1.0867326286364536
2024-06-13,1.557734102452297,0.30564755095488155,1.063146862704096,1.4292562438474559,1.0839675025323567
2024-06-14,1.5641221258018205,0.300446957700163,1.0473095732758622,1.4232003778705877,1.0924908192467528
2024-06-17,1.5865886190753018,0.30180990551264775,1.08631582755065,1.407267774566923,1.0933426675366382
2024-06-18,1.6032064814676772,0.3024029141792358,1.0747165357704638,1.4100979441029136,1.0921187185538452
2024-06-19,1.607668963901002,0.31034115115840366,1.0762313641345909,1.4222001480680737,1.0894517077537387
2024-06-20,1.6128812212427075,0.31112148167873355,1.0504111667017137,1.4136032761630437,1.078933425698686
2024-06-21,1.5841704595254866,0.30560884192553844,1.064929976543923,1.4085085771071444,1.0769294526350448
2024-06-24,1.569331992518708,0.3097994639213523,1.0513912154989986,1.398543794689141,1.077783392819996
2024-06-25,1.551587308595643,0.30914287534695806,1.0631459740835194,1.4020405517655252,1.0856318442928319
2024-06-26,1.5462734180239817,0.30964259718102805,1.0675387914415577,1.3912657616774635,1.080511816617248
2024-06-27,1.5616177368612116,0.30894995365101285,1.0528862542784025,1.3907936444091906,1.086150026265459
2024-06-28,1.5605173855556083,0.3072841829798039,1.0525711518485148,1.3807858811639686,1.0835920369327436
2024-07-01,1.545530858843959,0.30626346680143696,1.074083084642305,1.4015608683197818,1.0724122594597507
2024-07-02,1.552967149876602,0.3064996123959482,1.0894393460096221,1.407726007178535,1.076560449740448
2024-07-03,1.5181945048827348,0.30458324445234675,1.0749156932261856,1.4206940915992374,1.0807824172229887
2024-07-04,1.5465404655979764,0.30630102474339105,1.0992545675572687,1.447729038488712,1.0849870770856502
2024-07-05,1.535301072499914,0.303863618703596,1.0786071064438572,1.4486285778650114,1.0859690684313201
2024-07-08,1.5392128333235169,0.3040080736368377,1.0521411718046292,1.432207940704471,1.1009071541813151
2024-07-09,1.5149542647169205,0.3049880163516223,1.0577319676631618,1.4378069466212384,1.0908934360812128
2024-07-10,1.5118751724655721,0.30495919671304794,1.059361443648359,1.4356735103825662,1.0900367591140794
2024-07-11,1.5128361371688177,0.29981545149358146,1.0306974271774259,1.4298583162279699,1.0952467761453977
2024-07-12,1.5168703502663519,0.3071610909374603,1.0295375451293958,1.448672153645202,1.08036241190062
2024-07-15,1.5012314318605926,0.3119376785935596,1.0160287785387576,1.4731149287808962,1.076293270534992
2024-07-16,1.5020987218863064,0.30680078207617056,1.0343549039092983,1.474457168394951,1.0847671850176033
2024-07-17,1.5129879017408532,0.30850612882195566,1.036663931538278,1.4959869922684863,1.0893471130875079
2024-07-18,1.536382923552216,0.3139211935422446,1.013667359285077,1.5039073600702477,1.076199453900812
2024-07-19,1.5229690751358034,0.3053040687364536,1.0068575766572398,1.4686760395920266,1.0700044790644188
2024-07-22,1.5475564928896772,0.307841667545478,1.021554756870786,1.4767480104418653,1.052854266583844
2024-07-23,1.5289425014087827,0.31545889796025567,1.0582974710298563,1.4618789982663636,1.0684684134816276
2024-07-24,1.5410107349093436,0.314885190502411,1.0778061446945457,1.4795737159120983,1.0733560714009902
2024-07-25,1.5410596160988272,0.3179323983734512,1.0759263912499757,1.500299145503276,1.0774559506633448
2024-07-26,1.5265426488099028,0.3207720503305187,1.0970313804783685,1.5024277719067722,1.073300723702191
2024-07-29,1.5345582447613948,0.31719945783369674,1.0781227410047391,1.493523976008076,1.0775189185560148
2024-07-30,1.5307711290629464,0.31424695856266976,1.0835242700985488,1.4840658433898075,1.064775950484276
2024-07-31,1.524095968556726,0.3137429670697853,1.085842123129901,1.4767162328895342,1.0661041016766506
2024-08-01,1.5597772267946224,0.308739887989605,1.0828256960913094,1.5118484733307154,1.0770497524523495
2024-08-02,1.5760936215236765,0.31557532284587314,1.0832098315813226,1.4855376019525206,1.0889511271680719
2024-08-05,1.5966633944953843,0.32420333801711837,1.07334380960476,1.4773947435649717,1.0932409849085405
2024-08-06,1.6152917834282439,0.32069635971642996,1.087607283162429,1.4624662436400255,1.0968522011612014
2024-08-07,1.6006913937928626,0.32613949229890843,1.0640500849206038,1.4694490371478346,1.0928979049247212
2024-08-08,1.6032532827758146,0.31829213271253975,1.0868412040702975,1.4759446175426534,1.0957193678846955
2024-08-09,1.6137498529360528,0.31483364984181134,1.0926163251086363,1.4690532609316789,1.087099007570157
2024-08-12,1.5938229976881333,0.32383728815119295,1.0779867671514314,1.4834268188724906,1.0860351427378119
2024-08-13,1.5947522847014153,0.32213027865319765,1.1105519207240202,1.4905156876111625,1.0767684657058603
2024-08-14,1.6050877443502578,0.3265866752728499,1.1210675737945828,1.491484934224363,1.0651810637545736
2024-08-15,1.6306566710776402,0.32814788565818515,1.1293159020582542,1.5019180814158926,1.0628111168026568
2024-08-16,1.6362354188682247,0.32281841848305176,1.1285749114031423,1.5023823362078448,1.0770595286641877
2024-08-19,1.6654367961051133,0.3242575215532859,1.1350423532086389,1.5247534126520441,1.0919958106162473
2024-08-20,1.671965572254918,0.31896257676137885,1.1682185406893704,1.5360180916936699,1.0921259242388892
2024-08-21,1.6787664545699041,0.330348117302561,1.1599579723576403,1.5639763130950313,1.0878256974406544
2024-08-22,1.6621928455540742,0.3179826185829703,1.153761220003074,1.56185931844393,1.089156560863342
2024-08-23,1.6931450318572732,0.3193189071829778,1.1260552754198045,1.5648908558353058,1.0857113057354189
2024-08-26,1.697772014051611,0.3132749641181501,1.1417052726498262,1.5534643453047665,1.076722799872936
2024-08-27,1.6945013940259717,0.31745536022616183,1.1351339003659782,1.5856810171890685,1.0775458187981553
2024-08-28,1.6830589931555047,0.31018714654883,1.1273358892680942,1.5514157738465117,1.078504711932997
2024-08-29,1.6702097747943256,0.31288062921247,1.117694502987322,1.5640255504319132,1.0707699907104877
2024-08-30,1.6783187454447641,0.30585956991975954,1.1283562656769872,1.5394955379060098,1.0748830617010445
2024-09-02,1.6688443067039764,0.2989210554655079,1.1397718856487518,1.5166638563946961,1.077439025380903
2024-09-03,1.6681833566004312,0.2973743659689308,1.1761028887115201,1.5165941087688752,1.0719178219443353
2024-09-04,1.652757782512309,0.29470322014801664,1.2130742873427414,1.528054347307308,1.0832321631173971
2024-09-05,1.661630688013623,0.2940975979792008,1.207493328566523,1.5541208507247177,1.075312776360632
2024-09-06,1.6569346188752487,0.2912810798797619,1.1941303722254397,1.555852066976273,1.0849777302763797
2024-09-09,1.6978015507017015,0.2897853186031524,1.15026232783495,1.561792548742216,1.0851515897055874
2024-09-10,1.6969638009063785,0.2878284292240006,1.163057084087034,1.5669909554795354,1.0831905469580636
2024-09-11,1.6685366042455858,0.2811733421495448,1.1898686463718773,1.5391742760080143,1.0846977298645526
2024-09-12,1.7055125638439645,0.27231932309905865,1.1632904014741492,1.5331724211224065,1.082316312301202
2024-09-13,1.713366784845865,0.27501296702737266,1.1701989440707092,1.537003030106034,1.0993862240126295
2024-09-16,1.6936880090470272,0.2770834051016656,1.1639205166870348,1.557968154521872,1.109300901648917
2024-09-17,1.7026374145625849,0.2729323061489417,1.1610483831878924,1.540493608265724,1.1060579548063532
2024-09-18,1.685976709587873,0.2718471135495861,1.1681060049137488,1.52863999991708,1.1040220064860644
2024-09-19,1.6983363622549112,0.2760738128957038,1.1729074480106592,1.5499106222602688,1.0972194799204098
2024-09-20,1.680146279410637,0.2756275878278605,1.1326311271392109,1.5469860383223573,1.1042555023657845
2024-09-23,1.7167701204135242,0.26692487638206425,1.1465662210843113,1.5254382276149385,1.1109087483108628
2024-09-24,1.6877000576849583,0.2660946231286816,1.113393028366088,1.5196425004020655,1.1250669635886656
2024-09-25,1.7028460651361719,0.26991240785227233,1.126342054103717,1.5577805467256238,1.1236134586045585
2024-09-26,1.7104529675355462,0.27115609711188615,1.1157001095318961,1.563100126021524,1.1396552335366579
2024-09-27,1.704344735832132,0.27136308615522503,1.0981708421214238,1.5565844902472517,1.1339291390641586
2024-09-30,1.6880146616755822,0.2715143449508646,1.1065284354618041,1.5611872674545886,1.1404454658784409
2024-10-01,1.6899352288099676,0.27444402806305945,1.1216317292646971,1.5473211046196613,1.1250489622168367
2024-10-02,1.7005210949476952,0.27492595391547325,1.1338575707213998,1.5071463123483606,1.1236238026139922
2024-10-03,1.6961504727224401,0.27200326044782397,1.1334585054564106,1.5363868865001804,1.1248948459454966
2024-10-04,1.7108356491321395,0.2730755872581024,1.144740591403004,1.5301171335755228,1.1272122058423466
2024-10-07,1.7170632594747985,0.2712439006662415,1.151145824250727,1.52683534494315,1.12849851470728
2024-10-08,1.7223978968678861,0.2713330956661142,1.1223896052257476,1.5346632593598368,1.127463651343682
2024-10-09,1.729952513114143,0.27182329502517677,1.144781906749648,1.5841543456987044,1.1271662256323978
2024-10-10,1.7071963497929032,0.27471704214812703,1.1361369238912835,1.5891025981503264,1.1286232437221804
2024-10-11,1.7032077703942177,0.2813449207521572,1.1451742310047126,1.6175835886676961,1.1289876578719396
2024-10-14,1.713293278289064,0.2894520329254622,1.1664833415605915,1.5966047120795102,1.1272248896069657
2024-10-15,1.6957024252348654,0.28400408512058195,1.168709445472189,1.59805727797473,1.1266253755085451
2024-10-16,1.6752201086852714,0.2819782352774496,1.1560753610814705,1.59769044054273,1.126621828055226
2024-10-17,1.6904771603394728,0.2879740460371082,1.1413851283757042,1.601703971940337,1.1254627047754049
2024-10-18,1.6815862867829392,0.27969326376736564,1.1272343027091813,1.584477462369863,1.1263848571456636
2024-10-21,1.686958578736015,0.27498366306887634,1.1371017063729103,1.5825258568580585,1.1279221576399678
2024-10-22,1.6854659280123498,0.26813274061185405,1.1263537178822474,1.5634698229411153,1.1295297571437142
2024-10-23,1.6906791327229358,0.2681333473797562,1.1238026063514603,1.569864378968771,1.1298777461932061
2024-10-24,1.7205266238788932,0.2670452780613504,1.1168820787468987,1.5413728748109763,1.1285570191976981
2024-10-25,1.7407621506158575,0.2694415452927605,1.1080521388554383,1.5311569695444724,1.1273951777137428
2024-10-28,1.7417544883581788,0.2644228645479027,1.1120412267650717,1.538937672568809,1.127953076838908
2024-10-29,1.7528773905648551,0.26347422068135756,1.1017449749906238,1.5564217744922608,1.1289391949509717
2024-10-30,1.7416610275324131,0.2669800486393482,1.092983562549774,1.5456394543296381,1.1299399535962074
2024-10-31,1.7545757539987015,0.26611985378951913,1.0648523623767072,1.5481474560295112,1.130565839773089
2024-11-01,1.7538238074823618,0.26996593212368364,1.0794753603289116,1.5628556566509588,1.1282730153790732
2024-11-04,1.7485498998063809,0.2667606198226566,1.0971334114213391,1.5537621723563877,1.1303930757586143
2024-11-05,1.7381377792949773,0.26389187081902077,1.0905706225894458,1.5463385458937884,1.1297333639877223
2024-11-06,1.7571860306229738,0.2637373082852882,1.0949597792862882,1.5207683984573621,1.1301872219319744
2024-11-07,1.769876353081895,0.2644919195904244,1.0955833189841755,1.5234569502843716,1.1290901452687017
2024-11-08,1.7839759133700257,0.2632770861856636,1.073607400423033,1.510869577621428,1.1268378490247393
2024-11-11,1.7783326540890956,0.2592901152744633,1.0745655147903028,1.5226503311713908,1.125372938360689
2024-11-12,1.7949913204008685,0.2551635686965811,1.0589153327687058,1.5195971099941188,1.1274065755914462
2024-11-13,1.778083209848865,0.24802024759193267,1.0635616637008514,1.5463707112614684,1.1263448819319621
2024-11-14,1.7763308465168393,0.23663099084072528,1.078468088431393,1.5514673701512436,1.128560317762505
2024-11-15,1.7980666127889888,0.23028559850128139,1.0862663048493637,1.5459733769329131,1.1290637918356943
2024-11-18,1.7937654329496404,0.23607758715931906,1.0949661176190648,1.5574907255055532,1.129114509388876
2024-11-19,1.7840193604238028,0.23814306202040764,1.11563158853847,1.5869149417032482,1.1301447637601267
2024-11-20,1.7799526216907557,0.23632441680715288,1.1002242230795505,1.5862655056194124,1.131920803086473
2024-11-21,1.7927948063455896,0.2412614726633085,1.0692432058046395,1.5921029297509781,1.1335576674958303
2024-11-22,1.7857336643624482,0.23787032168946093,1.0561990481515453,1.5969715045347253,1.1330879786211057
2024-11-25,1.8129762316583171,0.23415651937876458,1.0850345230548823,1.597309305073876,1.1323224145118511
2024-11-26,1.8180813906845614,0.23557053218696794,1.0767814753533627,1.5949090077784343,1.134217877218382
2024-11-27,1.843930832301193,0.2378264424519774,1.075725991414253,1.598900957249859,1.1350300125052109
2024-11-28,1.8637181730360475,0.2349326877872446,1.0722267541847368,1.5879454877644728,1.1337978809994949
2024-11-29,1.8870233265093974,0.2359497624355018,1.0828941338768836,1.5890998069678737,1.1351271381989725
2024-12-02,1.8817762595692966,0.23088687388694776,1.098458058878042,1.5764917641177354,1.1348387731495007
2024-12-03,1.8619614953858927,0.22850599159220492,1.1027160254606698,1.600200471917314,1.1348837835403482
2024-12-04,1.8570160702145329,0.2272168897492819,1.1093499357857266,1.5973799520438188,1.1351764525664683
2024-12-05,1.8629214857698115,0.22540527495418777,1.1213757134749451,1.5988150167002804,1.136988934353114
2024-12-06,1.8582564660285916,0.2301748333126311,1.1027113226636613,1.6132110523315224,1.1372690534338066
2024-12-09,1.880523759287177,0.23464294035074654,1.0835553700791607,1.6360559882530128,1.136933790186522
2024-12-10,1.9044106278670994,0.23033266647060294,1.083952628117871,1.6222201036813604,1.137389442153703
2024-12-11,1.8884906458038515,0.23496397017221302,1.0976798237440477,1.6327285278200925,1.137033093244196
2024-12-12,1.8790480302319608,0.2377197692853226,1.0988033747447215,1.639256268710808,1.1372450289378842
2024-12-13,1.8651478951300673,0.23911805291273375,1.1029498423201551,1.659431081781134,1.1369239553571981
2024-12-16,1.8909212468117362,0.2378494658742789,1.1021369032365556,1.663409588684177,1.1370501471896985
2024-12-17,1.9141638870794895,0.23946886722222846,1.0884551102861004,1.682145817402238,1.1382443036598298
2024-12-18,1.900814959381029,0.24453029388205794,1.092523891498932,1.7050863207885099,1.1374926898361002
2024-12-19,1.8711779798307902,0.2433332886786842,1.0920333273264902,1.6879693781723968,1.1383323024653824
2024-12-20,1.8722972677092555,0.2413288899388091,1.0768386181978191,1.6783322426305656,1.14007944513434
2024-12-23,1.8777824424314145,0.23983226717665973,1.0775874320500458,1.6739550775800949,1.1395329503593827
2024-12-24,1.848633387302222,0.24317790745663723,1.089387563348303,1.6979891393826032,1.1401983054609286
2024-12-25,1.8531360174506424,0.2361489510982767,1.0963461792085156,1.6536590773610056,1.1384994142047684
2024-12-26,1.9026981880657279,0.22838505590086203,1.1012558933665904,1.6495875865744534,1.1385074679317548
2024-12-27,1.8940463288529317,0.22416708729876028,1.118365548292665,1.648913484350887,1.1418454477960602
2024-12-30,1.9012065831371017,0.22212216004006496,1.081098424836111,1.665941415822077,1.1392059207042255
2024-12-31,1.9023350393959486,0.21746050183639967,1.0825902928938729,1.6359000252088343,1.141119877377289
2025-01-01,1.9351587058920845,0.21866682367853985,1.0666252583047087,1.668339632042769,1.1411494552415833
2025-01-02,1.9342419152068009,0.2181777683892191,1.0754975653764673,1.6773923301365528,1.143981113785543
2025-01-03,1.9392841899579845,0.21559741014567652,1.0643922161423784,1.6558785857756149,1.1465323889564607
2025-01-06,1.9228954710891524,0.20664100286716613,1.0500480128886762,1.6622594058029252,1.1456713728541237
2025-01-07,1.9310089994906212,0.20948345563504034,1.0575149529433665,1.6511603764919636,1.1470508562694222
2025-01-08,1.9199112428502247,0.20677228051016175,1.0640033205514576,1.6267466359895124,1.1464459947049281
2025-01-09,1.94507567242904,0.20713537680449998,1.0642671061278144,1.6435557333051676,1.147886081462231
2025-01-10,1.9558272772190564,0.2116153766225451,1.0557260100512729,1.6435089185640126,1.147592123364567
2025-01-13,1.9901729841583267,0.20182364560215485,1.0661263489560373,1.6516996315629884,1.1469895850046254
2025-01-14,1.9823031382739802,0.2054859269571638,1.0507946070141672,1.6418785678961862,1.1455668506571373
2025-01-15,1.993424003031424,0.20427930867681832,1.0230647556562795,1.6717439562741405,1.1434166101385417
2025-01-16,2.044666874816474,0.20298965480924372,1.0279048409743776,1.6833490546995482,1.1451958627646974
2025-01-17,2.031558662399154,0.20597549473385082,1.00559195615148,1.6735285820294952,1.1461976102495055
2025-01-20,2.037764912704451,0.202720450489405,1.0074332197887608,1.68460364441913,1.1481275437068386
2025-01-21,2.0589083580504584,0.19858114144874442,1.0133542858159459,1.6494280848578198,1.1473675947154138
2025-01-22,2.0799753168510104,0.20038030745868918,1.0137203861731876,1.668461013104833,1.1460159844702353
2025-01-23,2.0683540890309455,0.19992009590125853,1.0143614816066582,1.6890646087023293,1.1458333052774141
2025-01-24,2.0923639330792723,0.19849806202916104,1.028838289179701,1.6829438374948373,1.1442530851680845
2025-01-27,2.1111500424278593,0.20296281071782302,1.006808313516358,1.7034466351941915,1.1450754568648478
2025-01-28,2.1243738394142846,0.20043733190545338,1.0009322600700936,1.694998287684736,1.144972666666674
2025-01-29,2.119439333594408,0.19051403408033812,1.0053105455053657,1.718915210517668,1.1451769659542355
2025-01-30,2.152803679048514,0.1920574974523075,1.0338541207172702,1.7229531945656988,1.145640763160117
2025-01-31,2.1585496347761173,0.18918801481021771,1.0555055875169472,1.7057684795236776,1.146933412043164
2025-02-03,2.1539436047412286,0.18769760303539737,1.0422096098582658,1.696318598251267,1.1462103975640854
2025-02-04,2.153102798807852,0.18517691753788618,1.0439867742749593,1.722067179193871,1.145318786700314
2025-02-05,2.138887201985688,0.18515925375249243,1.0621902510231824,1.7303699370769303,1.1452555699848084
2025-02-06,2.1291165368328393,0.17814101397025614,1.0502053507475362,1.7130870552921789,1.1455051385103954
2025-02-07,2.1145457938126744,0.17733859232410273,1.035200211713296,1.7082531637873994,1.1449568875630436
2025-02-10,2.113104108738444,0.17856351006174145,1.0342072195125556,1.7067240993695874,1.1458136559762127
2025-02-11,2.150496778878994,0.1772858977856504,1.0558922283726313,1.7126538278708574,1.1463943729680643
2025-02-12,2.1540766496357135,0.17593672158936344,1.0324314592478803,1.73563787226777,1.1481873617450864
2025-02-13,2.178689353468676,0.16947725379020187,1.0277682679920175,1.7169331700456516,1.1478151740334008
2025-02-14,2.1862448359238758,0.17661481456183664,1.012514912083506,1.730343823487476,1.1496677722032485
2025-02-17,2.1647732021567876,0.17739977022064224,1.0233884369016018,1.7367371422543783,1.1482092046411587
2025-02-18,2.1728835567757097,0.18002345477995618,1.044238399983519,1.7527212176205926,1.1486866731597876
2025-02-19,2.148463391307311,0.18361409189782896,1.050977137736259,1.7615795472147133,1.1498069130672612
2025-02-20,2.1252596992177892,0.17974294450215642,1.0617903938215694,1.7653198470232254,1.1514622456805597
2025-02-21,2.1201180867067695,0.1814259288653746,1.033908372363972,1.7639028839596045,1.1541162952717063
2025-02-24,2.1218534371486726,0.1823881366173423,1.0430801593608534,1.756830140462331,1.1541019861169777
2025-02-25,2.1445238069189503,0.18221570729426773,1.0214025000132207,1.7715274394093539,1.153922637407417
2025-02-26,2.1748654570608363,0.17491300370708418,1.0382264364540654,1.7657230402004207,1.1543565703839156
2025-02-27,2.1621509107005306,0.16781385650583758,1.0322044280576472,1.7475341371516524,1.1547019920565438
2025-02-28,2.161784207877641,0.16192691692303457,1.0136426434031804,1.7562471920172977,1.1518912096016567
2025-03-03,2.1419023200877345,0.15719455320873513,1.0488383503736778,1.7384726215616992,1.1489483160605871
2025-03-04,2.1902531514347094,0.15975157034412976,1.0452664077986809,1.7358763857554276,1.146615690917034
2025-03-05,2.2251099283456406,0.16355558166777567,1.0539004904636318,1.7314834239602963,1.1458225308364538
2025-03-06,2.211530854838453,0.168598915303077,1.0413385806995956,1.7232758071771763,1.1442518364062928
2025-03-07,2.155953544551951,0.17491355965117322,1.0089089723739675,1.7008245961365787,1.1435156252266472
2025-03-10,2.1789367196320972,0.17283850527288366,0.9987740504685602,1.7170167186196221,1.1433577274519937
2025-03-11,2.1640485856842098,0.17021952361032155,1.00192963221423,1.723272154206041,1.141263081148974
2025-03-12,2.1773101121863667,0.170282537782449,0.9809276229385558,1.7373515665690005,1.1410391513175693
2025-03-13,2.161089721038647,0.16801099848415554,1.002537134185201,1.74837870336587,1.1432096167570218
2025-03-14,2.186482102600515,0.16501793333391745,1.0161359505364576,1.7326273740809015,1.1437678954883865
2025-03-17,2.197270480067261,0.1751358139005769,1.0324108810462507,1.7410749045685,1.144709324361565
2025-03-18,2.221059397754364,0.16993087100396168,1.0471813576040616,1.730300718359732,1.1429307755879914
2025-03-19,2.2168040354791034,0.17428653118148685,1.054540355776515,1.7683097444794933,1.145459551742026
2025-03-20,2.2008647319252788,0.16994721410702582,1.0744672023991955,1.771914693200937,1.1439432788258603
2025-03-21,2.1887932173806584,0.16856593917378948,1.10226017111926,1.7316119046709282,1.145562482702694
2025-03-24,2.186924790066569,0.17087736489564556,1.1282710853039268,1.7350291867987049,1.14673814601843
2025-03-25,2.1976941196941464,0.16607598681943453,1.096094289127794,1.737830797521749,1.1468602767750848
2025-03-26,2.1983134021177957,0.16356473587512033,1.090906147715689,1.6976678356369772,1.1463719614640744
2025-03-27,2.207661839510918,0.16235132100758973,1.083485140401969,1.6927028667296367,1.1464009813643614
2025-03-28,2.2262173476266565,0.16240978463472158,1.1066697578863394,1.6954038642999212,1.145278979165172
2025-03-31,2.2388789333837726,0.16219150486340328,1.142482870355506,1.6938732317030738,1.1466151078696842
2025-04-01,2.2724675204880795,0.16039116158573988,1.1410434989970035,1.7058184389074353,1.14747886159362
2025-04-02,2.2748487936700585,0.161089671105829,1.130615322390892,1.7032301961612122,1.145645085985821
2025-04-03,2.257706453902581,0.1640128262899473,1.1371312758383365,1.7174217119837611,1.1437799255566412
2025-04-04,2.2052411290653637,0.16106799658599794,1.1556419102153215,1.7069449829445082,1.1457401770751032
2025-04-07,2.1665852485693646,0.1638342729595038,1.1622701187735156,1.7102308113003974,1.144423503201587
2025-04-08,2.1972614923472125,0.16726012933424542,1.1762568936559425,1.710145436408418,1.1418052021303322
2025-04-09,2.131973116752546,0.16418439450359104,1.1674238774423065,1.7092553345042691,1.143679247731198
2025-04-10,2.1721602500493247,0.15644631049346744,1.1788383663344797,1.70414272494258,1.143120151903141
2025-04-11,2.178279015530873,0.15564457593466535,1.1955310377485562,1.695274105168868,1.142641399290817
2025-04-14,2.1902312556689436,0.14924113512661552,1.1922200908701945,1.7004951947274858,1.1423714313261093
2025-04-15,2.1752634667056765,0.14940685733607265,1.2026884245200689,1.7031957041596275,1.141203374282536
2025-04-16,2.1868541856375834,0.14950800763405367,1.184629364616989,1.7155089661617742,1.143659100381716
2025-04-17,2.161779209658658,0.1522134438398057,1.1565594288641627,1.7111524058668885,1.1445830018897822
2025-04-18,2.1226556678968955,0.1573828508989157,1.1611643020039704,1.7082720799980426,1.1433000725980422
2025-04-21,2.1522267132782744,0.1583467932647886,1.1790949632782246,1.7003092334197571,1.1424042309169886
2025-04-22,2.12621600588205,0.15816751744890903,1.1620599359020607,1.699682100021972,1.1413319491217337
2025-04-23,2.1375883864970806,0.1511427715426869,1.142926484972806,1.7009118656676778,1.1429862716782186
2025-04-24,2.108892627047921,0.14992834935156046,1.154183943698159,1.698210431732832,1.141769376409682
2025-04-25,2.138970312568894,0.15234427346936252,1.1751570818800516,1.7183348444366775,1.1420913736502443
2025-04-28,2.1541283625382714,0.1476999385744977,1.1565442503951116,1.7254716741374025,1.1432941946044168
2025-04-29,2.1688774620533056,0.14590539835966929,1.1907118803491399,1.7202251541336162,1.1433505657921759
2025-04-30,2.1649476755516726,0.14480386326147418,1.1732487521770525,1.7189825800360614,1.1422064852386473
2025-05-01,2.1734010247832174,0.14605643600541982,1.1560564461618528,1.7178430772254756,1.1416470751418708
2025-05-02,2.164274461739156,0.1496524928502183,1.1423080110345973,1.7239198633157373,1.1407455510542661
2025-05-05,2.190419574964773,0.1476644402215312,1.1220579103083892,1.7185798232065388,1.1388655688767773
2025-05-06,2.1946071869906776,0.14735776385416122,1.1161327032029027,1.7247145527181835,1.1390255901805724
2025-05-07,2.1812295492548297,0.14842820963853876,1.103491072980042,1.7215672859983258,1.137751176590631
2025-05-08,2.1898902135204295,0.1482242959819589,1.0665525479278564,1.707908189438635,1.1361511125779646
2025-05-09,2.1795897613560826,0.1438345656096655,1.065325773344737,1.6974451469655023,1.135748315176047
2025-05-12,2.2099881098468956,0.142635852685132,1.0581008666663154,1.699990582967582,1.1372276571739723
2025-05-13,2.179218260519152,0.14453381576358854,1.0729109720134677,1.6836970265619309,1.1393231225835005
2025-05-14,2.177752228141995,0.15015402482639106,1.061697699373352,1.678121811594496,1.138188848216438
2025-05-15,2.2093824084723965,0.14872341857813753,1.0529814551347985,1.6848202092030957,1.1383083898063748
2025-05-16,2.1989838184796673,0.14989479610557943,1.0330007019159588,1.6870917361317816,1.1381105668957217
2025-05-19,2.19270338254207,0.14668067275639163,1.0410397921099832,1.6734522174185826,1.138093575114408
2025-05-20,2.165600697046099,0.14817351541816273,1.0423594346818454,1.6878052759317765,1.1354427588331324
2025-05-21,2.1654493076453973,0.1497322918467076,1.0423550462197921,1.6840510398473176,1.1361754233982455
2025-05-22,2.1720656829302047,0.15487142556441394,1.050425348100685,1.6922988441733686,1.1358151556851743
2025-05-23,2.1736439861185386,0.1536952593653644,1.0531952439049306,1.7010259005698114,1.135036671260995
2025-05-26,2.188249655982269,0.1552701681171943,1.062840007005458,1.6965706134547252,1.1354217137446363
2025-05-27,2.1601036749405376,0.16318947197461856,1.0863510937976857,1.6929771922860979,1.135802556261731
2025-05-28,2.1441434297294317,0.16558493294089066,1.0825326244905769,1.7012287457212973,1.1338646538099553
2025-05-29,2.1746889667683,0.16481174331858578,1.0955619552451379,1.6907749574913649,1.1324955363049871
2025-05-30,2.1492077203018662,0.1579617857550445,1.089753423213513,1.6777780226230476,1.1331553699252936
2025-06-02,2.1843191854356707,0.15792048250416219,1.095382317816683,1.6684082216391987,1.1324833432717258
2025-06-03,2.1678725306841664,0.16179503481421267,1.1002099091616095,1.6725331790611315,1.131219757548488
2025-06-04,2.150551072570852,0.15904302402639015,1.122252284269229,1.6754709894045847,1.1302770069726469
2025-06-05,2.1359124191274788,0.15622973529323644,1.1206626431339124,1.6733145871878699,1.13079423713018
2025-06-06,2.1608358361909215,0.15168818494672356,1.1297319068086453,1.6819151899284155,1.1317077528523591
2025-06-09,2.1886889839050934,0.15223397506414948,1.135767309506775,1.6869638101430169,1.1314905823310797
2025-06-10,2.192659560970978,0.15028581446521685,1.140897421311493,1.679847167434186,1.1296168444738233
2025-06-11,2.1943046299003264,0.1536802545182482,1.1375720784992867,1.6874978620715857,1.1311144527221817
2025-06-12,2.165987038562103,0.16110064433834725,1.1401292301907358,1.6933276450140409,1.131933250531027
2025-06-13,2.183483608376318,0.16712988535212392,1.153917932292732,1.7132997820738012,1.1322842313589816
2025-06-16,2.148552187372713,0.17072134089419683,1.1589194057811922,1.7117998782457378,1.1311623294454005
2025-06-17,2.1356384579916523,0.1757896390180076,1.1671517170366346,1.7269198083227817,1.130988539327788
2025-06-18,2.1255601160068394,0.17960689165619537,1.1747330029546754,1.7175916015931916,1.1312068488335634
2025-06-19,2.190165239958156,0.18394894642677243,1.151187102514144,1.7174039582897613,1.1301535975253763
2025-06-20,2.2040496277940336,0.18622947415509866,1.1445635621095782,1.706499179356238,1.1279198357793034
2025-06-23,2.223902517377098,0.18480188116511895,1.1537938188633547,1.7144554450063838,1.127202923321921
2025-06-24,2.2216575964856267,0.17661631955036763,1.1383563034516535,1.7116548592843328,1.127432397542778
2025-06-25,2.191994275889229,0.17602578796643056,1.1605939952439237,1.7057594057998788,1.1289844769182236
2025-06-26,2.2026150201900334,0.17358687343381793,1.1537572349178722,1.7114915360736442,1.1307410592432716
2025-06-27,2.1939061897184184,0.17321460327056729,1.1717558482867634,1.7063343382107437,1.131494211151986
2025-06-30,2.2033515896222045,0.17490367626594058,1.1792606950327267,1.7077658057062763,1.1296373429923752
2025-07-01,2.2008372402665874,0.1761591071615029,1.1724432661473025,1.7076583242968624,1.127071696749641
2025-07-02,2.2421712084103054,0.1741215348379251,1.1610982231601024,1.6945970229170315,1.129414812931442
2025-07-03,2.2302106934853914,0.1782816526364865,1.1372768687160684,1.6929521091732656,1.1334654887797677
2025-07-04,2.2320157825426223,0.17921427799334685,1.1547238779967641,1.702698139522352,1.1186172685509177
2025-07-07,2.227286454968082,0.18869575449333056,1.1506846486800457,1.6822501765685944,1.1239844007671282
2025-07-08,2.229754765065941,0.1881829545226047,1.1817259289509088,1.694853948287136,1.1098991628024002
2025-07-09,2.2369224831324446,0.1787420088509242,1.2056205588119715,1.6947884080490048,1.1002201456209235
2025-07-10,2.235609641578496,0.1871464317126527,1.2416717034180313,1.7066280218750705,1.1076068000697992
2025-07-11,2.2385076044013865,0.1870272503271047,1.2497339010545352,1.698678830635419,1.1066378838310824
2025-07-14,2.2602013918927835,0.19049449687829115,1.229797132839029,1.7019256750620488,1.1028622156078767
2025-07-15,2.2498404391591555,0.18949051350601095,1.2536954206542639,1.7051911592109739,1.1102065791553508
2025-07-16,2.2817445667114633,0.18953087783342062,1.2449825201413471,1.7182795959580344,1.1064376256964246
2025-07-17,2.295559475753502,0.19463670880038672,1.228499861410064,1.7206775708067967,1.1094363968610637
2025-07-18,2.320763220696469,0.19794327022863437,1.2265523308613153,1.724866610151793,1.1171652616134409
2025-07-21,2.314582742286795,0.2021453681391457,1.2200286128044617,1.7231586508263734,1.1127067326260058
2025-07-22,2.350462083566778,0.19155502717209819,1.2419642336146577,1.7041311762277933,1.1087444451819894
2025-07-23,2.379059769450344,0.19147155205493932,1.205024152296762,1.7124231480753958,1.1055274844632677
2025-07-24,2.403757212372813,0.19403796195859999,1.2168122190448758,1.7181037925778293,1.096524777899353
2025-07-25,2.3746616466513557,0.19453838339053645,1.2231887523623124,1.7106434835675584,1.1004399261697033
2025-07-28,2.3511329759471433,0.19132426115387763,1.2092181318410518,1.7121534708519102,1.0872799503896209
2025-07-29,2.3723792571231956,0.19158258607717324,1.2395484933924226,1.6961675241367644,1.0848728367736333
2025-07-30,2.399128012742692,0.19128435776452787,1.2408565786317234,1.6969048217901488,1.0862967001931954
2025-07-31,2.4220999697255605,0.18123930831727217,1.235786317045632,1.6984852314781427,1.0814043497632526
2025-08-01,2.3678656878768285,0.18548400435577003,1.245116766462088,1.6957474603051788,1.0878619234649056
2025-08-04,2.376881338958807,0.17929693353037945,1.2588466916018746,1.6922137816162912,1.0792267747846829
2025-08-05,2.3940622398416957,0.17186212695026862,1.2676887622768864,1.666822110407445,1.0718985192609811
2025-08-06,2.3770849831245475,0.17248887259006418,1.2740343768720888,1.67197384299099,1.073771940595485
2025-08-07,2.3845574323305465,0.1743235560469555,1.2648057370552719,1.6752708758067212,1.0736301108674358
2025-08-08,2.365192007293156,0.17654968614137828,1.2390786323482987,1.6754317632055362,1.0755226320422875
2025-08-11,2.323476599172766,0.17327213148777162,1.2224585614858912,1.6659103299756945,1.0741958661464865
2025-08-12,2.3647876791092717,0.17236124651921567,1.2574681932775678,1.6733869110713127,1.0731599705214918
2025-08-13,2.3930119934318324,0.17162620619548138,1.242771996816541,1.671244064396785,1.0690162271514758
2025-08-14,2.432651876065631,0.17329706861736666,1.2557225087006885,1.6678638793500995,1.077379579120951
2025-08-15,2.408319850456344,0.17240519365016763,1.2697745066714206,1.6742158485633232,1.0645095760211283
2025-08-18,2.429014430914806,0.1758555220771409,1.2621206290296998,1.679408624959506,1.0733760879387086
2025-08-19,2.400388422898172,0.17824789374934266,1.2693804838331135,1.6794229701451844,1.0749332430209848
2025-08-20,2.382738453922535,0.17416311117949648,1.2726982839727101,1.6854522039518418,1.0778564489910776
2025-08-21,2.4313840301835414,0.174406224767114,1.303677776976669,1.6962821136174868,1.0641813248268077
2025-08-22,2.3984160432284916,0.17728778448470695,1.3136306947602785,1.6987561903074875,1.051624114177522
2025-08-25,2.431935908854845,0.1767293890918089,1.3013158473480606,1.6962645770080544,1.0443224518202372
2025-08-26,2.4773725598269483,0.17195287992440708,1.2856947794935132,1.682666717931838,1.0411188691441124
2025-08-27,2.50149764311841,0.1707950750825411,1.2903584977118205,1.682078972796763,1.0427059055214956
2025-08-28,2.5341657871371654,0.16787822793208548,1.2829021097942086,1.6780187876933994,1.047851093004084
2025-08-29,2.5555550701758087,0.16789260843305093,1.3031048205142166,1.6861292436567996,1.043854112556954
2025-09-01,2.604568358218482,0.17003475592060474,1.3078008486952943,1.6777073966620883,1.0484911314198777
2025-09-02,2.542486490159576,0.16807426950520954,1.2896819189419766,1.6833845693273415,1.0516117659092605
2025-09-03,2.5107458688091917,0.1709127804180292,1.3002327165991119,1.6822303934529044,1.0511767189964618
2025-09-04,2.477335382414894,0.17608989057408667,1.2939788626004434,1.6918101715048672,1.048927027453621
2025-09-05,2.4752835566094507,0.17771529325352692,1.2608797849421456,1.6958565377843349,1.0570840183623815
2025-09-08,2.4973769092891662,0.1838391052930396,1.2791886062531963,1.6952198556670888,1.0435079100355045
2025-09-09,2.4894015227000352,0.18188136817050327,1.2695392791554865,1.6816627984267698,1.047330251138941
2025-09-10,2.5085276133708496,0.18225369495756383,1.2846808488042436,1.6757263362732828,1.050819616599158
2025-09-11,2.50379502641897,0.179769236877427,1.3018334228123785,1.6728217591737278,1.0451601886930992
2025-09-12,2.497450056743942,0.17308134745319004,1.308988955458314,1.6713680104211006,1.0376916089765829
2025-09-15,2.4871512215164246,0.1753212560839104,1.3141188285992913,1.6708546078878004,1.0382781067803397
2025-09-16,2.4938087705987813,0.180842589792391,1.3335267124585182,1.670597807178454,1.0386548424242603
2025-09-17,2.4898641292755093,0.18339234320082995,1.2828434028922002,1.6764232825230123,1.0325839142439728
2025-09-18,2.496602678505557,0.18603550490240706,1.2560895126781262,1.6830357566959908,1.0359209652938712
2025-09-19,2.4757802509976887,0.1881916398115403,1.261838344753247,1.6834428429928525,1.0257651801603815
2025-09-22,2.5014802777292813,0.18768261860161548,1.251154606342235,1.6832771768713828,1.0340775416924093
2025-09-23,2.4937761967256766,0.19141903733549598,1.2447233251114587,1.6968435449805601,1.0296417250763452
2025-09-24,2.5286207366257227,0.1902812896131083,1.231968662425353,1.6860076511701418,1.0301039232605886
2025-09-25,2.5424220529696213,0.19498262450976026,1.2503373168191716,1.6947403513393173,1.0319366224467028
2025-09-26,2.533152593979855,0.19356917540357083,1.251374558038039,1.6969342651771007,1.0399024310283722
2025-09-29,2.534725914533982,0.1872722276218793,1.2585788877939206,1.6941487298506817,1.0434956341239332
2025-09-30,2.5244964502586686,0.18722302823733422,1.2748303071086324,1.6951738148731594,1.0383140631996868
2025-10-01,2.5123613976393333,0.18794605240495219,1.263485753824756,1.708872021489918,1.0348756140651545
2025-10-02,2.5091775727990036,0.18873908729172093,1.2452759267057734,1.7095751943293542,1.0285679719509537
2025-10-03,2.479462558906475,0.1873552440523261,1.2600957452037471,1.7010056191727083,1.0300851307467502
2025-10-06,2.4889403253192204,0.18846638313026282,1.2725231089898492,1.7062917619455402,1.0369538239032174
2025-10-07,2.5277544307486193,0.19430076980709274,1.2699290309071374,1.710583572151951,1.0454971380366553
2025-10-08,2.5174490811209735,0.1995258524407391,1.2610325772936242,1.725787411015527,1.0453883798842911
2025-10-09,2.5079313826039584,0.19839206748970895,1.2704759109989783,1.7317369986452995,1.0365895524684219
2025-10-10,2.4976912509717653,0.19865431529403826,1.27667191977797,1.7300813734544265,1.0366199158498621
2025-10-13,2.51007606355633,0.20139204427615676,1.2759552203041036,1.7402879099589392,1.0369045143126363
2025-10-14,2.485723133885277,0.19817914814260376,1.2435742069968525,1.729626922569495,1.0393923484813192
2025-10-15,2.489009300918106,0.19919274696555653,1.2667805757794313,1.738711201793284,1.0433578463865085
2025-10-16,2.4855583506898276,0.20125514385869023,1.2833896805747775,1.759906835712812,1.061614777722702
2025-10-17,2.486015619641009,0.2008738526399505,1.2828960268558733,1.7492291788478473,1.0500607785379763
2025-10-20,2.509084212422368,0.19981255381153112,1.3149143164576889,1.7451336804765816,1.0546932940914144
2025-10-21,2.49807067047449,0.20892052994371152,1.331098717869124,1.7435540509590013,1.0542236131549485
2025-10-22,2.4973843876914286,0.2101859469575412,1.3416567212946025,1.7314442381848263,1.0505235786143154
2025-10-23,2.4927066863773333,0.20968862153694628,1.3304634869284362,1.7374735715380218,1.0573264240421845
2025-10-24,2.442634026908906,0.21018770218485577,1.3277079493708053,1.7378562098935948,1.0589898567670328
2025-10-27,2.467457588465058,0.21084309112696198,1.3429675792750309,1.730334790766486,1.0670475114785052
2025-10-28,2.460974683274907,0.21410891615686783,1.3244897894364493,1.733437688949601,1.0657608045194498
2025-10-29,2.4749801492240344,0.2210197860059164,1.3143948705763673,1.730489215148404,1.070388959474063
2025-10-30,2.4674611391162284,0.22042266998066043,1.2813911087685224,1.7229653537238514,1.07613119119347
2025-10-31,2.4536652900468705,0.21755967496433398,1.2791208885540188,1.719880410471544,1.0738469527452599
2025-11-03,2.4213051422800977,0.214191388496908,1.2812925767707888,1.7129032793306498,1.0874976303052029
2025-11-04,2.420171549871676,0.212092137473324,1.2556699070581794,1.7198683103960244,1.0862882298540075
2025-11-05,2.3956253432289243,0.21384109587721814,1.2310573831308649,1.7156670527778977,1.0924508878679455
2025-11-06,2.392132113656396,0.21363911619037948,1.2212093088780887,1.7254061461397814,1.0911889430742212
2025-11-07,2.3730141196992034,0.20935084554104244,1.2181165811362062,1.708402837812217,1.092691276194529
2025-11-10,2.3728512763279164,0.21085628215882884,1.2029532551668627,1.7151149592435402,1.0907861021637137
2025-11-11,2.371007028103924,0.20959681481948317,1.2059863070862364,1.7200714229113772,1.1019310013786279
2025-11-12,2.3785463740223225,0.207597405699189,1.2121871030899367,1.719462162864312,1.098533393145328
2025-11-13,2.3760438227695007,0.21251402428570004,1.2012002377623388,1.7248815691406922,1.0949730698004152
2025-11-14,2.3376281273270174,0.2141584859499231,1.2107210563752224,1.7237340922734332,1.0908608524243246
2025-11-17,2.3406429033734972,0.21247955634480664,1.1973456589432732,1.7300564100239881,1.0959610412735916
2025-11-18,2.3469038987767257,0.21250513238688307,1.2061751980145663,1.722076527334943,1.0995033094723232
2025-11-19,2.3687373343038898,0.2115531989338981,1.2330384451667755,1.7429809378394372,1.0947590103414364
2025-11-20,2.3995429135427995,0.20919874635476485,1.219330145570691,1.753362954503415,1.0907125249648513
2025-11-21,2.393171897846212,0.21262196580311132,1.2464306149589113,1.7430109734066102,1.096753057176237
2025-11-24,2.4121684087851105,0.21608194600757233,1.2594352295215372,1.755882806620284,1.0894033710682913
2025-11-25,2.4006437433429353,0.21049514515893028,1.267802441510255,1.7567999493597835,1.10379304361386
2025-11-26,2.394062799942636,0.2074860649337336,1.271774091377455,1.7753812337904387,1.1041057432602077
2025-11-27,2.3843775498941175,0.2077211393905553,1.2652399360745958,1.7608187608871273,1.1110044296757113
2025-11-28,2.3834771616802626,0.2073313627948361,1.2609977789763425,1.7573188435178009,1.1179284827490679
2025-12-01,2.369969101958806,0.2116908281467388,1.2747264384153136,1.7585085657295463,1.116086469638194
2025-12-02,2.4006213864586945,0.2142149445646374,1.2892049901007916,1.7633575297236108,1.105827735607672
2025-12-03,2.387248276521863,0.21539826767754672,1.2836275619611988,1.7707860224721361,1.1074171340491252
2025-12-04,2.3803402934963627,0.21704713857703387,1.2550586910627028,1.774072605959471,1.1088807590357743
2025-12-05,2.387142448331856,0.21692364358773658,1.2761142224538058,1.7688872230598642,1.1079558954523019
2025-12-08,2.3646436834881532,0.21678425981709026,1.2735122333987206,1.7671994735691208,1.113673384636206
2025-12-09,2.372915546709684,0.21526155166417255,1.3148423743946638,1.7570779829310557,1.113148446432947
2025-12-10,2.3715821024334955,0.21573570978480325,1.3206568970845325,1.7564060364008123,1.1032769135559957
2025-12-11,2.3552108598491777,0.2117994375231973,1.316211574993887,1.7611411653913613,1.107336663657478
2025-12-12,2.3443082814867626,0.21381993765372637,1.3205973067750494,1.7632431772646755,1.1015925122523442
2025-12-15,2.3484868125959926,0.21294359093632684,1.3003521743523883,1.7650166120840962,1.1071280790603109
2025-12-16,2.3631461962560953,0.2131804682901324,1.314331326240926,1.7601272798620662,1.1088407915090677
2025-12-17,2.3936538159701355,0.21064882714548916,1.3224811901038516,1.7610975391727555,1.1090362711488368
2025-12-18,2.40112482862361,0.2096266563792543,1.342306919804321,1.7517894851734932,1.1114185979044022
2025-12-19,2.3908209106287672,0.2114569005243998,1.323823159299349,1.769878714750477,1.121082868680087
2025-12-22,2.3381289458381604,0.20703328937161591,1.3143960127576595,1.7565372613936072,1.1311175785755918
2025-12-23,2.3512311423164873,0.20572105276324726,1.3148131502504379,1.7491531035006815,1.1308126971831116
2025-12-24,2.3610569717078937,0.21720363567022602,1.339964931568498,1.7677563591397083,1.124422850747708
2025-12-25,2.3583011033144787,0.21676141700123347,1.3335405263948383,1.773333276709897,1.1241858702916883
2025-12-26,2.3307057246014193,0.21775052350280494,1.283360546595617,1.7677853650950497,1.1270287267680408
2025-12-29,2.352813844446985,0.2240877666965669,1.2501469382402788,1.7747353757145783,1.1318611882521847
2025-12-30,2.3754588286322877,0.21745724600865707,1.2522453312989161,1.775012057373499,1.1406981308666948
2025-12-31,2.3237994670709297,0.21917407789823143,1.2339551072961263,1.7864674318238292,1.1372922949812383
2026-01-01,2.32409439868562,0.2175321618466021,1.2256606066796223,1.791763247394786,1.1235255685010872
2026-01-02,2.305281366444705,0.21099140037949432,1.209493586294886,1.8039738847160065,1.1268856065370652
2026-01-05,2.329927158927165,0.21571866014878502,1.2046052772174267,1.8112297319794572,1.1166134558678353
2026-01-06,2.323433390605568,0.21374871023903277,1.189734866466378,1.806805227014039,1.1200672053702136
2026-01-07,2.3102921845959656,0.2136729456906104,1.177718334262625,1.7947746946546077,1.121560941519044
2026-01-08,2.373346602458997,0.21631332330435477,1.1888138509809718,1.8060739047709329,1.121237104819972
2026-01-09,2.392472225502755,0.2256827775757838,1.1736259160030043,1.816632254525647,1.1219590022529586
2026-01-12,2.399735231945767,0.2216239788306482,1.184207015095495,1.80786453003579,1.1177800900460009
2026-01-13,2.4037686153371407,0.22296698901563727,1.1992717026640949,1.8130382048416758,1.1097257775485376
2026-01-14,2.400712550625177,0.22025073492952557,1.1798385594642962,1.8165789035852937,1.1016983588285394
2026-01-15,2.4050374750710253,0.2246667870619472,1.1819316384174525,1.824038695574557,1.1035439095023363
2026-01-16,2.4036048496842253,0.22799332851512266,1.1752072325374596,1.83361936253936,1.0961754102121408
2026-01-19,2.3904883616156756,0.22397042431484276,1.1594425506347261,1.8230079145421514,1.1053103777961084
2026-01-20,2.390619515859115,0.22742341760336085,1.1598124384676787,1.8221097326716262,1.1043618839867304
2026-01-21,2.3841881010255004,0.2245919506824809,1.1777319787720257,1.815225270413867,1.1062293495614095
2026-01-22,2.377906394551238,0.2238222030727817,1.178463703569873,1.804918414521037,1.1020337883452194
2026-01-23,2.3316844708905045,0.22817541496036814,1.1749760928781978,1.8173908335140505,1.1008792859662415
2026-01-26,2.320791751557158,0.2263288005904877,1.1877164337888184,1.825056212089533,1.094455546500285
2026-01-27,2.3140448865267755,0.22777208082696312,1.1842894101468766,1.8214806632739562,1.0917412834454083
2026-01-28,2.3361284406789227,0.22705146354414654,1.1725806585039067,1.824497937679057,1.0903605522085476
2026-01-29,2.3230986332347103,0.22442010644198798,1.1743120256427582,1.8216619330527075,1.0854519364083022
2026-01-30,2.324051048649964,0.22520202109370474,1.1717368098114547,1.822354122035486,1.0776651152193875
2026-02-02,2.2878115591150205,0.22936882758800192,1.1887736587184758,1.816455295782777,1.076002172738023
2026-02-03,2.2792851918066748,0.22453943147819158,1.1987346613693082,1.7973303525339077,1.0809588952904607
2026-02-04,2.274232673487772,0.2224040581258219,1.1812639357220436,1.8237088875441714,1.0829759391141627
2026-02-05,2.29965225278951,0.21749191763164727,1.1893557112822497,1.8222245876988237,1.0897826621367055
2026-02-06,2.2791432441975923,0.2138721431534356,1.1898986704097134,1.8215529555020555,1.088018258714876
2026-02-09,2.2730400064314034,0.2106487340797677,1.17291358782498,1.809359021899871,1.0982970252359399
2026-02-10,2.2759838415873785,0.2071152927926562,1.1868646592489682,1.8169544482032434,1.089843639864082
2026-02-11,2.2777085080262323,0.2003331086632535,1.175042446749032,1.8102964639131394,1.0872062199387993
2026-02-12,2.2996268389968324,0.2010837139211038,1.1703671257159884,1.8099421236316287,1.0886774524088145
2026-02-13,2.2878621065619473,0.19764607735592093,1.1845947458860027,1.7964347178436861,1.0958982405039843
2026-02-16,2.3091786011886852,0.1973927729961126,1.1872039105668586,1.7955182756227572,1.0993858590173835
2026-02-17,2.312003928548955,0.19279211181181727,1.1973135807401927,1.772781248159816,1.104583677239833
2026-02-18,2.2958347992978405,0.19279211181181727,1.1892189364913217,1.7715082395060202,1.1120470387744814
2026-02-19,2.2730055165794374,0.19279211181181727,1.190470488260494,1.7701972548206644,1.1213044944002788
2026-02-20,2.231376784531734,0.19279211181181727,1.159190800641896,1.776742372303844,1.1208631632068309
2026-02-23,2.229243702109514,0.19254524880089277,1.1467680466773977,1.7712209194934476,1.121029240223395
2026-02-24,2.270462367490501,0.1903456757760164,1.1495427450125666,1.7688350801413917,1.1202030771654563
2026-02-25,2.2699867319729226,0.18884648977947938,1.167781824939939,1.7647567369931167,1.1207574141899264
2026-02-26,2.2592689126680408,0.18925727933055397,1.186729982232391,1.7565060585790555,1.1211138171385628
2026-02-27,2.2923642146954815,0.19019360494296758,1.2148829990156889,1.7671445432133637,1.1339827388230446
2026-03-02,2.28543049220885,0.19038783507046134,1.2077537521538753,1.7520260365589517,1.12585279860764
2026-03-03,2.268802556441737,0.19044717725151167,1.1993725660800236,1.740131603008726,1.1230726563623579
2026-03-04,2.2450757150961334,0.191012158241922,1.2129025922475158,1.7502143476716108,1.125312101069141
2026-03-05,2.245486721030789,0.18971602545204574,1.2121598031618788,1.766183731177071,1.124632226904044
2026-03-06,2.28345973340451,0.18748582137713884,1.2262764576912393,1.7717729639774065,1.1233252054166012
2026-03-09,2.2354591094309044,0.18278491631331883,1.2013953821754464,1.7691945036192336,1.1208353124976207
2026-03-10,2.2317148039472023,0.1845094638896181,1.1850559232829345,1.7612872414277032,1.1121623272786498
2026-03-11,2.214280292083727,0.18319473578159642,1.2027584760569598,1.7598480479376264,1.1124742354812724
2026-03-12,2.1972894361581217,0.18444678130842065,1.1920575951554042,1.7636587701699653,1.1074251409045572
2026-03-13,2.2011032346853465,0.1906856224748401,1.1942555500951109,1.7723196605284435,1.1036880283993677
2026-03-16,2.2231967650056657,0.19166491588465234,1.2042900644441128,1.7526666605526373,1.1010520370085772
2026-03-17,2.234551036166181,0.19057349719286998,1.21557703263997,1.7586827166609094,1.0958859128815412
2026-03-18,2.217820084132268,0.18683271826066683,1.2017009153418927,1.7381334318947101,1.1055810794541236
2026-03-19,2.247016785386564,0.18881110754495303,1.1883922467407118,1.7443224834858442,1.109196423986675
2026-03-20,2.2127187123778165,0.18707995345349807,1.220228552365919,1.7391841933343064,1.1168647342584863
2026-03-23,2.2107347415582557,0.1874788771765498,1.2039286159268148,1.741108054133804,1.1077898595368179
2026-03-24,2.1865798675234394,0.18730033838251778,1.2158684471518837,1.7386447856770095,1.11661745603306
2026-03-25,2.178545961092242,0.18539184818694732,1.2205501891505282,1.744485493975047,1.12171810008925
2026-03-26,2.2048103278306805,0.1813073907395914,1.2364310190130663,1.7322112935161602,1.1236167292346124
2026-03-27,2.21362618647205,0.18278825209451308,1.2552653883745186,1.7543625714672448,1.1202575254102676
2026-03-30,2.1950438937482057,0.18167974654023747,1.2333090475594037,1.7553268468788132,1.1199408678991745
2026-03-31,2.1925723160229604,0.18184776591400675,1.227699919522909,1.7614962680536737,1.1209950070163952
2026-04-01,2.201086317716084,0.17508992621794,1.2368191375134652,1.762455040883699,1.1029834438560076
2026-04-02,2.18021193673998,0.1741964745987458,1.2190483577182254,1.7503238936862435,1.1129195310311086
2026-04-03,2.1934613512876835,0.17153241772923994,1.2331990036908156,1.7489799829777346,1.1156326205207996
2026-04-06,2.2194214654143383,0.1710363271546232,1.257199713460378,1.7492919811877157,1.1163227110290503
2026-04-07,2.2486287702157575,0.1698628257476308,1.280062969838514,1.7317513770426465,1.1130235696184037
2026-04-08,2.2504626501356513,0.16951801740152853,1.2692966421109937,1.7410462060349872,1.107044492285168
2026-04-09,2.2215934508671666,0.17000260854645527,1.2925194097707227,1.7337254300483569,1.1093828008591289
2026-04-10,2.20385844866969,0.16983206720806404,1.2595222277597828,1.7442551710014003,1.1153226958659843
2026-04-13,2.247869356749319,0.16954470632134766,1.2653317996570763,1.7400059255789004,1.1169760336571746
2026-04-14,2.22478887821124,0.1702658130252555,1.2544423160749496,1.7235502418549349,1.1308845104935408
2026-04-15,2.2396401550825367,0.16957477943701543,1.2427135732863865,1.7172691265516637,1.118225764000885
2026-04-16,2.229312257336827,0.16950481825045025,1.2494757612671687,1.7294204058003477,1.1123775583386415
2026-04-17,2.2377620651210632,0.1691511554774735,1.2549388058032174,1.7288083183213714,1.1101251959105698
2026-04-20,2.206739223971853,0.16659029024391503,1.2458261165349538,1.7461301868872485,1.1131577392281158
2026-04-21,2.22306587575814,0.1625844467286675,1.2699558980180665,1.7456082412007938,1.1054830894318244
2026-04-22,2.22633588018781,0.16210398731368536,1.2920773106634198,1.743100077814928,1.1138512739022761
2026-04-23,2.190508194206755,0.16003508218130624,1.273139941600082,1.7429718284517797,1.116730808495313
2026-04-24,2.2267629055761384,0.16011702408457784,1.313087665724452,1.7432408152067693,1.1181405063708056
2026-04-27,2.2081094907496213,0.15811641846775953,1.314790552529753,1.7516287196798837,1.1165726701733516
2026-04-28,2.22176533726812,0.15807547352834758,1.3069999351473236,1.758937875998394,1.1142227438677126
2026-04-29,2.2261742190057245,0.1558030616974078,1.3097999195457928,1.7607501164109158,1.1182759937212474
2026-04-30,2.237884047789945,0.15959293768728391,1.3256310361434962,1.7703903485640344,1.1163842676885782
2026-05-01,2.2335690126168557,0.16049310456636506,1.3097940392567913,1.77377147052448,1.1248816100744052
2026-05-04,2.218802662742326,0.16320651464795227,1.339065203736451,1.7681809363658019,1.1223657149342603
2026-05-05,2.2187980394040054,0.16524609636323434,1.333857890509084,1.761139622698463,1.1337620220860731
2026-05-06,2.1852076500011504,0.15800769302618636,1.3166871050244373,1.7730025817145807,1.1445400756542976
2026-05-07,2.1937283789994404,0.15939224756165835,1.3125313872977393,1.7789368740725624,1.1404824532517917
2026-05-08,2.148965968459754,0.15533196035983698,1.3382515850859484,1.758786721716967,1.1304045872143822
2026-05-11,2.1528904846718935,0.15544521038340237,1.309869129942662,1.7624213829230828,1.1286267349060737
2026-05-12,2.1504160506319945,0.1542390827508406,1.357891952497417,1.7489823104381723,1.1309704877195703
2026-05-13,2.1549805470503096,0.15802155760949685,1.3654238284973943,1.7702923453124062,1.1336959975876344
2026-05-14,2.1315430041638033,0.1574456442832744,1.357396438511267,1.7705656749005672,1.1447820960321036
2026-05-15,2.143405481211527,0.161403148171065,1.3658448714128055,1.7760378467943883,1.1407238235708004
2026-05-18,2.1695330769719514,0.15697899725849498,1.4021410149939515,1.7775987802455528,1.144857581114646
2026-05-19,2.1566639654001807,0.15898664217647274,1.4000165375808822,1.7668591386914192,1.133160392622981
2026-05-20,2.139205521656591,0.160798250633825,1.4088543981773423,1.7810145232639034,1.1414091724571052
2026-05-21,2.1304351698679005,0.16113724188492196,1.3961137991628976,1.7805081684604207,1.140165198874126
2026-05-22,2.129073437683807,0.16065864210063543,1.400916015356173,1.778059982702341,1.1414838373593512
2026-05-25,2.1286519912873962,0.16224822244666212,1.4132583625354957,1.7966426691873296,1.144802822177283
2026-05-26,2.1317818390637617,0.1659773920127603,1.4491782263034547,1.8193921322224382,1.1455677732571214
2026-05-27,2.1379377320381177,0.16504287043811156,1.4335025673586854,1.7800901949820487,1.1588627363268582
2026-05-28,2.1402306567865597,0.1647351220537341,1.4156618180848846,1.7882976080339834,1.151500418523654
2026-05-29,2.159217887958046,0.1653709856970018,1.396189842258572,1.7738780534068896,1.1700284541502208
2026-06-01,2.143818701818831,0.16444141271630183,1.4161083236599645,1.7689466873323658,1.1741819753846428
2026-06-02,2.111023587860675,0.16640720690079888,1.3835731095818278,1.7840547655238572,1.1923901005357
2026-06-03,2.1331589587240294,0.16426359761092743,1.4065352790756394,1.7931987868685195,1.1945168228567495
2026-06-04,2.1261528336676845,0.16588654475261658,1.4349308445273843,1.7920658666728726,1.1999717252579065
2026-06-05,2.116650903545541,0.1665790817930827,1.4516707928240513,1.8008033198696756,1.1989027504746228
2026-06-08,2.127515815268326,0.16772961092917404,1.4734681645163237,1.8123079584302966,1.1952008965461005
2026-06-09,2.1046650613516076,0.16298998915532187,1.4858990576683568,1.812713581612066,1.1923216819701024
2026-06-10,2.1011795503896527,0.16403098147923703,1.5121449493197736,1.8191023893533533,1.185620656597153
2026-06-11,2.052264581226638,0.16301649977588686,1.4957351134487862,1.7997786033975243,1.1881352530856277
2026-06-12,2.0753914163095137,0.16551355553223226,1.5212504493024805,1.8129700922561478,1.1974071318798731
2026-06-15,2.084436168747518,0.16120723834689038,1.5229473389650976,1.772520830087284,1.192450584663215
2026-06-16,2.090221165869824,0.16140403798196848,1.5351049271780308,1.780489480896653,1.1836116468771463
2026-06-17,2.0839240698692643,0.16190126240428693,1.5527594374766598,1.7995372271259282,1.1765727818086624
2026-06-18,2.089380542848896,0.16369775775684703,1.564385456121307,1.8089292547030023,1.1846234132357276
2026-06-19,2.114178890380527,0.16393587769665466,1.5354151562855807,1.7977299356658032,1.181417745458331
2026-06-22,2.1096234863658596,0.16238054269739985,1.5404242085066773,1.7798826442488416,1.1822184831684022
2026-06-23,2.1195232040526255,0.16109086423478386,1.5430236060789815,1.7720159270689444,1.176350212352588
2026-06-24,2.148269575344554,0.1617495899122543,1.5423340647271366,1.747465343612607,1.171978375466096
2026-06-25,2.1593954792581145,0.1626710572026765,1.506087532646148,1.771875223744988,1.159719492415276
2026-06-26,2.1284747094055385,0.16190873396146838,1.4928503866903478,1.747549354143276,1.165831643167806
2026-06-29,2.09992687938073,0.16512698302182083,1.5107104204360984,1.734379572246245,1.1707630943482819
2026-06-30,2.1075123149245436,0.16385470876437155,1.4801784063896035,1.7284882317529642,1.1739819347488585
2026-07-01,2.1060009231694434,0.16009623514586074,1.494103111981328,1.7229036442483596,1.1717452661957621
2026-07-02,2.1020450923273453,0.15742917403671888,1.4875100372785617,1.7193319725771303,1.1723987584230469
2026-07-03,2.149299276050373,0.16333097110474656,1.4640737959929915,1.7149699556066145,1.1771538228000702
2026-07-06,2.165292210143583,0.15876372445779613,1.4305175151781888,1.7322444164272868,1.1772746786270831
2026-07-07,2.1716718977421317,0.16299954290195098,1.4134406915437543,1.7021661914642487,1.1901901064740976
2026-07-08,2.167161961116677,0.16303111019763097,1.3966565209557962,1.7071034363583713,1.1857096077956881
2026-07-09,2.1582864399320485,0.16030818845366826,1.431983815533024,1.7265011255040934,1.1835434115721586
2026-07-10,2.1597735241017073,0.14946925388267607,1.4743153810760248,1.7348373365291798,1.1831976600870722
2026-07-13,2.160521540638116,0.14857620966288515,1.453933683007361,1.7432559302043555,1.1794215709440115
2026-07-14,2.1736622279442948,0.15071418420787816,1.4561683037495337,1.7456438091115032,1.188729108989389
2026-07-15,2.1543947696587638,0.15101714815142772,1.4817901192256393,1.7513046315046088,1.1889434239313168
2026-07-16,2.1714381358536836,0.15119414809678428,1.472096156538429,1.7646772058862181,1.183624303467441
2026-07-17,2.1662653643785967,0.14490831634790619,1.4877035238937846,1.7838131457359636,1.1814608172187504
2026-07-20,2.146486820244493,0.14312463617608748,1.474161071580303,1.7634318025485145,1.1776679984150973
2026-07-21,2.1664013748878297,0.14549033598549044,1.4846447396541165,1.7736848036857655,1.1880704213913806
2026-07-22,2.177076042861996,0.1440223798314737,1.4872364456042575,1.747772464986409,1.1974176053732486
2026-07-23,2.201897641840363,0.145163383012602,1.5068594809924392,1.7501131182366618,1.1874432694014974
2026-07-24,2.189804780153007,0.14495245210030383,1.4940270234771131,1.7409004009780125,1.1784784050517505
2026-07-27,2.185389927794665,0.14514646511791837,1.4839046965221114,1.737222423668125,1.1839520813588593
2026-07-28,2.179837601653074,0.15019562599459735,1.520991729821988,1.7673256999570808,1.1769701106549786
2026-07-29,2.153266076657878,0.14850351144258228,1.4992208076356086,1.7815821865690122,1.1854357608900472
2026-07-30,2.153533243419911,0.15200754311475534,1.4762088171169496,1.795601392102425,1.1888440520552634
2026-07-31,2.145223216005024,0.15035251512036354,1.475418190265623,1.8015683887350376,1.189432431393099
