策略,策略名称,回测天数,年化收益率(%),累计收益率(%),最大回撤(%),最大回撤起始日,最大回撤结束日,夏普比率,卡玛比率,索提诺比率,波动率(年化%),期末总资产(元),总交易次数,买入次数,卖出次数,盈利次数,亏损次数,胜率(%),平均盈利(%),平均亏损(%),盈亏比,总手续费(元),转换次数,买入触发次数,止盈触发次数,买入持有收益率(%),超额收益(%),纯货币基金收益率(%)
买Q0.15-0.80_卖Q0.85-0.95_4买3卖_基80000_增20000,广发约定净值转换,429,4.63,8.01,-1.09,2026-06-16,2026-06-30,0.842,4.238,0.819,1.84,1080125.82,50,17,33,39,0,100.0,3.69,0,0,0.0,50,17,33,3.63,4.38,2.35
买Q0.15-0.80_卖Q0.85-0.95_4买2卖_基80000_增20000,广发约定净值转换,429,4.59,7.94,-1.41,2026-06-12,2026-06-30,0.764,3.269,0.747,1.99,1079502.02,50,17,33,41,0,100.0,3.56,0,0,0.0,50,17,33,3.63,4.31,2.35
买Q0.15-0.80_卖Q0.85-0.90_4买2卖_基80000_增20000,广发约定净值转换,429,4.58,7.91,-1.09,2026-06-16,2026-06-30,0.85,4.189,0.817,1.77,1079204.04,50,17,33,39,0,100.0,3.58,0,0,0.0,50,17,33,3.63,4.28,2.35
买Q0.05-0.70_卖Q0.85-0.95_5买3卖_基80000_增20000,广发约定净值转换,429,4.54,7.84,-1.22,2026-06-16,2026-06-30,0.778,3.706,0.716,1.88,1078505.48,50,17,33,39,0,100.0,3.57,0,0,0.0,50,17,33,3.63,4.21,2.35
买Q0.15-0.70_卖Q0.85-0.95_5买3卖_基80000_增20000,广发约定净值转换,429,4.54,7.84,-1.22,2026-06-16,2026-06-30,0.778,3.706,0.716,1.88,1078505.48,50,17,33,39,0,100.0,3.57,0,0,0.0,50,17,33,3.63,4.21,2.35
买Q0.15-0.80_卖Q0.85-0.90_4买3卖_基80000_增20000,广发约定净值转换,429,4.51,7.8,-1.09,2026-06-16,2026-06-30,0.819,4.124,0.766,1.75,1078024.61,51,17,34,38,0,100.0,3.58,0,0,0.0,51,17,34,3.63,4.17,2.35
买Q0.05-0.80_卖Q0.85-0.95_5买3卖_基80000_增20000,广发约定净值转换,429,4.5,7.78,-1.22,2026-06-16,2026-06-30,0.76,3.676,0.705,1.88,1077896.09,50,17,33,39,0,100.0,3.53,0,0,0.0,50,17,33,3.63,4.15,2.35
买Q0.15-0.70_卖Q0.85-0.95_5买2卖_基80000_增20000,广发约定净值转换,429,4.5,7.78,-1.54,2026-06-12,2026-06-30,0.706,2.929,0.655,2.03,1077881.69,50,17,33,41,0,100.0,3.45,0,0,0.0,50,17,33,3.63,4.15,2.35
买Q0.05-0.70_卖Q0.85-0.95_5买2卖_基80000_增20000,广发约定净值转换,429,4.5,7.78,-1.54,2026-06-12,2026-06-30,0.706,2.929,0.655,2.03,1077881.69,50,17,33,41,0,100.0,3.45,0,0,0.0,50,17,33,3.63,4.15,2.35
买Q0.05-0.70_卖Q0.85-0.90_5买2卖_基80000_增20000,广发约定净值转换,429,4.48,7.75,-1.22,2026-06-16,2026-06-30,0.782,3.663,0.706,1.81,1077583.7,50,17,33,39,0,100.0,3.46,0,0,0.0,50,17,33,3.63,4.12,2.35
买Q0.15-0.70_卖Q0.85-0.90_5买2卖_基80000_增20000,广发约定净值转换,429,4.48,7.75,-1.22,2026-06-16,2026-06-30,0.782,3.663,0.706,1.81,1077583.7,50,17,33,39,0,100.0,3.46,0,0,0.0,50,17,33,3.63,4.12,2.35
买Q0.05-0.80_卖Q0.85-0.95_5买2卖_基80000_增20000,广发约定净值转换,429,4.47,7.72,-1.54,2026-06-12,2026-06-30,0.689,2.904,0.645,2.03,1077272.3,50,17,33,41,0,100.0,3.41,0,0,0.0,50,17,33,3.63,4.09,2.35
买Q0.05-0.80_卖Q0.85-0.90_5买2卖_基80000_增20000,广发约定净值转换,429,4.45,7.69,-1.22,2026-06-16,2026-06-30,0.763,3.632,0.695,1.81,1076974.32,50,17,33,39,0,100.0,3.42,0,0,0.0,50,17,33,3.63,4.06,2.35
买Q0.15-0.70_卖Q0.85-0.95_4买3卖_基80000_增20000,广发约定净值转换,429,4.43,7.66,-1.0,2026-06-16,2026-06-30,0.824,4.411,0.749,1.65,1076671.66,48,16,32,35,0,100.0,3.77,0,0,0.0,48,16,32,3.63,4.03,2.35
买Q0.05-0.70_卖Q0.85-0.95_4买3卖_基80000_增20000,广发约定净值转换,429,4.43,7.66,-1.0,2026-06-16,2026-06-30,0.824,4.411,0.749,1.65,1076671.66,48,16,32,35,0,100.0,3.77,0,0,0.0,48,16,32,3.63,4.03,2.35
买Q0.05-0.70_卖Q0.85-0.90_5买3卖_基80000_增20000,广发约定净值转换,429,4.42,7.63,-1.22,2026-06-16,2026-06-30,0.752,3.605,0.659,1.79,1076404.27,51,17,34,38,0,100.0,3.46,0,0,0.0,51,17,34,3.63,4.0,2.35
买Q0.15-0.70_卖Q0.85-0.90_5买3卖_基80000_增20000,广发约定净值转换,429,4.42,7.63,-1.22,2026-06-16,2026-06-30,0.752,3.605,0.659,1.79,1076404.27,51,17,34,38,0,100.0,3.46,0,0,0.0,51,17,34,3.63,4.0,2.35
买Q0.05-0.80_卖Q0.85-0.95_4买3卖_基80000_增20000,广发约定净值转换,429,4.4,7.6,-1.01,2026-06-16,2026-06-30,0.803,4.374,0.739,1.65,1076062.27,48,16,32,35,0,100.0,3.73,0,0,0.0,48,16,32,3.63,3.97,2.35
买Q0.15-0.70_卖Q0.85-0.95_4买2卖_基80000_增20000,广发约定净值转换,429,4.39,7.59,-1.32,2026-06-12,2026-06-30,0.731,3.33,0.671,1.81,1075967.51,48,16,32,37,0,100.0,3.62,0,0,0.0,48,16,32,3.63,3.96,2.35
买Q0.05-0.70_卖Q0.85-0.95_4买2卖_基80000_增20000,广发约定净值转换,429,4.39,7.59,-1.32,2026-06-12,2026-06-30,0.731,3.33,0.671,1.81,1075967.51,48,16,32,37,0,100.0,3.62,0,0,0.0,48,16,32,3.63,3.96,2.35
买Q0.15-0.80_卖Q0.85-0.95_4买3卖_基80000_增10000,广发约定净值转换,429,4.39,7.59,-1.04,2026-06-16,2026-06-30,0.784,4.209,0.769,1.69,1075944.87,50,17,33,38,0,100.0,3.74,0,0,0.0,50,17,33,3.63,3.96,2.35
买Q0.05-0.80_卖Q0.85-0.90_5买3卖_基80000_增20000,广发约定净值转换,429,4.38,7.57,-1.23,2026-06-16,2026-06-30,0.732,3.575,0.648,1.8,1075794.89,51,17,34,38,0,100.0,3.42,0,0,0.0,51,17,34,3.63,3.94,2.35
买Q0.05-0.70_卖Q0.85-0.90_4买2卖_基80000_增20000,广发约定净值转换,429,4.38,7.56,-1.0,2026-06-16,2026-06-30,0.794,4.354,0.713,1.65,1075684.53,48,16,32,35,0,100.0,3.67,0,0,0.0,48,16,32,3.63,3.93,2.35
买Q0.15-0.70_卖Q0.85-0.90_4买2卖_基80000_增20000,广发约定净值转换,429,4.38,7.56,-1.0,2026-06-16,2026-06-30,0.794,4.354,0.713,1.65,1075684.53,48,16,32,35,0,100.0,3.67,0,0,0.0,48,16,32,3.63,3.93,2.35
买Q0.15-0.80_卖Q0.85-0.95_4买2卖_基80000_增10000,广发约定净值转换,429,4.37,7.55,-1.36,2026-06-12,2026-06-30,0.71,3.219,0.69,1.83,1075511.58,49,17,32,37,0,100.0,3.41,0,0,0.0,49,17,32,3.63,3.92,2.35
买Q0.15-0.80_卖Q0.85-0.95_5买3卖_基80000_增20000,广发约定净值转换,429,4.37,7.55,-1.44,2026-06-16,2026-06-30,0.681,3.025,0.604,1.92,1075578.72,50,17,33,39,0,100.0,3.38,0,0,0.0,50,17,33,3.63,3.92,2.35
买Q0.05-0.80_卖Q0.85-0.95_4买2卖_基80000_增20000,广发约定净值转换,429,4.36,7.53,-1.32,2026-06-12,2026-06-30,0.712,3.301,0.661,1.81,1075358.12,48,16,32,37,0,100.0,3.59,0,0,0.0,48,16,32,3.63,3.9,2.35
买Q0.05-0.80_卖Q0.85-0.90_4买2卖_基80000_增20000,广发约定净值转换,429,4.34,7.5,-1.01,2026-06-16,2026-06-30,0.773,4.317,0.702,1.65,1075075.14,48,16,32,35,0,100.0,3.63,0,0,0.0,48,16,32,3.63,3.87,2.35
买Q0.15-0.80_卖Q0.85-0.95_5买2卖_基80000_增20000,广发约定净值转换,429,4.33,7.49,-1.76,2026-06-12,2026-06-30,0.616,2.466,0.552,2.07,1074954.93,50,17,33,41,0,100.0,3.27,0,0,0.0,50,17,33,3.63,3.86,2.35
买Q0.15-0.80_卖Q0.85-0.90_4买2卖_基80000_增10000,广发约定净值转换,429,4.33,7.48,-1.04,2026-06-16,2026-06-30,0.781,4.15,0.744,1.62,1074888.99,50,17,33,38,0,100.0,3.65,0,0,0.0,50,17,33,3.63,3.85,2.35
买Q0.15-0.70_卖Q0.75-0.95_5买3卖_基80000_增20000,广发约定净值转换,429,4.32,7.47,-1.23,2026-06-16,2026-06-30,0.703,3.513,0.628,1.79,1074729.07,57,19,38,42,0,100.0,3.07,0,0,0.0,57,19,38,3.63,3.84,2.35
买Q0.05-0.70_卖Q0.75-0.95_5买3卖_基80000_增20000,广发约定净值转换,429,4.32,7.47,-1.23,2026-06-16,2026-06-30,0.703,3.513,0.628,1.79,1074729.07,57,19,38,42,0,100.0,3.07,0,0,0.0,57,19,38,3.63,3.84,2.35
买Q0.15-0.70_卖Q0.85-0.95_5买3卖_基80000_增10000,广发约定净值转换,429,4.32,7.46,-1.15,2026-06-16,2026-06-30,0.727,3.744,0.677,1.72,1074639.87,50,17,33,38,0,100.0,3.62,0,0,0.0,50,17,33,3.63,3.83,2.35
买Q0.15-0.80_卖Q0.85-0.90_5买2卖_基80000_增20000,广发约定净值转换,429,4.32,7.46,-1.44,2026-06-16,2026-06-30,0.68,2.988,0.589,1.84,1074656.95,50,17,33,39,0,100.0,3.27,0,0,0.0,50,17,33,3.63,3.83,2.35
买Q0.05-0.70_卖Q0.85-0.95_5买3卖_基80000_增10000,广发约定净值转换,429,4.32,7.46,-1.15,2026-06-16,2026-06-30,0.727,3.744,0.677,1.72,1074639.87,50,17,33,38,0,100.0,3.62,0,0,0.0,50,17,33,3.63,3.83,2.35
买Q0.15-0.70_卖Q0.85-0.90_4买3卖_基80000_增20000,广发约定净值转换,429,4.31,7.44,-1.01,2026-06-16,2026-06-30,0.756,4.284,0.671,1.64,1074502.88,48,16,32,35,0,100.0,3.59,0,0,0.0,48,16,32,3.63,3.81,2.35
买Q0.05-0.70_卖Q0.85-0.90_4买3卖_基80000_增20000,广发约定净值转换,429,4.31,7.44,-1.01,2026-06-16,2026-06-30,0.756,4.284,0.671,1.64,1074502.88,48,16,32,35,0,100.0,3.59,0,0,0.0,48,16,32,3.63,3.81,2.35
买Q0.05-0.70_卖Q0.85-0.95_5买2卖_基80000_增10000,广发约定净值转换,429,4.29,7.41,-1.47,2026-06-12,2026-06-30,0.659,2.927,0.61,1.87,1074206.58,49,17,32,37,0,100.0,3.32,0,0,0.0,49,17,32,3.63,3.78,2.35
买Q0.15-0.70_卖Q0.85-0.95_5买2卖_基80000_增10000,广发约定净值转换,429,4.29,7.41,-1.47,2026-06-12,2026-06-30,0.659,2.927,0.61,1.87,1074206.58,49,17,32,37,0,100.0,3.32,0,0,0.0,49,17,32,3.63,3.78,2.35
买Q0.05-0.80_卖Q0.85-0.95_5买3卖_基80000_增10000,广发约定净值转换,429,4.28,7.4,-1.15,2026-06-16,2026-06-30,0.707,3.711,0.664,1.72,1074030.48,50,17,33,38,0,100.0,3.59,0,0,0.0,50,17,33,3.63,3.77,2.35
买Q0.05-0.80_卖Q0.85-0.90_4买3卖_基80000_增20000,广发约定净值转换,429,4.27,7.38,-1.01,2026-06-16,2026-06-30,0.735,4.247,0.661,1.64,1073893.49,48,16,32,35,0,100.0,3.55,0,0,0.0,48,16,32,3.63,3.75,2.35
买Q0.15-0.80_卖Q0.85-0.90_4买3卖_基80000_增10000,广发约定净值转换,429,4.26,7.37,-1.04,2026-06-16,2026-06-30,0.744,4.084,0.699,1.61,1073728.27,51,17,34,38,0,100.0,3.58,0,0,0.0,51,17,34,3.63,3.74,2.35
买Q0.15-0.70_卖Q0.75-0.90_5买2卖_基80000_增20000,广发约定净值转换,429,4.26,7.36,-1.23,2026-06-16,2026-06-30,0.673,3.463,0.601,1.78,1073678.02,57,19,38,42,0,100.0,3.02,0,0,0.0,57,19,38,3.63,3.73,2.35
买Q0.05-0.70_卖Q0.75-0.90_5买2卖_基80000_增20000,广发约定净值转换,429,4.26,7.36,-1.23,2026-06-16,2026-06-30,0.673,3.463,0.601,1.78,1073678.02,57,19,38,42,0,100.0,3.02,0,0,0.0,57,19,38,3.63,3.73,2.35
买Q0.05-0.70_卖Q0.85-0.90_5买2卖_基80000_增10000,广发约定净值转换,429,4.26,7.35,-1.15,2026-06-16,2026-06-30,0.722,3.69,0.648,1.65,1073583.98,50,17,33,38,0,100.0,3.52,0,0,0.0,50,17,33,3.63,3.72,2.35
买Q0.05-0.80_卖Q0.85-0.95_5买2卖_基80000_增10000,广发约定净值转换,429,4.26,7.35,-1.47,2026-06-12,2026-06-30,0.64,2.901,0.598,1.87,1073597.19,49,17,32,37,0,100.0,3.28,0,0,0.0,49,17,32,3.63,3.72,2.35
买Q0.15-0.70_卖Q0.85-0.90_5买2卖_基80000_增10000,广发约定净值转换,429,4.26,7.35,-1.15,2026-06-16,2026-06-30,0.722,3.69,0.648,1.65,1073583.98,50,17,33,38,0,100.0,3.52,0,0,0.0,50,17,33,3.63,3.72,2.35
买Q0.15-0.70_卖Q0.75-0.95_5买2卖_基80000_增20000,广发约定净值转换,429,4.25,7.35,-1.25,2026-06-12,2026-06-30,0.665,3.399,0.61,1.79,1073510.59,57,19,38,43,0,100.0,2.96,0,0,0.0,57,19,38,3.63,3.72,2.35
买Q0.05-0.70_卖Q0.75-0.95_5买2卖_基80000_增20000,广发约定净值转换,429,4.25,7.35,-1.25,2026-06-12,2026-06-30,0.665,3.399,0.61,1.79,1073510.59,57,19,38,43,0,100.0,2.96,0,0,0.0,57,19,38,3.63,3.72,2.35
买Q0.15-0.80_卖Q0.85-0.90_5买3卖_基80000_增20000,广发约定净值转换,429,4.25,7.34,-1.45,2026-06-16,2026-06-30,0.649,2.939,0.545,1.83,1073477.52,51,17,34,38,0,100.0,3.27,0,0,0.0,51,17,34,3.63,3.71,2.35
买Q0.05-0.70_卖Q0.75-0.95_4买3卖_基80000_增20000,广发约定净值转换,429,4.24,7.33,-1.01,2026-06-16,2026-06-30,0.721,4.205,0.66,1.64,1073370.91,54,18,36,39,0,100.0,3.2,0,0,0.0,54,18,36,3.63,3.7,2.35
买Q0.15-0.70_卖Q0.75-0.95_4买3卖_基80000_增20000,广发约定净值转换,429,4.24,7.33,-1.01,2026-06-16,2026-06-30,0.721,4.205,0.66,1.64,1073370.91,54,18,36,39,0,100.0,3.2,0,0,0.0,54,18,36,3.63,3.7,2.35
买Q0.15-0.70_卖Q0.75-0.90_5买3卖_基80000_增20000,广发约定净值转换,429,4.23,7.3,-1.23,2026-06-16,2026-06-30,0.655,3.434,0.58,1.78,1073061.93,57,19,38,42,0,100.0,2.96,0,0,0.0,57,19,38,3.63,3.67,2.35
买Q0.05-0.70_卖Q0.75-0.90_5买3卖_基80000_增20000,广发约定净值转换,429,4.23,7.3,-1.23,2026-06-16,2026-06-30,0.655,3.434,0.58,1.78,1073061.93,57,19,38,42,0,100.0,2.96,0,0,0.0,57,19,38,3.63,3.67,2.35
买Q0.05-0.80_卖Q0.85-0.90_5买2卖_基80000_增10000,广发约定净值转换,429,4.22,7.29,-1.15,2026-06-16,2026-06-30,0.701,3.658,0.636,1.65,1072974.6,50,17,33,38,0,100.0,3.49,0,0,0.0,50,17,33,3.63,3.66,2.35
买Q0.05-0.70_卖Q0.85-0.95_4买3卖_基80000_增10000,广发约定净值转换,429,4.21,7.28,-0.96,2026-06-16,2026-06-30,0.759,4.372,0.695,1.51,1072860.55,48,16,32,35,0,100.0,3.77,0,0,0.0,48,16,32,3.63,3.65,2.35
买Q0.15-0.70_卖Q0.85-0.95_4买3卖_基80000_增10000,广发约定净值转换,429,4.21,7.28,-0.96,2026-06-16,2026-06-30,0.759,4.372,0.695,1.51,1072860.55,48,16,32,35,0,100.0,3.77,0,0,0.0,48,16,32,3.63,3.65,2.35
买Q0.15-0.70_卖Q0.85-0.90_5买3卖_基80000_增10000,广发约定净值转换,429,4.19,7.24,-1.15,2026-06-16,2026-06-30,0.685,3.63,0.607,1.65,1072423.26,51,17,34,38,0,100.0,3.46,0,0,0.0,51,17,34,3.63,3.61,2.35
买Q0.05-0.70_卖Q0.85-0.95_4买2卖_基80000_增10000,广发约定净值转换,429,4.19,7.24,-1.28,2026-06-12,2026-06-30,0.675,3.278,0.612,1.67,1072442.56,47,16,31,34,0,100.0,3.38,0,0,0.0,47,16,31,3.63,3.61,2.35
买Q0.15-0.70_卖Q0.85-0.95_4买2卖_基80000_增10000,广发约定净值转换,429,4.19,7.24,-1.28,2026-06-12,2026-06-30,0.675,3.278,0.612,1.67,1072442.56,47,16,31,34,0,100.0,3.38,0,0,0.0,47,16,31,3.63,3.61,2.35
买Q0.05-0.70_卖Q0.85-0.90_5买3卖_基80000_增10000,广发约定净值转换,429,4.19,7.24,-1.15,2026-06-16,2026-06-30,0.685,3.63,0.607,1.65,1072423.26,51,17,34,38,0,100.0,3.46,0,0,0.0,51,17,34,3.63,3.61,2.35
买Q0.05-0.70_卖Q0.75-0.90_4买2卖_基80000_增20000,广发约定净值转换,429,4.18,7.23,-1.01,2026-06-16,2026-06-30,0.688,4.144,0.63,1.63,1072319.86,54,18,36,39,0,100.0,3.15,0,0,0.0,54,18,36,3.63,3.6,2.35
买Q0.15-0.70_卖Q0.75-0.90_4买2卖_基80000_增20000,广发约定净值转换,429,4.18,7.23,-1.01,2026-06-16,2026-06-30,0.688,4.144,0.63,1.63,1072319.86,54,18,36,39,0,100.0,3.15,0,0,0.0,54,18,36,3.63,3.6,2.35
买Q0.05-0.80_卖Q0.85-0.95_4买3卖_基80000_增10000,广发约定净值转换,429,4.18,7.22,-0.96,2026-06-16,2026-06-30,0.736,4.333,0.682,1.52,1072251.17,48,16,32,35,0,100.0,3.73,0,0,0.0,48,16,32,3.63,3.59,2.35
买Q0.05-0.70_卖Q0.75-0.95_4买2卖_基80000_增20000,广发约定净值转换,429,4.17,7.21,-1.03,2026-06-12,2026-06-30,0.678,4.052,0.643,1.64,1072152.43,54,18,36,40,0,100.0,3.08,0,0,0.0,54,18,36,3.63,3.58,2.35
买Q0.15-0.70_卖Q0.75-0.95_4买2卖_基80000_增20000,广发约定净值转换,429,4.17,7.21,-1.03,2026-06-12,2026-06-30,0.678,4.052,0.643,1.64,1072152.43,54,18,36,40,0,100.0,3.08,0,0,0.0,54,18,36,3.63,3.58,2.35
买Q0.15-0.80_卖Q0.85-0.95_5买3卖_基80000_增10000,广发约定净值转换,429,4.17,7.2,-1.34,2026-06-16,2026-06-30,0.636,3.12,0.572,1.75,1072099.34,50,17,33,38,0,100.0,3.43,0,0,0.0,50,17,33,3.63,3.57,2.35
买Q0.05-0.80_卖Q0.85-0.90_5买3卖_基80000_增10000,广发约定净值转换,429,4.15,7.18,-1.15,2026-06-16,2026-06-30,0.664,3.598,0.594,1.65,1071813.88,51,17,34,38,0,100.0,3.42,0,0,0.0,51,17,34,3.63,3.55,2.35
买Q0.05-0.80_卖Q0.85-0.95_4买2卖_基80000_增10000,广发约定净值转换,429,4.16,7.18,-1.28,2026-06-12,2026-06-30,0.655,3.249,0.6,1.67,1071833.17,47,16,31,34,0,100.0,3.34,0,0,0.0,47,16,31,3.63,3.55,2.35
买Q0.15-0.70_卖Q0.85-0.90_4买2卖_基80000_增10000,广发约定净值转换,429,4.16,7.18,-0.96,2026-06-16,2026-06-30,0.724,4.31,0.655,1.51,1071834.11,48,16,32,35,0,100.0,3.67,0,0,0.0,48,16,32,3.63,3.55,2.35
买Q0.05-0.70_卖Q0.85-0.90_4买2卖_基80000_增10000,广发约定净值转换,429,4.16,7.18,-0.96,2026-06-16,2026-06-30,0.724,4.31,0.655,1.51,1071834.11,48,16,32,35,0,100.0,3.67,0,0,0.0,48,16,32,3.63,3.55,2.35
买Q0.15-0.80_卖Q0.85-0.95_5买2卖_基80000_增10000,广发约定净值转换,429,4.15,7.16,-1.65,2026-06-12,2026-06-30,0.575,2.512,0.515,1.9,1071666.05,49,17,32,37,0,100.0,3.18,0,0,0.0,49,17,32,3.63,3.53,2.35
买Q0.05-0.70_卖Q0.75-0.90_4买3卖_基80000_增20000,广发约定净值转换,429,4.15,7.16,-1.01,2026-06-16,2026-06-30,0.669,4.108,0.606,1.63,1071703.77,54,18,36,39,0,100.0,3.08,0,0,0.0,54,18,36,3.63,3.53,2.35
买Q0.15-0.70_卖Q0.75-0.90_4买3卖_基80000_增20000,广发约定净值转换,429,4.15,7.16,-1.01,2026-06-16,2026-06-30,0.669,4.108,0.606,1.63,1071703.77,54,18,36,39,0,100.0,3.08,0,0,0.0,54,18,36,3.63,3.53,2.35
买Q0.05-0.80_卖Q0.85-0.90_4买2卖_基80000_增10000,广发约定净值转换,429,4.12,7.12,-0.96,2026-06-16,2026-06-30,0.702,4.271,0.642,1.51,1071224.72,48,16,32,35,0,100.0,3.63,0,0,0.0,48,16,32,3.63,3.49,2.35
买Q0.15-0.80_卖Q0.85-0.90_5买2卖_基80000_增10000,广发约定净值转换,429,4.11,7.1,-1.34,2026-06-16,2026-06-30,0.626,3.074,0.541,1.68,1071043.46,50,17,33,38,0,100.0,3.33,0,0,0.0,50,17,33,3.63,3.47,2.35
买Q0.15-0.70_卖Q0.75-0.95_5买3卖_基80000_增10000,广发约定净值转换,429,4.1,7.08,-1.16,2026-06-16,2026-06-30,0.636,3.539,0.574,1.64,1070852.7,56,19,37,42,0,100.0,3.07,0,0,0.0,56,19,37,3.63,3.45,2.35
买Q0.05-0.70_卖Q0.75-0.95_5买3卖_基80000_增10000,广发约定净值转换,429,4.1,7.08,-1.16,2026-06-16,2026-06-30,0.636,3.539,0.574,1.64,1070852.7,56,19,37,42,0,100.0,3.07,0,0,0.0,56,19,37,3.63,3.45,2.35
买Q0.05-0.70_卖Q0.85-0.90_4买3卖_基80000_增10000,广发约定净值转换,429,4.09,7.05,-0.96,2026-06-16,2026-06-30,0.681,4.234,0.61,1.51,1070608.49,48,16,32,35,0,100.0,3.59,0,0,0.0,48,16,32,3.63,3.42,2.35
买Q0.15-0.70_卖Q0.85-0.90_4买3卖_基80000_增10000,广发约定净值转换,429,4.09,7.05,-0.96,2026-06-16,2026-06-30,0.681,4.234,0.61,1.51,1070608.49,48,16,32,35,0,100.0,3.59,0,0,0.0,48,16,32,3.63,3.42,2.35
买Q0.15-0.70_卖Q0.75-0.95_5买2卖_基80000_增10000,广发约定净值转换,429,4.05,6.99,-1.18,2026-06-12,2026-06-30,0.605,3.431,0.554,1.64,1069931.96,56,19,37,42,0,100.0,3.01,0,0,0.0,56,19,37,3.63,3.36,2.35
买Q0.15-0.70_卖Q0.75-0.90_5买2卖_基80000_增10000,广发约定净值转换,429,4.05,6.99,-1.16,2026-06-16,2026-06-30,0.607,3.491,0.546,1.63,1069917.7,56,19,37,42,0,100.0,3.03,0,0,0.0,56,19,37,3.63,3.36,2.35
买Q0.05-0.80_卖Q0.85-0.90_4买3卖_基80000_增10000,广发约定净值转换,429,4.05,6.99,-0.97,2026-06-16,2026-06-30,0.658,4.196,0.597,1.51,1069999.11,48,16,32,35,0,100.0,3.55,0,0,0.0,48,16,32,3.63,3.36,2.35
买Q0.05-0.70_卖Q0.75-0.95_5买2卖_基80000_增10000,广发约定净值转换,429,4.05,6.99,-1.18,2026-06-12,2026-06-30,0.605,3.431,0.554,1.64,1069931.96,56,19,37,42,0,100.0,3.01,0,0,0.0,56,19,37,3.63,3.36,2.35
买Q0.05-0.70_卖Q0.75-0.90_5买2卖_基80000_增10000,广发约定净值转换,429,4.05,6.99,-1.16,2026-06-16,2026-06-30,0.607,3.491,0.546,1.63,1069917.7,56,19,37,42,0,100.0,3.03,0,0,0.0,56,19,37,3.63,3.36,2.35
买Q0.15-0.80_卖Q0.85-0.90_5买3卖_基80000_增10000,广发约定净值转换,429,4.04,6.98,-1.34,2026-06-16,2026-06-30,0.59,3.022,0.502,1.68,1069882.74,51,17,34,38,0,100.0,3.27,0,0,0.0,51,17,34,3.63,3.35,2.35
买Q0.05-0.70_卖Q0.75-0.95_4买3卖_基80000_增10000,广发约定净值转换,429,4.02,6.95,-0.97,2026-06-16,2026-06-30,0.644,4.155,0.596,1.5,1069520.49,53,18,35,39,0,100.0,3.2,0,0,0.0,53,18,35,3.63,3.32,2.35
买Q0.15-0.70_卖Q0.75-0.95_4买3卖_基80000_增10000,广发约定净值转换,429,4.02,6.95,-0.97,2026-06-16,2026-06-30,0.644,4.155,0.596,1.5,1069520.49,53,18,35,39,0,100.0,3.2,0,0,0.0,53,18,35,3.63,3.32,2.35
买Q0.15-0.70_卖Q0.75-0.90_5买3卖_基80000_增10000,广发约定净值转换,429,4.01,6.92,-1.16,2026-06-16,2026-06-30,0.586,3.458,0.524,1.63,1069247.01,56,19,37,42,0,100.0,2.96,0,0,0.0,56,19,37,3.63,3.29,2.35
买Q0.05-0.70_卖Q0.75-0.90_5买3卖_基80000_增10000,广发约定净值转换,429,4.01,6.92,-1.16,2026-06-16,2026-06-30,0.586,3.458,0.524,1.63,1069247.01,56,19,37,42,0,100.0,2.96,0,0,0.0,56,19,37,3.63,3.29,2.35
买Q0.15-0.70_卖Q0.75-0.95_4买2卖_基80000_增10000,广发约定净值转换,429,3.97,6.85,-0.99,2026-06-12,2026-06-30,0.61,4.014,0.576,1.5,1068599.74,53,18,35,39,0,100.0,3.14,0,0,0.0,53,18,35,3.63,3.22,2.35
买Q0.05-0.70_卖Q0.75-0.95_4买2卖_基80000_增10000,广发约定净值转换,429,3.97,6.85,-0.99,2026-06-12,2026-06-30,0.61,4.014,0.576,1.5,1068599.74,53,18,35,39,0,100.0,3.14,0,0,0.0,53,18,35,3.63,3.22,2.35
买Q0.05-0.70_卖Q0.75-0.90_4买2卖_基80000_增10000,广发约定净值转换,429,3.97,6.85,-0.97,2026-06-16,2026-06-30,0.612,4.099,0.564,1.49,1068585.49,53,18,35,39,0,100.0,3.16,0,0,0.0,53,18,35,3.63,3.22,2.35
买Q0.15-0.70_卖Q0.75-0.90_4买2卖_基80000_增10000,广发约定净值转换,429,3.97,6.85,-0.97,2026-06-16,2026-06-30,0.612,4.099,0.564,1.49,1068585.49,53,18,35,39,0,100.0,3.16,0,0,0.0,53,18,35,3.63,3.22,2.35
买Q0.15-0.70_卖Q0.75-0.90_4买3卖_基80000_增10000,广发约定净值转换,429,3.93,6.79,-0.97,2026-06-16,2026-06-30,0.589,4.058,0.539,1.49,1067914.79,53,18,35,39,0,100.0,3.08,0,0,0.0,53,18,35,3.63,3.16,2.35
买Q0.05-0.70_卖Q0.75-0.90_4买3卖_基80000_增10000,广发约定净值转换,429,3.93,6.79,-0.97,2026-06-16,2026-06-30,0.589,4.058,0.539,1.49,1067914.79,53,18,35,39,0,100.0,3.08,0,0,0.0,53,18,35,3.63,3.16,2.35
买Q0.15-0.80_卖Q0.85-0.95_4买3卖_基50000_增20000,广发约定净值转换,429,3.57,6.16,-0.71,2026-06-16,2026-06-30,0.431,5.031,0.403,1.22,1061629.85,38,17,21,23,0,100.0,4.2,0,0,0.0,38,17,21,3.63,2.53,2.35
买Q0.15-0.80_卖Q0.85-0.95_4买2卖_基50000_增20000,广发约定净值转换,429,3.56,6.14,-0.71,2026-06-16,2026-06-30,0.424,5.018,0.398,1.22,1061477.95,38,17,21,23,0,100.0,4.18,0,0,0.0,38,17,21,3.63,2.51,2.35
买Q0.15-0.80_卖Q0.85-0.90_4买2卖_基50000_增20000,广发约定净值转换,429,3.52,6.07,-0.71,2026-06-16,2026-06-30,0.393,4.959,0.362,1.21,1060759.76,38,17,21,22,0,100.0,4.28,0,0,0.0,38,17,21,3.63,2.44,2.35
买Q0.05-0.70_卖Q0.85-0.95_5买3卖_基50000_增20000,广发约定净值转换,429,3.5,6.03,-0.81,2026-06-16,2026-06-30,0.365,4.323,0.319,1.25,1060380.64,38,17,21,23,0,100.0,4.0,0,0,0.0,38,17,21,3.63,2.4,2.35
买Q0.15-0.70_卖Q0.85-0.95_5买3卖_基50000_增20000,广发约定净值转换,429,3.5,6.03,-0.81,2026-06-16,2026-06-30,0.365,4.323,0.319,1.25,1060380.64,38,17,21,23,0,100.0,4.0,0,0,0.0,38,17,21,3.63,2.4,2.35
买Q0.15-0.70_卖Q0.85-0.95_5买2卖_基50000_增20000,广发约定净值转换,429,3.49,6.02,-0.81,2026-06-16,2026-06-30,0.358,4.312,0.315,1.25,1060228.74,38,17,21,23,0,100.0,3.98,0,0,0.0,38,17,21,3.63,2.39,2.35
买Q0.05-0.70_卖Q0.85-0.95_5买2卖_基50000_增20000,广发约定净值转换,429,3.49,6.02,-0.81,2026-06-16,2026-06-30,0.358,4.312,0.315,1.25,1060228.74,38,17,21,23,0,100.0,3.98,0,0,0.0,38,17,21,3.63,2.39,2.35
买Q0.15-0.80_卖Q0.85-0.90_4买3卖_基50000_增20000,广发约定净值转换,429,3.48,6.0,-0.71,2026-06-16,2026-06-30,0.361,4.902,0.333,1.21,1060055.62,38,17,21,22,0,100.0,4.16,0,0,0.0,38,17,21,3.63,2.37,2.35
买Q0.05-0.80_卖Q0.85-0.95_5买3卖_基50000_增20000,广发约定净值转换,429,3.48,5.99,-0.81,2026-06-16,2026-06-30,0.348,4.294,0.307,1.25,1059999.78,38,17,21,23,0,100.0,3.97,0,0,0.0,38,17,21,3.63,2.36,2.35
买Q0.05-0.80_卖Q0.85-0.95_5买2卖_基50000_增20000,广发约定净值转换,429,3.47,5.98,-0.81,2026-06-16,2026-06-30,0.341,4.283,0.303,1.25,1059847.87,38,17,21,23,0,100.0,3.95,0,0,0.0,38,17,21,3.63,2.35,2.35
买Q0.05-0.70_卖Q0.85-0.90_5买2卖_基50000_增20000,广发约定净值转换,429,3.45,5.95,-0.81,2026-06-16,2026-06-30,0.328,4.26,0.283,1.25,1059510.54,38,17,21,22,0,100.0,4.07,0,0,0.0,38,17,21,3.63,2.32,2.35
买Q0.15-0.70_卖Q0.85-0.90_5买2卖_基50000_增20000,广发约定净值转换,429,3.45,5.95,-0.81,2026-06-16,2026-06-30,0.328,4.26,0.283,1.25,1059510.54,38,17,21,22,0,100.0,4.07,0,0,0.0,38,17,21,3.63,2.32,2.35
买Q0.05-0.80_卖Q0.85-0.90_5买2卖_基50000_增20000,广发约定净值转换,429,3.43,5.91,-0.81,2026-06-16,2026-06-30,0.311,4.231,0.27,1.25,1059129.68,38,17,21,22,0,100.0,4.04,0,0,0.0,38,17,21,3.63,2.28,2.35
买Q0.05-0.70_卖Q0.85-0.95_4买3卖_基50000_增20000,广发约定净值转换,429,3.43,5.91,-0.65,2026-06-16,2026-06-30,0.34,5.304,0.298,1.15,1059182.24,35,16,19,20,0,100.0,4.44,0,0,0.0,35,16,19,3.63,2.28,2.35
买Q0.15-0.70_卖Q0.85-0.95_4买3卖_基50000_增20000,广发约定净值转换,429,3.43,5.91,-0.65,2026-06-16,2026-06-30,0.34,5.304,0.298,1.15,1059182.24,35,16,19,20,0,100.0,4.44,0,0,0.0,35,16,19,3.63,2.28,2.35
买Q0.05-0.70_卖Q0.85-0.95_4买2卖_基50000_增20000,广发约定净值转换,429,3.42,5.9,-0.65,2026-06-16,2026-06-30,0.332,5.29,0.294,1.15,1059030.33,35,16,19,20,0,100.0,4.42,0,0,0.0,35,16,19,3.63,2.27,2.35
买Q0.15-0.70_卖Q0.85-0.95_4买2卖_基50000_增20000,广发约定净值转换,429,3.42,5.9,-0.65,2026-06-16,2026-06-30,0.332,5.29,0.294,1.15,1059030.33,35,16,19,20,0,100.0,4.42,0,0,0.0,35,16,19,3.63,2.27,2.35
买Q0.05-0.80_卖Q0.85-0.95_4买3卖_基50000_增20000,广发约定净值转换,429,3.41,5.87,-0.65,2026-06-16,2026-06-30,0.321,5.268,0.285,1.15,1058801.37,35,16,19,20,0,100.0,4.41,0,0,0.0,35,16,19,3.63,2.24,2.35
买Q0.05-0.70_卖Q0.85-0.90_5买3卖_基50000_增20000,广发约定净值转换,429,3.41,5.87,-0.81,2026-06-16,2026-06-30,0.297,4.21,0.255,1.24,1058806.41,38,17,21,22,0,100.0,3.95,0,0,0.0,38,17,21,3.63,2.24,2.35
买Q0.15-0.70_卖Q0.85-0.90_5买3卖_基50000_增20000,广发约定净值转换,429,3.41,5.87,-0.81,2026-06-16,2026-06-30,0.297,4.21,0.255,1.24,1058806.41,38,17,21,22,0,100.0,3.95,0,0,0.0,38,17,21,3.63,2.24,2.35
买Q0.05-0.80_卖Q0.85-0.95_4买2卖_基50000_增20000,广发约定净值转换,429,3.4,5.86,-0.65,2026-06-16,2026-06-30,0.313,5.254,0.281,1.15,1058649.47,35,16,19,20,0,100.0,4.38,0,0,0.0,35,16,19,3.63,2.23,2.35
买Q0.05-0.80_卖Q0.85-0.90_5买3卖_基50000_增20000,广发约定净值转换,429,3.39,5.84,-0.81,2026-06-16,2026-06-30,0.28,4.181,0.243,1.24,1058425.55,38,17,21,22,0,100.0,3.92,0,0,0.0,38,17,21,3.63,2.21,2.35
买Q0.15-0.70_卖Q0.85-0.90_4买2卖_基50000_增20000,广发约定净值转换,429,3.38,5.82,-0.65,2026-06-16,2026-06-30,0.295,5.219,0.258,1.14,1058247.25,35,16,19,20,0,100.0,4.35,0,0,0.0,35,16,19,3.63,2.19,2.35
买Q0.15-0.80_卖Q0.85-0.95_5买3卖_基50000_增20000,广发约定净值转换,429,3.38,5.82,-0.98,2026-06-16,2026-06-30,0.266,3.459,0.221,1.28,1058261.75,38,17,21,23,0,100.0,3.72,0,0,0.0,38,17,21,3.63,2.19,2.35
买Q0.05-0.70_卖Q0.85-0.95_3买2卖_基80000_增20000,广发约定净值转换,429,3.38,5.82,-1.02,2026-06-12,2026-06-30,0.273,3.302,0.239,1.23,1058227.52,42,14,28,30,0,100.0,2.95,0,0,0.0,42,14,28,3.63,2.19,2.35
买Q0.15-0.70_卖Q0.85-0.95_3买2卖_基80000_增20000,广发约定净值转换,429,3.38,5.82,-1.02,2026-06-12,2026-06-30,0.273,3.302,0.239,1.23,1058227.52,42,14,28,30,0,100.0,2.95,0,0,0.0,42,14,28,3.63,2.19,2.35
买Q0.05-0.70_卖Q0.85-0.90_4买2卖_基50000_增20000,广发约定净值转换,429,3.38,5.82,-0.65,2026-06-16,2026-06-30,0.295,5.219,0.258,1.14,1058247.25,35,16,19,20,0,100.0,4.35,0,0,0.0,35,16,19,3.63,2.19,2.35
买Q0.15-0.80_卖Q0.85-0.95_5买2卖_基50000_增20000,广发约定净值转换,429,3.37,5.81,-0.98,2026-06-16,2026-06-30,0.259,3.45,0.217,1.28,1058109.85,38,17,21,23,0,100.0,3.7,0,0,0.0,38,17,21,3.63,2.18,2.35
买Q0.15-0.70_卖Q0.85-0.95_3买3卖_基80000_增20000,广发约定净值转换,429,3.37,5.81,-0.71,2026-06-16,2026-06-30,0.308,4.776,0.277,1.08,1058170.73,42,14,28,29,0,100.0,2.97,0,0,0.0,42,14,28,3.63,2.18,2.35
买Q0.05-0.70_卖Q0.85-0.95_3买3卖_基80000_增20000,广发约定净值转换,429,3.37,5.81,-0.71,2026-06-16,2026-06-30,0.308,4.776,0.277,1.08,1058170.73,42,14,28,29,0,100.0,2.97,0,0,0.0,42,14,28,3.63,2.18,2.35
买Q0.05-0.80_卖Q0.85-0.90_4买2卖_基50000_增20000,广发约定净值转换,429,3.36,5.78,-0.65,2026-06-16,2026-06-30,0.277,5.184,0.244,1.14,1057866.38,35,16,19,20,0,100.0,4.32,0,0,0.0,35,16,19,3.63,2.15,2.35
买Q0.05-0.80_卖Q0.85-0.95_3买2卖_基80000_增20000,广发约定净值转换,429,3.34,5.76,-1.02,2026-06-12,2026-06-30,0.246,3.266,0.217,1.23,1057618.14,42,14,28,30,0,100.0,2.91,0,0,0.0,42,14,28,3.63,2.13,2.35
买Q0.05-0.70_卖Q0.85-0.90_4买3卖_基50000_增20000,广发约定净值转换,429,3.34,5.75,-0.65,2026-06-16,2026-06-30,0.26,5.153,0.226,1.14,1057511.25,35,16,19,20,0,100.0,4.21,0,0,0.0,35,16,19,3.63,2.12,2.35
买Q0.15-0.70_卖Q0.85-0.90_4买3卖_基50000_增20000,广发约定净值转换,429,3.34,5.75,-0.65,2026-06-16,2026-06-30,0.26,5.153,0.226,1.14,1057511.25,35,16,19,20,0,100.0,4.21,0,0,0.0,35,16,19,3.63,2.12,2.35
买Q0.05-0.80_卖Q0.85-0.95_3买3卖_基80000_增20000,广发约定净值转换,429,3.34,5.75,-0.71,2026-06-16,2026-06-30,0.276,4.724,0.252,1.08,1057561.35,42,14,28,29,0,100.0,2.92,0,0,0.0,42,14,28,3.63,2.12,2.35
买Q0.15-0.80_卖Q0.85-0.95_4买3卖_基50000_增10000,广发约定净值转换,429,3.33,5.73,-0.66,2026-06-16,2026-06-30,0.266,5.04,0.25,1.07,1057340.78,37,17,20,22,0,100.0,3.87,0,0,0.0,37,17,20,3.63,2.1,2.35
买Q0.15-0.80_卖Q0.85-0.90_5买2卖_基50000_增20000,广发约定净值转换,429,3.33,5.73,-0.98,2026-06-16,2026-06-30,0.229,3.407,0.188,1.27,1057391.65,38,17,21,22,0,100.0,3.77,0,0,0.0,38,17,21,3.63,2.1,2.35
买Q0.15-0.80_卖Q0.85-0.95_4买2卖_基50000_增10000,广发约定净值转换,429,3.32,5.72,-0.66,2026-06-16,2026-06-30,0.262,5.032,0.246,1.07,1057257.5,37,17,20,22,0,100.0,3.85,0,0,0.0,37,17,20,3.63,2.09,2.35
买Q0.15-0.70_卖Q0.85-0.95_3买2卖_基80000_增10000,广发约定净值转换,429,3.32,5.71,-1.01,2026-06-12,2026-06-30,0.234,3.279,0.205,1.19,1057172.47,41,14,27,29,0,100.0,2.7,0,0,0.0,41,14,27,3.63,2.08,2.35
买Q0.05-0.70_卖Q0.85-0.90_3买2卖_基80000_增20000,广发约定净值转换,429,3.32,5.71,-0.71,2026-06-16,2026-06-30,0.258,4.695,0.23,1.07,1057188.55,42,14,28,29,0,100.0,2.85,0,0,0.0,42,14,28,3.63,2.08,2.35
买Q0.05-0.70_卖Q0.85-0.95_3买2卖_基80000_增10000,广发约定净值转换,429,3.32,5.71,-1.01,2026-06-12,2026-06-30,0.234,3.279,0.205,1.19,1057172.47,41,14,27,29,0,100.0,2.7,0,0,0.0,41,14,27,3.63,2.08,2.35
买Q0.15-0.70_卖Q0.85-0.90_3买2卖_基80000_增20000,广发约定净值转换,429,3.32,5.71,-0.71,2026-06-16,2026-06-30,0.258,4.695,0.23,1.07,1057188.55,42,14,28,29,0,100.0,2.85,0,0,0.0,42,14,28,3.63,2.08,2.35
买Q0.05-0.80_卖Q0.85-0.90_4买3卖_基50000_增20000,广发约定净值转换,429,3.31,5.71,-0.65,2026-06-16,2026-06-30,0.241,5.118,0.213,1.14,1057130.38,35,16,19,20,0,100.0,4.18,0,0,0.0,35,16,19,3.63,2.08,2.35
买Q0.15-0.70_卖Q0.85-0.95_3买3卖_基80000_增10000,广发约定净值转换,429,3.31,5.7,-0.7,2026-06-16,2026-06-30,0.263,4.764,0.239,1.03,1057101.02,42,14,28,29,0,100.0,2.97,0,0,0.0,42,14,28,3.63,2.07,2.35
买Q0.05-0.70_卖Q0.85-0.95_3买3卖_基80000_增10000,广发约定净值转换,429,3.31,5.7,-0.7,2026-06-16,2026-06-30,0.263,4.764,0.239,1.03,1057101.02,42,14,28,29,0,100.0,2.97,0,0,0.0,42,14,28,3.63,2.07,2.35
买Q0.15-0.80_卖Q0.85-0.90_5买3卖_基50000_增20000,广发约定净值转换,429,3.29,5.66,-0.98,2026-06-16,2026-06-30,0.198,3.366,0.163,1.27,1056687.52,38,17,21,22,0,100.0,3.65,0,0,0.0,38,17,21,3.63,2.03,2.35
买Q0.05-0.80_卖Q0.85-0.95_3买2卖_基80000_增10000,广发约定净值转换,429,3.28,5.65,-1.01,2026-06-12,2026-06-30,0.205,3.242,0.182,1.19,1056563.08,41,14,27,29,0,100.0,2.66,0,0,0.0,41,14,27,3.63,2.02,2.35
买Q0.05-0.80_卖Q0.85-0.90_3买2卖_基80000_增20000,广发约定净值转换,429,3.28,5.65,-0.71,2026-06-16,2026-06-30,0.226,4.643,0.205,1.07,1056579.16,42,14,28,29,0,100.0,2.8,0,0,0.0,42,14,28,3.63,2.02,2.35
买Q0.15-0.80_卖Q0.75-0.95_4买3卖_基80000_增20000,广发约定净值转换,429,3.28,5.64,-0.59,2026-06-22,2026-06-30,0.206,5.575,0.168,1.16,1056465.11,22,7,15,15,0,100.0,4.67,0,0,0.0,22,7,15,3.63,2.01,2.35
买Q0.15-0.80_卖Q0.85-0.90_4买2卖_基50000_增10000,广发约定净值转换,429,3.28,5.64,-0.66,2026-06-16,2026-06-30,0.222,4.963,0.207,1.07,1056478.07,37,17,20,21,0,100.0,3.94,0,0,0.0,37,17,20,3.63,2.01,2.35
买Q0.05-0.80_卖Q0.85-0.95_3买3卖_基80000_增10000,广发约定净值转换,429,3.28,5.64,-0.7,2026-06-16,2026-06-30,0.23,4.711,0.212,1.04,1056491.64,42,14,28,29,0,100.0,2.92,0,0,0.0,42,14,28,3.63,2.01,2.35
买Q0.05-0.70_卖Q0.85-0.95_5买2卖_基50000_增10000,广发约定净值转换,429,3.27,5.63,-0.74,2026-06-16,2026-06-30,0.209,4.43,0.185,1.1,1056323.63,37,17,20,22,0,100.0,3.7,0,0,0.0,37,17,20,3.63,2.0,2.35
买Q0.15-0.70_卖Q0.85-0.95_5买3卖_基50000_增10000,广发约定净值转换,429,3.27,5.63,-0.74,2026-06-16,2026-06-30,0.213,4.437,0.188,1.1,1056406.9,37,17,20,22,0,100.0,3.72,0,0,0.0,37,17,20,3.63,2.0,2.35
买Q0.05-0.70_卖Q0.75-0.95_5买3卖_基50000_增20000,广发约定净值转换,429,3.27,5.63,-0.81,2026-06-16,2026-06-30,0.189,4.018,0.165,1.23,1056337.29,42,19,23,25,0,100.0,3.49,0,0,0.0,42,19,23,3.63,2.0,2.35
买Q0.05-0.70_卖Q0.85-0.95_5买3卖_基50000_增10000,广发约定净值转换,429,3.27,5.63,-0.74,2026-06-16,2026-06-30,0.213,4.437,0.188,1.1,1056406.9,37,17,20,22,0,100.0,3.72,0,0,0.0,37,17,20,3.63,2.0,2.35
买Q0.15-0.70_卖Q0.85-0.95_5买2卖_基50000_增10000,广发约定净值转换,429,3.27,5.63,-0.74,2026-06-16,2026-06-30,0.209,4.43,0.185,1.1,1056323.63,37,17,20,22,0,100.0,3.7,0,0,0.0,37,17,20,3.63,2.0,2.35
买Q0.15-0.70_卖Q0.75-0.95_5买3卖_基50000_增20000,广发约定净值转换,429,3.27,5.63,-0.81,2026-06-16,2026-06-30,0.189,4.018,0.165,1.23,1056337.29,42,19,23,25,0,100.0,3.49,0,0,0.0,42,19,23,3.63,2.0,2.35
买Q0.15-0.70_卖Q0.75-0.95_5买2卖_基50000_增20000,广发约定净值转换,429,3.26,5.62,-0.81,2026-06-16,2026-06-30,0.185,4.013,0.163,1.23,1056264.02,42,19,23,25,0,100.0,3.48,0,0,0.0,42,19,23,3.63,1.99,2.35
买Q0.05-0.70_卖Q0.75-0.95_5买2卖_基50000_增20000,广发约定净值转换,429,3.26,5.62,-0.81,2026-06-16,2026-06-30,0.185,4.013,0.163,1.23,1056264.02,42,19,23,25,0,100.0,3.48,0,0,0.0,42,19,23,3.63,1.99,2.35
买Q0.05-0.70_卖Q0.85-0.90_3买2卖_基80000_增10000,广发约定净值转换,429,3.26,5.61,-0.7,2026-06-16,2026-06-30,0.211,4.682,0.19,1.03,1056118.84,42,14,28,29,0,100.0,2.85,0,0,0.0,42,14,28,3.63,1.98,2.35
买Q0.05-0.70_卖Q0.85-0.90_3买3卖_基80000_增20000,广发约定净值转换,429,3.26,5.61,-0.71,2026-06-16,2026-06-30,0.206,4.61,0.183,1.07,1056167.59,42,14,28,29,0,100.0,2.77,0,0,0.0,42,14,28,3.63,1.98,2.35
买Q0.15-0.70_卖Q0.85-0.90_3买3卖_基80000_增20000,广发约定净值转换,429,3.26,5.61,-0.71,2026-06-16,2026-06-30,0.206,4.61,0.183,1.07,1056167.59,42,14,28,29,0,100.0,2.77,0,0,0.0,42,14,28,3.63,1.98,2.35
买Q0.15-0.70_卖Q0.85-0.90_3买2卖_基80000_增10000,广发约定净值转换,429,3.26,5.61,-0.7,2026-06-16,2026-06-30,0.211,4.682,0.19,1.03,1056118.84,42,14,28,29,0,100.0,2.85,0,0,0.0,42,14,28,3.63,1.98,2.35
买Q0.05-0.80_卖Q0.85-0.95_5买3卖_基50000_增10000,广发约定净值转换,429,3.25,5.6,-0.74,2026-06-16,2026-06-30,0.194,4.405,0.173,1.1,1056026.04,37,17,20,22,0,100.0,3.69,0,0,0.0,37,17,20,3.63,1.97,2.35
买Q0.15-0.80_卖Q0.75-0.95_4买2卖_基80000_增20000,广发约定净值转换,429,3.25,5.6,-0.59,2026-06-22,2026-06-30,0.186,5.535,0.152,1.16,1056048.43,19,6,13,13,0,100.0,5.31,0,0,0.0,19,6,13,3.63,1.97,2.35
买Q0.05-0.80_卖Q0.85-0.95_5买2卖_基50000_增10000,广发约定净值转换,429,3.25,5.59,-0.74,2026-06-16,2026-06-30,0.189,4.399,0.169,1.1,1055942.76,37,17,20,22,0,100.0,3.67,0,0,0.0,37,17,20,3.63,1.96,2.35
买Q0.15-0.80_卖Q0.75-0.90_4买2卖_基80000_增20000,广发约定净值转换,429,3.24,5.58,-0.59,2026-06-22,2026-06-30,0.176,5.514,0.143,1.15,1055837.35,22,7,15,15,0,100.0,4.59,0,0,0.0,22,7,15,3.63,1.95,2.35
买Q0.15-0.80_卖Q0.85-0.90_4买3卖_基50000_增10000,广发约定净值转换,429,3.24,5.57,-0.66,2026-06-16,2026-06-30,0.187,4.905,0.174,1.07,1055804.79,37,17,20,21,0,100.0,3.81,0,0,0.0,37,17,20,3.63,1.94,2.35
买Q0.15-0.80_卖Q0.85-0.95_3买3卖_基80000_增20000,广发约定净值转换,429,3.23,5.56,-0.89,2026-06-16,2026-06-30,0.173,3.618,0.147,1.1,1055630.21,42,14,28,29,0,100.0,2.72,0,0,0.0,42,14,28,3.63,1.93,2.35
买Q0.15-0.80_卖Q0.85-0.95_3买2卖_基80000_增20000,广发约定净值转换,429,3.23,5.56,-1.21,2026-06-12,2026-06-30,0.155,2.674,0.129,1.26,1055687.0,42,14,28,30,0,100.0,2.71,0,0,0.0,42,14,28,3.63,1.93,2.35
买Q0.15-0.70_卖Q0.85-0.90_5买2卖_基50000_增10000,广发约定净值转换,429,3.22,5.55,-0.74,2026-06-16,2026-06-30,0.17,4.368,0.149,1.09,1055544.19,37,17,20,21,0,100.0,3.78,0,0,0.0,37,17,20,3.63,1.92,2.35
买Q0.05-0.70_卖Q0.85-0.90_5买2卖_基50000_增10000,广发约定净值转换,429,3.22,5.55,-0.74,2026-06-16,2026-06-30,0.17,4.368,0.149,1.09,1055544.19,37,17,20,21,0,100.0,3.78,0,0,0.0,37,17,20,3.63,1.92,2.35
买Q0.05-0.80_卖Q0.85-0.90_3买3卖_基80000_增20000,广发约定净值转换,429,3.22,5.55,-0.71,2026-06-16,2026-06-30,0.174,4.558,0.156,1.07,1055558.2,42,14,28,29,0,100.0,2.72,0,0,0.0,42,14,28,3.63,1.92,2.35
买Q0.15-0.70_卖Q0.75-0.90_5买2卖_基50000_增20000,广发约定净值转换,429,3.23,5.55,-0.81,2026-06-16,2026-06-30,0.155,3.964,0.136,1.22,1055586.64,42,19,23,25,0,100.0,3.37,0,0,0.0,42,19,23,3.63,1.92,2.35
买Q0.05-0.70_卖Q0.75-0.90_5买2卖_基50000_增20000,广发约定净值转换,429,3.23,5.55,-0.81,2026-06-16,2026-06-30,0.155,3.964,0.136,1.22,1055586.64,42,19,23,25,0,100.0,3.37,0,0,0.0,42,19,23,3.63,1.92,2.35
买Q0.05-0.80_卖Q0.85-0.90_3买2卖_基80000_增10000,广发约定净值转换,429,3.22,5.55,-0.7,2026-06-16,2026-06-30,0.177,4.628,0.162,1.03,1055509.45,42,14,28,29,0,100.0,2.8,0,0,0.0,42,14,28,3.63,1.92,2.35
买Q0.15-0.70_卖Q0.75-0.95_4买3卖_基50000_增20000,广发约定净值转换,429,3.22,5.54,-0.65,2026-06-16,2026-06-30,0.161,4.951,0.145,1.12,1055447.33,39,18,21,23,0,100.0,3.72,0,0,0.0,39,18,21,3.63,1.91,2.35
买Q0.15-0.80_卖Q0.75-0.90_4买3卖_基80000_增20000,广发约定净值转换,429,3.22,5.54,-0.59,2026-06-22,2026-06-30,0.145,5.482,0.126,1.28,1055491.55,25,8,17,18,0,100.0,4.05,0,0,0.0,25,8,17,3.63,1.91,2.35
买Q0.05-0.70_卖Q0.75-0.95_4买3卖_基50000_增20000,广发约定净值转换,429,3.22,5.54,-0.65,2026-06-16,2026-06-30,0.161,4.951,0.145,1.12,1055447.33,39,18,21,23,0,100.0,3.72,0,0,0.0,39,18,21,3.63,1.91,2.35
买Q0.05-0.70_卖Q0.75-0.95_4买2卖_基50000_增20000,广发约定净值转换,429,3.21,5.53,-0.65,2026-06-16,2026-06-30,0.157,4.945,0.143,1.12,1055374.06,39,18,21,23,0,100.0,3.71,0,0,0.0,39,18,21,3.63,1.9,2.35
买Q0.15-0.70_卖Q0.75-0.95_4买2卖_基50000_增20000,广发约定净值转换,429,3.21,5.53,-0.65,2026-06-16,2026-06-30,0.157,4.945,0.143,1.12,1055374.06,39,18,21,23,0,100.0,3.71,0,0,0.0,39,18,21,3.63,1.9,2.35
买Q0.05-0.70_卖Q0.85-0.95_4买3卖_基50000_增10000,广发约定净值转换,429,3.21,5.52,-0.61,2026-06-16,2026-06-30,0.17,5.298,0.151,1.01,1055302.51,34,16,18,19,0,100.0,4.07,0,0,0.0,34,16,18,3.63,1.89,2.35
买Q0.15-0.70_卖Q0.85-0.95_4买2卖_基50000_增10000,广发约定净值转换,429,3.2,5.52,-0.61,2026-06-16,2026-06-30,0.166,5.29,0.147,1.01,1055219.23,34,16,18,19,0,100.0,4.05,0,0,0.0,34,16,18,3.63,1.89,2.35
买Q0.15-0.70_卖Q0.85-0.95_4买3卖_基50000_增10000,广发约定净值转换,429,3.21,5.52,-0.61,2026-06-16,2026-06-30,0.17,5.298,0.151,1.01,1055302.51,34,16,18,19,0,100.0,4.07,0,0,0.0,34,16,18,3.63,1.89,2.35
买Q0.05-0.70_卖Q0.85-0.95_4买2卖_基50000_增10000,广发约定净值转换,429,3.2,5.52,-0.61,2026-06-16,2026-06-30,0.166,5.29,0.147,1.01,1055219.23,34,16,18,19,0,100.0,4.05,0,0,0.0,34,16,18,3.63,1.89,2.35
买Q0.05-0.80_卖Q0.85-0.90_5买2卖_基50000_增10000,广发约定净值转换,429,3.2,5.51,-0.74,2026-06-16,2026-06-30,0.15,4.337,0.133,1.09,1055163.32,37,17,20,21,0,100.0,3.75,0,0,0.0,37,17,20,3.63,1.88,2.35
买Q0.05-0.70_卖Q0.85-0.90_3买3卖_基80000_增10000,广发约定净值转换,429,3.2,5.5,-0.7,2026-06-16,2026-06-30,0.156,4.595,0.14,1.03,1055097.88,42,14,28,29,0,100.0,2.77,0,0,0.0,42,14,28,3.63,1.87,2.35
买Q0.15-0.70_卖Q0.85-0.90_3买3卖_基80000_增10000,广发约定净值转换,429,3.2,5.5,-0.7,2026-06-16,2026-06-30,0.156,4.595,0.14,1.03,1055097.88,42,14,28,29,0,100.0,2.77,0,0,0.0,42,14,28,3.63,1.87,2.35
买Q0.05-0.70_卖Q0.75-0.90_5买3卖_基50000_增20000,广发约定净值转换,429,3.19,5.49,-0.81,2026-06-16,2026-06-30,0.127,3.921,0.111,1.22,1054973.54,42,19,23,25,0,100.0,3.33,0,0,0.0,42,19,23,3.63,1.86,2.35
买Q0.05-0.80_卖Q0.85-0.95_4买3卖_基50000_增10000,广发约定净值转换,429,3.19,5.49,-0.61,2026-06-16,2026-06-30,0.149,5.259,0.134,1.01,1054921.64,34,16,18,19,0,100.0,4.04,0,0,0.0,34,16,18,3.63,1.86,2.35
买Q0.15-0.70_卖Q0.75-0.90_5买3卖_基50000_增20000,广发约定净值转换,429,3.19,5.49,-0.81,2026-06-16,2026-06-30,0.127,3.921,0.111,1.22,1054973.54,42,19,23,25,0,100.0,3.33,0,0,0.0,42,19,23,3.63,1.86,2.35
买Q0.15-0.70_卖Q0.85-0.90_5买3卖_基50000_增10000,广发约定净值转换,429,3.18,5.48,-0.74,2026-06-16,2026-06-30,0.136,4.316,0.119,1.09,1054870.92,37,17,20,21,0,100.0,3.65,0,0,0.0,37,17,20,3.63,1.85,2.35
买Q0.15-0.80_卖Q0.85-0.95_3买2卖_基80000_增10000,广发约定净值转换,429,3.18,5.48,-1.18,2026-06-12,2026-06-30,0.121,2.699,0.102,1.22,1054825.06,41,14,27,29,0,100.0,2.52,0,0,0.0,41,14,27,3.63,1.85,2.35
买Q0.05-0.70_卖Q0.85-0.90_5买3卖_基50000_增10000,广发约定净值转换,429,3.18,5.48,-0.74,2026-06-16,2026-06-30,0.136,4.316,0.119,1.09,1054870.92,37,17,20,21,0,100.0,3.65,0,0,0.0,37,17,20,3.63,1.85,2.35
买Q0.05-0.70_卖Q0.75-0.95_3买3卖_基80000_增20000,广发约定净值转换,429,3.19,5.48,-0.71,2026-06-16,2026-06-30,0.142,4.49,0.13,1.05,1054904.24,48,16,32,34,0,100.0,2.43,0,0,0.0,48,16,32,3.63,1.85,2.35
买Q0.15-0.70_卖Q0.75-0.95_3买3卖_基80000_增20000,广发约定净值转换,429,3.19,5.48,-0.71,2026-06-16,2026-06-30,0.142,4.49,0.13,1.05,1054904.24,48,16,32,34,0,100.0,2.43,0,0,0.0,48,16,32,3.63,1.85,2.35
买Q0.05-0.80_卖Q0.85-0.95_4买2卖_基50000_增10000,广发约定净值转换,429,3.18,5.48,-0.61,2026-06-16,2026-06-30,0.145,5.251,0.13,1.01,1054838.36,34,16,18,19,0,100.0,4.01,0,0,0.0,34,16,18,3.63,1.85,2.35
买Q0.15-0.80_卖Q0.85-0.95_3买3卖_基80000_增10000,广发约定净值转换,429,3.18,5.47,-0.86,2026-06-16,2026-06-30,0.133,3.684,0.115,1.06,1054753.61,42,14,28,29,0,100.0,2.72,0,0,0.0,42,14,28,3.63,1.84,2.35
买Q0.05-0.70_卖Q0.75-0.90_4买2卖_基50000_增20000,广发约定净值转换,429,3.17,5.46,-0.65,2026-06-16,2026-06-30,0.124,4.884,0.112,1.12,1054696.68,39,18,21,23,0,100.0,3.59,0,0,0.0,39,18,21,3.63,1.83,2.35
买Q0.15-0.70_卖Q0.75-0.90_4买2卖_基50000_增20000,广发约定净值转换,429,3.17,5.46,-0.65,2026-06-16,2026-06-30,0.124,4.884,0.112,1.12,1054696.68,39,18,21,23,0,100.0,3.59,0,0,0.0,39,18,21,3.63,1.83,2.35
买Q0.15-0.80_卖Q0.85-0.95_5买3卖_基50000_增10000,广发约定净值转换,429,3.17,5.46,-0.87,2026-06-16,2026-06-30,0.123,3.657,0.104,1.12,1054674.24,37,17,20,22,0,100.0,3.51,0,0,0.0,37,17,20,3.63,1.83,2.35
买Q0.15-0.80_卖Q0.85-0.90_3买2卖_基80000_增20000,广发约定净值转换,429,3.17,5.46,-0.89,2026-06-16,2026-06-30,0.123,3.554,0.104,1.1,1054648.02,42,14,28,29,0,100.0,2.6,0,0,0.0,42,14,28,3.63,1.83,2.35
买Q0.15-0.80_卖Q0.85-0.95_5买2卖_基50000_增10000,广发约定净值转换,429,3.17,5.45,-0.87,2026-06-16,2026-06-30,0.119,3.651,0.101,1.12,1054590.96,37,17,20,22,0,100.0,3.49,0,0,0.0,37,17,20,3.63,1.82,2.35
买Q0.05-0.80_卖Q0.85-0.90_3买3卖_基80000_增10000,广发约定净值转换,429,3.16,5.44,-0.7,2026-06-16,2026-06-30,0.122,4.542,0.111,1.03,1054488.49,42,14,28,29,0,100.0,2.72,0,0,0.0,42,14,28,3.63,1.81,2.35
买Q0.05-0.80_卖Q0.85-0.90_5买3卖_基50000_增10000,广发约定净值转换,429,3.16,5.44,-0.74,2026-06-16,2026-06-30,0.116,4.284,0.102,1.09,1054490.05,37,17,20,21,0,100.0,3.62,0,0,0.0,37,17,20,3.63,1.81,2.35
买Q0.05-0.70_卖Q0.85-0.90_4买2卖_基50000_增10000,广发约定净值转换,429,3.16,5.43,-0.61,2026-06-16,2026-06-30,0.119,5.207,0.105,1.0,1054367.52,34,16,18,19,0,100.0,3.98,0,0,0.0,34,16,18,3.63,1.8,2.35
买Q0.15-0.70_卖Q0.85-0.90_4买2卖_基50000_增10000,广发约定净值转换,429,3.16,5.43,-0.61,2026-06-16,2026-06-30,0.119,5.207,0.105,1.0,1054367.52,34,16,18,19,0,100.0,3.98,0,0,0.0,34,16,18,3.63,1.8,2.35
买Q0.15-0.70_卖Q0.75-0.90_3买2卖_基80000_增20000,广发约定净值转换,429,3.15,5.42,-0.71,2026-06-16,2026-06-30,0.109,4.439,0.099,1.05,1054276.48,48,16,32,34,0,100.0,2.39,0,0,0.0,48,16,32,3.63,1.79,2.35
买Q0.05-0.80_卖Q0.75-0.95_5买3卖_基80000_增20000,广发约定净值转换,429,3.15,5.42,-0.72,2026-06-22,2026-06-30,0.095,4.361,0.071,1.2,1054235.38,22,7,15,15,0,100.0,4.33,0,0,0.0,22,7,15,3.63,1.79,2.35
买Q0.05-0.70_卖Q0.75-0.90_3买2卖_基80000_增20000,广发约定净值转换,429,3.15,5.42,-0.71,2026-06-16,2026-06-30,0.109,4.439,0.099,1.05,1054276.48,48,16,32,34,0,100.0,2.39,0,0,0.0,48,16,32,3.63,1.79,2.35
买Q0.15-0.70_卖Q0.75-0.95_3买2卖_基80000_增20000,广发约定净值转换,429,3.15,5.42,-0.73,2026-06-12,2026-06-30,0.107,4.309,0.1,1.05,1054255.55,48,16,32,34,0,100.0,2.37,0,0,0.0,48,16,32,3.63,1.79,2.35
买Q0.05-0.70_卖Q0.75-0.95_3买2卖_基80000_增20000,广发约定净值转换,429,3.15,5.42,-0.73,2026-06-12,2026-06-30,0.107,4.309,0.1,1.05,1054255.55,48,16,32,34,0,100.0,2.37,0,0,0.0,48,16,32,3.63,1.79,2.35
买Q0.05-0.70_卖Q0.75-0.90_4买3卖_基50000_增20000,广发约定净值转换,429,3.14,5.4,-0.65,2026-06-16,2026-06-30,0.094,4.83,0.084,1.11,1054083.58,39,18,21,23,0,100.0,3.54,0,0,0.0,39,18,21,3.63,1.77,2.35
买Q0.15-0.70_卖Q0.75-0.90_4买3卖_基50000_增20000,广发约定净值转换,429,3.14,5.4,-0.65,2026-06-16,2026-06-30,0.094,4.83,0.084,1.11,1054083.58,39,18,21,23,0,100.0,3.54,0,0,0.0,39,18,21,3.63,1.77,2.35
买Q0.05-0.80_卖Q0.85-0.90_4买2卖_基50000_增10000,广发约定净值转换,429,3.13,5.39,-0.61,2026-06-16,2026-06-30,0.098,5.169,0.087,1.0,1053986.65,34,16,18,19,0,100.0,3.95,0,0,0.0,34,16,18,3.63,1.76,2.35
买Q0.05-0.80_卖Q0.75-0.95_5买2卖_基80000_增20000,广发约定净值转换,429,3.12,5.38,-0.72,2026-06-22,2026-06-30,0.076,4.328,0.057,1.2,1053818.71,19,6,13,13,0,100.0,4.91,0,0,0.0,19,6,13,3.63,1.75,2.35
买Q0.05-0.70_卖Q0.75-0.95_3买3卖_基80000_增10000,广发约定净值转换,429,3.13,5.38,-0.7,2026-06-16,2026-06-30,0.089,4.475,0.083,1.01,1053849.18,47,16,31,33,0,100.0,2.4,0,0,0.0,47,16,31,3.63,1.75,2.35
买Q0.15-0.80_卖Q0.85-0.90_5买2卖_基50000_增10000,广发约定净值转换,429,3.12,5.38,-0.87,2026-06-16,2026-06-30,0.08,3.599,0.067,1.11,1053811.53,37,17,20,21,0,100.0,3.56,0,0,0.0,37,17,20,3.63,1.75,2.35
买Q0.15-0.70_卖Q0.75-0.95_3买3卖_基80000_增10000,广发约定净值转换,429,3.13,5.38,-0.7,2026-06-16,2026-06-30,0.089,4.475,0.083,1.01,1053849.18,47,16,31,33,0,100.0,2.4,0,0,0.0,47,16,31,3.63,1.75,2.35
买Q0.15-0.80_卖Q0.85-0.90_3买2卖_基80000_增10000,广发约定净值转换,429,3.12,5.37,-0.86,2026-06-16,2026-06-30,0.082,3.618,0.07,1.06,1053771.43,42,14,28,29,0,100.0,2.6,0,0,0.0,42,14,28,3.63,1.74,2.35
买Q0.15-0.70_卖Q0.85-0.90_4买3卖_基50000_增10000,广发约定净值转换,429,3.12,5.36,-0.61,2026-06-16,2026-06-30,0.081,5.142,0.071,1.0,1053678.31,34,16,18,19,0,100.0,3.83,0,0,0.0,34,16,18,3.63,1.73,2.35
买Q0.05-0.70_卖Q0.85-0.90_4买3卖_基50000_增10000,广发约定净值转换,429,3.12,5.36,-0.61,2026-06-16,2026-06-30,0.081,5.142,0.071,1.0,1053678.31,34,16,18,19,0,100.0,3.83,0,0,0.0,34,16,18,3.63,1.73,2.35
买Q0.15-0.80_卖Q0.85-0.90_3买3卖_基80000_增20000,广发约定净值转换,429,3.11,5.36,-0.89,2026-06-16,2026-06-30,0.072,3.487,0.06,1.1,1053627.06,42,14,28,29,0,100.0,2.52,0,0,0.0,42,14,28,3.63,1.73,2.35
买Q0.05-0.80_卖Q0.75-0.90_5买2卖_基80000_增20000,广发约定净值转换,429,3.11,5.35,-0.72,2026-06-22,2026-06-30,0.066,4.311,0.049,1.19,1053607.63,22,7,15,15,0,100.0,4.25,0,0,0.0,22,7,15,3.63,1.72,2.35
买Q0.15-0.70_卖Q0.75-0.90_3买3卖_基80000_增20000,广发约定净值转换,429,3.11,5.35,-0.71,2026-06-16,2026-06-30,0.073,4.384,0.066,1.05,1053596.79,48,16,32,34,0,100.0,2.32,0,0,0.0,48,16,32,3.63,1.72,2.35
买Q0.05-0.70_卖Q0.75-0.90_3买3卖_基80000_增20000,广发约定净值转换,429,3.11,5.35,-0.71,2026-06-16,2026-06-30,0.073,4.384,0.066,1.05,1053596.79,48,16,32,34,0,100.0,2.32,0,0,0.0,48,16,32,3.63,1.72,2.35
买Q0.05-0.80_卖Q0.75-0.90_5买3卖_基80000_增20000,广发约定净值转换,429,3.09,5.32,-0.72,2026-06-22,2026-06-30,0.046,4.285,0.037,1.32,1053261.83,25,8,17,18,0,100.0,3.72,0,0,0.0,25,8,17,3.63,1.69,2.35
买Q0.05-0.80_卖Q0.85-0.90_4买3卖_基50000_增10000,广发约定净值转换,429,3.09,5.32,-0.61,2026-06-16,2026-06-30,0.059,5.103,0.053,1.0,1053297.45,34,16,18,19,0,100.0,3.79,0,0,0.0,34,16,18,3.63,1.69,2.35
买Q0.15-0.70_卖Q0.75-0.90_3买2卖_基80000_增10000,广发约定净值转换,429,3.09,5.32,-0.7,2026-06-16,2026-06-30,0.055,4.423,0.05,1.0,1053221.42,47,16,31,33,0,100.0,2.36,0,0,0.0,47,16,31,3.63,1.69,2.35
买Q0.05-0.70_卖Q0.75-0.90_3买2卖_基80000_增10000,广发约定净值转换,429,3.09,5.32,-0.7,2026-06-16,2026-06-30,0.055,4.423,0.05,1.0,1053221.42,47,16,31,33,0,100.0,2.36,0,0,0.0,47,16,31,3.63,1.69,2.35
买Q0.15-0.70_卖Q0.75-0.95_3买2卖_基80000_增10000,广发约定净值转换,429,3.09,5.31,-0.72,2026-06-12,2026-06-30,0.053,4.292,0.05,1.01,1053200.49,47,16,31,33,0,100.0,2.35,0,0,0.0,47,16,31,3.63,1.68,2.35
买Q0.15-0.80_卖Q0.85-0.90_5买3卖_基50000_增10000,广发约定净值转换,429,3.08,5.31,-0.87,2026-06-16,2026-06-30,0.046,3.554,0.039,1.11,1053138.25,37,17,20,21,0,100.0,3.43,0,0,0.0,37,17,20,3.63,1.68,2.35
买Q0.05-0.70_卖Q0.75-0.95_3买2卖_基80000_增10000,广发约定净值转换,429,3.09,5.31,-0.72,2026-06-12,2026-06-30,0.053,4.292,0.05,1.01,1053200.49,47,16,31,33,0,100.0,2.35,0,0,0.0,47,16,31,3.63,1.68,2.35
买Q0.05-0.80_卖Q0.75-0.95_4买3卖_基80000_增20000,广发约定净值转换,429,3.07,5.28,-0.5,2026-07-06,2026-07-10,0.03,6.176,0.02,1.1,1052817.07,19,6,13,13,0,100.0,4.86,0,0,0.0,19,6,13,3.63,1.65,2.35
买Q0.15-0.80_卖Q0.85-0.90_3买3卖_基80000_增10000,广发约定净值转换,429,3.06,5.27,-0.86,2026-06-16,2026-06-30,0.028,3.548,0.024,1.05,1052750.47,42,14,28,29,0,100.0,2.52,0,0,0.0,42,14,28,3.63,1.64,2.35
买Q0.05-0.70_卖Q0.75-0.90_3买3卖_基80000_增10000,广发约定净值转换,429,3.05,5.25,-0.7,2026-06-16,2026-06-30,0.016,4.365,0.015,1.0,1052527.08,47,16,31,33,0,100.0,2.29,0,0,0.0,47,16,31,3.63,1.62,2.35
买Q0.15-0.70_卖Q0.75-0.90_3买3卖_基80000_增10000,广发约定净值转换,429,3.05,5.25,-0.7,2026-06-16,2026-06-30,0.016,4.365,0.015,1.0,1052527.08,47,16,31,33,0,100.0,2.29,0,0,0.0,47,16,31,3.63,1.62,2.35
买Q0.05-0.70_卖Q0.75-0.95_5买3卖_基50000_增10000,广发约定净值转换,429,3.04,5.23,-0.74,2026-06-16,2026-06-30,0.009,4.106,0.008,1.07,1052402.42,41,19,22,24,0,100.0,3.21,0,0,0.0,41,19,22,3.63,1.6,2.35
买Q0.15-0.70_卖Q0.75-0.95_5买2卖_基50000_增10000,广发约定净值转换,429,3.04,5.23,-0.74,2026-06-16,2026-06-30,0.007,4.103,0.006,1.07,1052358.45,41,19,22,24,0,100.0,3.2,0,0,0.0,41,19,22,3.63,1.6,2.35
买Q0.05-0.80_卖Q0.75-0.95_4买2卖_基80000_增20000,广发约定净值转换,429,3.04,5.23,-0.5,2026-07-06,2026-07-10,0.009,6.128,0.006,1.1,1052400.39,16,5,11,11,0,100.0,5.64,0,0,0.0,16,5,11,3.63,1.6,2.35
买Q0.05-0.70_卖Q0.75-0.95_5买2卖_基50000_增10000,广发约定净值转换,429,3.04,5.23,-0.74,2026-06-16,2026-06-30,0.007,4.103,0.006,1.07,1052358.45,41,19,22,24,0,100.0,3.2,0,0,0.0,41,19,22,3.63,1.6,2.35
买Q0.15-0.70_卖Q0.75-0.95_5买3卖_基50000_增10000,广发约定净值转换,429,3.04,5.23,-0.74,2026-06-16,2026-06-30,0.009,4.106,0.008,1.07,1052402.42,41,19,22,24,0,100.0,3.21,0,0,0.0,41,19,22,3.63,1.6,2.35
买Q0.15-0.80_卖Q0.75-0.95_4买3卖_基80000_增10000,广发约定净值转换,429,3.04,5.22,-0.53,2026-06-22,2026-06-30,0.002,5.768,0.002,1.01,1052276.35,21,7,14,15,0,100.0,4.59,0,0,0.0,21,7,14,3.63,1.59,2.35
买Q0.05-0.80_卖Q0.75-0.90_4买2卖_基80000_增20000,广发约定净值转换,429,3.03,5.21,-0.5,2026-07-06,2026-07-10,-0.002,6.103,-0.001,1.09,1052189.31,19,6,13,13,0,100.0,4.77,0,0,0.0,19,6,13,3.63,1.58,2.35
买Q0.15-0.80_卖Q0.75-0.95_5买3卖_基80000_增20000,广发约定净值转换,429,3.01,5.19,-0.95,2026-06-22,2026-06-30,-0.012,3.188,-0.009,1.23,1051918.02,22,7,15,15,0,100.0,3.93,0,0,0.0,22,7,15,3.63,1.56,2.35
买Q0.15-0.80_卖Q0.75-0.95_4买2卖_基80000_增10000,广发约定净值转换,429,3.01,5.18,-0.53,2026-06-22,2026-06-30,-0.019,5.726,-0.016,1.01,1051888.99,18,6,12,13,0,100.0,5.22,0,0,0.0,18,6,12,3.63,1.55,2.35
买Q0.05-0.80_卖Q0.75-0.90_4买3卖_基80000_增20000,广发约定净值转换,429,3.01,5.18,-0.5,2026-07-06,2026-07-10,-0.015,6.072,-0.012,1.14,1051903.67,22,7,15,15,0,100.0,4.13,0,0,0.0,22,7,15,3.63,1.55,2.35
买Q0.15-0.70_卖Q0.75-0.90_5买2卖_基50000_增10000,广发约定净值转换,429,3.0,5.17,-0.74,2026-06-16,2026-06-30,-0.027,4.052,-0.024,1.07,1051713.21,41,19,22,24,0,100.0,3.09,0,0,0.0,41,19,22,3.63,1.54,2.35
买Q0.05-0.70_卖Q0.75-0.90_5买2卖_基50000_增10000,广发约定净值转换,429,3.0,5.17,-0.74,2026-06-16,2026-06-30,-0.027,4.052,-0.024,1.07,1051713.21,41,19,22,24,0,100.0,3.09,0,0,0.0,41,19,22,3.63,1.54,2.35
买Q0.15-0.80_卖Q0.75-0.90_4买2卖_基80000_增10000,广发约定净值转换,429,3.0,5.16,-0.53,2026-06-22,2026-06-30,-0.033,5.699,-0.027,1.0,1051648.6,21,7,14,15,0,100.0,4.51,0,0,0.0,21,7,14,3.63,1.53,2.35
买Q0.05-0.70_卖Q0.75-0.95_4买3卖_基50000_增10000,广发约定净值转换,429,2.99,5.15,-0.61,2026-06-16,2026-06-30,-0.038,4.922,-0.035,0.98,1051567.6,38,18,20,22,0,100.0,3.37,0,0,0.0,38,18,20,3.63,1.52,2.35
买Q0.15-0.70_卖Q0.75-0.95_4买2卖_基50000_增10000,广发约定净值转换,429,2.99,5.15,-0.61,2026-06-16,2026-06-30,-0.041,4.918,-0.038,0.98,1051523.64,38,18,20,22,0,100.0,3.36,0,0,0.0,38,18,20,3.63,1.52,2.35
买Q0.15-0.70_卖Q0.75-0.95_4买3卖_基50000_增10000,广发约定净值转换,429,2.99,5.15,-0.61,2026-06-16,2026-06-30,-0.038,4.922,-0.035,0.98,1051567.6,38,18,20,22,0,100.0,3.37,0,0,0.0,38,18,20,3.63,1.52,2.35
买Q0.05-0.70_卖Q0.75-0.95_4买2卖_基50000_增10000,广发约定净值转换,429,2.99,5.15,-0.61,2026-06-16,2026-06-30,-0.041,4.918,-0.038,0.98,1051523.64,38,18,20,22,0,100.0,3.36,0,0,0.0,38,18,20,3.63,1.52,2.35
买Q0.15-0.80_卖Q0.75-0.95_5买2卖_基80000_增20000,广发约定净值转换,429,2.99,5.14,-0.95,2026-06-22,2026-06-30,-0.031,3.163,-0.022,1.23,1051501.34,19,6,13,13,0,100.0,4.45,0,0,0.0,19,6,13,3.63,1.51,2.35
买Q0.15-0.80_卖Q0.75-0.90_4买3卖_基80000_增10000,广发约定净值转换,429,2.99,5.14,-0.53,2025-01-27,2025-02-25,-0.038,5.638,-0.033,1.14,1051442.88,24,8,16,18,0,100.0,3.99,0,0,0.0,24,8,16,3.63,1.51,2.35
买Q0.15-0.80_卖Q0.75-0.90_5买2卖_基80000_增20000,广发约定净值转换,429,2.98,5.12,-0.95,2026-06-22,2026-06-30,-0.041,3.15,-0.028,1.23,1051290.26,22,7,15,15,0,100.0,3.85,0,0,0.0,22,7,15,3.63,1.49,2.35
买Q0.05-0.70_卖Q0.75-0.90_5买3卖_基50000_增10000,广发约定净值转换,429,2.97,5.1,-0.74,2026-06-16,2026-06-30,-0.06,4.004,-0.053,1.07,1051085.46,41,19,22,24,0,100.0,2.99,0,0,0.0,41,19,22,3.63,1.47,2.35
买Q0.15-0.70_卖Q0.75-0.90_5买3卖_基50000_增10000,广发约定净值转换,429,2.97,5.1,-0.74,2026-06-16,2026-06-30,-0.06,4.004,-0.053,1.07,1051085.46,41,19,22,24,0,100.0,2.99,0,0,0.0,41,19,22,3.63,1.47,2.35
买Q0.15-0.80_卖Q0.75-0.90_5买3卖_基80000_增20000,广发约定净值转换,429,2.96,5.09,-0.95,2026-06-22,2026-06-30,-0.051,3.13,-0.038,1.35,1050944.46,25,8,17,18,0,100.0,3.4,0,0,0.0,25,8,17,3.63,1.46,2.35
买Q0.05-0.70_卖Q0.75-0.90_4买2卖_基50000_增10000,广发约定净值转换,429,2.95,5.08,-0.61,2026-06-16,2026-06-30,-0.078,4.856,-0.072,0.98,1050878.4,38,18,20,22,0,100.0,3.23,0,0,0.0,38,18,20,3.63,1.45,2.35
买Q0.15-0.70_卖Q0.75-0.90_4买2卖_基50000_增10000,广发约定净值转换,429,2.95,5.08,-0.61,2026-06-16,2026-06-30,-0.078,4.856,-0.072,0.98,1050878.4,38,18,20,22,0,100.0,3.23,0,0,0.0,38,18,20,3.63,1.45,2.35
买Q0.05-0.80_卖Q0.75-0.95_5买3卖_基80000_增10000,广发约定净值转换,429,2.92,5.03,-0.64,2026-06-22,2026-06-30,-0.101,4.583,-0.076,1.04,1050361.96,21,7,14,15,0,100.0,4.25,0,0,0.0,21,7,14,3.63,1.4,2.35
买Q0.05-0.70_卖Q0.75-0.90_4买3卖_基50000_增10000,广发约定净值转换,429,2.92,5.02,-0.61,2026-06-16,2026-06-30,-0.115,4.797,-0.105,0.97,1050250.64,38,18,20,22,0,100.0,3.13,0,0,0.0,38,18,20,3.63,1.39,2.35
买Q0.15-0.70_卖Q0.75-0.90_4买3卖_基50000_增10000,广发约定净值转换,429,2.92,5.02,-0.61,2026-06-16,2026-06-30,-0.115,4.797,-0.105,0.97,1050250.64,38,18,20,22,0,100.0,3.13,0,0,0.0,38,18,20,3.63,1.39,2.35
买Q0.05-0.80_卖Q0.75-0.95_5买2卖_基80000_增10000,广发约定净值转换,429,2.9,4.99,-0.64,2026-06-22,2026-06-30,-0.122,4.548,-0.092,1.04,1049974.6,18,6,12,13,0,100.0,4.82,0,0,0.0,18,6,12,3.63,1.36,2.35
买Q0.05-0.80_卖Q0.75-0.90_5买2卖_基80000_增10000,广发约定净值转换,429,2.89,4.97,-0.64,2026-06-22,2026-06-30,-0.135,4.527,-0.102,1.04,1049734.21,21,7,14,15,0,100.0,4.17,0,0,0.0,21,7,14,3.63,1.34,2.35
买Q0.05-0.80_卖Q0.75-0.90_5买3卖_基80000_增10000,广发约定净值转换,429,2.88,4.95,-0.64,2026-06-22,2026-06-30,-0.128,4.509,-0.104,1.17,1049528.49,24,8,16,18,0,100.0,3.66,0,0,0.0,24,8,16,3.63,1.32,2.35
买Q0.15-0.80_卖Q0.85-0.95_4买2卖_基30000_增20000,广发约定净值转换,429,2.88,4.95,-0.46,2026-06-22,2026-06-30,-0.175,6.212,-0.159,0.85,1049586.65,34,17,17,21,0,100.0,3.94,0,0,0.0,34,17,17,3.63,1.32,2.35
买Q0.15-0.80_卖Q0.85-0.95_4买3卖_基30000_增20000,广发约定净值转换,429,2.88,4.95,-0.46,2026-06-22,2026-06-30,-0.175,6.212,-0.159,0.85,1049586.65,34,17,17,21,0,100.0,3.94,0,0,0.0,34,17,17,3.63,1.32,2.35
买Q0.05-0.80_卖Q0.75-0.95_4买3卖_基80000_增10000,广发约定净值转换,429,2.85,4.89,-0.43,2026-07-06,2026-07-10,-0.193,6.67,-0.127,0.95,1048984.13,18,6,12,13,0,100.0,4.77,0,0,0.0,18,6,12,3.63,1.26,2.35
买Q0.15-0.80_卖Q0.85-0.90_4买2卖_基30000_增20000,广发约定净值转换,429,2.84,4.88,-0.46,2026-06-22,2026-06-30,-0.227,6.117,-0.205,0.85,1048822.35,34,17,17,21,0,100.0,3.81,0,0,0.0,34,17,17,3.63,1.25,2.35
买Q0.15-0.70_卖Q0.85-0.95_5买3卖_基30000_增20000,广发约定净值转换,429,2.82,4.85,-0.54,2026-06-22,2026-06-30,-0.235,5.211,-0.198,0.88,1048584.85,34,17,17,21,0,100.0,3.78,0,0,0.0,34,17,17,3.63,1.22,2.35
买Q0.05-0.80_卖Q0.75-0.95_4买2卖_基80000_增10000,广发约定净值转换,429,2.82,4.85,-0.43,2026-07-06,2026-07-10,-0.216,6.618,-0.142,0.95,1048596.77,15,5,10,11,0,100.0,5.55,0,0,0.0,15,5,10,3.63,1.22,2.35
买Q0.15-0.70_卖Q0.85-0.95_5买2卖_基30000_增20000,广发约定净值转换,429,2.82,4.85,-0.54,2026-06-22,2026-06-30,-0.235,5.211,-0.198,0.88,1048584.85,34,17,17,21,0,100.0,3.78,0,0,0.0,34,17,17,3.63,1.22,2.35
买Q0.05-0.70_卖Q0.85-0.95_5买2卖_基30000_增20000,广发约定净值转换,429,2.82,4.85,-0.54,2026-06-22,2026-06-30,-0.235,5.211,-0.198,0.88,1048584.85,34,17,17,21,0,100.0,3.78,0,0,0.0,34,17,17,3.63,1.22,2.35
买Q0.05-0.70_卖Q0.85-0.95_5买3卖_基30000_增20000,广发约定净值转换,429,2.82,4.85,-0.54,2026-06-22,2026-06-30,-0.235,5.211,-0.198,0.88,1048584.85,34,17,17,21,0,100.0,3.78,0,0,0.0,34,17,17,3.63,1.22,2.35
买Q0.15-0.80_卖Q0.75-0.95_5买3卖_基80000_增10000,广发约定净值转换,429,2.81,4.84,-0.82,2026-06-22,2026-06-30,-0.199,3.411,-0.139,1.07,1048430.82,21,7,14,15,0,100.0,3.85,0,0,0.0,21,7,14,3.63,1.21,2.35
买Q0.05-0.80_卖Q0.85-0.95_5买2卖_基30000_增20000,广发约定净值转换,429,2.81,4.83,-0.54,2026-06-22,2026-06-30,-0.249,5.185,-0.212,0.88,1048356.34,34,17,17,21,0,100.0,3.75,0,0,0.0,34,17,17,3.63,1.2,2.35
买Q0.05-0.80_卖Q0.85-0.95_5买3卖_基30000_增20000,广发约定净值转换,429,2.81,4.83,-0.54,2026-06-22,2026-06-30,-0.249,5.185,-0.212,0.88,1048356.34,34,17,17,21,0,100.0,3.75,0,0,0.0,34,17,17,3.63,1.2,2.35
买Q0.05-0.80_卖Q0.75-0.90_4买2卖_基80000_增10000,广发约定净值转换,429,2.81,4.83,-0.43,2026-07-06,2026-07-10,-0.231,6.585,-0.151,0.95,1048356.38,18,6,12,13,0,100.0,4.67,0,0,0.0,18,6,12,3.63,1.2,2.35
买Q0.15-0.80_卖Q0.85-0.90_4买3卖_基30000_增20000,广发约定净值转换,429,2.8,4.81,-0.46,2026-06-22,2026-06-30,-0.268,6.039,-0.242,0.85,1048194.59,34,17,17,21,0,100.0,3.75,0,0,0.0,34,17,17,3.63,1.18,2.35
买Q0.05-0.80_卖Q0.75-0.90_4买3卖_基80000_增10000,广发约定净值转换,429,2.8,4.81,-0.43,2026-07-06,2026-07-10,-0.227,6.566,-0.19,1.0,1048196.28,21,7,14,15,0,100.0,4.05,0,0,0.0,21,7,14,3.63,1.18,2.35
买Q0.15-0.80_卖Q0.75-0.95_5买2卖_基80000_增10000,广发约定净值转换,429,2.79,4.8,-0.82,2026-06-22,2026-06-30,-0.219,3.384,-0.153,1.07,1048043.46,18,6,12,13,0,100.0,4.37,0,0,0.0,18,6,12,3.63,1.17,2.35
买Q0.15-0.70_卖Q0.85-0.90_5买2卖_基30000_增20000,广发约定净值转换,429,2.78,4.78,-0.54,2026-06-22,2026-06-30,-0.285,5.129,-0.239,0.87,1047820.55,34,17,17,21,0,100.0,3.65,0,0,0.0,34,17,17,3.63,1.15,2.35
买Q0.05-0.70_卖Q0.85-0.90_5买2卖_基30000_增20000,广发约定净值转换,429,2.78,4.78,-0.54,2026-06-22,2026-06-30,-0.285,5.129,-0.239,0.87,1047820.55,34,17,17,21,0,100.0,3.65,0,0,0.0,34,17,17,3.63,1.15,2.35
买Q0.15-0.80_卖Q0.75-0.90_5买2卖_基80000_增10000,广发约定净值转换,429,2.78,4.77,-0.82,2026-06-22,2026-06-30,-0.232,3.368,-0.162,1.07,1047803.07,21,7,14,15,0,100.0,3.77,0,0,0.0,21,7,14,3.63,1.14,2.35
买Q0.15-0.70_卖Q0.85-0.95_4买3卖_基30000_增20000,广发约定净值转换,429,2.78,4.77,-0.4,2026-06-16,2026-06-30,-0.313,6.86,-0.261,0.8,1047773.51,32,16,16,19,0,100.0,3.98,0,0,0.0,32,16,16,3.63,1.14,2.35
买Q0.05-0.70_卖Q0.85-0.95_4买2卖_基30000_增20000,广发约定净值转换,429,2.78,4.77,-0.4,2026-06-16,2026-06-30,-0.313,6.86,-0.261,0.8,1047773.51,32,16,16,19,0,100.0,3.98,0,0,0.0,32,16,16,3.63,1.14,2.35
买Q0.15-0.70_卖Q0.85-0.95_4买2卖_基30000_增20000,广发约定净值转换,429,2.78,4.77,-0.4,2026-06-16,2026-06-30,-0.313,6.86,-0.261,0.8,1047773.51,32,16,16,19,0,100.0,3.98,0,0,0.0,32,16,16,3.63,1.14,2.35
买Q0.05-0.70_卖Q0.85-0.95_4买3卖_基30000_增20000,广发约定净值转换,429,2.78,4.77,-0.4,2026-06-16,2026-06-30,-0.313,6.86,-0.261,0.8,1047773.51,32,16,16,19,0,100.0,3.98,0,0,0.0,32,16,16,3.63,1.14,2.35
买Q0.05-0.80_卖Q0.85-0.95_4买2卖_基30000_增20000,广发约定净值转换,429,2.76,4.75,-0.4,2026-06-16,2026-06-30,-0.329,6.825,-0.278,0.81,1047544.99,32,16,16,19,0,100.0,3.95,0,0,0.0,32,16,16,3.63,1.12,2.35
买Q0.15-0.80_卖Q0.75-0.90_5买3卖_基80000_增10000,广发约定净值转换,429,2.77,4.75,-0.82,2026-06-22,2026-06-30,-0.216,3.354,-0.166,1.2,1047597.35,24,8,16,18,0,100.0,3.33,0,0,0.0,24,8,16,3.63,1.12,2.35
买Q0.05-0.80_卖Q0.85-0.90_5买2卖_基30000_增20000,广发约定净值转换,429,2.77,4.75,-0.54,2026-06-22,2026-06-30,-0.299,5.103,-0.253,0.87,1047592.03,34,17,17,21,0,100.0,3.62,0,0,0.0,34,17,17,3.63,1.12,2.35
买Q0.05-0.80_卖Q0.85-0.95_4买3卖_基30000_增20000,广发约定净值转换,429,2.76,4.75,-0.4,2026-06-16,2026-06-30,-0.329,6.825,-0.278,0.81,1047544.99,32,16,16,19,0,100.0,3.95,0,0,0.0,32,16,16,3.63,1.12,2.35
买Q0.05-0.70_卖Q0.85-0.90_5买3卖_基30000_增20000,广发约定净值转换,429,2.74,4.71,-0.54,2026-06-22,2026-06-30,-0.326,5.062,-0.273,0.87,1047192.8,34,17,17,21,0,100.0,3.59,0,0,0.0,34,17,17,3.63,1.08,2.35
买Q0.15-0.70_卖Q0.85-0.90_5买3卖_基30000_增20000,广发约定净值转换,429,2.74,4.71,-0.54,2026-06-22,2026-06-30,-0.326,5.062,-0.273,0.87,1047192.8,34,17,17,21,0,100.0,3.59,0,0,0.0,34,17,17,3.63,1.08,2.35
买Q0.15-0.80_卖Q0.85-0.95_5买2卖_基30000_增20000,广发约定净值转换,429,2.73,4.69,-0.67,2026-06-22,2026-06-30,-0.328,4.063,-0.262,0.9,1047004.54,34,17,17,21,0,100.0,3.56,0,0,0.0,34,17,17,3.63,1.06,2.35
买Q0.15-0.70_卖Q0.85-0.90_4买2卖_基30000_增20000,广发约定净值转换,429,2.73,4.69,-0.4,2026-06-16,2026-06-30,-0.372,6.743,-0.309,0.8,1046961.41,32,16,16,19,0,100.0,3.83,0,0,0.0,32,16,16,3.63,1.06,2.35
买Q0.15-0.80_卖Q0.85-0.95_5买3卖_基30000_增20000,广发约定净值转换,429,2.73,4.69,-0.67,2026-06-22,2026-06-30,-0.328,4.063,-0.262,0.9,1047004.54,34,17,17,21,0,100.0,3.56,0,0,0.0,34,17,17,3.63,1.06,2.35
买Q0.05-0.70_卖Q0.85-0.90_4买2卖_基30000_增20000,广发约定净值转换,429,2.73,4.69,-0.4,2026-06-16,2026-06-30,-0.372,6.743,-0.309,0.8,1046961.41,32,16,16,19,0,100.0,3.83,0,0,0.0,32,16,16,3.63,1.06,2.35
买Q0.05-0.80_卖Q0.85-0.90_5买3卖_基30000_增20000,广发约定净值转换,429,2.73,4.69,-0.54,2026-06-22,2026-06-30,-0.34,5.036,-0.287,0.87,1046964.28,34,17,17,21,0,100.0,3.56,0,0,0.0,34,17,17,3.63,1.06,2.35
买Q0.05-0.80_卖Q0.85-0.90_4买2卖_基30000_增20000,广发约定净值转换,429,2.72,4.67,-0.4,2026-06-16,2026-06-30,-0.388,6.708,-0.326,0.8,1046732.89,32,16,16,19,0,100.0,3.79,0,0,0.0,32,16,16,3.63,1.04,2.35
买Q0.05-0.70_卖Q0.85-0.90_4买3卖_基30000_增20000,广发约定净值转换,429,2.69,4.63,-0.4,2026-06-16,2026-06-30,-0.416,6.653,-0.345,0.8,1046333.65,32,16,16,19,0,100.0,3.76,0,0,0.0,32,16,16,3.63,1.0,2.35
买Q0.15-0.80_卖Q0.75-0.95_4买2卖_基50000_增20000,广发约定净值转换,429,2.7,4.63,-0.4,2026-06-22,2026-06-30,-0.397,6.689,-0.326,0.83,1046407.08,16,6,10,11,0,100.0,6.0,0,0,0.0,16,6,10,3.63,1.0,2.35
买Q0.15-0.80_卖Q0.75-0.95_4买3卖_基50000_增20000,广发约定净值转换,429,2.7,4.63,-0.4,2026-06-22,2026-06-30,-0.397,6.689,-0.326,0.83,1046407.08,16,6,10,11,0,100.0,6.0,0,0,0.0,16,6,10,3.63,1.0,2.35
买Q0.15-0.70_卖Q0.85-0.90_4买3卖_基30000_增20000,广发约定净值转换,429,2.69,4.63,-0.4,2026-06-16,2026-06-30,-0.416,6.653,-0.345,0.8,1046333.65,32,16,16,19,0,100.0,3.76,0,0,0.0,32,16,16,3.63,1.0,2.35
买Q0.15-0.80_卖Q0.85-0.90_5买2卖_基30000_增20000,广发约定净值转换,429,2.69,4.62,-0.67,2026-06-22,2026-06-30,-0.377,3.997,-0.301,0.89,1046240.24,34,17,17,21,0,100.0,3.43,0,0,0.0,34,17,17,3.63,0.99,2.35
买Q0.05-0.80_卖Q0.85-0.90_4买3卖_基30000_增20000,广发约定净值转换,429,2.68,4.6,-0.4,2026-06-16,2026-06-30,-0.432,6.619,-0.363,0.8,1046105.13,32,16,16,19,0,100.0,3.73,0,0,0.0,32,16,16,3.63,0.97,2.35
买Q0.15-0.80_卖Q0.75-0.90_4买2卖_基50000_增20000,广发约定净值转换,429,2.66,4.57,-0.4,2026-06-22,2026-06-30,-0.44,6.6,-0.361,0.83,1045779.32,16,6,10,11,0,100.0,5.89,0,0,0.0,16,6,10,3.63,0.94,2.35
买Q0.15-0.80_卖Q0.85-0.90_5买3卖_基30000_增20000,广发约定净值转换,429,2.65,4.56,-0.67,2026-06-22,2026-06-30,-0.417,3.943,-0.332,0.89,1045612.48,34,17,17,21,0,100.0,3.38,0,0,0.0,34,17,17,3.63,0.93,2.35
买Q0.15-0.80_卖Q0.75-0.90_4买3卖_基50000_增20000,广发约定净值转换,429,2.65,4.56,-0.4,2026-06-22,2026-06-30,-0.449,6.582,-0.369,0.83,1045653.77,16,6,10,11,0,100.0,5.78,0,0,0.0,16,6,10,3.63,0.93,2.35
买Q0.15-0.70_卖Q0.75-0.95_5买2卖_基30000_增20000,广发约定净值转换,429,2.65,4.55,-0.54,2026-06-22,2026-06-30,-0.44,4.878,-0.378,0.85,1045589.57,38,19,19,23,0,100.0,3.02,0,0,0.0,38,19,19,3.63,0.92,2.35
买Q0.05-0.70_卖Q0.75-0.95_5买2卖_基30000_增20000,广发约定净值转换,429,2.65,4.55,-0.54,2026-06-22,2026-06-30,-0.44,4.878,-0.378,0.85,1045589.57,38,19,19,23,0,100.0,3.02,0,0,0.0,38,19,19,3.63,0.92,2.35
买Q0.15-0.70_卖Q0.75-0.95_5买3卖_基30000_增20000,广发约定净值转换,429,2.65,4.55,-0.54,2026-06-22,2026-06-30,-0.44,4.878,-0.378,0.85,1045589.57,38,19,19,23,0,100.0,3.02,0,0,0.0,38,19,19,3.63,0.92,2.35
买Q0.05-0.70_卖Q0.75-0.95_5买3卖_基30000_增20000,广发约定净值转换,429,2.65,4.55,-0.54,2026-06-22,2026-06-30,-0.44,4.878,-0.378,0.85,1045589.57,38,19,19,23,0,100.0,3.02,0,0,0.0,38,19,19,3.63,0.92,2.35
买Q0.15-0.70_卖Q0.85-0.95_3买2卖_基50000_增20000,广发约定净值转换,429,2.64,4.53,-0.43,2026-06-16,2026-06-30,-0.549,6.062,-0.483,0.71,1045350.0,29,14,15,15,0,100.0,3.1,0,0,0.0,29,14,15,3.63,0.9,2.35
买Q0.05-0.70_卖Q0.85-0.95_3买2卖_基50000_增20000,广发约定净值转换,429,2.64,4.53,-0.43,2026-06-16,2026-06-30,-0.549,6.062,-0.483,0.71,1045350.0,29,14,15,15,0,100.0,3.1,0,0,0.0,29,14,15,3.63,0.9,2.35
买Q0.05-0.70_卖Q0.85-0.95_3买3卖_基50000_增20000,广发约定净值转换,429,2.64,4.53,-0.43,2026-06-16,2026-06-30,-0.549,6.062,-0.483,0.71,1045350.0,29,14,15,15,0,100.0,3.1,0,0,0.0,29,14,15,3.63,0.9,2.35
买Q0.15-0.70_卖Q0.85-0.95_3买3卖_基50000_增20000,广发约定净值转换,429,2.64,4.53,-0.43,2026-06-16,2026-06-30,-0.549,6.062,-0.483,0.71,1045350.0,29,14,15,15,0,100.0,3.1,0,0,0.0,29,14,15,3.63,0.9,2.35
买Q0.15-0.80_卖Q0.85-0.95_4买3卖_基30000_增10000,广发约定净值转换,429,2.63,4.52,-0.4,2026-06-22,2026-06-30,-0.556,6.547,-0.512,0.71,1045290.31,34,17,17,21,0,100.0,3.94,0,0,0.0,34,17,17,3.63,0.89,2.35
买Q0.15-0.80_卖Q0.85-0.95_4买2卖_基30000_增10000,广发约定净值转换,429,2.63,4.52,-0.4,2026-06-22,2026-06-30,-0.556,6.547,-0.512,0.71,1045290.31,34,17,17,21,0,100.0,3.94,0,0,0.0,34,17,17,3.63,0.89,2.35
买Q0.15-0.70_卖Q0.75-0.95_4买2卖_基30000_增20000,广发约定净值转换,429,2.62,4.49,-0.41,2026-06-16,2026-06-30,-0.525,6.447,-0.462,0.78,1045004.86,36,18,18,21,0,100.0,3.16,0,0,0.0,36,18,18,3.63,0.86,2.35
买Q0.05-0.80_卖Q0.85-0.95_3买2卖_基50000_增20000,广发约定净值转换,429,2.61,4.49,-0.44,2026-06-16,2026-06-30,-0.579,6.009,-0.515,0.71,1044969.13,29,14,15,15,0,100.0,3.05,0,0,0.0,29,14,15,3.63,0.86,2.35
买Q0.05-0.70_卖Q0.75-0.90_5买2卖_基30000_增20000,广发约定净值转换,429,2.61,4.49,-0.54,2026-06-22,2026-06-30,-0.484,4.811,-0.414,0.85,1044961.82,38,19,19,23,0,100.0,2.96,0,0,0.0,38,19,19,3.63,0.86,2.35
买Q0.05-0.70_卖Q0.75-0.95_4买3卖_基30000_增20000,广发约定净值转换,429,2.62,4.49,-0.41,2026-06-16,2026-06-30,-0.525,6.447,-0.462,0.78,1045004.86,36,18,18,21,0,100.0,3.16,0,0,0.0,36,18,18,3.63,0.86,2.35
买Q0.05-0.70_卖Q0.75-0.95_4买2卖_基30000_增20000,广发约定净值转换,429,2.62,4.49,-0.41,2026-06-16,2026-06-30,-0.525,6.447,-0.462,0.78,1045004.86,36,18,18,21,0,100.0,3.16,0,0,0.0,36,18,18,3.63,0.86,2.35
买Q0.15-0.70_卖Q0.75-0.90_5买2卖_基30000_增20000,广发约定净值转换,429,2.61,4.49,-0.54,2026-06-22,2026-06-30,-0.484,4.811,-0.414,0.85,1044961.82,38,19,19,23,0,100.0,2.96,0,0,0.0,38,19,19,3.63,0.86,2.35
买Q0.15-0.70_卖Q0.75-0.95_4买3卖_基30000_增20000,广发约定净值转换,429,2.62,4.49,-0.41,2026-06-16,2026-06-30,-0.525,6.447,-0.462,0.78,1045004.86,36,18,18,21,0,100.0,3.16,0,0,0.0,36,18,18,3.63,0.86,2.35
买Q0.05-0.80_卖Q0.85-0.95_3买3卖_基50000_增20000,广发约定净值转换,429,2.61,4.49,-0.44,2026-06-16,2026-06-30,-0.579,6.009,-0.515,0.71,1044969.13,29,14,15,15,0,100.0,3.05,0,0,0.0,29,14,15,3.63,0.86,2.35
买Q0.05-0.80_卖Q0.75-0.95_5买2卖_基50000_增20000,广发约定净值转换,429,2.6,4.47,-0.5,2026-06-22,2026-06-30,-0.489,5.164,-0.366,0.86,1044777.0,16,6,10,11,0,100.0,5.53,0,0,0.0,16,6,10,3.63,0.84,2.35
买Q0.05-0.80_卖Q0.75-0.95_5买3卖_基50000_增20000,广发约定净值转换,429,2.6,4.47,-0.5,2026-06-22,2026-06-30,-0.489,5.164,-0.366,0.86,1044777.0,16,6,10,11,0,100.0,5.53,0,0,0.0,16,6,10,3.63,0.84,2.35
买Q0.15-0.70_卖Q0.85-0.90_3买2卖_基50000_增20000,广发约定净值转换,429,2.6,4.47,-0.43,2026-06-16,2026-06-30,-0.601,5.978,-0.527,0.71,1044722.25,29,14,15,15,0,100.0,3.02,0,0,0.0,29,14,15,3.63,0.84,2.35
买Q0.05-0.70_卖Q0.85-0.90_3买2卖_基50000_增20000,广发约定净值转换,429,2.6,4.47,-0.43,2026-06-16,2026-06-30,-0.601,5.978,-0.527,0.71,1044722.25,29,14,15,15,0,100.0,3.02,0,0,0.0,29,14,15,3.63,0.84,2.35
买Q0.15-0.80_卖Q0.85-0.90_4买2卖_基30000_增10000,广发约定净值转换,429,2.59,4.45,-0.4,2026-06-22,2026-06-30,-0.616,6.443,-0.565,0.7,1044571.52,34,17,17,21,0,100.0,3.81,0,0,0.0,34,17,17,3.63,0.82,2.35
买Q0.05-0.70_卖Q0.85-0.95_5买2卖_基30000_增10000,广发约定净值转换,429,2.59,4.45,-0.46,2026-06-22,2026-06-30,-0.597,5.662,-0.514,0.72,1044603.85,34,17,17,21,0,100.0,3.78,0,0,0.0,34,17,17,3.63,0.82,2.35
买Q0.15-0.70_卖Q0.85-0.95_5买2卖_基30000_增10000,广发约定净值转换,429,2.59,4.45,-0.46,2026-06-22,2026-06-30,-0.597,5.662,-0.514,0.72,1044603.85,34,17,17,21,0,100.0,3.78,0,0,0.0,34,17,17,3.63,0.82,2.35
买Q0.05-0.70_卖Q0.75-0.90_5买3卖_基30000_增20000,广发约定净值转换,429,2.59,4.45,-0.54,2026-06-22,2026-06-30,-0.509,4.771,-0.435,0.85,1044585.16,38,19,19,23,0,100.0,2.92,0,0,0.0,38,19,19,3.63,0.82,2.35
买Q0.05-0.70_卖Q0.85-0.95_5买3卖_基30000_增10000,广发约定净值转换,429,2.59,4.45,-0.46,2026-06-22,2026-06-30,-0.597,5.662,-0.514,0.72,1044603.85,34,17,17,21,0,100.0,3.78,0,0,0.0,34,17,17,3.63,0.82,2.35
买Q0.15-0.70_卖Q0.85-0.95_5买3卖_基30000_增10000,广发约定净值转换,429,2.59,4.45,-0.46,2026-06-22,2026-06-30,-0.597,5.662,-0.514,0.72,1044603.85,34,17,17,21,0,100.0,3.78,0,0,0.0,34,17,17,3.63,0.82,2.35
买Q0.15-0.70_卖Q0.75-0.90_5买3卖_基30000_增20000,广发约定净值转换,429,2.59,4.45,-0.54,2026-06-22,2026-06-30,-0.509,4.771,-0.435,0.85,1044585.16,38,19,19,23,0,100.0,2.92,0,0,0.0,38,19,19,3.63,0.82,2.35
买Q0.05-0.70_卖Q0.85-0.90_3买3卖_基50000_增20000,广发约定净值转换,429,2.59,4.44,-0.43,2026-06-16,2026-06-30,-0.621,5.945,-0.544,0.71,1044471.14,29,14,15,15,0,100.0,2.94,0,0,0.0,29,14,15,3.63,0.81,2.35
买Q0.15-0.70_卖Q0.85-0.90_3买3卖_基50000_增20000,广发约定净值转换,429,2.59,4.44,-0.43,2026-06-16,2026-06-30,-0.621,5.945,-0.544,0.71,1044471.14,29,14,15,15,0,100.0,2.94,0,0,0.0,29,14,15,3.63,0.81,2.35
买Q0.05-0.80_卖Q0.85-0.90_3买2卖_基50000_增20000,广发约定净值转换,429,2.58,4.43,-0.44,2026-06-16,2026-06-30,-0.631,5.926,-0.56,0.71,1044341.38,29,14,15,15,0,100.0,2.97,0,0,0.0,29,14,15,3.63,0.8,2.35
买Q0.15-0.80_卖Q0.85-0.90_4买3卖_基30000_增10000,广发约定净值转换,429,2.58,4.43,-0.4,2026-06-22,2026-06-30,-0.636,6.407,-0.583,0.7,1044320.42,34,17,17,21,0,100.0,3.75,0,0,0.0,34,17,17,3.63,0.8,2.35
买Q0.05-0.80_卖Q0.85-0.95_5买2卖_基30000_增10000,广发约定净值转换,429,2.58,4.43,-0.46,2026-06-22,2026-06-30,-0.615,5.632,-0.534,0.72,1044375.33,34,17,17,21,0,100.0,3.75,0,0,0.0,34,17,17,3.63,0.8,2.35
买Q0.15-0.70_卖Q0.75-0.90_4买2卖_基30000_增20000,广发约定净值转换,429,2.58,4.43,-0.41,2026-06-16,2026-06-30,-0.573,6.357,-0.502,0.77,1044377.1,36,18,18,21,0,100.0,3.11,0,0,0.0,36,18,18,3.63,0.8,2.35
买Q0.05-0.70_卖Q0.75-0.90_4买2卖_基30000_增20000,广发约定净值转换,429,2.58,4.43,-0.41,2026-06-16,2026-06-30,-0.573,6.357,-0.502,0.77,1044377.1,36,18,18,21,0,100.0,3.11,0,0,0.0,36,18,18,3.63,0.8,2.35
买Q0.05-0.80_卖Q0.85-0.95_5买3卖_基30000_增10000,广发约定净值转换,429,2.58,4.43,-0.46,2026-06-22,2026-06-30,-0.615,5.632,-0.534,0.72,1044375.33,34,17,17,21,0,100.0,3.75,0,0,0.0,34,17,17,3.63,0.8,2.35
买Q0.15-0.70_卖Q0.85-0.95_3买2卖_基50000_增10000,广发约定净值转换,429,2.57,4.42,-0.42,2026-06-16,2026-06-30,-0.676,6.076,-0.604,0.67,1044280.29,29,14,15,15,0,100.0,3.1,0,0,0.0,29,14,15,3.63,0.79,2.35
买Q0.05-0.70_卖Q0.85-0.95_3买3卖_基50000_增10000,广发约定净值转换,429,2.57,4.42,-0.42,2026-06-16,2026-06-30,-0.676,6.076,-0.604,0.67,1044280.29,29,14,15,15,0,100.0,3.1,0,0,0.0,29,14,15,3.63,0.79,2.35
买Q0.05-0.70_卖Q0.85-0.95_3买2卖_基50000_增10000,广发约定净值转换,429,2.57,4.42,-0.42,2026-06-16,2026-06-30,-0.676,6.076,-0.604,0.67,1044280.29,29,14,15,15,0,100.0,3.1,0,0,0.0,29,14,15,3.63,0.79,2.35
买Q0.15-0.70_卖Q0.85-0.95_3买3卖_基50000_增10000,广发约定净值转换,429,2.57,4.42,-0.42,2026-06-16,2026-06-30,-0.676,6.076,-0.604,0.67,1044280.29,29,14,15,15,0,100.0,3.1,0,0,0.0,29,14,15,3.63,0.79,2.35
买Q0.05-0.80_卖Q0.75-0.90_5买2卖_基50000_增20000,广发约定净值转换,429,2.57,4.41,-0.5,2026-06-22,2026-06-30,-0.531,5.092,-0.396,0.86,1044149.24,16,6,10,11,0,100.0,5.42,0,0,0.0,16,6,10,3.63,0.78,2.35
买Q0.05-0.80_卖Q0.85-0.90_3买3卖_基50000_增20000,广发约定净值转换,429,2.56,4.4,-0.44,2026-06-16,2026-06-30,-0.651,5.892,-0.578,0.71,1044090.28,29,14,15,15,0,100.0,2.89,0,0,0.0,29,14,15,3.63,0.77,2.35
买Q0.05-0.80_卖Q0.75-0.90_5买3卖_基50000_增20000,广发约定净值转换,429,2.56,4.4,-0.5,2026-06-22,2026-06-30,-0.54,5.077,-0.403,0.86,1044023.69,16,6,10,11,0,100.0,5.31,0,0,0.0,16,6,10,3.63,0.77,2.35
买Q0.05-0.70_卖Q0.75-0.90_4买3卖_基30000_增20000,广发约定净值转换,429,2.56,4.39,-0.41,2026-06-16,2026-06-30,-0.6,6.304,-0.526,0.77,1044000.45,36,18,18,21,0,100.0,3.05,0,0,0.0,36,18,18,3.63,0.76,2.35
买Q0.15-0.70_卖Q0.75-0.90_4买3卖_基30000_增20000,广发约定净值转换,429,2.56,4.39,-0.41,2026-06-16,2026-06-30,-0.6,6.304,-0.526,0.77,1044000.45,36,18,18,21,0,100.0,3.05,0,0,0.0,36,18,18,3.63,0.76,2.35
买Q0.05-0.70_卖Q0.85-0.95_4买2卖_基30000_增10000,广发约定净值转换,429,2.55,4.38,-0.36,2026-06-16,2026-06-30,-0.714,7.029,-0.61,0.66,1043879.12,32,16,16,19,0,100.0,3.98,0,0,0.0,32,16,16,3.63,0.75,2.35
买Q0.05-0.70_卖Q0.85-0.95_4买3卖_基30000_增10000,广发约定净值转换,429,2.55,4.38,-0.36,2026-06-16,2026-06-30,-0.714,7.029,-0.61,0.66,1043879.12,32,16,16,19,0,100.0,3.98,0,0,0.0,32,16,16,3.63,0.75,2.35
买Q0.15-0.70_卖Q0.85-0.90_5买2卖_基30000_增10000,广发约定净值转换,429,2.55,4.38,-0.46,2026-06-22,2026-06-30,-0.655,5.571,-0.562,0.72,1043885.06,34,17,17,21,0,100.0,3.65,0,0,0.0,34,17,17,3.63,0.75,2.35
买Q0.05-0.80_卖Q0.85-0.95_3买2卖_基50000_增10000,广发约定净值转换,429,2.55,4.38,-0.42,2026-06-16,2026-06-30,-0.708,6.021,-0.641,0.67,1043899.42,29,14,15,15,0,100.0,3.05,0,0,0.0,29,14,15,3.63,0.75,2.35
买Q0.05-0.70_卖Q0.85-0.90_5买2卖_基30000_增10000,广发约定净值转换,429,2.55,4.38,-0.46,2026-06-22,2026-06-30,-0.655,5.571,-0.562,0.72,1043885.06,34,17,17,21,0,100.0,3.65,0,0,0.0,34,17,17,3.63,0.75,2.35
买Q0.05-0.80_卖Q0.85-0.95_3买3卖_基50000_增10000,广发约定净值转换,429,2.55,4.38,-0.42,2026-06-16,2026-06-30,-0.708,6.021,-0.641,0.67,1043899.42,29,14,15,15,0,100.0,3.05,0,0,0.0,29,14,15,3.63,0.75,2.35
买Q0.05-0.80_卖Q0.75-0.95_4买3卖_基50000_增20000,广发约定净值转换,429,2.55,4.38,-0.36,2026-07-06,2026-07-10,-0.603,7.142,-0.395,0.79,1043826.49,13,5,8,9,0,100.0,6.56,0,0,0.0,13,5,8,3.63,0.75,2.35
买Q0.15-0.70_卖Q0.85-0.95_4买2卖_基30000_增10000,广发约定净值转换,429,2.55,4.38,-0.36,2026-06-16,2026-06-30,-0.714,7.029,-0.61,0.66,1043879.12,32,16,16,19,0,100.0,3.98,0,0,0.0,32,16,16,3.63,0.75,2.35
买Q0.05-0.80_卖Q0.75-0.95_4买2卖_基50000_增20000,广发约定净值转换,429,2.55,4.38,-0.36,2026-07-06,2026-07-10,-0.603,7.142,-0.395,0.79,1043826.49,13,5,8,9,0,100.0,6.56,0,0,0.0,13,5,8,3.63,0.75,2.35
买Q0.15-0.70_卖Q0.85-0.95_4买3卖_基30000_增10000,广发约定净值转换,429,2.55,4.38,-0.36,2026-06-16,2026-06-30,-0.714,7.029,-0.61,0.66,1043879.12,32,16,16,19,0,100.0,3.98,0,0,0.0,32,16,16,3.63,0.75,2.35
买Q0.05-0.70_卖Q0.85-0.90_5买3卖_基30000_增10000,广发约定净值转换,429,2.54,4.36,-0.46,2026-06-22,2026-06-30,-0.675,5.54,-0.579,0.72,1043633.96,34,17,17,21,0,100.0,3.59,0,0,0.0,34,17,17,3.63,0.73,2.35
买Q0.05-0.80_卖Q0.85-0.95_4买3卖_基30000_增10000,广发约定净值转换,429,2.54,4.36,-0.36,2026-06-16,2026-06-30,-0.733,6.991,-0.634,0.66,1043650.6,32,16,16,19,0,100.0,3.95,0,0,0.0,32,16,16,3.63,0.73,2.35
买Q0.05-0.80_卖Q0.85-0.90_5买2卖_基30000_增10000,广发约定净值转换,429,2.54,4.36,-0.46,2026-06-22,2026-06-30,-0.673,5.541,-0.582,0.72,1043656.54,34,17,17,21,0,100.0,3.62,0,0,0.0,34,17,17,3.63,0.73,2.35
买Q0.15-0.80_卖Q0.85-0.95_3买3卖_基50000_增20000,广发约定净值转换,429,2.54,4.36,-0.57,2026-06-16,2026-06-30,-0.669,4.483,-0.556,0.73,1043617.34,29,14,15,15,0,100.0,2.79,0,0,0.0,29,14,15,3.63,0.73,2.35
买Q0.05-0.70_卖Q0.85-0.90_3买2卖_基50000_增10000,广发约定净值转换,429,2.54,4.36,-0.42,2026-06-16,2026-06-30,-0.732,5.99,-0.652,0.66,1043652.53,29,14,15,15,0,100.0,3.02,0,0,0.0,29,14,15,3.63,0.73,2.35
买Q0.05-0.80_卖Q0.85-0.95_4买2卖_基30000_增10000,广发约定净值转换,429,2.54,4.36,-0.36,2026-06-16,2026-06-30,-0.733,6.991,-0.634,0.66,1043650.6,32,16,16,19,0,100.0,3.95,0,0,0.0,32,16,16,3.63,0.73,2.35
买Q0.15-0.70_卖Q0.85-0.90_5买3卖_基30000_增10000,广发约定净值转换,429,2.54,4.36,-0.46,2026-06-22,2026-06-30,-0.675,5.54,-0.579,0.72,1043633.96,34,17,17,21,0,100.0,3.59,0,0,0.0,34,17,17,3.63,0.73,2.35
买Q0.15-0.70_卖Q0.85-0.90_3买2卖_基50000_增10000,广发约定净值转换,429,2.54,4.36,-0.42,2026-06-16,2026-06-30,-0.732,5.99,-0.652,0.66,1043652.53,29,14,15,15,0,100.0,3.02,0,0,0.0,29,14,15,3.63,0.73,2.35
买Q0.15-0.80_卖Q0.85-0.95_3买2卖_基50000_增20000,广发约定净值转换,429,2.54,4.36,-0.57,2026-06-16,2026-06-30,-0.669,4.483,-0.556,0.73,1043617.34,29,14,15,15,0,100.0,2.79,0,0,0.0,29,14,15,3.63,0.73,2.35
买Q0.15-0.70_卖Q0.85-0.90_3买3卖_基50000_增10000,广发约定净值转换,429,2.53,4.35,-0.42,2026-06-16,2026-06-30,-0.743,5.973,-0.662,0.66,1043526.98,29,14,15,15,0,100.0,2.94,0,0,0.0,29,14,15,3.63,0.72,2.35
买Q0.05-0.70_卖Q0.85-0.90_3买3卖_基50000_增10000,广发约定净值转换,429,2.53,4.35,-0.42,2026-06-16,2026-06-30,-0.743,5.973,-0.662,0.66,1043526.98,29,14,15,15,0,100.0,2.94,0,0,0.0,29,14,15,3.63,0.72,2.35
买Q0.15-0.80_卖Q0.85-0.95_5买2卖_基30000_增10000,广发约定净值转换,429,2.52,4.34,-0.55,2026-06-22,2026-06-30,-0.677,4.578,-0.556,0.74,1043409.76,34,17,17,21,0,100.0,3.56,0,0,0.0,34,17,17,3.63,0.71,2.35
买Q0.15-0.80_卖Q0.85-0.95_5买3卖_基30000_增10000,广发约定净值转换,429,2.52,4.34,-0.55,2026-06-22,2026-06-30,-0.677,4.578,-0.556,0.74,1043409.76,34,17,17,21,0,100.0,3.56,0,0,0.0,34,17,17,3.63,0.71,2.35
买Q0.05-0.80_卖Q0.85-0.90_5买3卖_基30000_增10000,广发约定净值转换,429,2.52,4.33,-0.46,2026-06-22,2026-06-30,-0.693,5.509,-0.599,0.72,1043405.44,34,17,17,21,0,100.0,3.56,0,0,0.0,34,17,17,3.63,0.7,2.35
买Q0.05-0.80_卖Q0.85-0.90_3买2卖_基50000_增10000,广发约定净值转换,429,2.52,4.32,-0.42,2026-06-16,2026-06-30,-0.763,5.936,-0.689,0.66,1043271.67,29,14,15,15,0,100.0,2.97,0,0,0.0,29,14,15,3.63,0.69,2.35
买Q0.15-0.70_卖Q0.85-0.90_4买2卖_基30000_增10000,广发约定净值转换,429,2.51,4.31,-0.36,2026-06-16,2026-06-30,-0.781,6.909,-0.664,0.66,1043128.47,32,16,16,19,0,100.0,3.83,0,0,0.0,32,16,16,3.63,0.68,2.35
买Q0.05-0.70_卖Q0.85-0.90_4买2卖_基30000_增10000,广发约定净值转换,429,2.51,4.31,-0.36,2026-06-16,2026-06-30,-0.781,6.909,-0.664,0.66,1043128.47,32,16,16,19,0,100.0,3.83,0,0,0.0,32,16,16,3.63,0.68,2.35
买Q0.05-0.80_卖Q0.85-0.90_3买3卖_基50000_增10000,广发约定净值转换,429,2.51,4.31,-0.42,2026-06-16,2026-06-30,-0.774,5.919,-0.699,0.66,1043146.12,29,14,15,15,0,100.0,2.89,0,0,0.0,29,14,15,3.63,0.68,2.35
买Q0.05-0.80_卖Q0.75-0.90_4买2卖_基50000_增20000,广发约定净值转换,429,2.51,4.31,-0.36,2026-07-06,2026-07-10,-0.65,7.041,-0.425,0.78,1043198.74,13,5,8,9,0,100.0,6.43,0,0,0.0,13,5,8,3.63,0.68,2.35
买Q0.15-0.80_卖Q0.75-0.95_5买3卖_基50000_增20000,广发约定净值转换,429,2.5,4.3,-0.67,2026-06-22,2026-06-30,-0.585,3.722,-0.401,0.89,1043038.98,16,6,10,11,0,100.0,4.99,0,0,0.0,16,6,10,3.63,0.67,2.35
买Q0.05-0.80_卖Q0.75-0.90_4买3卖_基50000_增20000,广发约定净值转换,429,2.5,4.3,-0.36,2026-07-06,2026-07-10,-0.659,7.02,-0.431,0.78,1043073.18,13,5,8,9,0,100.0,6.29,0,0,0.0,13,5,8,3.63,0.67,2.35
买Q0.15-0.80_卖Q0.75-0.95_5买2卖_基50000_增20000,广发约定净值转换,429,2.5,4.3,-0.67,2026-06-22,2026-06-30,-0.585,3.722,-0.401,0.89,1043038.98,16,6,10,11,0,100.0,4.99,0,0,0.0,16,6,10,3.63,0.67,2.35
买Q0.15-0.80_卖Q0.85-0.90_3买2卖_基50000_增20000,广发约定净值转换,429,2.5,4.29,-0.57,2026-06-16,2026-06-30,-0.72,4.419,-0.596,0.73,1042989.58,29,14,15,15,0,100.0,2.71,0,0,0.0,29,14,15,3.63,0.66,2.35
买Q0.15-0.70_卖Q0.85-0.90_4买3卖_基30000_增10000,广发约定净值转换,429,2.49,4.28,-0.36,2026-06-16,2026-06-30,-0.803,6.869,-0.682,0.66,1042877.37,32,16,16,19,0,100.0,3.76,0,0,0.0,32,16,16,3.63,0.65,2.35
买Q0.05-0.80_卖Q0.85-0.90_4买2卖_基30000_增10000,广发约定净值转换,429,2.49,4.28,-0.36,2026-06-16,2026-06-30,-0.8,6.871,-0.689,0.66,1042899.95,32,16,16,19,0,100.0,3.79,0,0,0.0,32,16,16,3.63,0.65,2.35
买Q0.05-0.70_卖Q0.85-0.90_4买3卖_基30000_增10000,广发约定净值转换,429,2.49,4.28,-0.36,2026-06-16,2026-06-30,-0.803,6.869,-0.682,0.66,1042877.37,32,16,16,19,0,100.0,3.76,0,0,0.0,32,16,16,3.63,0.65,2.35
买Q0.15-0.80_卖Q0.85-0.95_3买3卖_基50000_增10000,广发约定净值转换,429,2.49,4.27,-0.54,2026-06-16,2026-06-30,-0.787,4.638,-0.667,0.68,1042740.74,29,14,15,15,0,100.0,2.79,0,0,0.0,29,14,15,3.63,0.64,2.35
买Q0.15-0.80_卖Q0.85-0.95_3买2卖_基50000_增10000,广发约定净值转换,429,2.49,4.27,-0.54,2026-06-16,2026-06-30,-0.787,4.638,-0.667,0.68,1042740.74,29,14,15,15,0,100.0,2.79,0,0,0.0,29,14,15,3.63,0.64,2.35
买Q0.15-0.80_卖Q0.85-0.90_3买3卖_基50000_增20000,广发约定净值转换,429,2.49,4.27,-0.57,2026-06-16,2026-06-30,-0.74,4.394,-0.612,0.73,1042738.48,29,14,15,15,0,100.0,2.63,0,0,0.0,29,14,15,3.63,0.64,2.35
买Q0.15-0.80_卖Q0.85-0.90_5买2卖_基30000_增10000,广发约定净值转换,429,2.48,4.26,-0.55,2026-06-22,2026-06-30,-0.734,4.502,-0.601,0.73,1042690.97,34,17,17,21,0,100.0,3.43,0,0,0.0,34,17,17,3.63,0.63,2.35
买Q0.05-0.80_卖Q0.85-0.90_4买3卖_基30000_增10000,广发约定净值转换,429,2.48,4.26,-0.36,2026-06-16,2026-06-30,-0.822,6.831,-0.707,0.66,1042648.85,32,16,16,19,0,100.0,3.73,0,0,0.0,32,16,16,3.63,0.63,2.35
买Q0.15-0.80_卖Q0.85-0.90_5买3卖_基30000_增10000,广发约定净值转换,429,2.47,4.24,-0.55,2026-06-22,2026-06-30,-0.753,4.476,-0.617,0.73,1042439.87,34,17,17,21,0,100.0,3.38,0,0,0.0,34,17,17,3.63,0.61,2.35
买Q0.15-0.80_卖Q0.75-0.90_5买2卖_基50000_增20000,广发约定净值转换,429,2.47,4.24,-0.67,2026-06-22,2026-06-30,-0.626,3.668,-0.428,0.88,1042411.22,16,6,10,11,0,100.0,4.88,0,0,0.0,16,6,10,3.63,0.61,2.35
买Q0.15-0.80_卖Q0.75-0.90_5买3卖_基50000_增20000,广发约定净值转换,429,2.46,4.22,-0.67,2026-06-22,2026-06-30,-0.634,3.657,-0.434,0.88,1042285.67,16,6,10,11,0,100.0,4.77,0,0,0.0,16,6,10,3.63,0.59,2.35
买Q0.15-0.80_卖Q0.85-0.90_3买2卖_基50000_增10000,广发约定净值转换,429,2.45,4.21,-0.54,2026-06-16,2026-06-30,-0.842,4.571,-0.711,0.68,1042112.98,29,14,15,15,0,100.0,2.71,0,0,0.0,29,14,15,3.63,0.58,2.35
买Q0.15-0.70_卖Q0.75-0.95_3买3卖_基50000_增20000,广发约定净值转换,429,2.44,4.19,-0.44,2026-06-16,2026-06-30,-0.857,5.584,-0.776,0.68,1041922.33,33,16,17,18,0,100.0,2.42,0,0,0.0,33,16,17,3.63,0.56,2.35
买Q0.15-0.70_卖Q0.75-0.95_3买2卖_基50000_增20000,广发约定净值转换,429,2.44,4.19,-0.44,2026-06-16,2026-06-30,-0.857,5.584,-0.776,0.68,1041922.33,33,16,17,18,0,100.0,2.42,0,0,0.0,33,16,17,3.63,0.56,2.35
买Q0.05-0.70_卖Q0.75-0.95_3买3卖_基50000_增20000,广发约定净值转换,429,2.44,4.19,-0.44,2026-06-16,2026-06-30,-0.857,5.584,-0.776,0.68,1041922.33,33,16,17,18,0,100.0,2.42,0,0,0.0,33,16,17,3.63,0.56,2.35
买Q0.05-0.70_卖Q0.75-0.95_3买2卖_基50000_增20000,广发约定净值转换,429,2.44,4.19,-0.44,2026-06-16,2026-06-30,-0.857,5.584,-0.776,0.68,1041922.33,33,16,17,18,0,100.0,2.42,0,0,0.0,33,16,17,3.63,0.56,2.35
买Q0.15-0.80_卖Q0.85-0.90_3买3卖_基50000_增10000,广发约定净值转换,429,2.44,4.19,-0.54,2026-06-16,2026-06-30,-0.852,4.557,-0.72,0.68,1041987.43,29,14,15,15,0,100.0,2.63,0,0,0.0,29,14,15,3.63,0.56,2.35
买Q0.15-0.80_卖Q0.75-0.90_4买3卖_基50000_增10000,广发约定净值转换,429,2.43,4.18,-0.34,2026-06-22,2026-06-30,-0.868,7.129,-0.726,0.68,1041841.67,15,6,9,10,0,100.0,5.32,0,0,0.0,15,6,9,3.63,0.55,2.35
买Q0.15-0.80_卖Q0.75-0.90_4买2卖_基50000_增10000,广发约定净值转换,429,2.43,4.18,-0.34,2026-06-22,2026-06-30,-0.868,7.129,-0.726,0.68,1041841.67,15,6,9,10,0,100.0,5.32,0,0,0.0,15,6,9,3.63,0.55,2.35
买Q0.15-0.70_卖Q0.75-0.95_5买2卖_基30000_增10000,广发约定净值转换,429,2.43,4.17,-0.46,2026-06-22,2026-06-30,-0.855,5.283,-0.754,0.7,1041716.15,37,19,18,23,0,100.0,3.02,0,0,0.0,37,19,18,3.63,0.54,2.35
买Q0.05-0.70_卖Q0.75-0.95_5买3卖_基30000_增10000,广发约定净值转换,429,2.43,4.17,-0.46,2026-06-22,2026-06-30,-0.855,5.283,-0.754,0.7,1041716.15,37,19,18,23,0,100.0,3.02,0,0,0.0,37,19,18,3.63,0.54,2.35
买Q0.15-0.70_卖Q0.75-0.95_5买3卖_基30000_增10000,广发约定净值转换,429,2.43,4.17,-0.46,2026-06-22,2026-06-30,-0.855,5.283,-0.754,0.7,1041716.15,37,19,18,23,0,100.0,3.02,0,0,0.0,37,19,18,3.63,0.54,2.35
买Q0.05-0.70_卖Q0.75-0.95_5买2卖_基30000_增10000,广发约定净值转换,429,2.43,4.17,-0.46,2026-06-22,2026-06-30,-0.855,5.283,-0.754,0.7,1041716.15,37,19,18,23,0,100.0,3.02,0,0,0.0,37,19,18,3.63,0.54,2.35
买Q0.15-0.80_卖Q0.75-0.95_4买3卖_基50000_增10000,广发约定净值转换,429,2.42,4.16,-0.34,2026-06-22,2026-06-30,-0.882,7.104,-0.734,0.68,1041688.94,13,5,8,9,0,100.0,5.94,0,0,0.0,13,5,8,3.63,0.53,2.35
买Q0.15-0.80_卖Q0.75-0.95_4买2卖_基50000_增10000,广发约定净值转换,429,2.42,4.16,-0.34,2026-06-22,2026-06-30,-0.882,7.104,-0.734,0.68,1041688.94,13,5,8,9,0,100.0,5.94,0,0,0.0,13,5,8,3.63,0.53,2.35
买Q0.15-0.70_卖Q0.75-0.90_3买2卖_基50000_增20000,广发约定净值转换,429,2.4,4.12,-0.44,2026-06-16,2026-06-30,-0.913,5.501,-0.824,0.68,1041294.57,33,16,17,18,0,100.0,2.29,0,0,0.0,33,16,17,3.63,0.49,2.35
买Q0.05-0.70_卖Q0.75-0.90_3买2卖_基50000_增20000,广发约定净值转换,429,2.4,4.12,-0.44,2026-06-16,2026-06-30,-0.913,5.501,-0.824,0.68,1041294.57,33,16,17,18,0,100.0,2.29,0,0,0.0,33,16,17,3.63,0.49,2.35
买Q0.05-0.70_卖Q0.75-0.95_4买2卖_基30000_增10000,广发约定净值转换,429,2.4,4.11,-0.36,2026-06-16,2026-06-30,-0.987,6.58,-0.896,0.63,1041171.92,35,18,17,21,0,100.0,3.16,0,0,0.0,35,18,17,3.63,0.48,2.35
买Q0.05-0.70_卖Q0.75-0.95_4买3卖_基30000_增10000,广发约定净值转换,429,2.4,4.11,-0.36,2026-06-16,2026-06-30,-0.987,6.58,-0.896,0.63,1041171.92,35,18,17,21,0,100.0,3.16,0,0,0.0,35,18,17,3.63,0.48,2.35
买Q0.15-0.70_卖Q0.75-0.95_4买2卖_基30000_增10000,广发约定净值转换,429,2.4,4.11,-0.36,2026-06-16,2026-06-30,-0.987,6.58,-0.896,0.63,1041171.92,35,18,17,21,0,100.0,3.16,0,0,0.0,35,18,17,3.63,0.48,2.35
买Q0.15-0.70_卖Q0.75-0.95_4买3卖_基30000_增10000,广发约定净值转换,429,2.4,4.11,-0.36,2026-06-16,2026-06-30,-0.987,6.58,-0.896,0.63,1041171.92,35,18,17,21,0,100.0,3.16,0,0,0.0,35,18,17,3.63,0.48,2.35
买Q0.15-0.70_卖Q0.75-0.90_3买3卖_基50000_增20000,广发约定净值转换,429,2.39,4.1,-0.44,2026-06-16,2026-06-30,-0.934,5.468,-0.843,0.68,1041043.47,33,16,17,18,0,100.0,2.23,0,0,0.0,33,16,17,3.63,0.47,2.35
买Q0.05-0.70_卖Q0.75-0.90_5买2卖_基30000_增10000,广发约定净值转换,429,2.39,4.1,-0.46,2026-06-22,2026-06-30,-0.907,5.204,-0.799,0.69,1041088.4,37,19,18,23,0,100.0,2.92,0,0,0.0,37,19,18,3.63,0.47,2.35
买Q0.05-0.70_卖Q0.75-0.90_5买3卖_基30000_增10000,广发约定净值转换,429,2.39,4.1,-0.46,2026-06-22,2026-06-30,-0.907,5.204,-0.799,0.69,1041088.4,37,19,18,23,0,100.0,2.92,0,0,0.0,37,19,18,3.63,0.47,2.35
买Q0.05-0.70_卖Q0.75-0.90_3买3卖_基50000_增20000,广发约定净值转换,429,2.39,4.1,-0.44,2026-06-16,2026-06-30,-0.934,5.468,-0.843,0.68,1041043.47,33,16,17,18,0,100.0,2.23,0,0,0.0,33,16,17,3.63,0.47,2.35
买Q0.15-0.70_卖Q0.75-0.90_5买3卖_基30000_增10000,广发约定净值转换,429,2.39,4.1,-0.46,2026-06-22,2026-06-30,-0.907,5.204,-0.799,0.69,1041088.4,37,19,18,23,0,100.0,2.92,0,0,0.0,37,19,18,3.63,0.47,2.35
买Q0.15-0.70_卖Q0.75-0.90_5买2卖_基30000_增10000,广发约定净值转换,429,2.39,4.1,-0.46,2026-06-22,2026-06-30,-0.907,5.204,-0.799,0.69,1041088.4,37,19,18,23,0,100.0,2.92,0,0,0.0,37,19,18,3.63,0.47,2.35
买Q0.15-0.70_卖Q0.75-0.95_3买2卖_基50000_增10000,广发约定净值转换,429,2.38,4.08,-0.43,2026-06-16,2026-06-30,-1.013,5.585,-0.932,0.64,1040852.62,33,16,17,18,0,100.0,2.42,0,0,0.0,33,16,17,3.63,0.45,2.35
买Q0.15-0.70_卖Q0.75-0.95_3买3卖_基50000_增10000,广发约定净值转换,429,2.38,4.08,-0.43,2026-06-16,2026-06-30,-1.013,5.585,-0.932,0.64,1040852.62,33,16,17,18,0,100.0,2.42,0,0,0.0,33,16,17,3.63,0.45,2.35
买Q0.05-0.70_卖Q0.75-0.95_3买3卖_基50000_增10000,广发约定净值转换,429,2.38,4.08,-0.43,2026-06-16,2026-06-30,-1.013,5.585,-0.932,0.64,1040852.62,33,16,17,18,0,100.0,2.42,0,0,0.0,33,16,17,3.63,0.45,2.35
买Q0.05-0.70_卖Q0.75-0.95_3买2卖_基50000_增10000,广发约定净值转换,429,2.38,4.08,-0.43,2026-06-16,2026-06-30,-1.013,5.585,-0.932,0.64,1040852.62,33,16,17,18,0,100.0,2.42,0,0,0.0,33,16,17,3.63,0.45,2.35
买Q0.05-0.80_卖Q0.75-0.90_5买3卖_基50000_增10000,广发约定净值转换,429,2.36,4.05,-0.42,2026-06-22,2026-06-30,-0.944,5.614,-0.717,0.7,1040526.93,15,6,9,10,0,100.0,4.93,0,0,0.0,15,6,9,3.63,0.42,2.35
买Q0.05-0.80_卖Q0.75-0.90_5买2卖_基50000_增10000,广发约定净值转换,429,2.36,4.05,-0.42,2026-06-22,2026-06-30,-0.944,5.614,-0.717,0.7,1040526.93,15,6,9,10,0,100.0,4.93,0,0,0.0,15,6,9,3.63,0.42,2.35
买Q0.05-0.70_卖Q0.75-0.90_4买3卖_基30000_增10000,广发约定净值转换,429,2.36,4.05,-0.36,2026-06-16,2026-06-30,-1.045,6.48,-0.946,0.63,1040544.16,35,18,17,21,0,100.0,3.05,0,0,0.0,35,18,17,3.63,0.42,2.35
买Q0.15-0.70_卖Q0.75-0.90_4买2卖_基30000_增10000,广发约定净值转换,429,2.36,4.05,-0.36,2026-06-16,2026-06-30,-1.045,6.48,-0.946,0.63,1040544.16,35,18,17,21,0,100.0,3.05,0,0,0.0,35,18,17,3.63,0.42,2.35
买Q0.15-0.70_卖Q0.75-0.90_4买3卖_基30000_增10000,广发约定净值转换,429,2.36,4.05,-0.36,2026-06-16,2026-06-30,-1.045,6.48,-0.946,0.63,1040544.16,35,18,17,21,0,100.0,3.05,0,0,0.0,35,18,17,3.63,0.42,2.35
买Q0.05-0.70_卖Q0.75-0.90_4买2卖_基30000_增10000,广发约定净值转换,429,2.36,4.05,-0.36,2026-06-16,2026-06-30,-1.045,6.48,-0.946,0.63,1040544.16,35,18,17,21,0,100.0,3.05,0,0,0.0,35,18,17,3.63,0.42,2.35
买Q0.05-0.80_卖Q0.75-0.95_5买3卖_基50000_增10000,广发约定净值转换,429,2.35,4.03,-0.42,2026-06-22,2026-06-30,-0.958,5.593,-0.723,0.7,1040374.19,13,5,8,9,0,100.0,5.5,0,0,0.0,13,5,8,3.63,0.4,2.35
买Q0.05-0.80_卖Q0.75-0.95_5买2卖_基50000_增10000,广发约定净值转换,429,2.35,4.03,-0.42,2026-06-22,2026-06-30,-0.958,5.593,-0.723,0.7,1040374.19,13,5,8,9,0,100.0,5.5,0,0,0.0,13,5,8,3.63,0.4,2.35
买Q0.05-0.70_卖Q0.75-0.90_3买2卖_基50000_增10000,广发约定净值转换,429,2.34,4.02,-0.43,2026-06-16,2026-06-30,-1.072,5.5,-0.983,0.63,1040224.86,33,16,17,18,0,100.0,2.29,0,0,0.0,33,16,17,3.63,0.39,2.35
买Q0.15-0.70_卖Q0.75-0.90_3买2卖_基50000_增10000,广发约定净值转换,429,2.34,4.02,-0.43,2026-06-16,2026-06-30,-1.072,5.5,-0.983,0.63,1040224.86,33,16,17,18,0,100.0,2.29,0,0,0.0,33,16,17,3.63,0.39,2.35
买Q0.15-0.70_卖Q0.75-0.90_3买3卖_基50000_增10000,广发约定净值转换,429,2.33,4.0,-0.43,2026-06-16,2026-06-30,-1.084,5.483,-0.994,0.63,1040099.31,33,16,17,18,0,100.0,2.23,0,0,0.0,33,16,17,3.63,0.37,2.35
买Q0.05-0.70_卖Q0.75-0.90_3买3卖_基50000_增10000,广发约定净值转换,429,2.33,4.0,-0.43,2026-06-16,2026-06-30,-1.084,5.483,-0.994,0.63,1040099.31,33,16,17,18,0,100.0,2.23,0,0,0.0,33,16,17,3.63,0.37,2.35
买Q0.15-0.80_卖Q0.75-0.90_4买2卖_基30000_增20000,广发约定净值转换,429,2.31,3.97,-0.28,2026-06-22,2026-06-30,-1.16,8.269,-0.963,0.61,1039715.15,13,6,7,7,0,100.0,5.33,0,0,0.0,13,6,7,3.63,0.34,2.35
买Q0.15-0.80_卖Q0.75-0.90_4买3卖_基30000_增20000,广发约定净值转换,429,2.31,3.97,-0.28,2026-06-22,2026-06-30,-1.16,8.269,-0.963,0.61,1039715.15,13,6,7,7,0,100.0,5.33,0,0,0.0,13,6,7,3.63,0.34,2.35
买Q0.15-0.80_卖Q0.75-0.95_4买3卖_基30000_增20000,广发约定净值转换,429,2.31,3.96,-0.28,2026-06-22,2026-06-30,-1.167,8.256,-0.966,0.61,1039648.62,11,5,6,6,0,100.0,6.26,0,0,0.0,11,5,6,3.63,0.33,2.35
买Q0.05-0.80_卖Q0.75-0.90_4买3卖_基50000_增10000,广发约定净值转换,429,2.31,3.96,-0.29,2026-07-06,2026-07-10,-1.118,8.049,-0.747,0.64,1039616.9,12,5,7,8,0,100.0,5.79,0,0,0.0,12,5,7,3.63,0.33,2.35
买Q0.15-0.80_卖Q0.75-0.95_4买2卖_基30000_增20000,广发约定净值转换,429,2.31,3.96,-0.28,2026-06-22,2026-06-30,-1.167,8.256,-0.966,0.61,1039648.62,11,5,6,6,0,100.0,6.26,0,0,0.0,11,5,6,3.63,0.33,2.35
买Q0.05-0.80_卖Q0.75-0.90_4买2卖_基50000_增10000,广发约定净值转换,429,2.31,3.96,-0.29,2026-07-06,2026-07-10,-1.118,8.049,-0.747,0.64,1039616.9,12,5,7,8,0,100.0,5.79,0,0,0.0,12,5,7,3.63,0.33,2.35
买Q0.05-0.80_卖Q0.75-0.95_4买2卖_基50000_增10000,广发约定净值转换,429,2.3,3.94,-0.29,2026-07-06,2026-07-10,-1.133,8.019,-0.76,0.64,1039464.17,10,4,6,7,0,100.0,6.66,0,0,0.0,10,4,6,3.63,0.31,2.35
买Q0.05-0.80_卖Q0.75-0.95_4买3卖_基50000_增10000,广发约定净值转换,429,2.3,3.94,-0.29,2026-07-06,2026-07-10,-1.133,8.019,-0.76,0.64,1039464.17,10,4,6,7,0,100.0,6.66,0,0,0.0,10,4,6,3.63,0.31,2.35
买Q0.15-0.80_卖Q0.75-0.90_5买3卖_基50000_增10000,广发约定净值转换,429,2.28,3.91,-0.55,2026-06-22,2026-06-30,-1.023,4.137,-0.712,0.72,1039175.13,15,6,9,10,0,100.0,4.53,0,0,0.0,15,6,9,3.63,0.28,2.35
买Q0.15-0.80_卖Q0.75-0.90_5买2卖_基50000_增10000,广发约定净值转换,429,2.28,3.91,-0.55,2026-06-22,2026-06-30,-1.023,4.137,-0.712,0.72,1039175.13,15,6,9,10,0,100.0,4.53,0,0,0.0,15,6,9,3.63,0.28,2.35
买Q0.15-0.80_卖Q0.75-0.95_5买2卖_基50000_增10000,广发约定净值转换,429,2.27,3.9,-0.55,2026-06-22,2026-06-30,-1.036,4.121,-0.716,0.72,1039022.4,13,5,8,9,0,100.0,5.06,0,0,0.0,13,5,8,3.63,0.27,2.35
买Q0.15-0.80_卖Q0.75-0.95_5买3卖_基50000_增10000,广发约定净值转换,429,2.27,3.9,-0.55,2026-06-22,2026-06-30,-1.036,4.121,-0.716,0.72,1039022.4,13,5,8,9,0,100.0,5.06,0,0,0.0,13,5,8,3.63,0.27,2.35
买Q0.05-0.80_卖Q0.75-0.90_5买3卖_基30000_增20000,广发约定净值转换,429,2.24,3.84,-0.36,2026-06-22,2026-06-30,-1.227,6.255,-0.916,0.63,1038484.84,13,6,7,7,0,100.0,4.88,0,0,0.0,13,6,7,3.63,0.21,2.35
买Q0.05-0.80_卖Q0.75-0.90_5买2卖_基30000_增20000,广发约定净值转换,429,2.24,3.84,-0.36,2026-06-22,2026-06-30,-1.227,6.255,-0.916,0.63,1038484.84,13,6,7,7,0,100.0,4.88,0,0,0.0,13,6,7,3.63,0.21,2.35
买Q0.05-0.80_卖Q0.75-0.95_5买2卖_基30000_增20000,广发约定净值转换,429,2.24,3.84,-0.36,2026-06-22,2026-06-30,-1.233,6.244,-0.917,0.63,1038418.3,11,5,6,6,0,100.0,5.73,0,0,0.0,11,5,6,3.63,0.21,2.35
买Q0.05-0.80_卖Q0.75-0.95_5买3卖_基30000_增20000,广发约定净值转换,429,2.24,3.84,-0.36,2026-06-22,2026-06-30,-1.233,6.244,-0.917,0.63,1038418.3,11,5,6,6,0,100.0,5.73,0,0,0.0,11,5,6,3.63,0.21,2.35
买Q0.05-0.80_卖Q0.75-0.90_4买2卖_基30000_增20000,广发约定净值转换,429,2.2,3.78,-0.26,2026-07-06,2026-07-10,-1.402,8.377,-0.928,0.58,1037846.2,11,5,6,6,0,100.0,5.63,0,0,0.0,11,5,6,3.63,0.15,2.35
买Q0.05-0.80_卖Q0.75-0.90_4买3卖_基30000_增20000,广发约定净值转换,429,2.2,3.78,-0.26,2026-07-06,2026-07-10,-1.402,8.377,-0.928,0.58,1037846.2,11,5,6,6,0,100.0,5.63,0,0,0.0,11,5,6,3.63,0.15,2.35
买Q0.05-0.80_卖Q0.75-0.95_4买3卖_基30000_增20000,广发约定净值转换,429,2.2,3.77,-0.26,2026-07-06,2026-07-10,-1.409,8.362,-0.938,0.58,1037779.66,9,4,5,5,0,100.0,6.81,0,0,0.0,9,4,5,3.63,0.14,2.35
买Q0.05-0.80_卖Q0.75-0.95_4买2卖_基30000_增20000,广发约定净值转换,429,2.2,3.77,-0.26,2026-07-06,2026-07-10,-1.409,8.362,-0.938,0.58,1037779.66,9,4,5,5,0,100.0,6.81,0,0,0.0,9,4,5,3.63,0.14,2.35
买Q0.15-0.70_卖Q0.85-0.95_3买2卖_基30000_增20000,广发约定净值转换,429,2.17,3.73,-0.25,2026-06-16,2026-06-30,-1.828,8.64,-1.523,0.46,1037328.53,28,14,14,15,0,100.0,3.02,0,0,0.0,28,14,14,3.63,0.1,2.35
买Q0.05-0.70_卖Q0.85-0.95_3买2卖_基30000_增20000,广发约定净值转换,429,2.17,3.73,-0.25,2026-06-16,2026-06-30,-1.828,8.64,-1.523,0.46,1037328.53,28,14,14,15,0,100.0,3.02,0,0,0.0,28,14,14,3.63,0.1,2.35
买Q0.05-0.70_卖Q0.85-0.95_3买3卖_基30000_增20000,广发约定净值转换,429,2.17,3.73,-0.25,2026-06-16,2026-06-30,-1.828,8.64,-1.523,0.46,1037328.53,28,14,14,15,0,100.0,3.02,0,0,0.0,28,14,14,3.63,0.1,2.35
买Q0.15-0.70_卖Q0.85-0.95_3买3卖_基30000_增20000,广发约定净值转换,429,2.17,3.73,-0.25,2026-06-16,2026-06-30,-1.828,8.64,-1.523,0.46,1037328.53,28,14,14,15,0,100.0,3.02,0,0,0.0,28,14,14,3.63,0.1,2.35
买Q0.15-0.80_卖Q0.75-0.90_5买2卖_基30000_增20000,广发约定净值转换,429,2.16,3.71,-0.49,2026-06-22,2026-06-30,-1.306,4.417,-0.889,0.65,1037133.04,13,6,7,7,0,100.0,4.32,0,0,0.0,13,6,7,3.63,0.08,2.35
买Q0.15-0.80_卖Q0.75-0.90_5买3卖_基30000_增20000,广发约定净值转换,429,2.16,3.71,-0.49,2026-06-22,2026-06-30,-1.306,4.417,-0.889,0.65,1037133.04,13,6,7,7,0,100.0,4.32,0,0,0.0,13,6,7,3.63,0.08,2.35
买Q0.05-0.80_卖Q0.85-0.95_3买3卖_基30000_增20000,广发约定净值转换,429,2.16,3.7,-0.25,2026-06-16,2026-06-30,-1.855,8.585,-1.565,0.46,1037100.01,28,14,14,15,0,100.0,2.97,0,0,0.0,28,14,14,3.63,0.07,2.35
买Q0.15-0.80_卖Q0.75-0.95_5买3卖_基30000_增20000,广发约定净值转换,429,2.16,3.7,-0.49,2026-06-22,2026-06-30,-1.312,4.409,-0.889,0.65,1037066.51,11,5,6,6,0,100.0,5.07,0,0,0.0,11,5,6,3.63,0.07,2.35
买Q0.15-0.80_卖Q0.75-0.95_5买2卖_基30000_增20000,广发约定净值转换,429,2.16,3.7,-0.49,2026-06-22,2026-06-30,-1.312,4.409,-0.889,0.65,1037066.51,11,5,6,6,0,100.0,5.07,0,0,0.0,11,5,6,3.63,0.07,2.35
买Q0.05-0.80_卖Q0.85-0.95_3买2卖_基30000_增20000,广发约定净值转换,429,2.16,3.7,-0.25,2026-06-16,2026-06-30,-1.855,8.585,-1.565,0.46,1037100.01,28,14,14,15,0,100.0,2.97,0,0,0.0,28,14,14,3.63,0.07,2.35
买Q0.05-0.70_卖Q0.85-0.90_3买3卖_基30000_增20000,广发约定净值转换,429,2.15,3.69,-0.25,2026-06-16,2026-06-30,-1.878,8.553,-1.562,0.46,1036951.87,28,14,14,15,0,100.0,2.94,0,0,0.0,28,14,14,3.63,0.06,2.35
买Q0.15-0.70_卖Q0.85-0.90_3买2卖_基30000_增20000,广发约定净值转换,429,2.15,3.69,-0.25,2026-06-16,2026-06-30,-1.878,8.553,-1.562,0.46,1036951.87,28,14,14,15,0,100.0,2.94,0,0,0.0,28,14,14,3.63,0.06,2.35
买Q0.15-0.70_卖Q0.85-0.90_3买3卖_基30000_增20000,广发约定净值转换,429,2.15,3.69,-0.25,2026-06-16,2026-06-30,-1.878,8.553,-1.562,0.46,1036951.87,28,14,14,15,0,100.0,2.94,0,0,0.0,28,14,14,3.63,0.06,2.35
买Q0.05-0.70_卖Q0.85-0.90_3买2卖_基30000_增20000,广发约定净值转换,429,2.15,3.69,-0.25,2026-06-16,2026-06-30,-1.878,8.553,-1.562,0.46,1036951.87,28,14,14,15,0,100.0,2.94,0,0,0.0,28,14,14,3.63,0.06,2.35
买Q0.05-0.80_卖Q0.85-0.90_3买3卖_基30000_增20000,广发约定净值转换,429,2.14,3.67,-0.25,2026-06-16,2026-06-30,-1.904,8.498,-1.604,0.46,1036723.36,28,14,14,15,0,100.0,2.89,0,0,0.0,28,14,14,3.63,0.04,2.35
买Q0.05-0.80_卖Q0.85-0.90_3买2卖_基30000_增20000,广发约定净值转换,429,2.14,3.67,-0.25,2026-06-16,2026-06-30,-1.904,8.498,-1.604,0.46,1036723.36,28,14,14,15,0,100.0,2.89,0,0,0.0,28,14,14,3.63,0.04,2.35
买Q0.05-0.70_卖Q0.85-0.95_3买2卖_基30000_增10000,广发约定净值转换,429,2.11,3.62,-0.24,2026-06-16,2026-06-30,-2.171,8.785,-1.866,0.42,1036258.82,28,14,14,15,0,100.0,3.02,0,0,0.0,28,14,14,3.63,-0.01,2.35
买Q0.15-0.70_卖Q0.85-0.95_3买3卖_基30000_增10000,广发约定净值转换,429,2.11,3.62,-0.24,2026-06-16,2026-06-30,-2.171,8.785,-1.866,0.42,1036258.82,28,14,14,15,0,100.0,3.02,0,0,0.0,28,14,14,3.63,-0.01,2.35
买Q0.15-0.70_卖Q0.85-0.95_3买2卖_基30000_增10000,广发约定净值转换,429,2.11,3.62,-0.24,2026-06-16,2026-06-30,-2.171,8.785,-1.866,0.42,1036258.82,28,14,14,15,0,100.0,3.02,0,0,0.0,28,14,14,3.63,-0.01,2.35
买Q0.05-0.70_卖Q0.85-0.95_3买3卖_基30000_增10000,广发约定净值转换,429,2.11,3.62,-0.24,2026-06-16,2026-06-30,-2.171,8.785,-1.866,0.42,1036258.82,28,14,14,15,0,100.0,3.02,0,0,0.0,28,14,14,3.63,-0.01,2.35
买Q0.15-0.80_卖Q0.85-0.95_3买3卖_基30000_增20000,广发约定净值转换,429,2.1,3.61,-0.35,2026-06-16,2026-06-30,-1.92,6.093,-1.502,0.47,1036134.44,28,14,14,15,0,100.0,2.71,0,0,0.0,28,14,14,3.63,-0.02,2.35
买Q0.15-0.80_卖Q0.85-0.95_3买2卖_基30000_增20000,广发约定净值转换,429,2.1,3.61,-0.35,2026-06-16,2026-06-30,-1.92,6.093,-1.502,0.47,1036134.44,28,14,14,15,0,100.0,2.71,0,0,0.0,28,14,14,3.63,-0.02,2.35
买Q0.05-0.80_卖Q0.85-0.95_3买2卖_基30000_增10000,广发约定净值转换,429,2.1,3.6,-0.24,2026-06-16,2026-06-30,-2.2,8.728,-1.914,0.42,1036030.3,28,14,14,15,0,100.0,2.97,0,0,0.0,28,14,14,3.63,-0.03,2.35
买Q0.05-0.80_卖Q0.85-0.95_3买3卖_基30000_增10000,广发约定净值转换,429,2.1,3.6,-0.24,2026-06-16,2026-06-30,-2.2,8.728,-1.914,0.42,1036030.3,28,14,14,15,0,100.0,2.97,0,0,0.0,28,14,14,3.63,-0.03,2.35
买Q0.15-0.70_卖Q0.85-0.90_3买2卖_基30000_增10000,广发约定净值转换,429,2.1,3.6,-0.24,2026-06-16,2026-06-30,-2.206,8.724,-1.896,0.42,1036007.72,28,14,14,15,0,100.0,2.94,0,0,0.0,28,14,14,3.63,-0.03,2.35
买Q0.05-0.70_卖Q0.85-0.90_3买3卖_基30000_增10000,广发约定净值转换,429,2.1,3.6,-0.24,2026-06-16,2026-06-30,-2.206,8.724,-1.896,0.42,1036007.72,28,14,14,15,0,100.0,2.94,0,0,0.0,28,14,14,3.63,-0.03,2.35
买Q0.05-0.70_卖Q0.85-0.90_3买2卖_基30000_增10000,广发约定净值转换,429,2.1,3.6,-0.24,2026-06-16,2026-06-30,-2.206,8.724,-1.896,0.42,1036007.72,28,14,14,15,0,100.0,2.94,0,0,0.0,28,14,14,3.63,-0.03,2.35
买Q0.15-0.70_卖Q0.85-0.90_3买3卖_基30000_增10000,广发约定净值转换,429,2.1,3.6,-0.24,2026-06-16,2026-06-30,-2.206,8.724,-1.896,0.42,1036007.72,28,14,14,15,0,100.0,2.94,0,0,0.0,28,14,14,3.63,-0.03,2.35
买Q0.15-0.80_卖Q0.85-0.90_3买2卖_基30000_增20000,广发约定净值转换,429,2.08,3.57,-0.35,2026-06-16,2026-06-30,-1.968,6.029,-1.538,0.47,1035757.79,28,14,14,15,0,100.0,2.63,0,0,0.0,28,14,14,3.63,-0.06,2.35
买Q0.15-0.80_卖Q0.85-0.90_3买3卖_基30000_增20000,广发约定净值转换,429,2.08,3.57,-0.35,2026-06-16,2026-06-30,-1.968,6.029,-1.538,0.47,1035757.79,28,14,14,15,0,100.0,2.63,0,0,0.0,28,14,14,3.63,-0.06,2.35
买Q0.05-0.80_卖Q0.85-0.90_3买3卖_基30000_增10000,广发约定净值转换,429,2.08,3.57,-0.24,2026-06-16,2026-06-30,-2.236,8.667,-1.944,0.42,1035779.2,28,14,14,15,0,100.0,2.89,0,0,0.0,28,14,14,3.63,-0.06,2.35
买Q0.05-0.80_卖Q0.85-0.90_3买2卖_基30000_增10000,广发约定净值转换,429,2.08,3.57,-0.24,2026-06-16,2026-06-30,-2.236,8.667,-1.944,0.42,1035779.2,28,14,14,15,0,100.0,2.89,0,0,0.0,28,14,14,3.63,-0.06,2.35
买Q0.15-0.80_卖Q0.75-0.95_4买3卖_基30000_增10000,广发约定净值转换,429,2.08,3.56,-0.22,2026-06-22,2026-06-30,-2.047,9.551,-1.73,0.46,1035643.15,10,5,5,6,0,100.0,5.96,0,0,0.0,10,5,5,3.63,-0.07,2.35
买Q0.15-0.80_卖Q0.75-0.95_4买2卖_基30000_增10000,广发约定净值转换,429,2.08,3.56,-0.22,2026-06-22,2026-06-30,-2.047,9.551,-1.73,0.46,1035643.15,10,5,5,6,0,100.0,5.96,0,0,0.0,10,5,5,3.63,-0.07,2.35
买Q0.15-0.80_卖Q0.75-0.90_4买2卖_基30000_增10000,广发约定净值转换,429,2.08,3.56,-0.22,2026-06-22,2026-06-30,-2.047,9.551,-1.73,0.46,1035643.15,10,5,5,6,0,100.0,5.96,0,0,0.0,10,5,5,3.63,-0.07,2.35
买Q0.15-0.80_卖Q0.75-0.90_4买3卖_基30000_增10000,广发约定净值转换,429,2.08,3.56,-0.22,2026-06-22,2026-06-30,-2.047,9.551,-1.73,0.46,1035643.15,10,5,5,6,0,100.0,5.96,0,0,0.0,10,5,5,3.63,-0.07,2.35
买Q0.15-0.80_卖Q0.85-0.95_3买3卖_基30000_增10000,广发约定净值转换,429,2.05,3.52,-0.32,2026-06-16,2026-06-30,-2.249,6.51,-1.821,0.43,1035257.84,28,14,14,15,0,100.0,2.71,0,0,0.0,28,14,14,3.63,-0.11,2.35
买Q0.15-0.80_卖Q0.85-0.95_3买2卖_基30000_增10000,广发约定净值转换,429,2.05,3.52,-0.32,2026-06-16,2026-06-30,-2.249,6.51,-1.821,0.43,1035257.84,28,14,14,15,0,100.0,2.71,0,0,0.0,28,14,14,3.63,-0.11,2.35
买Q0.15-0.80_卖Q0.85-0.90_3买3卖_基30000_增10000,广发约定净值转换,429,2.04,3.5,-0.32,2026-06-16,2026-06-30,-2.284,6.464,-1.848,0.43,1035006.74,28,14,14,15,0,100.0,2.63,0,0,0.0,28,14,14,3.63,-0.13,2.35
买Q0.15-0.80_卖Q0.85-0.90_3买2卖_基30000_增10000,广发约定净值转换,429,2.04,3.5,-0.32,2026-06-16,2026-06-30,-2.284,6.464,-1.848,0.43,1035006.74,28,14,14,15,0,100.0,2.63,0,0,0.0,28,14,14,3.63,-0.13,2.35
买Q0.05-0.70_卖Q0.75-0.95_3买2卖_基30000_增20000,广发约定净值转换,429,2.03,3.48,-0.25,2026-06-16,2026-06-30,-2.262,8.058,-1.982,0.43,1034895.63,32,16,16,18,0,100.0,2.26,0,0,0.0,32,16,16,3.63,-0.15,2.35
买Q0.05-0.70_卖Q0.75-0.95_3买3卖_基30000_增20000,广发约定净值转换,429,2.03,3.48,-0.25,2026-06-16,2026-06-30,-2.262,8.058,-1.982,0.43,1034895.63,32,16,16,18,0,100.0,2.26,0,0,0.0,32,16,16,3.63,-0.15,2.35
买Q0.15-0.70_卖Q0.75-0.95_3买3卖_基30000_增20000,广发约定净值转换,429,2.03,3.48,-0.25,2026-06-16,2026-06-30,-2.262,8.058,-1.982,0.43,1034895.63,32,16,16,18,0,100.0,2.26,0,0,0.0,32,16,16,3.63,-0.15,2.35
买Q0.15-0.70_卖Q0.75-0.95_3买2卖_基30000_增20000,广发约定净值转换,429,2.03,3.48,-0.25,2026-06-16,2026-06-30,-2.262,8.058,-1.982,0.43,1034895.63,32,16,16,18,0,100.0,2.26,0,0,0.0,32,16,16,3.63,-0.15,2.35
买Q0.15-0.70_卖Q0.75-0.90_3买3卖_基30000_增20000,广发约定净值转换,429,2.02,3.47,-0.25,2026-06-16,2026-06-30,-2.279,8.029,-1.996,0.43,1034770.08,32,16,16,18,0,100.0,2.2,0,0,0.0,32,16,16,3.63,-0.16,2.35
买Q0.15-0.70_卖Q0.75-0.90_3买2卖_基30000_增20000,广发约定净值转换,429,2.02,3.47,-0.25,2026-06-16,2026-06-30,-2.279,8.029,-1.996,0.43,1034770.08,32,16,16,18,0,100.0,2.2,0,0,0.0,32,16,16,3.63,-0.16,2.35
买Q0.05-0.80_卖Q0.75-0.90_5买2卖_基30000_增10000,广发约定净值转换,429,2.02,3.47,-0.27,2026-06-22,2026-06-30,-2.082,7.394,-1.571,0.48,1034728.17,10,5,5,6,0,100.0,5.43,0,0,0.0,10,5,5,3.63,-0.16,2.35
买Q0.05-0.80_卖Q0.75-0.95_5买3卖_基30000_增10000,广发约定净值转换,429,2.02,3.47,-0.27,2026-06-22,2026-06-30,-2.082,7.394,-1.571,0.48,1034728.17,10,5,5,6,0,100.0,5.43,0,0,0.0,10,5,5,3.63,-0.16,2.35
买Q0.05-0.80_卖Q0.75-0.90_5买3卖_基30000_增10000,广发约定净值转换,429,2.02,3.47,-0.27,2026-06-22,2026-06-30,-2.082,7.394,-1.571,0.48,1034728.17,10,5,5,6,0,100.0,5.43,0,0,0.0,10,5,5,3.63,-0.16,2.35
买Q0.05-0.80_卖Q0.75-0.95_5买2卖_基30000_增10000,广发约定净值转换,429,2.02,3.47,-0.27,2026-06-22,2026-06-30,-2.082,7.394,-1.571,0.48,1034728.17,10,5,5,6,0,100.0,5.43,0,0,0.0,10,5,5,3.63,-0.16,2.35
买Q0.05-0.70_卖Q0.75-0.90_3买2卖_基30000_增20000,广发约定净值转换,429,2.02,3.47,-0.25,2026-06-16,2026-06-30,-2.279,8.029,-1.996,0.43,1034770.08,32,16,16,18,0,100.0,2.2,0,0,0.0,32,16,16,3.63,-0.16,2.35
买Q0.05-0.70_卖Q0.75-0.90_3买3卖_基30000_增20000,广发约定净值转换,429,2.02,3.47,-0.25,2026-06-16,2026-06-30,-2.279,8.029,-1.996,0.43,1034770.08,32,16,16,18,0,100.0,2.2,0,0,0.0,32,16,16,3.63,-0.16,2.35
买Q0.05-0.80_卖Q0.75-0.90_4买3卖_基30000_增10000,广发约定净值转换,429,1.99,3.41,-0.19,2026-07-06,2026-07-10,-2.364,10.351,-1.611,0.43,1034147.98,8,4,4,5,0,100.0,6.44,0,0,0.0,8,4,4,3.63,-0.22,2.35
买Q0.05-0.80_卖Q0.75-0.90_4买2卖_基30000_增10000,广发约定净值转换,429,1.99,3.41,-0.19,2026-07-06,2026-07-10,-2.364,10.351,-1.611,0.43,1034147.98,8,4,4,5,0,100.0,6.44,0,0,0.0,8,4,4,3.63,-0.22,2.35
买Q0.05-0.80_卖Q0.75-0.95_4买2卖_基30000_增10000,广发约定净值转换,429,1.99,3.41,-0.19,2026-07-06,2026-07-10,-2.364,10.351,-1.611,0.43,1034147.98,8,4,4,5,0,100.0,6.44,0,0,0.0,8,4,4,3.63,-0.22,2.35
买Q0.05-0.80_卖Q0.75-0.90_3买3卖_基80000_增20000,广发约定净值转换,429,1.99,3.41,-0.33,2025-01-06,2025-01-13,-1.746,6.076,-1.28,0.59,1034196.3,9,3,6,6,0,100.0,3.47,0,0,0.0,9,3,6,3.63,-0.22,2.35
买Q0.05-0.80_卖Q0.75-0.95_4买3卖_基30000_增10000,广发约定净值转换,429,1.99,3.41,-0.19,2026-07-06,2026-07-10,-2.364,10.351,-1.611,0.43,1034147.98,8,4,4,5,0,100.0,6.44,0,0,0.0,8,4,4,3.63,-0.22,2.35
买Q0.05-0.70_卖Q0.75-0.90_3买2卖_基30000_增10000,广发约定净值转换,429,1.97,3.38,-0.24,2026-06-16,2026-06-30,-2.675,8.177,-2.405,0.39,1033825.92,31,16,15,17,0,100.0,2.19,0,0,0.0,31,16,15,3.63,-0.25,2.35
买Q0.15-0.70_卖Q0.75-0.95_3买2卖_基30000_增10000,广发约定净值转换,429,1.97,3.38,-0.24,2026-06-16,2026-06-30,-2.675,8.177,-2.405,0.39,1033825.92,31,16,15,17,0,100.0,2.19,0,0,0.0,31,16,15,3.63,-0.25,2.35
买Q0.05-0.70_卖Q0.75-0.90_3买3卖_基30000_增10000,广发约定净值转换,429,1.97,3.38,-0.24,2026-06-16,2026-06-30,-2.675,8.177,-2.405,0.39,1033825.92,31,16,15,17,0,100.0,2.19,0,0,0.0,31,16,15,3.63,-0.25,2.35
买Q0.15-0.70_卖Q0.75-0.90_3买2卖_基30000_增10000,广发约定净值转换,429,1.97,3.38,-0.24,2026-06-16,2026-06-30,-2.675,8.177,-2.405,0.39,1033825.92,31,16,15,17,0,100.0,2.19,0,0,0.0,31,16,15,3.63,-0.25,2.35
买Q0.15-0.70_卖Q0.75-0.90_3买3卖_基30000_增10000,广发约定净值转换,429,1.97,3.38,-0.24,2026-06-16,2026-06-30,-2.675,8.177,-2.405,0.39,1033825.92,31,16,15,17,0,100.0,2.19,0,0,0.0,31,16,15,3.63,-0.25,2.35
买Q0.05-0.80_卖Q0.75-0.95_3买3卖_基80000_增20000,广发约定净值转换,429,1.97,3.38,-0.22,2026-07-06,2026-07-10,-2.133,9.124,-1.407,0.49,1033854.19,6,2,4,4,0,100.0,4.92,0,0,0.0,6,2,4,3.63,-0.25,2.35
买Q0.15-0.70_卖Q0.75-0.95_3买3卖_基30000_增10000,广发约定净值转换,429,1.97,3.38,-0.24,2026-06-16,2026-06-30,-2.675,8.177,-2.405,0.39,1033825.92,31,16,15,17,0,100.0,2.19,0,0,0.0,31,16,15,3.63,-0.25,2.35
买Q0.05-0.70_卖Q0.75-0.95_3买2卖_基30000_增10000,广发约定净值转换,429,1.97,3.38,-0.24,2026-06-16,2026-06-30,-2.675,8.177,-2.405,0.39,1033825.92,31,16,15,17,0,100.0,2.19,0,0,0.0,31,16,15,3.63,-0.25,2.35
买Q0.05-0.70_卖Q0.75-0.95_3买3卖_基30000_增10000,广发约定净值转换,429,1.97,3.38,-0.24,2026-06-16,2026-06-30,-2.675,8.177,-2.405,0.39,1033825.92,31,16,15,17,0,100.0,2.19,0,0,0.0,31,16,15,3.63,-0.25,2.35
买Q0.05-0.80_卖Q0.75-0.95_3买2卖_基80000_增20000,广发约定净值转换,429,1.97,3.38,-0.22,2026-07-06,2026-07-10,-2.133,9.124,-1.407,0.49,1033854.19,6,2,4,4,0,100.0,4.92,0,0,0.0,6,2,4,3.63,-0.25,2.35
买Q0.05-0.80_卖Q0.75-0.90_3买2卖_基80000_增20000,广发约定净值转换,429,1.97,3.38,-0.22,2026-07-06,2026-07-10,-2.133,9.124,-1.407,0.49,1033854.19,6,2,4,4,0,100.0,4.92,0,0,0.0,6,2,4,3.63,-0.25,2.35
买Q0.15-0.80_卖Q0.75-0.90_5买3卖_基30000_增10000,广发约定净值转换,429,1.97,3.37,-0.37,2026-06-22,2026-06-30,-2.132,5.352,-1.459,0.49,1033762.6,10,5,5,6,0,100.0,4.78,0,0,0.0,10,5,5,3.63,-0.26,2.35
买Q0.15-0.80_卖Q0.75-0.90_5买2卖_基30000_增10000,广发约定净值转换,429,1.97,3.37,-0.37,2026-06-22,2026-06-30,-2.132,5.352,-1.459,0.49,1033762.6,10,5,5,6,0,100.0,4.78,0,0,0.0,10,5,5,3.63,-0.26,2.35
买Q0.15-0.80_卖Q0.75-0.95_5买2卖_基30000_增10000,广发约定净值转换,429,1.97,3.37,-0.37,2026-06-22,2026-06-30,-2.132,5.352,-1.459,0.49,1033762.6,10,5,5,6,0,100.0,4.78,0,0,0.0,10,5,5,3.63,-0.26,2.35
买Q0.15-0.80_卖Q0.75-0.95_5买3卖_基30000_增10000,广发约定净值转换,429,1.97,3.37,-0.37,2026-06-22,2026-06-30,-2.132,5.352,-1.459,0.49,1033762.6,10,5,5,6,0,100.0,4.78,0,0,0.0,10,5,5,3.63,-0.26,2.35
买Q0.05-0.80_卖Q0.75-0.90_3买3卖_基80000_增10000,广发约定净值转换,429,1.94,3.32,-0.33,2025-01-06,2025-01-13,-1.976,5.909,-1.446,0.54,1033252.14,9,3,6,6,0,100.0,3.47,0,0,0.0,9,3,6,3.63,-0.31,2.35
买Q0.05-0.80_卖Q0.75-0.95_3买3卖_基80000_增10000,广发约定净值转换,429,1.92,3.29,-0.19,2026-07-06,2026-07-10,-2.497,9.964,-1.624,0.44,1032910.03,6,2,4,4,0,100.0,4.92,0,0,0.0,6,2,4,3.63,-0.34,2.35
买Q0.05-0.80_卖Q0.75-0.90_3买2卖_基80000_增10000,广发约定净值转换,429,1.92,3.29,-0.19,2026-07-06,2026-07-10,-2.497,9.964,-1.624,0.44,1032910.03,6,2,4,4,0,100.0,4.92,0,0,0.0,6,2,4,3.63,-0.34,2.35
买Q0.05-0.80_卖Q0.75-0.95_3买2卖_基80000_增10000,广发约定净值转换,429,1.92,3.29,-0.19,2026-07-06,2026-07-10,-2.497,9.964,-1.624,0.44,1032910.03,6,2,4,4,0,100.0,4.92,0,0,0.0,6,2,4,3.63,-0.34,2.35
买Q0.15-0.80_卖Q0.75-0.90_3买3卖_基80000_增20000,广发约定净值转换,429,1.88,3.22,-0.33,2025-01-06,2025-01-13,-1.874,5.734,-1.312,0.6,1032265.16,9,3,6,6,0,100.0,2.82,0,0,0.0,9,3,6,3.63,-0.41,2.35
买Q0.15-0.80_卖Q0.75-0.95_3买2卖_基80000_增20000,广发约定净值转换,429,1.86,3.19,-0.28,2026-06-25,2026-06-30,-2.255,6.532,-1.405,0.51,1031923.05,6,2,4,4,0,100.0,3.94,0,0,0.0,6,2,4,3.63,-0.44,2.35
买Q0.15-0.80_卖Q0.75-0.90_3买2卖_基80000_增20000,广发约定净值转换,429,1.86,3.19,-0.28,2026-06-25,2026-06-30,-2.255,6.532,-1.405,0.51,1031923.05,6,2,4,4,0,100.0,3.94,0,0,0.0,6,2,4,3.63,-0.44,2.35
买Q0.15-0.80_卖Q0.75-0.95_3买3卖_基80000_增20000,广发约定净值转换,429,1.86,3.19,-0.28,2026-06-25,2026-06-30,-2.255,6.532,-1.405,0.51,1031923.05,6,2,4,4,0,100.0,3.94,0,0,0.0,6,2,4,3.63,-0.44,2.35
买Q0.15-0.80_卖Q0.75-0.90_3买3卖_基80000_增10000,广发约定净值转换,429,1.84,3.15,-0.33,2025-01-06,2025-01-13,-2.095,5.601,-1.478,0.56,1031514.12,9,3,6,6,0,100.0,2.82,0,0,0.0,9,3,6,3.63,-0.48,2.35
买Q0.15-0.80_卖Q0.75-0.90_3买2卖_基80000_增10000,广发约定净值转换,429,1.82,3.11,-0.25,2026-06-25,2026-06-30,-2.604,7.133,-1.599,0.46,1031172.01,6,2,4,4,0,100.0,3.94,0,0,0.0,6,2,4,3.63,-0.52,2.35
买Q0.15-0.80_卖Q0.75-0.95_3买3卖_基80000_增10000,广发约定净值转换,429,1.82,3.11,-0.25,2026-06-25,2026-06-30,-2.604,7.133,-1.599,0.46,1031172.01,6,2,4,4,0,100.0,3.94,0,0,0.0,6,2,4,3.63,-0.52,2.35
买Q0.15-0.80_卖Q0.75-0.95_3买2卖_基80000_增10000,广发约定净值转换,429,1.82,3.11,-0.25,2026-06-25,2026-06-30,-2.604,7.133,-1.599,0.46,1031172.01,6,2,4,4,0,100.0,3.94,0,0,0.0,6,2,4,3.63,-0.52,2.35
买Q0.05-0.80_卖Q0.75-0.90_3买2卖_基50000_增20000,广发约定净值转换,429,1.79,3.06,-0.14,2026-07-06,2026-07-10,-3.637,12.313,-2.194,0.34,1030635.52,5,2,3,3,0,100.0,6.19,0,0,0.0,5,2,3,3.63,-0.57,2.35
买Q0.05-0.80_卖Q0.75-0.90_3买3卖_基50000_增20000,广发约定净值转换,429,1.79,3.06,-0.14,2026-07-06,2026-07-10,-3.637,12.313,-2.194,0.34,1030635.52,5,2,3,3,0,100.0,6.19,0,0,0.0,5,2,3,3.63,-0.57,2.35
买Q0.05-0.80_卖Q0.75-0.95_3买2卖_基50000_增20000,广发约定净值转换,429,1.79,3.06,-0.14,2026-07-06,2026-07-10,-3.637,12.313,-2.194,0.34,1030635.52,5,2,3,3,0,100.0,6.19,0,0,0.0,5,2,3,3.63,-0.57,2.35
买Q0.05-0.80_卖Q0.75-0.95_3买3卖_基50000_增20000,广发约定净值转换,429,1.79,3.06,-0.14,2026-07-06,2026-07-10,-3.637,12.313,-2.194,0.34,1030635.52,5,2,3,3,0,100.0,6.19,0,0,0.0,5,2,3,3.63,-0.57,2.35
买Q0.05-0.80_卖Q0.75-0.95_3买3卖_基50000_增10000,广发约定净值转换,429,1.73,2.96,-0.12,2026-07-06,2026-07-10,-4.436,14.276,-2.499,0.29,1029691.36,5,2,3,3,0,100.0,6.19,0,0,0.0,5,2,3,3.63,-0.67,2.35
买Q0.05-0.80_卖Q0.75-0.95_3买2卖_基50000_增10000,广发约定净值转换,429,1.73,2.96,-0.12,2026-07-06,2026-07-10,-4.436,14.276,-2.499,0.29,1029691.36,5,2,3,3,0,100.0,6.19,0,0,0.0,5,2,3,3.63,-0.67,2.35
买Q0.05-0.80_卖Q0.75-0.90_3买3卖_基50000_增10000,广发约定净值转换,429,1.73,2.96,-0.12,2026-07-06,2026-07-10,-4.436,14.276,-2.499,0.29,1029691.36,5,2,3,3,0,100.0,6.19,0,0,0.0,5,2,3,3.63,-0.67,2.35
买Q0.05-0.80_卖Q0.75-0.90_3买2卖_基50000_增10000,广发约定净值转换,429,1.73,2.96,-0.12,2026-07-06,2026-07-10,-4.436,14.276,-2.499,0.29,1029691.36,5,2,3,3,0,100.0,6.19,0,0,0.0,5,2,3,3.63,-0.67,2.35
买Q0.15-0.80_卖Q0.75-0.95_3买3卖_基50000_增20000,广发约定净值转换,429,1.71,2.92,-0.19,2026-06-25,2026-06-30,-3.694,8.776,-2.118,0.35,1029283.72,5,2,3,3,0,100.0,4.88,0,0,0.0,5,2,3,3.63,-0.71,2.35
买Q0.15-0.80_卖Q0.75-0.95_3买2卖_基50000_增20000,广发约定净值转换,429,1.71,2.92,-0.19,2026-06-25,2026-06-30,-3.694,8.776,-2.118,0.35,1029283.72,5,2,3,3,0,100.0,4.88,0,0,0.0,5,2,3,3.63,-0.71,2.35
买Q0.15-0.80_卖Q0.75-0.90_3买2卖_基50000_增20000,广发约定净值转换,429,1.71,2.92,-0.19,2026-06-25,2026-06-30,-3.694,8.776,-2.118,0.35,1029283.72,5,2,3,3,0,100.0,4.88,0,0,0.0,5,2,3,3.63,-0.71,2.35
买Q0.15-0.80_卖Q0.75-0.90_3买3卖_基50000_增20000,广发约定净值转换,429,1.71,2.92,-0.19,2026-06-25,2026-06-30,-3.694,8.776,-2.118,0.35,1029283.72,5,2,3,3,0,100.0,4.88,0,0,0.0,5,2,3,3.63,-0.71,2.35
买Q0.15-0.80_卖Q0.75-0.90_3买3卖_基50000_增10000,广发约定净值转换,429,1.66,2.85,-0.16,2026-06-25,2026-06-30,-4.459,10.12,-2.41,0.3,1028532.68,5,2,3,3,0,100.0,4.88,0,0,0.0,5,2,3,3.63,-0.78,2.35
买Q0.15-0.80_卖Q0.75-0.90_3买2卖_基50000_增10000,广发约定净值转换,429,1.66,2.85,-0.16,2026-06-25,2026-06-30,-4.459,10.12,-2.41,0.3,1028532.68,5,2,3,3,0,100.0,4.88,0,0,0.0,5,2,3,3.63,-0.78,2.35
买Q0.15-0.80_卖Q0.75-0.95_3买2卖_基50000_增10000,广发约定净值转换,429,1.66,2.85,-0.16,2026-06-25,2026-06-30,-4.459,10.12,-2.41,0.3,1028532.68,5,2,3,3,0,100.0,4.88,0,0,0.0,5,2,3,3.63,-0.78,2.35
买Q0.15-0.80_卖Q0.75-0.95_3买3卖_基50000_增10000,广发约定净值转换,429,1.66,2.85,-0.16,2026-06-25,2026-06-30,-4.459,10.12,-2.41,0.3,1028532.68,5,2,3,3,0,100.0,4.88,0,0,0.0,5,2,3,3.63,-0.78,2.35
买Q0.05-0.80_卖Q0.75-0.90_3买2卖_基30000_增20000,广发约定净值转换,429,1.66,2.85,-0.1,2026-07-06,2026-07-10,-5.638,17.066,-3.389,0.24,1028525.31,4,2,2,2,0,100.0,4.73,0,0,0.0,4,2,2,3.63,-0.78,2.35
买Q0.05-0.80_卖Q0.75-0.90_3买3卖_基30000_增20000,广发约定净值转换,429,1.66,2.85,-0.1,2026-07-06,2026-07-10,-5.638,17.066,-3.389,0.24,1028525.31,4,2,2,2,0,100.0,4.73,0,0,0.0,4,2,2,3.63,-0.78,2.35
买Q0.05-0.80_卖Q0.75-0.95_3买2卖_基30000_增20000,广发约定净值转换,429,1.66,2.85,-0.1,2026-07-06,2026-07-10,-5.638,17.066,-3.389,0.24,1028525.31,4,2,2,2,0,100.0,4.73,0,0,0.0,4,2,2,3.63,-0.78,2.35
买Q0.05-0.80_卖Q0.75-0.95_3买3卖_基30000_增20000,广发约定净值转换,429,1.66,2.85,-0.1,2026-07-06,2026-07-10,-5.638,17.066,-3.389,0.24,1028525.31,4,2,2,2,0,100.0,4.73,0,0,0.0,4,2,2,3.63,-0.78,2.35
买Q0.05-0.80_卖Q0.75-0.95_3买3卖_基30000_增10000,广发约定净值转换,429,1.61,2.76,-0.07,2026-07-06,2026-07-10,-7.288,21.895,-4.395,0.19,1027643.75,4,2,2,2,0,100.0,4.73,0,0,0.0,4,2,2,3.63,-0.87,2.35
买Q0.05-0.80_卖Q0.75-0.95_3买2卖_基30000_增10000,广发约定净值转换,429,1.61,2.76,-0.07,2026-07-06,2026-07-10,-7.288,21.895,-4.395,0.19,1027643.75,4,2,2,2,0,100.0,4.73,0,0,0.0,4,2,2,3.63,-0.87,2.35
买Q0.05-0.80_卖Q0.75-0.90_3买3卖_基30000_增10000,广发约定净值转换,429,1.61,2.76,-0.07,2026-07-06,2026-07-10,-7.288,21.895,-4.395,0.19,1027643.75,4,2,2,2,0,100.0,4.73,0,0,0.0,4,2,2,3.63,-0.87,2.35
买Q0.05-0.80_卖Q0.75-0.90_3买2卖_基30000_增10000,广发约定净值转换,429,1.61,2.76,-0.07,2026-07-06,2026-07-10,-7.288,21.895,-4.395,0.19,1027643.75,4,2,2,2,0,100.0,4.73,0,0,0.0,4,2,2,3.63,-0.87,2.35
买Q0.15-0.80_卖Q0.75-0.95_3买3卖_基30000_增20000,广发约定净值转换,429,1.61,2.75,-0.13,2026-06-25,2026-06-30,-5.607,11.968,-3.246,0.25,1027559.74,4,2,2,2,0,100.0,3.75,0,0,0.0,4,2,2,3.63,-0.88,2.35
买Q0.15-0.80_卖Q0.75-0.95_3买2卖_基30000_增20000,广发约定净值转换,429,1.61,2.75,-0.13,2026-06-25,2026-06-30,-5.607,11.968,-3.246,0.25,1027559.74,4,2,2,2,0,100.0,3.75,0,0,0.0,4,2,2,3.63,-0.88,2.35
买Q0.15-0.80_卖Q0.75-0.90_3买2卖_基30000_增20000,广发约定净值转换,429,1.61,2.75,-0.13,2026-06-25,2026-06-30,-5.607,11.968,-3.246,0.25,1027559.74,4,2,2,2,0,100.0,3.75,0,0,0.0,4,2,2,3.63,-0.88,2.35
买Q0.15-0.80_卖Q0.75-0.90_3买3卖_基30000_增20000,广发约定净值转换,429,1.61,2.75,-0.13,2026-06-25,2026-06-30,-5.607,11.968,-3.246,0.25,1027559.74,4,2,2,2,0,100.0,3.75,0,0,0.0,4,2,2,3.63,-0.88,2.35
买Q0.15-0.80_卖Q0.75-0.90_3买3卖_基30000_增10000,广发约定净值转换,429,1.57,2.68,-0.1,2026-06-25,2026-06-30,-7.187,15.048,-4.172,0.2,1026871.29,4,2,2,2,0,100.0,3.75,0,0,0.0,4,2,2,3.63,-0.95,2.35
买Q0.15-0.80_卖Q0.75-0.90_3买2卖_基30000_增10000,广发约定净值转换,429,1.57,2.68,-0.1,2026-06-25,2026-06-30,-7.187,15.048,-4.172,0.2,1026871.29,4,2,2,2,0,100.0,3.75,0,0,0.0,4,2,2,3.63,-0.95,2.35
买Q0.15-0.80_卖Q0.75-0.95_3买2卖_基30000_增10000,广发约定净值转换,429,1.57,2.68,-0.1,2026-06-25,2026-06-30,-7.187,15.048,-4.172,0.2,1026871.29,4,2,2,2,0,100.0,3.75,0,0,0.0,4,2,2,3.63,-0.95,2.35
买Q0.15-0.80_卖Q0.75-0.95_3买3卖_基30000_增10000,广发约定净值转换,429,1.57,2.68,-0.1,2026-06-25,2026-06-30,-7.187,15.048,-4.172,0.2,1026871.29,4,2,2,2,0,100.0,3.75,0,0,0.0,4,2,2,3.63,-0.95,2.35
