date,cash,position_value,total_value,positions,return,equity,drawdown
2020-06-01,500070.3856958801,499280.39999999997,999350.7856958801,"{'510300': {'shares': 71800.0, 'price': 3.477, 'value': 249648.59999999998, 'profit_pct': -0.09990009990009216}, '159915': {'shares': 119900.0, 'price': 2.082, 'value': 249631.8, 'profit_pct': -0.0999000999000853}}",,0.9993507856958801,0.0
2020-06-02,500070.3856958801,498271.7,998342.0856958801,"{'510300': {'shares': 71800.0, 'price': 3.488, 'value': 250438.4, 'profit_pct': 0.21614853366364412}, '159915': {'shares': 119900.0, 'price': 2.067, 'value': 247833.30000000002, 'profit_pct': -0.8196414536471874}}",-0.0010093552878908119,0.9983420856958801,-0.10093552878908119
2020-06-03,500070.3856958801,497360.6,997430.9856958801,"{'510300': {'shares': 71800.0, 'price': 3.487, 'value': 250366.6, 'profit_pct': 0.18741683970330794}, '159915': {'shares': 119900.0, 'price': 2.06, 'value': 246994.0, 'profit_pct': -1.1555207520625146}}",-0.0009126130342035355,0.9974309856958802,-0.19210471713024813
2020-06-04,500070.3856958801,499062.89999999997,999133.2856958801,"{'510300': {'shares': 71800.0, 'price': 3.489, 'value': 250510.19999999998, 'profit_pct': 0.24488022762398032}, '159915': {'shares': 119900.0, 'price': 2.073, 'value': 248552.69999999998, 'profit_pct': -0.531744912148351}}",0.001706684496885158,0.9991332856958801,-0.02176412958424523
2020-06-05,500070.3856958801,502392.9,1002463.2856958802,"{'510300': {'shares': 71800.0, 'price': 3.512, 'value': 252161.6, 'profit_pct': 0.9057091887117891}, '159915': {'shares': 119900.0, 'price': 2.087, 'value': 250231.30000000002, 'profit_pct': 0.1400136846823034}}",0.0033328886622776555,1.0024632856958802,0.0
2020-06-08,500070.3856958801,502078.5,1002148.88569588,"{'510300': {'shares': 71800.0, 'price': 3.531, 'value': 253525.80000000002, 'profit_pct': 1.4516113739582404}, '159915': {'shares': 119900.0, 'price': 2.073, 'value': 248552.69999999998, 'profit_pct': -0.531744912148351}}",-0.0003136274459986099,1.00214888569588,-0.03136274459986099
2020-06-09,500070.3856958801,507494.19999999995,1007564.58569588,"{'510300': {'shares': 71800.0, 'price': 3.558, 'value': 255464.4, 'profit_pct': 2.227367110887394}, '159915': {'shares': 119900.0, 'price': 2.102, 'value': 252029.8, 'profit_pct': 0.8597550384294057}}",0.005404087234242905,1.00756458569588,0.0
2020-06-10,500070.3856958801,509246.0,1009316.38569588,"{'510300': {'shares': 71800.0, 'price': 3.549, 'value': 254818.19999999998, 'profit_pct': 1.9687818652443427}, '159915': {'shares': 119900.0, 'price': 2.122, 'value': 254427.8, 'profit_pct': 1.8194101767588966}}",0.001738647849348629,1.00931638569588,0.0
2020-06-11,500070.3856958801,506229.70000000007,1006300.0856958802,"{'510300': {'shares': 71800.0, 'price': 3.512, 'value': 252161.6, 'profit_pct': 0.9057091887117891}, '159915': {'shares': 119900.0, 'price': 2.119, 'value': 254068.10000000003, 'profit_pct': 1.6754619060094889}}",-0.0029884583691962563,1.0063000856958801,-0.29884583691962563
2020-06-12,500070.3856958801,509585.5,1009655.88569588,"{'510300': {'shares': 71800.0, 'price': 3.522, 'value': 252879.59999999998, 'profit_pct': 1.1930261283151766}, '159915': {'shares': 119900.0, 'price': 2.141, 'value': 256705.9, 'profit_pct': 2.7310825581719183}}",0.003334790533858767,1.00965588569588,0.0
2020-06-15,500070.3856958801,505492.9,1005563.2856958802,"{'510300': {'shares': 71800.0, 'price': 3.465, 'value': 248787.0, 'profit_pct': -0.44468042742416464}, '159915': {'shares': 119900.0, 'price': 2.141, 'value': 256705.9, 'profit_pct': 2.7310825581719183}}",-0.00405346025114206,1.0055632856958803,-0.40534602511420603
2020-06-16,500070.3856958801,514980.3,1015050.6856958801,"{'510300': {'shares': 71800.0, 'price': 3.527, 'value': 253238.6, 'profit_pct': 1.336684598116883}, '159915': {'shares': 119900.0, 'price': 2.183, 'value': 261741.69999999998, 'profit_pct': 4.746358348663839}}",0.009434910895174786,1.01505068569588,0.0
2020-06-17,500070.3856958801,515867.0,1015937.38569588,"{'510300': {'shares': 71800.0, 'price': 3.531, 'value': 253525.80000000002, 'profit_pct': 1.4516113739582404}, '159915': {'shares': 119900.0, 'price': 2.188, 'value': 262341.2, 'profit_pct': 4.986272133246228}}",0.0008735524368341796,1.01593738569588,0.0
2020-06-18,500070.3856958801,518812.19999999995,1018882.58569588,"{'510300': {'shares': 71800.0, 'price': 3.562, 'value': 255751.59999999998, 'profit_pct': 2.3422938867287515}, '159915': {'shares': 119900.0, 'price': 2.194, 'value': 263060.6, 'profit_pct': 5.274168674745064}}",0.002898997557789995,1.01888258569588,0.0
2020-06-19,500070.3856958801,527821.4,1027891.7856958802,"{'510300': {'shares': 71800.0, 'price': 3.614, 'value': 259485.19999999998, 'profit_pct': 3.836341972666399}, '159915': {'shares': 119900.0, 'price': 2.238, 'value': 268336.2, 'profit_pct': 7.385409979069944}}",0.008842235726157943,1.0278917856958802,0.0
2020-06-22,500070.3856958801,531106.1,1031176.4856958801,"{'510300': {'shares': 71800.0, 'price': 3.618, 'value': 259772.4, 'profit_pct': 3.951268748507756}, '159915': {'shares': 119900.0, 'price': 2.263, 'value': 271333.7, 'profit_pct': 8.584978901981803}}",0.003195569850552138,1.03117648569588,0.0
2020-06-23,500070.3856958801,537745.9,1037816.2856958802,"{'510300': {'shares': 71800.0, 'price': 3.637, 'value': 261136.6, 'profit_pct': 4.497170933754208}, '159915': {'shares': 119900.0, 'price': 2.307, 'value': 276609.3, 'profit_pct': 10.696220206306682}}",0.006439052957573299,1.0378162856958801,0.0
2020-06-24,500070.3856958801,540330.7,1040401.08569588,"{'510300': {'shares': 71800.0, 'price': 3.673, 'value': 263721.4, 'profit_pct': 5.5315119163264255}, '159915': {'shares': 119900.0, 'price': 2.307, 'value': 276609.3, 'profit_pct': 10.696220206306682}}",0.0024906142210581184,1.04040108569588,0.0
2020-06-29,500070.3856958801,536307.1,1036377.4856958801,"{'510300': {'shares': 71800.0, 'price': 3.637, 'value': 261136.6, 'profit_pct': 4.497170933754208}, '159915': {'shares': 119900.0, 'price': 2.295, 'value': 275170.5, 'profit_pct': 10.120427123308987}}",-0.003867354672461354,1.03637748569588,-0.3867354672461354
2020-06-30,500070.3856958801,547570.7,1047641.08569588,"{'510300': {'shares': 71800.0, 'price': 3.687, 'value': 264726.6, 'profit_pct': 5.933755631771169}, '159915': {'shares': 119900.0, 'price': 2.359, 'value': 282844.1, 'profit_pct': 13.191323565963359}}",0.010868240728364453,1.04764108569588,0.0
2020-07-01,5899.181887260318,1044377.0,1050276.1818872604,"{'510300': {'shares': 75400.0, 'price': 3.781, 'value': 285087.4, 'profit_pct': -0.09990009990008908}, '159915': {'shares': 121700.0, 'price': 2.342, 'value': 285021.4, 'profit_pct': -0.09990009990010272}, '511260': {'shares': 2200.0, 'price': 107.433, 'value': 236352.6, 'profit_pct': -0.099900099900087}, '518880': {'shares': 60400.0, 'price': 3.939, 'value': 237915.6, 'profit_pct': -0.09990009990008648}}",0.0025152661797624987,1.0502761818872604,0.0
2020-07-02,5899.181887260318,1050895.4,1056794.5818872603,"{'510300': {'shares': 75400.0, 'price': 3.879, 'value': 292476.6, 'profit_pct': 2.4894174854502884}, '159915': {'shares': 121700.0, 'price': 2.35, 'value': 285995.0, 'profit_pct': 0.2413470389559177}, '511260': {'shares': 2200.0, 'price': 107.583, 'value': 236682.6, 'profit_pct': 0.03958232156272362}, '518880': {'shares': 60400.0, 'price': 3.903, 'value': 235741.2, 'profit_pct': -1.0129246229779236}}",0.006206367536857771,1.0567945818872604,0.0
2020-07-03,5899.181887260318,1061575.8,1067474.9818872605,"{'510300': {'shares': 75400.0, 'price': 3.966, 'value': 299036.4, 'profit_pct': 4.7880973826491005}, '159915': {'shares': 121700.0, 'price': 2.38, 'value': 289646.0, 'profit_pct': 1.521023809665985}, '511260': {'shares': 2200.0, 'price': 107.467, 'value': 236427.4, 'profit_pct': -0.06828408436852242}, '518880': {'shares': 60400.0, 'price': 3.915, 'value': 236466.0, 'profit_pct': -0.7085831152853111}}",0.010106410633679452,1.0674749818872604,0.0
2020-07-06,5899.181887260318,1091732.4,1097631.5818872603,"{'510300': {'shares': 75400.0, 'price': 4.293, 'value': 323692.2, 'profit_pct': 13.427963203154963}, '159915': {'shares': 121700.0, 'price': 2.45, 'value': 298165.0, 'profit_pct': 4.506936274656173}, '511260': {'shares': 2200.0, 'price': 106.452, 'value': 234194.4, 'profit_pct': -1.0121151362669285}, '518880': {'shares': 60400.0, 'price': 3.902, 'value': 235680.80000000002, 'profit_pct': -1.0382864152856384}}",0.028250404470073764,1.0976315818872604,0.0
2020-07-07,5899.181887260318,1094075.1,1099974.2818872605,"{'510300': {'shares': 75400.0, 'price': 4.245, 'value': 320073.0, 'profit_pct': 12.15972601849355}, '159915': {'shares': 121700.0, 'price': 2.503, 'value': 304615.10000000003, 'profit_pct': 6.767698569577303}, '511260': {'shares': 2200.0, 'price': 105.983, 'value': 233162.6, 'profit_pct': -1.4482301740406691}, '518880': {'shares': 60400.0, 'price': 3.911, 'value': 236224.4, 'profit_pct': -0.810030284516182}}",0.0021343226986709762,1.0999742818872604,0.0
2020-07-08,5899.181887260318,1107625.4000000001,1113524.5818872605,"{'510300': {'shares': 75400.0, 'price': 4.307, 'value': 324747.80000000005, 'profit_pct': 13.797865715347882}, '159915': {'shares': 121700.0, 'price': 2.574, 'value': 313255.8, 'profit_pct': 9.79626692692447}, '511260': {'shares': 2200.0, 'price': 105.623, 'value': 232370.6, 'profit_pct': -1.782987985551433}, '518880': {'shares': 60400.0, 'price': 3.928, 'value': 237251.19999999998, 'profit_pct': -0.37887981528498393}}",0.012318742558918183,1.1135245818872606,0.0
2020-07-09,5899.181887260318,1126529.6,1132428.7818872605,"{'510300': {'shares': 75400.0, 'price': 4.381, 'value': 330327.4, 'profit_pct': 15.753064708367553}, '159915': {'shares': 121700.0, 'price': 2.674, 'value': 325425.8, 'profit_pct': 14.061856162624725}, '511260': {'shares': 2200.0, 'price': 105.434, 'value': 231954.8, 'profit_pct': -1.9587358365945913}, '518880': {'shares': 60400.0, 'price': 3.954, 'value': 238821.6, 'profit_pct': 0.28052678471568177}}",0.016976904064353926,1.1324287818872605,0.0
2020-07-10,5899.181887260318,1120215.7000000002,1126114.8818872606,"{'510300': {'shares': 75400.0, 'price': 4.294, 'value': 323767.6, 'profit_pct': 13.45438481116873}, '159915': {'shares': 121700.0, 'price': 2.685, 'value': 326764.5, 'profit_pct': 14.53107097855176}, '511260': {'shares': 2200.0, 'price': 105.706, 'value': 232553.2, 'profit_pct': -1.7058077123420081}, '518880': {'shares': 60400.0, 'price': 3.926, 'value': 237130.40000000002, 'profit_pct': -0.4296033999004137}}",-0.005575538259878443,1.1261148818872606,-0.5575538259878443
2020-07-13,5899.181887260318,1142366.2,1148265.3818872604,"{'510300': {'shares': 75400.0, 'price': 4.394, 'value': 331307.60000000003, 'profit_pct': 16.09654561254668}, '159915': {'shares': 121700.0, 'price': 2.802, 'value': 341003.4, 'profit_pct': 19.521810384321054}, '511260': {'shares': 2200.0, 'price': 105.518, 'value': 232139.6, 'profit_pct': -1.8806256805754096}, '518880': {'shares': 60400.0, 'price': 3.939, 'value': 237915.6, 'profit_pct': -0.09990009990008648}}",0.019669840401076666,1.1482653818872604,0.0
2020-07-14,5899.181887260318,1135584.3,1141483.4818872605,"{'510300': {'shares': 75400.0, 'price': 4.351, 'value': 328065.4, 'profit_pct': 14.960416467954163}, '159915': {'shares': 121700.0, 'price': 2.767, 'value': 336743.89999999997, 'profit_pct': 18.02885415182596}, '511260': {'shares': 2200.0, 'price': 105.955, 'value': 233101.0, 'profit_pct': -1.474266892713734}, '518880': {'shares': 60400.0, 'price': 3.935, 'value': 237674.0, 'profit_pct': -0.20134726913095727}}",-0.005906213064486354,1.1414834818872603,-0.5906213064486354
2020-07-15,5899.181887260318,1126905.6,1132804.7818872605,"{'510300': {'shares': 75400.0, 'price': 4.293, 'value': 323692.2, 'profit_pct': 13.427963203154963}, '159915': {'shares': 121700.0, 'price': 2.722, 'value': 331267.4, 'profit_pct': 16.10933899576085}, '511260': {'shares': 2200.0, 'price': 106.35, 'value': 233970.0, 'profit_pct': -1.1069631828616489}, '518880': {'shares': 60400.0, 'price': 3.94, 'value': 237976.0, 'profit_pct': -0.07453830759237161}}",-0.007603000952454475,1.1328047818872604,-1.3464309073386138
2020-07-16,5899.181887260318,1089544.6,1095443.7818872605,"{'510300': {'shares': 75400.0, 'price': 4.065, 'value': 306501.00000000006, 'profit_pct': 7.403836576013267}, '159915': {'shares': 121700.0, 'price': 2.558, 'value': 311308.6, 'profit_pct': 9.11377264921243}, '511260': {'shares': 2200.0, 'price': 106.611, 'value': 234544.2, 'profit_pct': -0.8642637695163352}, '518880': {'shares': 60400.0, 'price': 3.927, 'value': 237190.8, 'profit_pct': -0.4042416075926989}}",-0.032980969534535665,1.0954437818872604,-4.600121264056889
2020-07-17,5899.181887260318,1094234.7,1100133.8818872604,"{'510300': {'shares': 75400.0, 'price': 4.114, 'value': 310195.6, 'profit_pct': 8.698495368688445}, '159915': {'shares': 121700.0, 'price': 2.583, 'value': 314351.10000000003, 'profit_pct': 10.180169958137508}, '511260': {'shares': 2200.0, 'price': 106.312, 'value': 233886.4, 'profit_pct': -1.1422987296322265}, '518880': {'shares': 60400.0, 'price': 3.904, 'value': 235801.6, 'profit_pct': -0.9875628306702087}}",0.004281461155331678,1.1001338818872604,-4.191670389025603
2020-07-20,5899.181887260318,1107865.2999999998,1113764.4818872602,"{'510300': {'shares': 75400.0, 'price': 4.236, 'value': 319394.39999999997, 'profit_pct': 11.921931546369526}, '159915': {'shares': 121700.0, 'price': 2.611, 'value': 317758.7, 'profit_pct': 11.374534944133579}, '511260': {'shares': 2200.0, 'price': 106.201, 'value': 233642.19999999998, 'profit_pct': -1.2455157215147161}, '518880': {'shares': 60400.0, 'price': 3.925, 'value': 237070.0, 'profit_pct': -0.4549651922081398}}",0.012389946555065423,1.1137644818872603,-3.0046103056155293
2020-07-21,5899.181887260318,1114364.7,1120263.8818872604,"{'510300': {'shares': 75400.0, 'price': 4.248, 'value': 320299.2, 'profit_pct': 12.238990842534893}, '159915': {'shares': 121700.0, 'price': 2.643, 'value': 321653.1, 'profit_pct': 12.739523499557642}, '511260': {'shares': 2200.0, 'price': 106.26, 'value': 233772.0, 'profit_pct': -1.19065263573933}, '518880': {'shares': 60400.0, 'price': 3.951, 'value': 238640.4, 'profit_pct': 0.20444140779252587}}",0.005835524570676709,1.1202638818872603,-2.43859132581159
2020-07-22,5899.181887260318,1129682.0,1135581.1818872604,"{'510300': {'shares': 75400.0, 'price': 4.301, 'value': 324295.4, 'profit_pct': 13.639336067265198}, '159915': {'shares': 121700.0, 'price': 2.678, 'value': 325912.6, 'profit_pct': 14.232479732052736}, '511260': {'shares': 2200.0, 'price': 106.944, 'value': 235276.80000000002, 'profit_pct': -0.5546127938688795}, '518880': {'shares': 60400.0, 'price': 4.043, 'value': 244197.2, 'profit_pct': 2.5377263001025536}}",0.013672939249095073,1.1355811818872603,-1.104640111953259
2020-07-23,5899.181887260318,1132806.5999999999,1138705.7818872603,"{'510300': {'shares': 75400.0, 'price': 4.275, 'value': 322335.0, 'profit_pct': 12.95237425890694}, '159915': {'shares': 121700.0, 'price': 2.706, 'value': 329320.2, 'profit_pct': 15.426844718048807}, '511260': {'shares': 2200.0, 'price': 107.075, 'value': 235565.0, 'profit_pct': -0.43279814579135106}, '518880': {'shares': 60400.0, 'price': 4.066, 'value': 245586.4, 'profit_pct': 3.1210475231800525}}",0.002751542602006607,1.1387057818872603,-0.8325253160805235
2020-07-24,5899.181887260318,1099258.7,1105157.8818872604,"{'510300': {'shares': 75400.0, 'price': 4.063, 'value': 306350.19999999995, 'profit_pct': 7.35099335998569}, '159915': {'shares': 121700.0, 'price': 2.537, 'value': 308752.89999999997, 'profit_pct': 8.21799890971538}, '511260': {'shares': 2200.0, 'price': 107.26, 'value': 235972.0, 'profit_pct': -0.2607698259872061}, '518880': {'shares': 60400.0, 'price': 4.109, 'value': 248183.6, 'profit_pct': 4.211604592411916}}",-0.029461429399610606,1.1051578818872603,-3.754140870218481
2020-07-27,5899.181887260318,1107527.0,1113426.1818872604,"{'510300': {'shares': 75400.0, 'price': 4.091, 'value': 308461.4, 'profit_pct': 8.090798384371526}, '159915': {'shares': 121700.0, 'price': 2.54, 'value': 309118.0, 'profit_pct': 8.345966586786394}, '511260': {'shares': 2200.0, 'price': 107.312, 'value': 236086.4, 'profit_pct': -0.21241591988010264}, '518880': {'shares': 60400.0, 'price': 4.203, 'value': 253861.2, 'profit_pct': 6.595613069337385}}",0.007481555473214829,1.1134261818872604,-3.034072136071808
2020-07-28,5899.181887260318,1113233.3,1119132.4818872605,"{'510300': {'shares': 75400.0, 'price': 4.126, 'value': 311100.4, 'profit_pct': 9.01555466485381}, '159915': {'shares': 121700.0, 'price': 2.573, 'value': 313134.1, 'profit_pct': 9.753611034567474}, '511260': {'shares': 2200.0, 'price': 107.018, 'value': 235439.6, 'profit_pct': -0.4858014659472242}, '518880': {'shares': 60400.0, 'price': 4.198, 'value': 253559.2, 'profit_pct': 6.4688041077988}}",0.00512499175322767,1.1191324818872606,-2.5371225554251087
2020-07-29,5899.181887260318,1136321.6,1142220.7818872605,"{'510300': {'shares': 75400.0, 'price': 4.258, 'value': 321053.2, 'profit_pct': 12.50320692267268}, '159915': {'shares': 121700.0, 'price': 2.68, 'value': 326156.0, 'profit_pct': 14.31779151676675}, '511260': {'shares': 2200.0, 'price': 106.85, 'value': 235070.0, 'profit_pct': -0.6420217779855869}, '518880': {'shares': 60400.0, 'price': 4.206, 'value': 254042.40000000002, 'profit_pct': 6.671698446260541}}",0.020630533358360736,1.1422207818872605,-0.5264114111029894
2020-07-30,5899.181887260318,1127858.2000000002,1133757.3818872606,"{'510300': {'shares': 75400.0, 'price': 4.223, 'value': 318414.2, 'profit_pct': 11.578450642190399}, '159915': {'shares': 121700.0, 'price': 2.652, 'value': 322748.4, 'profit_pct': 13.12342653077068}, '511260': {'shares': 2200.0, 'price': 106.63, 'value': 234586.0, 'profit_pct': -0.846595996131053}, '518880': {'shares': 60400.0, 'price': 4.174, 'value': 252109.60000000003, 'profit_pct': 5.860121092413575}}",-0.007409600783148118,1.1337573818872606,-1.2634709910138375
2020-07-31,5899.181887260318,1139040.2000000002,1144939.3818872606,"{'510300': {'shares': 75400.0, 'price': 4.259, 'value': 321128.60000000003, 'profit_pct': 12.529628530686468}, '159915': {'shares': 121700.0, 'price': 2.708, 'value': 329563.60000000003, 'profit_pct': 15.512156502762823}, '511260': {'shares': 2200.0, 'price': 106.228, 'value': 233701.59999999998, 'profit_pct': -1.2204088856514077}, '518880': {'shares': 60400.0, 'price': 4.216, 'value': 254646.40000000002, 'profit_pct': 6.925316369337713}}",0.009862780325528231,1.1449393818872606,-0.2896542952930625
2020-08-03,12169.171643160342,1142686.2,1154855.3716431602,"{'510300': {'shares': 72900.0, 'price': 4.334, 'value': 315948.6, 'profit_pct': -0.09990009990008084}, '159915': {'shares': 114000.0, 'price': 2.774, 'value': 316236.0, 'profit_pct': -0.09990009990008587}, '511260': {'shares': 2400.0, 'price': 106.309, 'value': 255141.6, 'profit_pct': -0.09990009990008279}, '518880': {'shares': 60800.0, 'price': 4.2, 'value': 255360.0, 'profit_pct': -0.09990009990009946}}",0.008660711573703184,1.1548553716431602,0.0
2020-08-04,12169.171643160342,1139289.0,1151458.1716431603,"{'510300': {'shares': 72900.0, 'price': 4.338, 'value': 316240.2, 'profit_pct': -0.007698807883365464}, '159915': {'shares': 114000.0, 'price': 2.738, 'value': 312132.0, 'profit_pct': -1.3963685917543036}, '511260': {'shares': 2400.0, 'price': 106.33, 'value': 255192.0, 'profit_pct': -0.0801660971542929}, '518880': {'shares': 60800.0, 'price': 4.206, 'value': 255724.80000000002, 'profit_pct': 0.04281432852862009}}",-0.0029416670549545776,1.1514581716431602,-0.29416670549545776
2020-08-05,12169.171643160342,1149559.2,1161728.3716431602,"{'510300': {'shares': 72900.0, 'price': 4.34, 'value': 316386.0, 'profit_pct': 0.03840183812498199}, '159915': {'shares': 114000.0, 'price': 2.763, 'value': 314982.0, 'profit_pct': -0.4960432501888786}, '511260': {'shares': 2400.0, 'price': 106.473, 'value': 255535.2, 'profit_pct': 0.05421306440036716}, '518880': {'shares': 60800.0, 'price': 4.32, 'value': 262656.0, 'profit_pct': 2.7543884686741857}}",0.008919299244143808,1.1617283716431603,0.0
2020-08-06,12169.171643160342,1145333.4,1157502.5716431602,"{'510300': {'shares': 72900.0, 'price': 4.322, 'value': 315073.8, 'profit_pct': -0.37650397595018603}, '159915': {'shares': 114000.0, 'price': 2.719, 'value': 309966.0, 'profit_pct': -2.080615851344034}, '511260': {'shares': 2400.0, 'price': 106.513, 'value': 255631.2, 'profit_pct': 0.09180164105901903}, '518880': {'shares': 60800.0, 'price': 4.353, 'value': 264662.39999999997, 'profit_pct': 3.539317825032101}}",-0.0036375112316685554,1.1575025716431602,-0.36375112316685554
2020-08-07,12169.171643160342,1135959.7999999998,1148128.97164316,"{'510300': {'shares': 72900.0, 'price': 4.274, 'value': 311574.6, 'profit_pct': -1.4829194801506476}, '159915': {'shares': 114000.0, 'price': 2.657, 'value': 302898.0, 'profit_pct': -4.31342269842629}, '511260': {'shares': 2400.0, 'price': 106.377, 'value': 255304.8, 'profit_pct': -0.03599951958038664}, '518880': {'shares': 60800.0, 'price': 4.378, 'value': 266182.4, 'profit_pct': 4.133961276818419}}",-0.008098124556815134,1.1481289716431602,-1.170617876945279
2020-08-10,12169.171643160342,1133793.4,1145962.5716431602,"{'510300': {'shares': 72900.0, 'price': 4.29, 'value': 312741.0, 'profit_pct': -1.114114312083827}, '159915': {'shares': 114000.0, 'price': 2.641, 'value': 301074.0, 'profit_pct': -4.889630917028164}, '511260': {'shares': 2400.0, 'price': 106.483, 'value': 255559.2, 'profit_pct': 0.06361020856503347}, '518880': {'shares': 60800.0, 'price': 4.349, 'value': 264419.2, 'profit_pct': 3.444174872746302}}",-0.001886896031287666,1.1459625716431603,-1.3570986458478873
2020-08-11,12169.171643160342,1119549.0999999999,1131718.2716431601,"{'510300': {'shares': 72900.0, 'price': 4.243, 'value': 309314.7, 'profit_pct': -2.1974794932801047}, '159915': {'shares': 114000.0, 'price': 2.6, 'value': 296400.0, 'profit_pct': -6.366164477195464}, '511260': {'shares': 2400.0, 'price': 106.355, 'value': 255252.0, 'profit_pct': -0.05667323674263382}, '518880': {'shares': 60800.0, 'price': 4.253, 'value': 258582.4, 'profit_pct': 1.160744017886874}}",-0.012429987115177399,1.1317182716431602,-2.58322863868371
2020-08-12,12169.171643160342,1094819.5,1106988.6716431603,"{'510300': {'shares': 72900.0, 'price': 4.211, 'value': 306981.9, 'profit_pct': -2.9350898294137457}, '159915': {'shares': 114000.0, 'price': 2.548, 'value': 290472.0, 'profit_pct': -8.238841187651555}, '511260': {'shares': 2400.0, 'price': 106.181, 'value': 254834.4, 'profit_pct': -0.2201835452077501}, '518880': {'shares': 60800.0, 'price': 3.989, 'value': 242531.19999999998, 'profit_pct': -5.1186908329765535}}",-0.02185137469247933,1.1069886716431603,-4.711919011031429
2020-08-13,12169.171643160342,1096875.2,1109044.3716431602,"{'510300': {'shares': 72900.0, 'price': 4.196, 'value': 305888.39999999997, 'profit_pct': -3.280844674476403}, '159915': {'shares': 114000.0, 'price': 2.535, 'value': 288990.0, 'profit_pct': -8.707010365265575}, '511260': {'shares': 2400.0, 'price': 106.464, 'value': 255513.6, 'profit_pct': 0.04575563465217149}, '518880': {'shares': 60800.0, 'price': 4.054, 'value': 246483.2, 'profit_pct': -3.572617858332141}}",0.0018570199069414262,1.1090443716431602,-4.5349671477406766
2020-08-14,12169.171643160342,1110685.9,1122855.0716431602,"{'510300': {'shares': 72900.0, 'price': 4.287, 'value': 312522.3, 'profit_pct': -1.1832652810963584}, '159915': {'shares': 114000.0, 'price': 2.579, 'value': 294006.0, 'profit_pct': -7.12243776411042}, '511260': {'shares': 2400.0, 'price': 106.503, 'value': 255607.2, 'profit_pct': 0.08240449689435272}, '518880': {'shares': 60800.0, 'price': 4.088, 'value': 248550.4, 'profit_pct': -2.763902763902766}}",0.012452793010921726,1.1228550716431602,-3.346160853850655
2020-08-17,12169.171643160342,1123803.8,1135972.9716431603,"{'510300': {'shares': 72900.0, 'price': 4.386, 'value': 319739.4, 'profit_pct': 1.098716696317096}, '159915': {'shares': 114000.0, 'price': 2.607, 'value': 297198.0, 'profit_pct': -6.11407338155714}, '511260': {'shares': 2400.0, 'price': 106.593, 'value': 255823.2, 'profit_pct': 0.16697879437630941}, '518880': {'shares': 60800.0, 'price': 4.129, 'value': 251043.19999999998, 'profit_pct': -1.7886875029732314}}",0.011682629692186142,1.1359729716431604,-2.216989842778072
2020-08-18,12169.171643160342,1128979.0999999999,1141148.2716431601,"{'510300': {'shares': 72900.0, 'price': 4.379, 'value': 319229.1, 'profit_pct': 0.9373644352878494}, '159915': {'shares': 114000.0, 'price': 2.605, 'value': 296970.0, 'profit_pct': -6.186099408882382}, '511260': {'shares': 2400.0, 'price': 106.625, 'value': 255900.0, 'profit_pct': 0.1970496557032229}, '518880': {'shares': 60800.0, 'price': 4.225, 'value': 256879.99999999997, 'profit_pct': 0.4947433518861967}}",0.004555830225884572,1.1411482716431602,-1.7715070495258223
2020-08-19,12169.171643160342,1110856.7,1123025.8716431602,"{'510300': {'shares': 72900.0, 'price': 4.303, 'value': 313688.7, 'profit_pct': -0.814460113029538}, '159915': {'shares': 114000.0, 'price': 2.524, 'value': 287736.0, 'profit_pct': -9.103153515554368}, '511260': {'shares': 2400.0, 'price': 106.446, 'value': 255470.4, 'profit_pct': 0.02884077515578015}, '518880': {'shares': 60800.0, 'price': 4.177, 'value': 253961.59999999998, 'profit_pct': -0.6469720755435173}}",-0.01588084603055584,1.1230258716431603,-3.331458621885841
2020-08-20,12169.171643160342,1098716.8,1110885.9716431603,"{'510300': {'shares': 72900.0, 'price': 4.252, 'value': 309970.8, 'profit_pct': -1.9900265862425313}, '159915': {'shares': 114000.0, 'price': 2.503, 'value': 285342.0, 'profit_pct': -9.859426802469324}, '511260': {'shares': 2400.0, 'price': 106.189, 'value': 254853.59999999998, 'profit_pct': -0.21266582987602506}, '518880': {'shares': 60800.0, 'price': 4.088, 'value': 248550.4, 'profit_pct': -2.763902763902766}}",-0.010809991387141782,1.1108859716431603,-4.376444721590811
2020-08-21,12169.171643160342,1107056.1,1119225.2716431604,"{'510300': {'shares': 72900.0, 'price': 4.293, 'value': 312959.7, 'profit_pct': -1.0449633430712957}, '159915': {'shares': 114000.0, 'price': 2.547, 'value': 290358.0, 'profit_pct': -8.274854201314168}, '511260': {'shares': 2400.0, 'price': 106.227, 'value': 254944.80000000002, 'profit_pct': -0.1769566820503011}, '518880': {'shares': 60800.0, 'price': 4.092, 'value': 248793.59999999998, 'profit_pct': -2.6687598116169666}}",0.007506891087718959,1.1192252716431603,-3.658609106695321
2020-08-24,12169.171643160342,1112885.9,1125055.0716431602,"{'510300': {'shares': 72900.0, 'price': 4.323, 'value': 315146.7, 'profit_pct': -0.35345365294600206}, '159915': {'shares': 114000.0, 'price': 2.598, 'value': 296172.0, 'profit_pct': -6.438190504520707}, '511260': {'shares': 2400.0, 'price': 106.209, 'value': 254901.6, 'profit_pct': -0.19387154154669245}, '518880': {'shares': 60800.0, 'price': 4.057, 'value': 246665.60000000003, 'profit_pct': -3.5012606441177816}}",0.005208781598936785,1.1250550716431602,-3.1567878425942997
2020-08-25,12169.171643160342,1114885.2000000002,1127054.3716431605,"{'510300': {'shares': 72900.0, 'price': 4.332, 'value': 315802.8, 'profit_pct': -0.1460007459084283}, '159915': {'shares': 114000.0, 'price': 2.612, 'value': 297768.0, 'profit_pct': -5.934008313244058}, '511260': {'shares': 2400.0, 'price': 105.901, 'value': 254162.4, 'profit_pct': -0.4833035818182731}, '518880': {'shares': 60800.0, 'price': 4.065, 'value': 247152.00000000003, 'profit_pct': -3.3109747395461624}}",0.001777068563479478,1.1270543716431605,-2.984690814683
2020-08-26,12169.171643160342,1103094.5,1115263.6716431603,"{'510300': {'shares': 72900.0, 'price': 4.273, 'value': 311501.69999999995, 'profit_pct': -1.5059698031548316}, '159915': {'shares': 114000.0, 'price': 2.552, 'value': 290928.0, 'profit_pct': -8.094789133001088}, '511260': {'shares': 2400.0, 'price': 105.757, 'value': 253816.80000000002, 'profit_pct': -0.6186224577893904}, '518880': {'shares': 60800.0, 'price': 4.06, 'value': 246847.99999999997, 'profit_pct': -3.429903429903443}}",-0.01046151835852449,1.1152636716431603,-3.9996182527831214
2020-08-27,12169.171643160342,1114672.9000000001,1126842.0716431604,"{'510300': {'shares': 72900.0, 'price': 4.309, 'value': 314126.10000000003, 'profit_pct': -0.6761581750044752}, '159915': {'shares': 114000.0, 'price': 2.603, 'value': 296742.0, 'profit_pct': -6.258125436207608}, '511260': {'shares': 2400.0, 'price': 105.824, 'value': 253977.6, 'profit_pct': -0.5556615918861649}, '518880': {'shares': 60800.0, 'price': 4.109, 'value': 249827.2, 'profit_pct': -2.2644022644022685}}",0.010381760201102264,1.1268420716431604,-3.0029653102692344
2020-08-28,12169.171643160342,1129635.4,1141804.5716431602,"{'510300': {'shares': 72900.0, 'price': 4.426, 'value': 322655.4, 'profit_pct': 2.0207296164841475}, '159915': {'shares': 114000.0, 'price': 2.666, 'value': 303924.0, 'profit_pct': -3.989305575462739}, '511260': {'shares': 2400.0, 'price': 105.512, 'value': 253228.8, 'profit_pct': -0.8488524898236014}, '518880': {'shares': 60800.0, 'price': 4.109, 'value': 249827.2, 'profit_pct': -2.2644022644022685}}",0.013278258219611372,1.1418045716431602,-1.7150136371223867
2020-08-31,12169.171643160342,1124235.5,1136404.6716431603,"{'510300': {'shares': 72900.0, 'price': 4.383, 'value': 319520.7, 'profit_pct': 1.0295657273045649}, '159915': {'shares': 114000.0, 'price': 2.637, 'value': 300618.0, 'profit_pct': -5.033682971678633}, '511260': {'shares': 2400.0, 'price': 105.591, 'value': 253418.4, 'profit_pct': -0.7746150509227816}, '518880': {'shares': 60800.0, 'price': 4.123, 'value': 250678.40000000002, 'profit_pct': -1.93140193140193}}",-0.004729268155082789,1.1364046716431604,-2.1798296932510897
2020-09-01,16128.733451960405,1125952.1,1142080.8334519605,"{'510300': {'shares': 95400.0, 'price': 4.417, 'value': 421381.8, 'profit_pct': -0.09990009990008245}, '159915': {'shares': 158500.0, 'price': 2.658, 'value': 421293.0, 'profit_pct': -0.09990009990009342}, '511260': {'shares': 1300.0, 'price': 105.984, 'value': 137779.19999999998, 'profit_pct': -0.09990009990007928}, '518880': {'shares': 34900.0, 'price': 4.169, 'value': 145498.09999999998, 'profit_pct': -0.0999000999000808}}",0.004994842022774115,1.1420808334519605,-1.6912333959280046
2020-09-02,16128.733451960405,1126686.4,1142815.1334519603,"{'510300': {'shares': 95400.0, 'price': 4.413, 'value': 421000.2, 'profit_pct': -0.19036883424474074}, '159915': {'shares': 158500.0, 'price': 2.676, 'value': 424146.0, 'profit_pct': 0.5766242786558968}, '511260': {'shares': 1300.0, 'price': 105.829, 'value': 137577.69999999998, 'profit_pct': -0.24600248785029444}, '518880': {'shares': 34900.0, 'price': 4.125, 'value': 143962.5, 'profit_pct': -1.1542547162599648}}",0.0006429492365969125,1.1428151334519603,-1.6280258494891453
2020-09-03,16128.733451960405,1119015.3,1135144.0334519604,"{'510300': {'shares': 95400.0, 'price': 4.393, 'value': 419092.19999999995, 'profit_pct': -0.6427125059680925}, '159915': {'shares': 158500.0, 'price': 2.653, 'value': 420500.5, 'profit_pct': -0.287823538387862}, '511260': {'shares': 1300.0, 'price': 106.133, 'value': 137972.9, 'profit_pct': 0.04054671174238543}, '518880': {'shares': 34900.0, 'price': 4.053, 'value': 141449.7, 'profit_pct': -2.8795622703034285}}",-0.006712459238117252,1.1351440334519605,-2.2883437161475784
2020-09-04,16128.733451960405,1111842.1,1127970.8334519605,"{'510300': {'shares': 95400.0, 'price': 4.338, 'value': 413845.2, 'profit_pct': -1.8866576032072746}, '159915': {'shares': 158500.0, 'price': 2.638, 'value': 418123.0, 'profit_pct': -0.8515938538511845}, '511260': {'shares': 1300.0, 'price': 106.158, 'value': 138005.4, 'profit_pct': 0.06411161302468338}, '518880': {'shares': 34900.0, 'price': 4.065, 'value': 141868.5, 'profit_pct': -2.592011011296174}}",-0.006319198082895605,1.1279708334519605,-2.9058030272130497
2020-09-07,16128.733451960405,1088096.0999999999,1104224.8334519602,"{'510300': {'shares': 95400.0, 'price': 4.241, 'value': 404591.39999999997, 'profit_pct': -4.08052441106549}, '159915': {'shares': 158500.0, 'price': 2.549, 'value': 404016.5, 'profit_pct': -4.196631058933535}, '511260': {'shares': 1300.0, 'price': 105.915, 'value': 137689.5, 'profit_pct': -0.1649392274391959}, '518880': {'shares': 34900.0, 'price': 4.063, 'value': 141798.69999999998, 'profit_pct': -2.6399362211307307}}",-0.02105196277755661,1.1042248334519602,-4.949826447800909
2020-09-08,16128.733451960405,1093321.5999999999,1109450.3334519602,"{'510300': {'shares': 95400.0, 'price': 4.265, 'value': 406880.99999999994, 'profit_pct': -3.5377120049974793}, '159915': {'shares': 158500.0, 'price': 2.564, 'value': 406394.0, 'profit_pct': -3.632860743470213}, '511260': {'shares': 1300.0, 'price': 106.264, 'value': 138143.19999999998, 'profit_pct': 0.16402679446159882}, '518880': {'shares': 34900.0, 'price': 4.066, 'value': 141903.4, 'profit_pct': -2.5680484063789173}}",0.004732279008491824,1.1094503334519603,-4.500022506746337
2020-09-09,16128.733451960405,1063519.8,1079648.5334519604,"{'510300': {'shares': 95400.0, 'price': 4.154, 'value': 396291.6, 'profit_pct': -6.048219383062018}, '159915': {'shares': 158500.0, 'price': 2.44, 'value': 386740.0, 'profit_pct': -8.293362017966977}, '511260': {'shares': 1300.0, 'price': 106.55, 'value': 138515.0, 'profit_pct': 0.4336092651310274}, '518880': {'shares': 34900.0, 'price': 4.068, 'value': 141973.19999999998, 'profit_pct': -2.5201231965443815}}",-0.026861770285177222,1.0796485334519603,-7.065320964409716
2020-09-10,16128.733451960405,1059096.0,1075224.7334519604,"{'510300': {'shares': 95400.0, 'price': 4.158, 'value': 396673.2, 'profit_pct': -5.957750648717339}, '159915': {'shares': 158500.0, 'price': 2.403, 'value': 380875.5, 'profit_pct': -9.683995462776492}, '511260': {'shares': 1300.0, 'price': 106.613, 'value': 138596.9, 'profit_pct': 0.49299281636240694}, '518880': {'shares': 34900.0, 'price': 4.096, 'value': 142950.4, 'profit_pct': -1.8491702588608019}}",-0.004097444550640761,1.0752247334519605,-7.4461156585896475
2020-09-11,16128.733451960405,1068775.4,1084904.1334519603,"{'510300': {'shares': 95400.0, 'price': 4.194, 'value': 400107.6, 'profit_pct': -5.143532039615335}, '159915': {'shares': 158500.0, 'price': 2.449, 'value': 388166.5, 'profit_pct': -7.955099828688991}, '511260': {'shares': 1300.0, 'price': 106.05, 'value': 137865.0, 'profit_pct': -0.037688760514824476}, '518880': {'shares': 34900.0, 'price': 4.087, 'value': 142636.3, 'profit_pct': -2.0648337031162427}}",0.00900221107165633,1.0849041334519602,-6.612926056246604
2020-09-14,16128.733451960405,1076362.0,1092490.7334519604,"{'510300': {'shares': 95400.0, 'price': 4.221, 'value': 402683.4, 'profit_pct': -4.532868082788821}, '159915': {'shares': 158500.0, 'price': 2.484, 'value': 393714.0, 'profit_pct': -6.639635759274578}, '511260': {'shares': 1300.0, 'price': 105.664, 'value': 137363.2, 'profit_pct': -0.401530836313418}, '518880': {'shares': 34900.0, 'price': 4.086, 'value': 142601.40000000002, 'profit_pct': -2.0887963080335}}",0.006992875928918174,1.0924907334519605,-5.959881834793224
2020-09-15,16128.733451960405,1083899.1,1100027.8334519605,"{'510300': {'shares': 95400.0, 'price': 4.256, 'value': 406022.4, 'profit_pct': -3.7412666572729703}, '159915': {'shares': 158500.0, 'price': 2.504, 'value': 396884.0, 'profit_pct': -5.887942005323486}, '511260': {'shares': 1300.0, 'price': 106.079, 'value': 137902.69999999998, 'profit_pct': -0.010353475027368497}, '518880': {'shares': 34900.0, 'price': 4.1, 'value': 143090.0, 'profit_pct': -1.753319839191731}}",0.006899005885555587,1.1000278334519604,-5.311098506093115
2020-09-16,16128.733451960405,1075469.5,1091598.2334519604,"{'510300': {'shares': 95400.0, 'price': 4.228, 'value': 403351.19999999995, 'profit_pct': -4.374547797685659}, '159915': {'shares': 158500.0, 'price': 2.47, 'value': 391495.00000000006, 'profit_pct': -7.165821387040333}, '511260': {'shares': 1300.0, 'price': 106.117, 'value': 137952.1, 'profit_pct': 0.025465174921726532}, '518880': {'shares': 34900.0, 'price': 4.088, 'value': 142671.2, 'profit_pct': -2.0408710981989646}}",-0.007663078827330638,1.0915982334519603,-6.036707022314269
2020-09-17,16128.733451960405,1071178.7,1087307.4334519603,"{'510300': {'shares': 95400.0, 'price': 4.199, 'value': 400584.6, 'profit_pct': -5.030446121684502}, '159915': {'shares': 158500.0, 'price': 2.467, 'value': 391019.5, 'profit_pct': -7.278575450133}, '511260': {'shares': 1300.0, 'price': 106.062, 'value': 137880.6, 'profit_pct': -0.026377607899323603}, '518880': {'shares': 34900.0, 'price': 4.06, 'value': 141694.0, 'profit_pct': -2.7118240358825445}}",-0.003930750223396062,1.0873074334519603,-6.406053257177335
2020-09-18,16128.733451960405,1090668.6,1106797.3334519605,"{'510300': {'shares': 95400.0, 'price': 4.32, 'value': 412128.0, 'profit_pct': -2.293766907758277}, '159915': {'shares': 158500.0, 'price': 2.513, 'value': 398310.5, 'profit_pct': -5.549679816045499}, '511260': {'shares': 1300.0, 'price': 106.083, 'value': 137907.9, 'profit_pct': -0.006583090822197076}, '518880': {'shares': 34900.0, 'price': 4.078, 'value': 142322.2, 'profit_pct': -2.2804971473716624}}",0.017924921140402894,1.1067973334519605,-4.728389142593182
2020-09-21,16128.733451960405,1080843.7,1096972.4334519603,"{'510300': {'shares': 95400.0, 'price': 4.265, 'value': 406880.99999999994, 'profit_pct': -3.5377120049974793}, '159915': {'shares': 158500.0, 'price': 2.48, 'value': 393080.0, 'profit_pct': -6.789974510064795}, '511260': {'shares': 1300.0, 'price': 106.585, 'value': 138560.5, 'profit_pct': 0.46660012692623376}, '518880': {'shares': 34900.0, 'price': 4.078, 'value': 142322.2, 'profit_pct': -2.2804971473716624}}",-0.008876873573012256,1.0969724334519604,-5.574103187271606
2020-09-22,16128.733451960405,1070650.7,1086779.4334519603,"{'510300': {'shares': 95400.0, 'price': 4.208, 'value': 401443.2, 'profit_pct': -4.826891469408991}, '159915': {'shares': 158500.0, 'price': 2.469, 'value': 391336.5, 'profit_pct': -7.203406074737899}, '511260': {'shares': 1300.0, 'price': 106.765, 'value': 138794.5, 'profit_pct': 0.6362674161587468}, '518880': {'shares': 34900.0, 'price': 3.985, 'value': 139076.5, 'profit_pct': -4.509019404677812}}",-0.009291938146453349,1.0867794334519603,-6.45150277987886
2020-09-23,16128.733451960405,1075755.3,1091884.0334519604,"{'510300': {'shares': 95400.0, 'price': 4.222, 'value': 402778.80000000005, 'profit_pct': -4.510250899202646}, '159915': {'shares': 158500.0, 'price': 2.508, 'value': 397518.0, 'profit_pct': -5.737603254533267}, '511260': {'shares': 1300.0, 'price': 106.52, 'value': 138476.0, 'profit_pct': 0.4053313835922752}, '518880': {'shares': 34900.0, 'price': 3.925, 'value': 136982.5, 'profit_pct': -5.946775699714031}}",0.0046969972405406235,1.0918840334519604,-6.012105746579232
2020-09-24,16128.733451960405,1058252.5,1074381.2334519604,"{'510300': {'shares': 95400.0, 'price': 4.145, 'value': 395432.99999999994, 'profit_pct': -6.251774035337529}, '159915': {'shares': 158500.0, 'price': 2.454, 'value': 388959.0, 'profit_pct': -7.767176390201206}, '511260': {'shares': 1300.0, 'price': 106.472, 'value': 138413.6, 'profit_pct': 0.3600867731302717}, '518880': {'shares': 34900.0, 'price': 3.881, 'value': 135446.9, 'profit_pct': -7.001130316073927}}",-0.016029907447831615,1.0743812334519605,-7.518722992678162
2020-09-25,16128.733451960405,1060456.9,1076585.6334519603,"{'510300': {'shares': 95400.0, 'price': 4.148, 'value': 395719.19999999995, 'profit_pct': -6.183922484579026}, '159915': {'shares': 158500.0, 'price': 2.457, 'value': 389434.5, 'profit_pct': -7.654422327108554}, '511260': {'shares': 1300.0, 'price': 106.32, 'value': 138216.0, 'profit_pct': 0.2168121733339318}, '518880': {'shares': 34900.0, 'price': 3.928, 'value': 137087.2, 'profit_pct': -5.8748878849622175}}",0.00205178565239561,1.0765856334519603,-7.328971235399306
2020-09-28,16128.733451960405,1057634.6,1073763.3334519605,"{'510300': {'shares': 95400.0, 'price': 4.158, 'value': 396673.2, 'profit_pct': -5.957750648717339}, '159915': {'shares': 158500.0, 'price': 2.434, 'value': 385789.0, 'profit_pct': -8.518870144152297}, '511260': {'shares': 1300.0, 'price': 106.461, 'value': 138399.3, 'profit_pct': 0.349718216566067}, '518880': {'shares': 34900.0, 'price': 3.919, 'value': 136773.1, 'profit_pct': -6.090551329217648}}",-0.002621528573579779,1.0737633334519605,-7.571910985248742
2020-09-29,16128.733451960405,1067417.9,1083546.6334519603,"{'510300': {'shares': 95400.0, 'price': 4.169, 'value': 397722.6, 'profit_pct': -5.708961629269519}, '159915': {'shares': 158500.0, 'price': 2.479, 'value': 392921.5, 'profit_pct': -6.827559197762345}, '511260': {'shares': 1300.0, 'price': 106.27, 'value': 138151.0, 'profit_pct': 0.16968237076934928}, '518880': {'shares': 34900.0, 'price': 3.972, 'value': 138622.8, 'profit_pct': -4.820533268602323}}",0.009111225625993535,1.0835466334519603,-6.729777812055926
2020-09-30,16128.733451960405,1067457.6,1083586.3334519605,"{'510300': {'shares': 95400.0, 'price': 4.155, 'value': 396387.0, 'profit_pct': -6.025602199475843}, '159915': {'shares': 158500.0, 'price': 2.489, 'value': 394506.5, 'profit_pct': -6.451712320786808}, '511260': {'shares': 1300.0, 'price': 106.055, 'value': 137871.5, 'profit_pct': -0.032975780258356846}, '518880': {'shares': 34900.0, 'price': 3.974, 'value': 138692.6, 'profit_pct': -4.772608058767777}}",3.6638939916899815e-05,1.0835863334519604,-6.726360489989148
2020-10-09,25740.69978138042,1078183.2999999998,1103923.9997813802,"{'510300': {'shares': 94100.0, 'price': 4.248, 'value': 399736.80000000005, 'profit_pct': -0.09990009990009016}, '159915': {'shares': 154900.0, 'price': 2.581, 'value': 399796.89999999997, 'profit_pct': -0.09990009990008916}, '511260': {'shares': 1300.0, 'price': 105.907, 'value': 137679.1, 'profit_pct': -0.09990009990008836}, '518880': {'shares': 35500.0, 'price': 3.971, 'value': 140970.5, 'profit_pct': -0.09990009990009856}}",0.01876884720816885,1.1039239997813801,-4.975721801475929
2020-10-12,25740.69978138042,1109046.4,1134787.0997813803,"{'510300': {'shares': 94100.0, 'price': 4.396, 'value': 413663.6, 'profit_pct': 3.380611855188129}, '159915': {'shares': 154900.0, 'price': 2.683, 'value': 415596.69999999995, 'profit_pct': 3.848108497469217}, '511260': {'shares': 1300.0, 'price': 105.607, 'value': 137289.1, 'profit_pct': -0.382884510468131}, '518880': {'shares': 35500.0, 'price': 4.014, 'value': 142497.0, 'profit_pct': 0.9818687985396674}}",0.027957631146811046,1.1347870997813803,-2.319068081609643
2020-10-13,25740.69978138042,1110997.1,1136737.7997813805,"{'510300': {'shares': 94100.0, 'price': 4.412, 'value': 415169.2, 'profit_pct': 3.7568834179003696}, '159915': {'shares': 154900.0, 'price': 2.688, 'value': 416371.2, 'profit_pct': 4.0416383306736074}, '511260': {'shares': 1300.0, 'price': 105.654, 'value': 137350.19999999998, 'profit_pct': -0.33855028614580673}, '518880': {'shares': 35500.0, 'price': 4.003, 'value': 142106.5, 'profit_pct': 0.7051372198690276}}",0.0017190008596115192,1.1367377997813806,-2.1511544756742773
2020-10-14,25740.69978138042,1103913.2,1129653.8997813803,"{'510300': {'shares': 94100.0, 'price': 4.388, 'value': 412910.8, 'profit_pct': 3.192476073832008}, '159915': {'shares': 154900.0, 'price': 2.668, 'value': 413273.2, 'profit_pct': 3.2675189978560946}, '511260': {'shares': 1300.0, 'price': 105.554, 'value': 137220.2, 'profit_pct': -0.43287842300181645}, '518880': {'shares': 35500.0, 'price': 3.958, 'value': 140509.0, 'profit_pct': -0.42694651105630327}}",-0.006231780100356077,1.1296538997813803,-2.760926964055588
2020-10-15,25740.69978138042,1099709.1,1125449.7997813805,"{'510300': {'shares': 94100.0, 'price': 4.376, 'value': 411781.60000000003, 'profit_pct': 2.910272401797838}, '159915': {'shares': 154900.0, 'price': 2.65, 'value': 410485.0, 'profit_pct': 2.5708115983203252}, '511260': {'shares': 1300.0, 'price': 105.47, 'value': 137111.0, 'profit_pct': -0.5121140579608721}, '518880': {'shares': 35500.0, 'price': 3.953, 'value': 140331.5, 'profit_pct': -0.5527335922702376}}",-0.003721582336690399,1.1254497997813804,-3.1228101807023068
2020-10-16,25740.69978138042,1096626.6,1122367.2997813805,"{'510300': {'shares': 94100.0, 'price': 4.362, 'value': 410464.2, 'profit_pct': 2.581034784424622}, '159915': {'shares': 154900.0, 'price': 2.634, 'value': 408006.6, 'profit_pct': 1.9515161320663148}, '511260': {'shares': 1300.0, 'price': 105.691, 'value': 137398.30000000002, 'profit_pct': -0.30364887550907527}, '518880': {'shares': 35500.0, 'price': 3.965, 'value': 140757.5, 'profit_pct': -0.2508445973568153}}",-0.002738904925478458,1.1223672997813805,-3.388147593064894
2020-10-19,25740.69978138042,1088858.8,1114599.4997813804,"{'510300': {'shares': 94100.0, 'price': 4.331, 'value': 407547.10000000003, 'profit_pct': 1.852008631669663}, '159915': {'shares': 154900.0, 'price': 2.6, 'value': 402740.0, 'profit_pct': 0.635513266276552}, '511260': {'shares': 1300.0, 'price': 105.929, 'value': 137707.7, 'profit_pct': -0.0791479097917598}, '518880': {'shares': 35500.0, 'price': 3.968, 'value': 140864.0, 'profit_pct': -0.17537234862845694}}",-0.006920907265841714,1.1145994997813804,-4.056789264354476
2020-10-20,25740.69978138042,1097819.1,1123559.7997813805,"{'510300': {'shares': 94100.0, 'price': 4.361, 'value': 410370.1, 'profit_pct': 2.557517811755099}, '159915': {'shares': 154900.0, 'price': 2.645, 'value': 409710.5, 'profit_pct': 2.377281765115951}, '511260': {'shares': 1300.0, 'price': 105.725, 'value': 137442.5, 'profit_pct': -0.2715773089780379}, '518880': {'shares': 35500.0, 'price': 3.952, 'value': 140296.0, 'profit_pct': -0.57789100851302}}",0.0080390310616123,1.1235597997813804,-3.2854988130998075
2020-10-21,25740.69978138042,1093806.7,1119547.3997813803,"{'510300': {'shares': 94100.0, 'price': 4.367, 'value': 410934.7, 'profit_pct': 2.6986196477721944}, '159915': {'shares': 154900.0, 'price': 2.612, 'value': 404598.8, 'profit_pct': 1.0999848659670597}, '511260': {'shares': 1300.0, 'price': 105.754, 'value': 137480.2, 'profit_pct': -0.24422214928978356}, '518880': {'shares': 35500.0, 'price': 3.966, 'value': 140793.0, 'profit_pct': -0.22568718111402172}}",-0.003571149484683289,1.1195473997813803,-3.6308807541748145
2020-10-22,25740.69978138042,1087963.7999999998,1113704.4997813802,"{'510300': {'shares': 94100.0, 'price': 4.351, 'value': 409429.1, 'profit_pct': 2.3223480850599536}, '159915': {'shares': 154900.0, 'price': 2.582, 'value': 399951.8, 'profit_pct': -0.06119413325921784}, '511260': {'shares': 1300.0, 'price': 105.883, 'value': 137647.9, 'profit_pct': -0.12253885274553286}, '518880': {'shares': 35500.0, 'price': 3.97, 'value': 140935.0, 'profit_pct': -0.12505751614288096}}",-0.005218984029743745,1.11370449978138,-4.133829648479237
2020-10-23,25740.69978138042,1071895.8,1097636.4997813804,"{'510300': {'shares': 94100.0, 'price': 4.295, 'value': 404159.5, 'profit_pct': 1.00539761556711}, '159915': {'shares': 154900.0, 'price': 2.516, 'value': 389728.4, 'profit_pct': -2.615787931557001}, '511260': {'shares': 1300.0, 'price': 105.823, 'value': 137569.9, 'profit_pct': -0.17913573485914405}, '518880': {'shares': 35500.0, 'price': 3.956, 'value': 140438.0, 'profit_pct': -0.4772613435418792}}",-0.014427525437092026,1.0976364997813803,-5.516941259782405
2020-10-26,25740.69978138042,1070316.6,1096057.2997813805,"{'510300': {'shares': 94100.0, 'price': 4.259, 'value': 400771.9, 'profit_pct': 0.15878659946457818}, '159915': {'shares': 154900.0, 'price': 2.533, 'value': 392361.7, 'profit_pct': -1.9577864986621194}, '511260': {'shares': 1300.0, 'price': 105.68, 'value': 137384.0, 'profit_pct': -0.3140249705632329}, '518880': {'shares': 35500.0, 'price': 3.938, 'value': 139799.0, 'profit_pct': -0.930094835912007}}",-0.0014387276665038806,1.0960572997813804,-5.652876650407867
2020-10-27,25740.69978138042,1077365.2000000002,1103105.8997813805,"{'510300': {'shares': 94100.0, 'price': 4.273, 'value': 402089.3, 'profit_pct': 0.4880242168377734}, '159915': {'shares': 154900.0, 'price': 2.56, 'value': 396544.0, 'profit_pct': -0.912725399358473}, '511260': {'shares': 1300.0, 'price': 105.943, 'value': 137725.9, 'profit_pct': -0.06594197063192166}, '518880': {'shares': 35500.0, 'price': 3.972, 'value': 141006.0, 'profit_pct': -0.07474268365731616}}",0.00643086816848526,1.1031058997813805,-5.046142738070813
2020-10-28,25740.69978138042,1083811.4,1109552.0997813803,"{'510300': {'shares': 94100.0, 'price': 4.313, 'value': 405853.3, 'profit_pct': 1.428703123618376}, '159915': {'shares': 154900.0, 'price': 2.577, 'value': 399177.3, 'profit_pct': -0.2547239664635917}, '511260': {'shares': 1300.0, 'price': 105.926, 'value': 137703.8, 'profit_pct': -0.08197775389744036}, '518880': {'shares': 35500.0, 'price': 3.974, 'value': 141077.0, 'profit_pct': -0.024427851171740195}}",0.005843681917826027,1.1095520997813804,-4.491262599361445
2020-10-29,25740.69978138042,1090762.4,1116503.0997813803,"{'510300': {'shares': 94100.0, 'price': 4.357, 'value': 409993.7, 'profit_pct': 2.463449921077049}, '159915': {'shares': 154900.0, 'price': 2.607, 'value': 403824.30000000005, 'profit_pct': 0.9064550327626857}, '511260': {'shares': 1300.0, 'price': 105.988, 'value': 137784.4, 'profit_pct': -0.023494309046713242}, '518880': {'shares': 35500.0, 'price': 3.92, 'value': 139160.0, 'profit_pct': -1.382928328282146}}",0.006264690050489463,1.1165030997813803,-3.892929962432856
2020-10-30,25740.69978138042,1074545.1,1100285.7997813805,"{'510300': {'shares': 94100.0, 'price': 4.266, 'value': 401430.6, 'profit_pct': 0.3234054081511758}, '159915': {'shares': 154900.0, 'price': 2.563, 'value': 397008.7, 'profit_pct': -0.7966074994358419}, '511260': {'shares': 1300.0, 'price': 105.971, 'value': 137762.30000000002, 'profit_pct': -0.03953009231223195}, '518880': {'shares': 35500.0, 'price': 3.897, 'value': 138343.5, 'profit_pct': -1.9615489018662082}}",-0.01452508282616971,1.1002857997813804,-5.288893114909021
2020-11-02,14289.867537360638,1095625.8,1109915.6675373607,"{'510300': {'shares': 95100.0, 'price': 4.294, 'value': 408359.39999999997, 'profit_pct': -0.09990009990009521}, '159915': {'shares': 156100.0, 'price': 2.617, 'value': 408513.7, 'profit_pct': -0.09990009990009491}, '511260': {'shares': 1300.0, 'price': 106.199, 'value': 138058.7, 'profit_pct': -0.09990009990009004}, '518880': {'shares': 35800.0, 'price': 3.93, 'value': 140694.0, 'profit_pct': -0.09990009990008834}}",0.008752151266419705,1.1099156675373607,-4.459967180840662
2020-11-03,14289.867537360638,1106091.5,1120381.3675373606,"{'510300': {'shares': 95100.0, 'price': 4.345, 'value': 413209.5, 'profit_pct': 1.0866171555505595}, '159915': {'shares': 156100.0, 'price': 2.649, 'value': 413508.9, 'profit_pct': 1.1216525163793087}, '511260': {'shares': 1300.0, 'price': 106.153, 'value': 137998.9, 'profit_pct': -0.14317173706620107}, '518880': {'shares': 35800.0, 'price': 3.949, 'value': 141374.19999999998, 'profit_pct': 0.3830774823141271}}",0.009429274949529054,1.1203813675373606,-3.559093942701763
2020-11-04,14289.867537360638,1111656.9000000001,1125946.7675373608,"{'510300': {'shares': 95100.0, 'price': 4.382, 'value': 416728.19999999995, 'profit_pct': 1.9474237918578927}, '159915': {'shares': 156100.0, 'price': 2.658, 'value': 414913.8, 'profit_pct': 1.465214189707887}, '511260': {'shares': 1300.0, 'price': 106.151, 'value': 137996.3, 'profit_pct': -0.14505311259517167}, '518880': {'shares': 35800.0, 'price': 3.967, 'value': 142018.6, 'profit_pct': 0.8406351917802396}}",0.004967415704380196,1.1259467675373607,-3.0800318714080843
2020-11-05,14289.867537360638,1123789.9,1138079.7675373605,"{'510300': {'shares': 95100.0, 'price': 4.458, 'value': 423955.80000000005, 'profit_pct': 3.71556715292162}, '159915': {'shares': 156100.0, 'price': 2.69, 'value': 419909.0, 'profit_pct': 2.686766805987291}, '511260': {'shares': 1300.0, 'price': 106.137, 'value': 137978.1, 'profit_pct': -0.1582227412978994}, '518880': {'shares': 35800.0, 'price': 3.965, 'value': 141947.0, 'profit_pct': 0.7897954462839998}}",0.010775820269493419,1.1380797675373606,-2.0356397143293403
2020-11-06,14289.867537360638,1116981.3,1131271.1675373607,"{'510300': {'shares': 95100.0, 'price': 4.46, 'value': 424146.0, 'profit_pct': 3.76209724137066}, '159915': {'shares': 156100.0, 'price': 2.637, 'value': 411635.7, 'profit_pct': 0.6635702852745324}, '511260': {'shares': 1300.0, 'price': 106.126, 'value': 137963.80000000002, 'profit_pct': -0.16857030670718448}, '518880': {'shares': 35800.0, 'price': 4.001, 'value': 143235.80000000002, 'profit_pct': 1.7049108652162248}}",-0.005982533205675655,1.1312711675373608,-2.621714752711135
2020-11-09,14289.867537360638,1138340.7,1152630.5675373606,"{'510300': {'shares': 95100.0, 'price': 4.557, 'value': 433370.7, 'profit_pct': 6.018806531149359}, '159915': {'shares': 156100.0, 'price': 2.719, 'value': 424435.89999999997, 'profit_pct': 3.7937988644904963}, '511260': {'shares': 1300.0, 'price': 105.917, 'value': 137692.1, 'profit_pct': -0.36517404948368143}, '518880': {'shares': 35800.0, 'price': 3.99, 'value': 142842.0, 'profit_pct': 1.4252922649869346}}",0.018880884276841092,1.1526305675373605,-0.7831266178798368
2020-11-10,14289.867537360638,1125085.9,1139375.7675373605,"{'510300': {'shares': 95100.0, 'price': 4.53, 'value': 430803.0, 'profit_pct': 5.390650337087247}, '159915': {'shares': 156100.0, 'price': 2.674, 'value': 417411.39999999997, 'profit_pct': 2.075990497847589}, '511260': {'shares': 1300.0, 'price': 105.881, 'value': 137645.3, 'profit_pct': -0.39903880900499267}, '518880': {'shares': 35800.0, 'price': 3.889, 'value': 139226.19999999998, 'profit_pct': -1.1421148825728957}}",-0.011499608264180838,1.1393757675373606,-1.9240817949710554
2020-11-11,14289.867537360638,1107940.7,1122230.5675373606,"{'510300': {'shares': 95100.0, 'price': 4.483, 'value': 426333.3, 'profit_pct': 4.297193258534672}, '159915': {'shares': 156100.0, 'price': 2.595, 'value': 405079.50000000006, 'profit_pct': -0.9397175235921765}, '511260': {'shares': 1300.0, 'price': 105.837, 'value': 137588.1, 'profit_pct': -0.44042907064214637}, '518880': {'shares': 35800.0, 'price': 3.881, 'value': 138939.8, 'profit_pct': -1.3454738645578321}}",-0.015047888930495246,1.1222305675373605,-3.3999173188766663
2020-11-12,14289.867537360638,1109304.6,1123594.4675373607,"{'510300': {'shares': 95100.0, 'price': 4.48, 'value': 426048.00000000006, 'profit_pct': 4.2273981258611215}, '159915': {'shares': 156100.0, 'price': 2.607, 'value': 406952.7, 'profit_pct': -0.48163529248740017}, '511260': {'shares': 1300.0, 'price': 105.885, 'value': 137650.5, 'profit_pct': -0.3952760579470647}, '518880': {'shares': 35800.0, 'price': 3.873, 'value': 138653.4, 'profit_pct': -1.5488328465427572}}",0.0012153473978107066,1.1235944675373608,-3.2825146597618593
2020-11-13,14289.867537360638,1106512.5,1120802.3675373606,"{'510300': {'shares': 95100.0, 'price': 4.429, 'value': 421197.9, 'profit_pct': 3.0408808704104673}, '159915': {'shares': 156100.0, 'price': 2.619, 'value': 408825.9, 'profit_pct': -0.023553061382623707}, '511260': {'shares': 1300.0, 'price': 105.559, 'value': 137226.69999999998, 'profit_pct': -0.7019402691678233}, '518880': {'shares': 35800.0, 'price': 3.89, 'value': 139262.0, 'profit_pct': -1.11669500982477}}",-0.0024849712958445735,1.1208023675373606,-3.5228548346386224
2020-11-16,14289.867537360638,1111777.7,1126067.5675373606,"{'510300': {'shares': 95100.0, 'price': 4.482, 'value': 426238.2, 'profit_pct': 4.273928214310162}, '159915': {'shares': 156100.0, 'price': 2.62, 'value': 408982.0, 'profit_pct': 0.014620457876103426}, '511260': {'shares': 1300.0, 'price': 105.667, 'value': 137367.1, 'profit_pct': -0.6003459906038895}, '518880': {'shares': 35800.0, 'price': 3.888, 'value': 139190.4, 'profit_pct': -1.16753475532101}}",0.004697705993937706,1.1260675675373606,-3.069633571517294
2020-11-17,14289.867537360638,1103216.1,1117505.9675373607,"{'510300': {'shares': 95100.0, 'price': 4.473, 'value': 425382.3, 'profit_pct': 4.064542816289451}, '159915': {'shares': 156100.0, 'price': 2.572, 'value': 401489.2, 'profit_pct': -1.8177084665430023}, '511260': {'shares': 1300.0, 'price': 105.696, 'value': 137404.8, 'profit_pct': -0.5730660454339488}, '518880': {'shares': 35800.0, 'price': 3.881, 'value': 138939.8, 'profit_pct': -1.3454738645578321}}",-0.007603096161204248,1.1175059675373606,-3.80660446841381
2020-11-18,14289.867537360638,1095454.5,1109744.3675373606,"{'510300': {'shares': 95100.0, 'price': 4.466, 'value': 424716.60000000003, 'profit_pct': 3.9016875067178005}, '159915': {'shares': 156100.0, 'price': 2.534, 'value': 395557.39999999997, 'profit_pct': -3.2683021983748026}, '511260': {'shares': 1300.0, 'price': 105.489, 'value': 137135.7, 'profit_pct': -0.7677884126814751}, '518880': {'shares': 35800.0, 'price': 3.856, 'value': 138044.8, 'profit_pct': -1.9809706832607556}}",-0.006945466266371936,1.1097443675373606,-4.474712452126218
2020-11-19,14289.867537360638,1102054.5,1116344.3675373606,"{'510300': {'shares': 95100.0, 'price': 4.508, 'value': 428710.8, 'profit_pct': 4.878819364147744}, '159915': {'shares': 156100.0, 'price': 2.556, 'value': 398991.60000000003, 'profit_pct': -2.4284847746827043}, '511260': {'shares': 1300.0, 'price': 105.375, 'value': 136987.5, 'profit_pct': -0.875026817832294}, '518880': {'shares': 35800.0, 'price': 3.837, 'value': 137364.6, 'profit_pct': -2.463948265474971}}",0.005947315609851733,1.1163443675373605,-3.9065934183571627
2020-11-20,14289.867537360638,1106739.8,1121029.6675373607,"{'510300': {'shares': 95100.0, 'price': 4.523, 'value': 430137.3, 'profit_pct': 5.227795027515576}, '159915': {'shares': 156100.0, 'price': 2.576, 'value': 402113.60000000003, 'profit_pct': -1.665014389508077}, '511260': {'shares': 1300.0, 'price': 105.315, 'value': 136909.5, 'profit_pct': -0.9314680837011461}, '518880': {'shares': 35800.0, 'price': 3.843, 'value': 137579.4, 'profit_pct': -2.3114290289862742}}",0.004197002409154216,1.1210296675373608,-3.5032891594301785
2020-11-23,14289.867537360638,1115371.2,1129661.0675373606,"{'510300': {'shares': 95100.0, 'price': 4.581, 'value': 435653.10000000003, 'profit_pct': 6.577167592537901}, '159915': {'shares': 156100.0, 'price': 2.593, 'value': 404767.3, 'profit_pct': -1.0160645621096478}, '511260': {'shares': 1300.0, 'price': 105.45, 'value': 137085.0, 'profit_pct': -0.8044752354962289}, '518880': {'shares': 35800.0, 'price': 3.851, 'value': 137865.8, 'profit_pct': -2.108070047001338}}",0.00769952861190637,1.1296610675373606,-2.7603099733583436
2020-11-24,14289.867537360638,1107119.5,1121409.3675373606,"{'510300': {'shares': 95100.0, 'price': 4.549, 'value': 432609.9, 'profit_pct': 5.832686177353178}, '159915': {'shares': 156100.0, 'price': 2.582, 'value': 403050.19999999995, 'profit_pct': -1.4359732739556972}, '511260': {'shares': 1300.0, 'price': 105.408, 'value': 137030.4, 'profit_pct': -0.8439841216044254}, '518880': {'shares': 35800.0, 'price': 3.755, 'value': 134429.0, 'profit_pct': -4.5483778308205745}}",-0.0073045803180492586,1.1214093675373606,-3.47060509926016
2020-11-25,14289.867537360638,1091370.3,1105660.1675373607,"{'510300': {'shares': 95100.0, 'price': 4.487, 'value': 426713.7, 'profit_pct': 4.390253435432773}, '159915': {'shares': 156100.0, 'price': 2.528, 'value': 394620.8, 'profit_pct': -3.497343313927183}, '511260': {'shares': 1300.0, 'price': 105.442, 'value': 137074.59999999998, 'profit_pct': -0.8120007376120848}, '518880': {'shares': 35800.0, 'price': 3.714, 'value': 132961.2, 'profit_pct': -5.590592613493371}}",-0.014044113109725087,1.1056601675373607,-4.826274839659472
2020-11-26,14289.867537360638,1091228.2999999998,1105518.1675373605,"{'510300': {'shares': 95100.0, 'price': 4.494, 'value': 427379.39999999997, 'profit_pct': 4.5531087450044225}, '159915': {'shares': 156100.0, 'price': 2.522, 'value': 393684.19999999995, 'profit_pct': -3.726384429479579}, '511260': {'shares': 1300.0, 'price': 105.431, 'value': 137060.3, 'profit_pct': -0.82234830302137}, '518880': {'shares': 35800.0, 'price': 3.718, 'value': 133104.4, 'profit_pct': -5.488913122500903}}",-0.00012843005850204925,1.1055181675373604,-4.838498006749681
2020-11-27,14289.867537360638,1099568.8,1113858.6675373607,"{'510300': {'shares': 95100.0, 'price': 4.565, 'value': 434131.50000000006, 'profit_pct': 6.20492688494554}, '159915': {'shares': 156100.0, 'price': 2.532, 'value': 395245.2, 'profit_pct': -3.3446492368922573}, '511260': {'shares': 1300.0, 'price': 105.397, 'value': 137016.1, 'profit_pct': -0.8543316870137105}, '518880': {'shares': 35800.0, 'price': 3.72, 'value': 133176.0, 'profit_pct': -5.438073377004662}}",0.007544425993992965,1.1138586675373607,-4.120559097484389
2020-11-30,14289.867537360638,1095500.2,1109790.0675373606,"{'510300': {'shares': 95100.0, 'price': 4.54, 'value': 431754.0, 'profit_pct': 5.623300779332467}, '159915': {'shares': 156100.0, 'price': 2.541, 'value': 396650.1, 'profit_pct': -3.001087563563679}, '511260': {'shares': 1300.0, 'price': 105.549, 'value': 137213.7, 'profit_pct': -0.711347146812623}, '518880': {'shares': 35800.0, 'price': 3.628, 'value': 129882.40000000001, 'profit_pct': -7.77670166983143}}",-0.0036527075818293397,1.1097900675373606,-4.470778658210572
2020-12-01,29425.50470180073,1098365.0,1127790.5047018006,"{'510300': {'shares': 89900.0, 'price': 4.651, 'value': 418124.89999999997, 'profit_pct': -0.09990009990007999}, '159915': {'shares': 160700.0, 'price': 2.602, 'value': 418141.39999999997, 'profit_pct': -0.09990009990008261}, '511260': {'shares': 1200.0, 'price': 105.477, 'value': 126572.40000000001, 'profit_pct': -0.09990009990009363}, '518880': {'shares': 37100.0, 'price': 3.653, 'value': 135526.3, 'profit_pct': -0.09990009990008519}}",0.01621967765884169,1.1277905047018006,-2.9213254810466216
2020-12-02,29425.50470180073,1097862.4,1127287.9047018006,"{'510300': {'shares': 89900.0, 'price': 4.64, 'value': 417136.0, 'profit_pct': -0.3361721056840214}, '159915': {'shares': 160700.0, 'price': 2.593, 'value': 416695.1, 'profit_pct': -0.44544233629550495}, '511260': {'shares': 1200.0, 'price': 105.418, 'value': 126501.6, 'profit_pct': -0.15578058468924808}, '518880': {'shares': 37100.0, 'price': 3.707, 'value': 137529.69999999998, 'profit_pct': 1.3768602052204673}}",-0.0004456501432710258,1.1272879047018005,-2.964588606254559
2020-12-03,29425.50470180073,1103354.3,1132779.8047018007,"{'510300': {'shares': 89900.0, 'price': 4.638, 'value': 416956.2, 'profit_pct': -0.3791306521901873}, '159915': {'shares': 160700.0, 'price': 2.619, 'value': 420873.30000000005, 'profit_pct': 0.5527907910690694}, '511260': {'shares': 1200.0, 'price': 105.395, 'value': 126474.0, 'profit_pct': -0.1775645024884207}, '518880': {'shares': 37100.0, 'price': 3.748, 'value': 139050.80000000002, 'profit_pct': 2.4981041405897892}}",0.004871781181270629,1.1327798047018007,-2.49185331510966
2020-12-04,29425.50470180073,1107904.8,1137330.3047018007,"{'510300': {'shares': 89900.0, 'price': 4.649, 'value': 417945.1, 'profit_pct': -0.14285864640624596}, '159915': {'shares': 160700.0, 'price': 2.637, 'value': 423765.9, 'profit_pct': 1.2438752638599142}, '511260': {'shares': 1200.0, 'price': 105.767, 'value': 126920.4, 'profit_pct': 0.17476668974151713}, '518880': {'shares': 37100.0, 'price': 3.754, 'value': 139273.4, 'profit_pct': 2.662188618936512}}",0.0040171090454759195,1.1373303047018006,-2.100152457054194
2020-12-07,29425.50470180073,1101990.2000000002,1131415.7047018008,"{'510300': {'shares': 89900.0, 'price': 4.605, 'value': 413989.50000000006, 'profit_pct': -1.0879466695419922}, '159915': {'shares': 160700.0, 'price': 2.628, 'value': 422319.60000000003, 'profit_pct': 0.8983330274644917}, '511260': {'shares': 1200.0, 'price': 105.618, 'value': 126741.59999999999, 'profit_pct': 0.03364478747737444}, '518880': {'shares': 37100.0, 'price': 3.745, 'value': 138939.5, 'profit_pct': 2.416061901416422}}",-0.005200424164860884,1.1314157047018008,-2.609273189952732
2020-12-08,29425.50470180073,1105890.5,1135316.0047018006,"{'510300': {'shares': 89900.0, 'price': 4.589, 'value': 412551.10000000003, 'profit_pct': -1.4316150415913582}, '159915': {'shares': 160700.0, 'price': 2.646, 'value': 425212.2, 'profit_pct': 1.5894175002553363}, '511260': {'shares': 1200.0, 'price': 105.956, 'value': 127147.2, 'profit_pct': 0.3537736664389924}, '518880': {'shares': 37100.0, 'price': 3.8, 'value': 140980.0, 'profit_pct': 3.920169619594759}}",0.0034472740512541122,1.1353160047018007,-2.273540664587681
2020-12-09,29425.50470180073,1091841.9,1121267.4047018006,"{'510300': {'shares': 89900.0, 'price': 4.529, 'value': 407157.1, 'profit_pct': -2.7203714367764893}, '159915': {'shares': 160700.0, 'price': 2.598, 'value': 417498.6, 'profit_pct': -0.25347442718693886}, '511260': {'shares': 1200.0, 'price': 105.852, 'value': 127022.40000000001, 'profit_pct': 0.2552724729123438}, '518880': {'shares': 37100.0, 'price': 3.778, 'value': 140163.8, 'profit_pct': 3.318526532323427}}",-0.012374175949091848,1.1212674047018005,-3.482825067285844
2020-12-10,29425.50470180073,1094158.6,1123584.1047018007,"{'510300': {'shares': 89900.0, 'price': 4.519, 'value': 406258.10000000003, 'profit_pct': -2.9351641693073383}, '159915': {'shares': 160700.0, 'price': 2.627, 'value': 422158.89999999997, 'profit_pct': 0.8599394456427649}, '511260': {'shares': 1200.0, 'price': 105.823, 'value': 126987.59999999999, 'profit_pct': 0.22780579394817194}, '518880': {'shares': 37100.0, 'price': 3.74, 'value': 138754.0, 'profit_pct': 2.279324836127484}}",0.002066144070794973,1.1235841047018007,-3.2834066785687455
2020-12-11,29425.50470180073,1084703.7,1114129.2047018006,"{'510300': {'shares': 89900.0, 'price': 4.463, 'value': 401223.7, 'profit_pct': -4.138003471480118}, '159915': {'shares': 160700.0, 'price': 2.601, 'value': 417980.7, 'profit_pct': -0.1382936817217924}, '511260': {'shares': 1200.0, 'price': 105.652, 'value': 126782.4, 'profit_pct': 0.0658471007457078}, '518880': {'shares': 37100.0, 'price': 3.739, 'value': 138716.9, 'profit_pct': 2.251977423069687}}",-0.008414946384907696,1.1141292047018005,-4.097271625899513
2020-12-14,29425.50470180073,1094938.4,1124363.9047018006,"{'510300': {'shares': 89900.0, 'price': 4.507, 'value': 405179.3, 'profit_pct': -3.1929154483443716}, '159915': {'shares': 160700.0, 'price': 2.641, 'value': 424408.7, 'profit_pct': 1.3974495911467704}, '511260': {'shares': 1200.0, 'price': 105.497, 'value': 126596.4, 'profit_pct': -0.08095756268343407}, '518880': {'shares': 37100.0, 'price': 3.74, 'value': 138754.0, 'profit_pct': 2.279324836127484}}",0.009186277459389824,1.1243639047018006,-3.21628255394254
2020-12-15,29425.50470180073,1101577.0,1131002.5047018006,"{'510300': {'shares': 89900.0, 'price': 4.522, 'value': 406527.80000000005, 'profit_pct': -2.8707263495480797}, '159915': {'shares': 160700.0, 'price': 2.667, 'value': 428586.89999999997, 'profit_pct': 2.3956827185113276}, '511260': {'shares': 1200.0, 'price': 105.527, 'value': 126632.4, 'profit_pct': -0.052543756858438}, '518880': {'shares': 37100.0, 'price': 3.769, 'value': 139829.9, 'profit_pct': 3.0723998148033367}}",0.005904316184679237,1.1310025047018006,-2.644840884612354
2020-12-16,29425.50470180073,1103372.4,1132797.9047018006,"{'510300': {'shares': 89900.0, 'price': 4.532, 'value': 407426.8, 'profit_pct': -2.6559336170172307}, '159915': {'shares': 160700.0, 'price': 2.667, 'value': 428586.89999999997, 'profit_pct': 2.3956827185113276}, '511260': {'shares': 1200.0, 'price': 105.532, 'value': 126638.4, 'profit_pct': -0.04780812255427647}, '518880': {'shares': 37100.0, 'price': 3.793, 'value': 140720.30000000002, 'profit_pct': 3.728737728190252}}",0.001587441223636521,1.1327979047018006,-2.490295291698885
2020-12-17,29425.50470180073,1114689.9,1144115.4047018006,"{'510300': {'shares': 89900.0, 'price': 4.603, 'value': 413809.69999999995, 'profit_pct': -1.1309052160481774}, '159915': {'shares': 160700.0, 'price': 2.694, 'value': 432925.8, 'profit_pct': 3.432309427697612}, '511260': {'shares': 1200.0, 'price': 105.441, 'value': 126529.2, 'profit_pct': -0.13399666689008893}, '518880': {'shares': 37100.0, 'price': 3.812, 'value': 141425.19999999998, 'profit_pct': 4.248338576288217}}",0.0099907494117224,1.1441154047018005,-1.516100266747189
2020-12-18,29425.50470180073,1112084.4,1141509.9047018006,"{'510300': {'shares': 89900.0, 'price': 4.574, 'value': 411202.6, 'profit_pct': -1.7538041403876503}, '159915': {'shares': 160700.0, 'price': 2.688, 'value': 431961.60000000003, 'profit_pct': 3.2019479367673362}, '511260': {'shares': 1200.0, 'price': 105.442, 'value': 126530.4, 'profit_pct': -0.13304954002926467}, '518880': {'shares': 37100.0, 'price': 3.838, 'value': 142389.8, 'profit_pct': 4.9593713157907136}}",-0.0022773052345004263,1.1415099047018005,-1.740378167123735
2020-12-21,29425.50470180073,1132094.7999999998,1161520.3047018005,"{'510300': {'shares': 89900.0, 'price': 4.619, 'value': 415248.1, 'profit_pct': -0.7872368439988114}, '159915': {'shares': 160700.0, 'price': 2.778, 'value': 446424.6, 'profit_pct': 6.657370300721594}, '511260': {'shares': 1200.0, 'price': 105.426, 'value': 126511.2, 'profit_pct': -0.14820356980258695}, '518880': {'shares': 37100.0, 'price': 3.879, 'value': 143910.9, 'profit_pct': 6.080615251160023}}",0.01752976467184242,1.1615203047018006,-0.017910119649178213
2020-12-22,29425.50470180073,1113775.5,1143201.0047018006,"{'510300': {'shares': 89900.0, 'price': 4.542, 'value': 408325.8, 'profit_pct': -2.4411408844863822}, '159915': {'shares': 160700.0, 'price': 2.718, 'value': 436782.6, 'profit_pct': 4.3537553914187495}, '511260': {'shares': 1200.0, 'price': 105.633, 'value': 126759.59999999999, 'profit_pct': 0.047851690389872484}, '518880': {'shares': 37100.0, 'price': 3.825, 'value': 141907.5, 'profit_pct': 4.603854946039472}}",-0.015771829322177022,1.1432010047018006,-1.5948105765166365
2020-12-23,29425.50470180073,1121619.8,1151045.3047018007,"{'510300': {'shares': 89900.0, 'price': 4.583, 'value': 412011.7, 'profit_pct': -1.560490681109875}, '159915': {'shares': 160700.0, 'price': 2.745, 'value': 441121.5, 'profit_pct': 5.390382100605033}, '511260': {'shares': 1200.0, 'price': 105.699, 'value': 126838.8, 'profit_pct': 0.11036206320486383}, '518880': {'shares': 37100.0, 'price': 3.818, 'value': 141647.8, 'profit_pct': 4.412423054634951}}",0.006861697958397306,1.1510453047018008,-0.9195838891538188
2020-12-24,29425.50470180073,1119096.7,1148522.2047018006,"{'510300': {'shares': 89900.0, 'price': 4.583, 'value': 412011.7, 'profit_pct': -1.560490681109875}, '159915': {'shares': 160700.0, 'price': 2.726, 'value': 438068.2, 'profit_pct': 4.660904045992463}, '511260': {'shares': 1200.0, 'price': 105.708, 'value': 126849.59999999999, 'profit_pct': 0.11888620495236267}, '518880': {'shares': 37100.0, 'price': 3.832, 'value': 142167.19999999998, 'profit_pct': 4.79528683744398}}",-0.0021920075514784143,1.1485222047018007,-1.1367689094724187
2020-12-25,29425.50470180073,1127509.7,1156935.2047018006,"{'510300': {'shares': 89900.0, 'price': 4.625, 'value': 415787.5, 'profit_pct': -0.6583612044802946}, '159915': {'shares': 160700.0, 'price': 2.749, 'value': 441764.30000000005, 'profit_pct': 5.54395642789189}, '511260': {'shares': 1200.0, 'price': 105.843, 'value': 127011.6, 'profit_pct': 0.24674833116484501}, '518880': {'shares': 37100.0, 'price': 3.853, 'value': 142946.30000000002, 'profit_pct': 5.369582511657539}}",0.00732506517119047,1.1569352047018007,-0.4125892986998392
2020-12-28,29425.50470180073,1128339.8,1157765.3047018007,"{'510300': {'shares': 89900.0, 'price': 4.639, 'value': 417046.10000000003, 'profit_pct': -0.3576513789370948}, '159915': {'shares': 160700.0, 'price': 2.745, 'value': 441121.5, 'profit_pct': 5.390382100605033}, '511260': {'shares': 1200.0, 'price': 105.867, 'value': 127040.40000000001, 'profit_pct': 0.2694793758248418}, '518880': {'shares': 37100.0, 'price': 3.858, 'value': 143131.80000000002, 'profit_pct': 5.506319576946477}}",0.0007174991275453735,1.1577653047018006,-0.3411354184071569
2020-12-29,29425.50470180073,1121849.5,1151275.0047018006,"{'510300': {'shares': 89900.0, 'price': 4.623, 'value': 415607.7, 'profit_pct': -0.7013197509864606}, '159915': {'shares': 160700.0, 'price': 2.717, 'value': 436621.9, 'profit_pct': 4.315361809597039}, '511260': {'shares': 1200.0, 'price': 106.056, 'value': 127267.2, 'profit_pct': 0.4484863525223036}, '518880': {'shares': 37100.0, 'price': 3.837, 'value': 142352.7, 'profit_pct': 4.9320239027329285}}",-0.005605885729726312,1.1512750047018006,-0.8998116252058375
2020-12-30,29425.50470180073,1140667.0,1170092.5047018006,"{'510300': {'shares': 89900.0, 'price': 4.687, 'value': 421361.30000000005, 'profit_pct': 0.6733537372110026}, '159915': {'shares': 160700.0, 'price': 2.799, 'value': 449799.3, 'profit_pct': 7.4636355189775845}, '511260': {'shares': 1200.0, 'price': 106.116, 'value': 127339.2, 'profit_pct': 0.5053139641722958}, '518880': {'shares': 37100.0, 'price': 3.832, 'value': 142167.19999999998, 'profit_pct': 4.79528683744398}}",0.016344921867624596,1.1700925047018007,0.0
2020-12-31,29425.50470180073,1161728.0,1191153.5047018006,"{'510300': {'shares': 89900.0, 'price': 4.796, 'value': 431160.4, 'profit_pct': 3.0145945217973047}, '159915': {'shares': 160700.0, 'price': 2.866, 'value': 460566.2, 'profit_pct': 10.036005501032431}, '511260': {'shares': 1200.0, 'price': 105.972, 'value': 127166.4, 'profit_pct': 0.36892769621231464}, '518880': {'shares': 37100.0, 'price': 3.85, 'value': 142835.0, 'profit_pct': 5.287540272484172}}",0.017999431596536386,1.1911535047018007,0.0
2021-01-04,26343.85982198079,1185478.5,1211822.3598219808,"{'510300': {'shares': 93600.0, 'price': 4.843, 'value': 453304.8, 'profit_pct': -0.09990009990008475}, '159915': {'shares': 152300.0, 'price': 2.976, 'value': 453244.8, 'profit_pct': -0.09990009990009545}, '511260': {'shares': 1300.0, 'price': 105.905, 'value': 137676.5, 'profit_pct': -0.09990009990010651}, '518880': {'shares': 36200.0, 'price': 3.902, 'value': 141252.4, 'profit_pct': -0.09990009990009038}}",0.017351966004880648,1.2118223598219808,0.0
2021-01-05,26343.85982198079,1197447.7000000002,1223791.559821981,"{'510300': {'shares': 93600.0, 'price': 4.942, 'value': 462571.2, 'profit_pct': 1.9422452418529426}, '159915': {'shares': 152300.0, 'price': 2.988, 'value': 455072.4, 'profit_pct': 0.3029228835680497}, '511260': {'shares': 1300.0, 'price': 106.077, 'value': 137900.1, 'profit_pct': 0.062347359453246834}, '518880': {'shares': 36200.0, 'price': 3.92, 'value': 141904.0, 'profit_pct': 0.36094095550784855}}",0.009877025211647794,1.223791559821981,0.0
2021-01-06,26343.85982198079,1205015.8,1231359.6598219809,"{'510300': {'shares': 93600.0, 'price': 4.991, 'value': 467157.6, 'profit_pct': 2.9530040473670547}, '159915': {'shares': 152300.0, 'price': 3.003, 'value': 457356.9, 'profit_pct': 0.8064516129032349}, '511260': {'shares': 1300.0, 'price': 106.307, 'value': 138199.1, 'profit_pct': 0.27930617137925007}, '518880': {'shares': 36200.0, 'price': 3.931, 'value': 142302.2, 'profit_pct': 0.6425660449238176}}",0.006184141359089512,1.231359659821981,0.0
2021-01-07,26343.85982198079,1223007.1,1249350.959821981,"{'510300': {'shares': 93600.0, 'price': 5.108, 'value': 478108.8, 'profit_pct': 5.366448542166082}, '159915': {'shares': 152300.0, 'price': 3.056, 'value': 465428.8, 'profit_pct': 2.5855864565542053}, '511260': {'shares': 1300.0, 'price': 106.293, 'value': 138180.9, 'profit_pct': 0.2660999828272367}, '518880': {'shares': 36200.0, 'price': 3.903, 'value': 141288.6, 'profit_pct': -0.07429781904409631}}",0.014610922045798613,1.249350959821981,0.0
2021-01-08,26343.85982198079,1216461.3,1242805.1598219809,"{'510300': {'shares': 93600.0, 'price': 5.08, 'value': 475488.0, 'profit_pct': 4.788872081872307}, '159915': {'shares': 152300.0, 'price': 3.036, 'value': 462382.8, 'profit_pct': 1.9142148174406304}, '511260': {'shares': 1300.0, 'price': 106.313, 'value': 138206.9, 'profit_pct': 0.284965966472972}, '518880': {'shares': 36200.0, 'price': 3.878, 'value': 140383.6, 'profit_pct': -0.7143548404440165}}",-0.005239360444348473,1.242805159821981,-0.5239360444348473
2021-01-11,26343.85982198079,1199704.6999999997,1226048.5598219805,"{'510300': {'shares': 93600.0, 'price': 5.017, 'value': 469591.2, 'profit_pct': 3.4893250462112975}, '159915': {'shares': 152300.0, 'price': 2.989, 'value': 455224.69999999995, 'profit_pct': 0.3364914655237247}, '511260': {'shares': 1300.0, 'price': 106.278, 'value': 138161.4, 'profit_pct': 0.2519504950929318}, '518880': {'shares': 36200.0, 'price': 3.777, 'value': 136727.4, 'profit_pct': -3.3001852068997026}}",-0.013482885766583519,1.2260485598219806,-1.8651604512570863
2021-01-12,26343.85982198079,1229021.1,1255364.959821981,"{'510300': {'shares': 93600.0, 'price': 5.177, 'value': 484567.19999999995, 'profit_pct': 6.789761962175763}, '159915': {'shares': 152300.0, 'price': 3.076, 'value': 468474.8, 'profit_pct': 3.256958095667781}, '511260': {'shares': 1300.0, 'price': 106.337, 'value': 138238.1, 'profit_pct': 0.3076051468478598}, '518880': {'shares': 36200.0, 'price': 3.805, 'value': 137741.0, 'profit_pct': -2.583321342931789}}",0.023911287823915384,1.255364959821981,0.0
2021-01-13,26343.85982198079,1219227.4,1245571.2598219807,"{'510300': {'shares': 93600.0, 'price': 5.155, 'value': 482508.0, 'profit_pct': 6.33595188623066}, '159915': {'shares': 152300.0, 'price': 3.025, 'value': 460707.5, 'profit_pct': 1.54496041592816}, '511260': {'shares': 1300.0, 'price': 106.585, 'value': 138560.5, 'profit_pct': 0.5415433440550155}, '518880': {'shares': 36200.0, 'price': 3.797, 'value': 137451.4, 'profit_pct': -2.7881395897797647}}",-0.007801476314416966,1.2455712598219808,-0.7801476314416966
2021-01-14,26343.85982198079,1203090.5,1229434.3598219808,"{'510300': {'shares': 93600.0, 'price': 5.052, 'value': 472867.19999999995, 'profit_pct': 4.211295621578513}, '159915': {'shares': 152300.0, 'price': 2.987, 'value': 454920.10000000003, 'profit_pct': 0.26935430161237467}, '511260': {'shares': 1300.0, 'price': 106.736, 'value': 138756.80000000002, 'profit_pct': 0.6839815205803554}, '518880': {'shares': 36200.0, 'price': 3.772, 'value': 136546.4, 'profit_pct': -3.428196611179696}}",-0.01295542095464386,1.2294343598219808,-2.0655825859339894
2021-01-15,26343.85982198079,1202638.7,1228982.5598219808,"{'510300': {'shares': 93600.0, 'price': 5.035, 'value': 471276.0, 'profit_pct': 3.8606241992572974}, '159915': {'shares': 152300.0, 'price': 2.99, 'value': 455377.00000000006, 'profit_pct': 0.3700600474794146}, '511260': {'shares': 1300.0, 'price': 106.899, 'value': 138968.7, 'profit_pct': 0.8377392872931257}, '518880': {'shares': 36200.0, 'price': 3.785, 'value': 137017.0, 'profit_pct': -3.0953669600517273}}",-0.0003674860690126014,1.2289825598219808,-2.101572120010531
2021-01-18,26343.85982198079,1215996.4,1242340.2598219807,"{'510300': {'shares': 93600.0, 'price': 5.094, 'value': 476798.4, 'profit_pct': 5.077660312019203}, '159915': {'shares': 152300.0, 'price': 3.046, 'value': 463905.8, 'profit_pct': 2.2499006369974106}, '511260': {'shares': 1300.0, 'price': 106.644, 'value': 138637.2, 'profit_pct': 0.5971979958099568}, '518880': {'shares': 36200.0, 'price': 3.775, 'value': 136655.0, 'profit_pct': -3.3513897686117025}}",0.010868909321166242,1.2423402598219808,-1.0375229846981804
2021-01-19,26343.85982198079,1198322.4,1224666.2598219807,"{'510300': {'shares': 93600.0, 'price': 5.019, 'value': 469778.4, 'profit_pct': 3.5305805076608485}, '159915': {'shares': 152300.0, 'price': 2.976, 'value': 453244.8, 'profit_pct': -0.09990009990009545}, '511260': {'shares': 1300.0, 'price': 106.538, 'value': 138499.4, 'profit_pct': 0.4972082824875314}, '518880': {'shares': 36200.0, 'price': 3.779, 'value': 136799.8, 'profit_pct': -3.248980645187715}}",-0.014226376276763819,1.2246662598219806,-2.445400419998456
2021-01-20,26343.85982198079,1220047.9,1246391.7598219807,"{'510300': {'shares': 93600.0, 'price': 5.049, 'value': 472586.4, 'profit_pct': 4.149412429404195}, '159915': {'shares': 152300.0, 'price': 3.096, 'value': 471520.8, 'profit_pct': 3.928329734781356}, '511260': {'shares': 1300.0, 'price': 106.753, 'value': 138778.9, 'profit_pct': 0.7000176066792297}, '518880': {'shares': 36200.0, 'price': 3.789, 'value': 137161.80000000002, 'profit_pct': -2.99295783662774}}",0.01773993512580163,1.2463917598219807,-0.714788152225676
2021-01-21,26343.85982198079,1242341.3,1268685.1598219809,"{'510300': {'shares': 93600.0, 'price': 5.143, 'value': 481384.8, 'profit_pct': 6.0884191175333155}, '159915': {'shares': 152300.0, 'price': 3.176, 'value': 483704.80000000005, 'profit_pct': 6.613816291235657}, '511260': {'shares': 1300.0, 'price': 106.759, 'value': 138786.7, 'profit_pct': 0.7056774017729517}, '518880': {'shares': 36200.0, 'price': 3.825, 'value': 138465.0, 'profit_pct': -2.0712757258118506}}",0.017886350599096046,1.2686851598219808,0.0
2021-01-22,26343.85982198079,1252127.5999999999,1278471.4598219807,"{'510300': {'shares': 93600.0, 'price': 5.146, 'value': 481665.6, 'profit_pct': 6.1503023097076515}, '159915': {'shares': 152300.0, 'price': 3.241, 'value': 493604.3, 'profit_pct': 8.795774118354773}, '511260': {'shares': 1300.0, 'price': 106.985, 'value': 139080.5, 'profit_pct': 0.9188630169698024}, '518880': {'shares': 36200.0, 'price': 3.806, 'value': 137777.2, 'profit_pct': -2.5577190620757952}}",0.007713734116171933,1.2784714598219806,0.0
2021-01-25,26343.85982198079,1257740.9,1284084.7598219807,"{'510300': {'shares': 93600.0, 'price': 5.212, 'value': 487843.19999999995, 'profit_pct': 7.511732537542998}, '159915': {'shares': 152300.0, 'price': 3.242, 'value': 493756.6, 'profit_pct': 8.829342700310448}, '511260': {'shares': 1300.0, 'price': 106.935, 'value': 139015.5, 'profit_pct': 0.8716980578554575}, '518880': {'shares': 36200.0, 'price': 3.788, 'value': 137125.6, 'profit_pct': -3.0185601174837453}}",0.004390633797004551,1.2840847598219807,0.0
2021-01-26,26343.85982198079,1232617.7000000002,1258961.559821981,"{'510300': {'shares': 93600.0, 'price': 5.092, 'value': 476611.19999999995, 'profit_pct': 5.0364048505696335}, '159915': {'shares': 152300.0, 'price': 3.152, 'value': 480049.60000000003, 'profit_pct': 5.8081703242993665}, '511260': {'shares': 1300.0, 'price': 106.487, 'value': 138433.1, 'profit_pct': 0.4491000241908949}, '518880': {'shares': 36200.0, 'price': 3.799, 'value': 137523.8, 'profit_pct': -2.7369350280677764}}",-0.019565063604899957,1.258961559821981,-1.9565063604899957
2021-01-27,26343.85982198079,1234848.8,1261192.6598219809,"{'510300': {'shares': 93600.0, 'price': 5.102, 'value': 477547.2, 'profit_pct': 5.242682157817428}, '159915': {'shares': 152300.0, 'price': 3.166, 'value': 482181.8, 'profit_pct': 6.278130471678861}, '511260': {'shares': 1300.0, 'price': 106.4, 'value': 138320.0, 'profit_pct': 0.3670329953319401}, '518880': {'shares': 36200.0, 'price': 3.779, 'value': 136799.8, 'profit_pct': -3.248980645187715}}",0.0017721748393297876,1.261192659821981,-1.7827561479020648
2021-01-28,26343.85982198079,1204818.7999999998,1231162.6598219806,"{'510300': {'shares': 93600.0, 'price': 4.966, 'value': 464817.60000000003, 'profit_pct': 2.4373107792476154}, '159915': {'shares': 152300.0, 'price': 3.057, 'value': 465581.1, 'profit_pct': 2.6191550385098803}, '511260': {'shares': 1300.0, 'price': 106.363, 'value': 138271.9, 'profit_pct': 0.33213092558731705}, '518880': {'shares': 36200.0, 'price': 3.761, 'value': 136148.2, 'profit_pct': -3.7098217005956537}}",-0.023810795096317006,1.2311626598219807,-4.121386816189377
2021-01-29,26343.85982198079,1197428.4000000001,1223772.259821981,"{'510300': {'shares': 93600.0, 'price': 4.929, 'value': 461354.4, 'profit_pct': 1.6740847424308303}, '159915': {'shares': 152300.0, 'price': 3.029, 'value': 461316.7, 'profit_pct': 1.679234743750875}, '511260': {'shares': 1300.0, 'price': 106.149, 'value': 137993.7, 'profit_pct': 0.1302649005779101}, '518880': {'shares': 36200.0, 'price': 3.778, 'value': 136763.6, 'profit_pct': -3.2745829260437085}}",-0.006002781144343938,1.223772259821981,-4.696925147554998
2021-02-01,20075.78784610075,1212510.2000000002,1232585.987846101,"{'510300': {'shares': 84300.0, 'price': 4.992, 'value': 420825.6, 'profit_pct': -0.09990009990009317}, '159915': {'shares': 137700.0, 'price': 3.056, 'value': 420811.2, 'profit_pct': -0.09990009990008368}, '511260': {'shares': 1700.0, 'price': 106.482, 'value': 181019.4, 'profit_pct': -0.09990009990008634}, '518880': {'shares': 49700.0, 'price': 3.82, 'value': 189854.0, 'profit_pct': -0.099900099900104}}",0.0072020982281475465,1.232585987846101,-4.010543041023185
2021-02-02,20075.78784610075,1226497.4,1246573.1878461007,"{'510300': {'shares': 84300.0, 'price': 5.072, 'value': 427569.6, 'profit_pct': 1.5010630395245863}, '159915': {'shares': 137700.0, 'price': 3.118, 'value': 429348.6, 'profit_pct': 1.9268689425757597}, '511260': {'shares': 1700.0, 'price': 106.627, 'value': 181265.9, 'profit_pct': 0.03613711282614053}, '518880': {'shares': 49700.0, 'price': 3.789, 'value': 188313.30000000002, 'profit_pct': -0.9106077168904355}}",0.011347849268059429,1.2465731878461006,-2.921269152129835
2021-02-03,20075.78784610075,1222251.3,1242327.0878461008,"{'510300': {'shares': 84300.0, 'price': 5.066, 'value': 427063.8, 'profit_pct': 1.3809908040677308}, '159915': {'shares': 137700.0, 'price': 3.106, 'value': 427696.19999999995, 'profit_pct': 1.5345910633868856}, '511260': {'shares': 1700.0, 'price': 106.539, 'value': 181116.3, 'profit_pct': -0.04642340248356608}, '518880': {'shares': 49700.0, 'price': 3.75, 'value': 186375.0, 'profit_pct': -1.9305302027815114}}",-0.003406217975325254,1.2423270878461008,-3.251940470165615
2021-02-04,20075.78784610075,1218865.2,1238940.9878461007,"{'510300': {'shares': 84300.0, 'price': 5.055, 'value': 426136.5, 'profit_pct': 1.1608583723968353}, '159915': {'shares': 137700.0, 'price': 3.098, 'value': 426594.6, 'profit_pct': 1.2730724772609694}, '511260': {'shares': 1700.0, 'price': 106.53, 'value': 181101.0, 'profit_pct': -0.05486709154933243}, '518880': {'shares': 49700.0, 'price': 3.723, 'value': 185033.1, 'profit_pct': -2.6366303853214883}}",-0.0027256106971560445,1.2389409878461006,-3.515638016149225
2021-02-05,20075.78784610075,1214990.5999999999,1235066.3878461006,"{'510300': {'shares': 84300.0, 'price': 5.063, 'value': 426810.89999999997, 'profit_pct': 1.3209546863393031}, '159915': {'shares': 137700.0, 'price': 3.084, 'value': 424666.8, 'profit_pct': 0.815414951540623}, '511260': {'shares': 1700.0, 'price': 106.216, 'value': 180567.19999999998, 'profit_pct': -0.3494580211771765}, '518880': {'shares': 49700.0, 'price': 3.681, 'value': 182945.7, 'profit_pct': -3.73500844705033}}",-0.003127348306343536,1.2350663878461006,-3.8173782221880614
2021-02-08,20075.78784610075,1222221.8,1242297.5878461008,"{'510300': {'shares': 84300.0, 'price': 5.135, 'value': 432880.5, 'profit_pct': 2.761821511821515}, '159915': {'shares': 137700.0, 'price': 3.084, 'value': 424666.8, 'profit_pct': 0.815414951540623}, '511260': {'shares': 1700.0, 'price': 105.993, 'value': 180188.1, 'profit_pct': -0.5586738724733784}, '518880': {'shares': 49700.0, 'price': 3.712, 'value': 184486.40000000002, 'profit_pct': -2.924300830059987}}",0.005854907939492282,1.242297587846101,-3.254237826299966
2021-02-09,20075.78784610075,1254985.2,1275060.9878461007,"{'510300': {'shares': 84300.0, 'price': 5.273, 'value': 444513.89999999997, 'profit_pct': 5.523482927329082}, '159915': {'shares': 137700.0, 'price': 3.222, 'value': 443669.4, 'profit_pct': 5.326610562212672}, '511260': {'shares': 1700.0, 'price': 106.075, 'value': 180327.5, 'profit_pct': -0.4817424832075028}, '518880': {'shares': 49700.0, 'price': 3.752, 'value': 186474.4, 'profit_pct': -1.8782264855563342}}",0.026373229989768543,1.2750609878461008,-0.702739589957524
2021-02-10,20075.78784610075,1275100.5999999999,1295176.3878461006,"{'510300': {'shares': 84300.0, 'price': 5.388, 'value': 454208.39999999997, 'profit_pct': 7.824867440252061}, '159915': {'shares': 137700.0, 'price': 3.293, 'value': 453446.10000000003, 'profit_pct': 7.647588014080181}, '511260': {'shares': 1700.0, 'price': 106.337, 'value': 180772.9, 'profit_pct': -0.2359373126263132}, '518880': {'shares': 49700.0, 'price': 3.756, 'value': 186673.19999999998, 'profit_pct': -1.7736190511059675}}",0.015776029689356097,1.2951763878461007,0.0
2021-02-18,20075.78784610075,1253511.9,1273587.6878461007,"{'510300': {'shares': 84300.0, 'price': 5.345, 'value': 450583.5, 'profit_pct': 6.9643497528112945}, '159915': {'shares': 137700.0, 'price': 3.202, 'value': 440915.39999999997, 'profit_pct': 4.67281409689788}, '511260': {'shares': 1700.0, 'price': 106.24, 'value': 180608.0, 'profit_pct': -0.3269415170017995}, '518880': {'shares': 49700.0, 'price': 3.65, 'value': 181405.0, 'profit_pct': -4.545716064040674}}",-0.016668540441740376,1.2735876878461005,-1.6668540441740376
2021-02-19,20075.78784610075,1251162.6,1271238.3878461008,"{'510300': {'shares': 84300.0, 'price': 5.377, 'value': 453281.1, 'profit_pct': 7.604735008581165}, '159915': {'shares': 137700.0, 'price': 3.17, 'value': 436509.0, 'profit_pct': 3.6267397523942155}, '511260': {'shares': 1700.0, 'price': 106.331, 'value': 180762.7, 'profit_pct': -0.24156643867015745}, '518880': {'shares': 49700.0, 'price': 3.634, 'value': 180609.8, 'profit_pct': -4.96414580184214}}",-0.0018446315259006418,1.2712383878461009,-1.8482424652451424
2021-02-22,20075.78784610075,1216570.8,1236646.5878461008,"{'510300': {'shares': 84300.0, 'price': 5.17, 'value': 435831.0, 'profit_pct': 3.462242885319814}, '159915': {'shares': 137700.0, 'price': 3.032, 'value': 417506.4, 'profit_pct': -0.8844558582778325}, '511260': {'shares': 1700.0, 'price': 106.227, 'value': 180585.9, 'profit_pct': -0.33913795676345315}, '518880': {'shares': 49700.0, 'price': 3.675, 'value': 182647.5, 'profit_pct': -3.8919195987258863}}",-0.027211104015360976,1.2366465878461008,-4.519060148813847
2021-02-23,20075.78784610075,1214316.8,1234392.5878461008,"{'510300': {'shares': 84300.0, 'price': 5.155, 'value': 434566.5, 'profit_pct': 3.1620622966776932}, '159915': {'shares': 137700.0, 'price': 3.009, 'value': 414339.3, 'profit_pct': -1.636321793389845}, '511260': {'shares': 1700.0, 'price': 106.397, 'value': 180874.90000000002, 'profit_pct': -0.17964605218787083}, '518880': {'shares': 49700.0, 'price': 3.713, 'value': 184536.1, 'profit_pct': -2.8981489714473985}}",-0.0018226711027650166,1.2343925878461008,-4.693090498745445
2021-02-24,20075.78784610075,1187136.6,1207212.3878461008,"{'510300': {'shares': 84300.0, 'price': 5.008, 'value': 422174.4, 'profit_pct': 0.22029252798484272}, '159915': {'shares': 137700.0, 'price': 2.904, 'value': 399880.8, 'profit_pct': -5.068753236292492}, '511260': {'shares': 1700.0, 'price': 106.437, 'value': 180942.9, 'profit_pct': -0.14211854522891812}, '518880': {'shares': 49700.0, 'price': 3.705, 'value': 184138.5, 'profit_pct': -3.1073638403481314}}",-0.02201908879526482,1.2072123878461007,-6.791661801855831
2021-02-25,20075.78784610075,1186075.4,1206151.1878461007,"{'510300': {'shares': 84300.0, 'price': 5.059, 'value': 426473.7, 'profit_pct': 1.240906529368078}, '159915': {'shares': 137700.0, 'price': 2.878, 'value': 396300.60000000003, 'profit_pct': -5.918688641201713}, '511260': {'shares': 1700.0, 'price': 106.413, 'value': 180902.1, 'profit_pct': -0.16463504940429508}, '518880': {'shares': 49700.0, 'price': 3.67, 'value': 182399.0, 'profit_pct': -4.022678891788841}}",-0.0008790499589667045,1.2061511878461006,-6.873596587724262
2021-02-26,20075.78784610075,1161697.3,1181773.0878461008,"{'510300': {'shares': 84300.0, 'price': 4.91, 'value': 413913.0, 'profit_pct': -1.7408873178103852}, '159915': {'shares': 137700.0, 'price': 2.814, 'value': 387487.8, 'profit_pct': -8.010837330209043}, '511260': {'shares': 1700.0, 'price': 106.312, 'value': 180730.4, 'profit_pct': -0.2593920044756687}, '518880': {'shares': 49700.0, 'price': 3.613, 'value': 179566.1, 'profit_pct': -5.513334832706561}}",-0.02021147949415314,1.1817730878461008,-8.755818980655706
2021-03-01,21464.26550056087,1174592.7000000002,1196056.965500561,"{'510300': {'shares': 80900.0, 'price': 4.999, 'value': 404419.1, 'profit_pct': -0.09990009990009498}, '159915': {'shares': 139800.0, 'price': 2.894, 'value': 404581.2, 'profit_pct': -0.09990009990008292}, '511260': {'shares': 1700.0, 'price': 106.147, 'value': 180449.90000000002, 'profit_pct': -0.0999000999000932}, '518880': {'shares': 51500.0, 'price': 3.595, 'value': 185142.5, 'profit_pct': -0.09990009990008182}}",0.012086819205279209,1.196056965500561,-7.6529670611411245
2021-03-02,21464.26550056087,1161648.6,1183112.865500561,"{'510300': {'shares': 80900.0, 'price': 4.93, 'value': 398837.0, 'profit_pct': -1.4787972579530833}, '159915': {'shares': 139800.0, 'price': 2.859, 'value': 399688.2, 'profit_pct': -1.3080906653816002}, '511260': {'shares': 1700.0, 'price': 106.482, 'value': 181019.4, 'profit_pct': 0.21538467938272063}, '518880': {'shares': 51500.0, 'price': 3.536, 'value': 182104.0, 'profit_pct': -1.739428860430238}}",-0.010822310620115738,1.183112865500561,-8.652375336451513
2021-03-03,21464.26550056087,1176306.4,1197770.6655005608,"{'510300': {'shares': 80900.0, 'price': 5.035, 'value': 407331.5, 'profit_pct': 0.6195245043014742}, '159915': {'shares': 139800.0, 'price': 2.9, 'value': 405420.0, 'profit_pct': 0.10721828275388313}, '511260': {'shares': 1700.0, 'price': 106.342, 'value': 180781.4, 'profit_pct': 0.08362387610034769}, '518880': {'shares': 51500.0, 'price': 3.549, 'value': 182773.5, 'profit_pct': -1.3781767606524107}}",0.01238918147830148,1.1977706655005609,-7.52065303688304
2021-03-04,21464.26550056087,1140148.1,1161612.365500561,"{'510300': {'shares': 80900.0, 'price': 4.868, 'value': 393821.2, 'profit_pct': -2.717806298522424}, '159915': {'shares': 139800.0, 'price': 2.751, 'value': 384589.8, 'profit_pct': -5.036221553153128}, '511260': {'shares': 1700.0, 'price': 106.333, 'value': 180766.1, 'profit_pct': 0.07515353874648056}, '518880': {'shares': 51500.0, 'price': 3.514, 'value': 180971.0, 'profit_pct': -2.350778567746572}}",-0.030187999290238854,1.161612365500561,-10.312419497367365
2021-03-05,21464.26550056087,1139963.1,1161427.365500561,"{'510300': {'shares': 80900.0, 'price': 4.847, 'value': 392122.30000000005, 'profit_pct': -3.137470650973332}, '159915': {'shares': 139800.0, 'price': 2.772, 'value': 387525.6, 'profit_pct': -4.311307213864223}, '511260': {'shares': 1700.0, 'price': 106.466, 'value': 180992.19999999998, 'profit_pct': 0.2003263018647302}, '518880': {'shares': 51500.0, 'price': 3.482, 'value': 179323.0, 'profit_pct': -3.240014505661219}}",-0.00015926139002508943,1.161427365500561,-10.326703266106207
2021-03-08,21464.26550056087,1107608.3,1129072.565500561,"{'510300': {'shares': 80900.0, 'price': 4.661, 'value': 377074.89999999997, 'profit_pct': -6.854497772681407}, '159915': {'shares': 139800.0, 'price': 2.633, 'value': 368093.4, 'profit_pct': -9.109549745347936}, '511260': {'shares': 1700.0, 'price': 106.595, 'value': 181211.5, 'profit_pct': 0.32173447060349225}, '518880': {'shares': 51500.0, 'price': 3.519, 'value': 181228.5, 'profit_pct': -2.2118354524473975}}",-0.02785779030275859,1.129072565500561,-12.824803162276066
2021-03-09,21464.26550056087,1086801.2,1108265.4655005608,"{'510300': {'shares': 80900.0, 'price': 4.56, 'value': 368903.99999999994, 'profit_pct': -8.872883467802449}, '159915': {'shares': 139800.0, 'price': 2.547, 'value': 356070.60000000003, 'profit_pct': -12.07824656338822}, '511260': {'shares': 1700.0, 'price': 106.628, 'value': 181267.6, 'profit_pct': 0.35279237423433835}, '518880': {'shares': 51500.0, 'price': 3.506, 'value': 180559.0, 'profit_pct': -2.573087552225237}}",-0.018428487801202986,1.1082654655005608,-14.431310213767535
2021-03-10,21464.26550056087,1095978.0,1117442.2655005609,"{'510300': {'shares': 80900.0, 'price': 4.581, 'value': 370602.9, 'profit_pct': -8.453219115351523}, '159915': {'shares': 139800.0, 'price': 2.586, 'value': 361522.8, 'profit_pct': -10.731977076137401}, '511260': {'shares': 1700.0, 'price': 106.729, 'value': 181439.3, 'profit_pct': 0.44784838231662044}, '518880': {'shares': 51500.0, 'price': 3.542, 'value': 182413.0, 'profit_pct': -1.5726971220712453}}",0.008280326587506881,1.117442265500561,-13.72277351667246
2021-03-11,21464.26550056087,1116735.1,1138199.365500561,"{'510300': {'shares': 80900.0, 'price': 4.71, 'value': 381039.0, 'profit_pct': -5.875280950295943}, '159915': {'shares': 139800.0, 'price': 2.65, 'value': 370470.0, 'profit_pct': -8.522714327828348}, '511260': {'shares': 1700.0, 'price': 106.598, 'value': 181216.6, 'profit_pct': 0.3245579163881146}, '518880': {'shares': 51500.0, 'price': 3.573, 'value': 184009.5, 'profit_pct': -0.7112498072164162}}",0.018575545816411188,1.1381993655005609,-12.120126943218523
2021-03-12,21464.26550056087,1116323.9,1137788.1655005608,"{'510300': {'shares': 80900.0, 'price': 4.723, 'value': 382090.7, 'profit_pct': -5.615488732112048}, '159915': {'shares': 139800.0, 'price': 2.658, 'value': 371588.39999999997, 'profit_pct': -8.246556484289718}, '511260': {'shares': 1700.0, 'price': 106.564, 'value': 181158.8, 'profit_pct': 0.2925588641623899}, '518880': {'shares': 51500.0, 'price': 3.524, 'value': 181486.0, 'profit_pct': -2.072892337148235}}",-0.0003612723855449529,1.1377881655005608,-12.15187551459913
2021-03-15,21464.26550056087,1095191.5,1116655.7655005609,"{'510300': {'shares': 80900.0, 'price': 4.621, 'value': 373838.9, 'profit_pct': -7.653858444016456}, '159915': {'shares': 139800.0, 'price': 2.555, 'value': 357189.0, 'profit_pct': -11.802088719849587}, '511260': {'shares': 1700.0, 'price': 106.488, 'value': 181029.6, 'profit_pct': 0.2210315709519654}, '518880': {'shares': 51500.0, 'price': 3.556, 'value': 183134.0, 'profit_pct': -1.1836563992335758}}",-0.01857322886699464,1.116655765500561,-13.783498836202723
2021-03-16,21464.26550056087,1101411.5,1122875.7655005609,"{'510300': {'shares': 80900.0, 'price': 4.654, 'value': 376508.6, 'profit_pct': -6.994385890165036}, '159915': {'shares': 139800.0, 'price': 2.579, 'value': 360544.2, 'profit_pct': -10.973615189233692}, '511260': {'shares': 1700.0, 'price': 106.421, 'value': 180915.7, 'profit_pct': 0.15797461509540797}, '518880': {'shares': 51500.0, 'price': 3.562, 'value': 183443.0, 'profit_pct': -1.0169246608745834}}",0.0055702036313864944,1.1228757655005608,-13.303255368334687
2021-03-17,21464.26550056087,1107879.2,1129343.4655005608,"{'510300': {'shares': 80900.0, 'price': 4.677, 'value': 378369.3, 'profit_pct': -6.534753504147379}, '159915': {'shares': 139800.0, 'price': 2.607, 'value': 364458.60000000003, 'profit_pct': -10.007062736848482}, '511260': {'shares': 1700.0, 'price': 106.374, 'value': 180835.8, 'profit_pct': 0.11374063113631522}, '518880': {'shares': 51500.0, 'price': 3.577, 'value': 184215.5, 'profit_pct': -0.6000953149770838}}",0.005759942638994264,1.1293434655005608,-12.803887092268774
2021-03-18,21464.26550056087,1118216.2000000002,1139680.465500561,"{'510300': {'shares': 80900.0, 'price': 4.717, 'value': 381605.3, 'profit_pct': -5.735392832812313}, '159915': {'shares': 139800.0, 'price': 2.65, 'value': 370470.0, 'profit_pct': -8.522714327828348}, '511260': {'shares': 1700.0, 'price': 106.197, 'value': 180534.9, 'profit_pct': -0.05284267015639144}, '518880': {'shares': 51500.0, 'price': 3.604, 'value': 185606.0, 'profit_pct': 0.15019750763841302}}",0.00915310560142002,1.139680465500561,-12.00577186279097
2021-03-19,21464.26550056087,1096480.2000000002,1117944.465500561,"{'510300': {'shares': 80900.0, 'price': 4.578, 'value': 370360.2, 'profit_pct': -8.513171165701655}, '159915': {'shares': 139800.0, 'price': 2.579, 'value': 360544.2, 'profit_pct': -10.973615189233692}, '511260': {'shares': 1700.0, 'price': 106.319, 'value': 180742.30000000002, 'profit_pct': 0.06197745841824728}, '518880': {'shares': 51500.0, 'price': 3.589, 'value': 184833.5, 'profit_pct': -0.2666318382590866}}",-0.01907201242626655,1.117944465500561,-13.683998875263558
2021-03-22,21464.26550056087,1104183.8,1125648.065500561,"{'510300': {'shares': 80900.0, 'price': 4.635, 'value': 374971.5, 'profit_pct': -7.374082209049196}, '159915': {'shares': 139800.0, 'price': 2.607, 'value': 364458.60000000003, 'profit_pct': -10.007062736848482}, '511260': {'shares': 1700.0, 'price': 106.411, 'value': 180898.7, 'profit_pct': 0.14856312914666228}, '518880': {'shares': 51500.0, 'price': 3.57, 'value': 183855.0, 'profit_pct': -0.7946156763959187}}",0.006890861073810539,1.125648065500561,-13.089207303066107
2021-03-23,21464.26550056087,1097452.4,1118916.6655005608,"{'510300': {'shares': 80900.0, 'price': 4.59, 'value': 371331.0, 'profit_pct': -8.273362964301144}, '159915': {'shares': 139800.0, 'price': 2.579, 'value': 360544.2, 'profit_pct': -10.973615189233692}, '511260': {'shares': 1700.0, 'price': 106.441, 'value': 180949.7, 'profit_pct': 0.176797586992886}, '518880': {'shares': 51500.0, 'price': 3.585, 'value': 184627.5, 'profit_pct': -0.37778633049841903}}",-0.005980021825921944,1.1189166655005607,-13.608935740301952
2021-03-24,21464.26550056087,1086128.3,1107592.565500561,"{'510300': {'shares': 80900.0, 'price': 4.514, 'value': 365182.60000000003, 'profit_pct': -9.792148239837763}, '159915': {'shares': 139800.0, 'price': 2.543, 'value': 355511.4, 'profit_pct': -12.216325485157535}, '511260': {'shares': 1700.0, 'price': 106.569, 'value': 181167.30000000002, 'profit_pct': 0.2972646071367695}, '518880': {'shares': 51500.0, 'price': 3.578, 'value': 184267.0, 'profit_pct': -0.5723066919172538}}",-0.010120592845879073,1.107592565500561,-14.483264527196537
2021-03-25,21464.26550056087,1089802.9000000001,1111267.165500561,"{'510300': {'shares': 80900.0, 'price': 4.51, 'value': 364859.0, 'profit_pct': -9.872084306971278}, '159915': {'shares': 139800.0, 'price': 2.567, 'value': 358866.60000000003, 'profit_pct': -11.38785195454164}, '511260': {'shares': 1700.0, 'price': 106.614, 'value': 181243.80000000002, 'profit_pct': 0.33961629390610504}, '518880': {'shares': 51500.0, 'price': 3.589, 'value': 184833.5, 'profit_pct': -0.2666318382590866}}",0.0033176459597663577,1.111267165500561,-14.199550275262784
2021-03-26,21464.26550056087,1109160.4,1130624.6655005608,"{'510300': {'shares': 80900.0, 'price': 4.614, 'value': 373272.6, 'profit_pct': -7.793746561500104}, '159915': {'shares': 139800.0, 'price': 2.65, 'value': 370470.0, 'profit_pct': -8.522714327828348}, '511260': {'shares': 1700.0, 'price': 106.529, 'value': 181099.3, 'profit_pct': 0.2596186633418}, '518880': {'shares': 51500.0, 'price': 3.579, 'value': 184318.5, 'profit_pct': -0.5445180688574114}}",0.01741930347710796,1.1306246655005607,-12.704966203035251
2021-03-29,21464.26550056087,1108118.0,1129582.2655005609,"{'510300': {'shares': 80900.0, 'price': 4.624, 'value': 374081.6, 'profit_pct': -7.593906393666342}, '159915': {'shares': 139800.0, 'price': 2.637, 'value': 368652.6, 'profit_pct': -8.971470823578622}, '511260': {'shares': 1700.0, 'price': 106.509, 'value': 181065.3, 'profit_pct': 0.240795691444322}, '518880': {'shares': 51500.0, 'price': 3.579, 'value': 184318.5, 'profit_pct': -0.5445180688574114}}",-0.0009219682108548843,1.129582265500561,-12.785449449161545
2021-03-30,21464.26550056087,1114643.8,1136108.065500561,"{'510300': {'shares': 80900.0, 'price': 4.668, 'value': 377641.2, 'profit_pct': -6.714609655197759}, '159915': {'shares': 139800.0, 'price': 2.673, 'value': 373685.4, 'profit_pct': -7.728760527654778}, '511260': {'shares': 1700.0, 'price': 106.596, 'value': 181213.2, 'profit_pct': 0.32267561919837084}, '518880': {'shares': 51500.0, 'price': 3.536, 'value': 182104.0, 'profit_pct': -1.739428860430238}}",0.0057771799357244635,1.1361080655005609,-12.281595297616022
2021-03-31,21464.26550056087,1108769.1,1130233.365500561,"{'510300': {'shares': 80900.0, 'price': 4.631, 'value': 374647.9, 'profit_pct': -7.454018276182693}, '159915': {'shares': 139800.0, 'price': 2.665, 'value': 372567.0, 'profit_pct': -8.00491837119341}, '511260': {'shares': 1700.0, 'price': 106.801, 'value': 181561.7, 'profit_pct': 0.5156110811475575}, '518880': {'shares': 51500.0, 'price': 3.495, 'value': 179992.5, 'profit_pct': -2.8787624058833923}}",-0.005170898947373992,1.130233365500561,-12.735178304156902
2021-04-01,19795.34309658091,1123343.5999999999,1143138.9430965807,"{'510300': {'shares': 82800.0, 'price': 4.693, 'value': 388580.39999999997, 'profit_pct': -0.0999000999000917}, '159915': {'shares': 143000.0, 'price': 2.718, 'value': 388674.0, 'profit_pct': -0.09990009990009169}, '511260': {'shares': 1600.0, 'price': 106.682, 'value': 170691.2, 'profit_pct': -0.09990009990009258}, '518880': {'shares': 49200.0, 'price': 3.565, 'value': 175398.0, 'profit_pct': -0.09990009990008861}}",0.011418507000369837,1.1431389430965806,-11.738744326736894
2021-04-02,19795.34309658091,1135156.7999999998,1154952.1430965806,"{'510300': {'shares': 82800.0, 'price': 4.742, 'value': 392637.6, 'profit_pct': 0.9431650812430862}, '159915': {'shares': 143000.0, 'price': 2.756, 'value': 394107.99999999994, 'profit_pct': 1.2967900385118942}, '511260': {'shares': 1600.0, 'price': 106.688, 'value': 170700.80000000002, 'profit_pct': -0.09428152695057324}, '518880': {'shares': 49200.0, 'price': 3.612, 'value': 177710.4, 'profit_pct': 1.2171559156131544}}",0.0103340018913185,1.1549521430965806,-10.826652343679244
2021-04-06,19795.34309658091,1128042.4,1147837.7430965807,"{'510300': {'shares': 82800.0, 'price': 4.714, 'value': 390319.2, 'profit_pct': 0.3471278348755694}, '159915': {'shares': 143000.0, 'price': 2.73, 'value': 390390.0, 'profit_pct': 0.3411599438089591}, '511260': {'shares': 1600.0, 'price': 106.66, 'value': 170656.0, 'profit_pct': -0.1205015340483346}, '518880': {'shares': 49200.0, 'price': 3.591, 'value': 176677.2, 'profit_pct': 0.6286840788944759}}",-0.006159908912697687,1.1478377430965807,-11.375952042682503
2021-04-07,19795.34309658091,1122698.6,1142493.943096581,"{'510300': {'shares': 82800.0, 'price': 4.679, 'value': 387421.2, 'profit_pct': -0.3979187230838406}, '159915': {'shares': 143000.0, 'price': 2.707, 'value': 387101.0, 'profit_pct': -0.5042051399667257}, '511260': {'shares': 1600.0, 'price': 106.695, 'value': 170712.0, 'profit_pct': -0.08772652517614288}, '518880': {'shares': 49200.0, 'price': 3.607, 'value': 177464.40000000002, 'profit_pct': 1.077043573537281}}",-0.004655536056501819,1.1424939430965808,-11.788544493420938
2021-04-08,19795.34309658091,1126790.4,1146585.7430965807,"{'510300': {'shares': 82800.0, 'price': 4.69, 'value': 388332.00000000006, 'profit_pct': -0.16376123343945295}, '159915': {'shares': 143000.0, 'price': 2.728, 'value': 390104.0, 'profit_pct': 0.26764993652412544}, '511260': {'shares': 1600.0, 'price': 106.591, 'value': 170545.59999999998, 'profit_pct': -0.185115122967807}, '518880': {'shares': 49200.0, 'price': 3.614, 'value': 177808.8, 'profit_pct': 1.2732008524434988}}",0.0035814631882506998,1.1465857430965807,-11.472618412742108
2021-04-09,19795.34309658091,1116432.4,1136227.7430965807,"{'510300': {'shares': 82800.0, 'price': 4.619, 'value': 382453.19999999995, 'profit_pct': -1.6751413938714061}, '159915': {'shares': 143000.0, 'price': 2.69, 'value': 384670.0, 'profit_pct': -1.129040201887877}, '511260': {'shares': 1600.0, 'price': 106.665, 'value': 170664.0, 'profit_pct': -0.11581938992372626}, '518880': {'shares': 49200.0, 'price': 3.631, 'value': 178645.19999999998, 'profit_pct': 1.7495828155014759}}",-0.009033777074557214,1.1362277430965808,-12.272355042995652
2021-04-12,19795.34309658091,1099890.2,1119685.5430965808,"{'510300': {'shares': 82800.0, 'price': 4.535, 'value': 375498.0, 'profit_pct': -3.463253132973975}, '159915': {'shares': 143000.0, 'price': 2.627, 'value': 375660.99999999994, 'profit_pct': -3.4446054313603973}, '511260': {'shares': 1600.0, 'price': 106.888, 'value': 171020.80000000002, 'profit_pct': 0.09300423803340031}, '518880': {'shares': 49200.0, 'price': 3.612, 'value': 177710.4, 'profit_pct': 1.2171559156131544}}",-0.014558877038961637,1.1196855430965809,-13.549571038842355
2021-04-13,19795.34309658091,1101082.5999999999,1120877.9430965807,"{'510300': {'shares': 82800.0, 'price': 4.528, 'value': 374918.39999999997, 'profit_pct': -3.6122624445658684}, '159915': {'shares': 143000.0, 'price': 2.649, 'value': 378807.0, 'profit_pct': -2.6359953512271295}, '511260': {'shares': 1600.0, 'price': 107.167, 'value': 171467.2, 'profit_pct': 0.3542678801860363}, '518880': {'shares': 49200.0, 'price': 3.575, 'value': 175890.0, 'profit_pct': 0.18032458425167078}}",0.0010649418556412105,1.1208779430965807,-13.457506358603489
2021-04-14,19795.34309658091,1113775.0,1133570.3430965808,"{'510300': {'shares': 82800.0, 'price': 4.556, 'value': 377236.8, 'profit_pct': -3.016225198198333}, '159915': {'shares': 143000.0, 'price': 2.707, 'value': 387101.0, 'profit_pct': -0.5042051399667257}, '511260': {'shares': 1600.0, 'price': 107.237, 'value': 171579.19999999998, 'profit_pct': 0.4198178979304197}, '518880': {'shares': 49200.0, 'price': 3.615, 'value': 177858.0, 'profit_pct': 1.3012233208586834}}",0.011323623663193505,1.133570343096581,-12.477531729733993
2021-04-15,19795.34309658091,1109773.9999999998,1129569.3430965806,"{'510300': {'shares': 82800.0, 'price': 4.528, 'value': 374918.39999999997, 'profit_pct': -3.6122624445658684}, '159915': {'shares': 143000.0, 'price': 2.698, 'value': 385814.0, 'profit_pct': -0.8350001727485096}, '511260': {'shares': 1600.0, 'price': 107.082, 'value': 171331.19999999998, 'profit_pct': 0.27467143006784117}, '518880': {'shares': 49200.0, 'price': 3.612, 'value': 177710.4, 'profit_pct': 1.2171559156131544}}",-0.0035295559947966515,1.1295693430965805,-12.786447182296712
2021-04-16,19795.34309658091,1111766.7999999998,1131562.1430965806,"{'510300': {'shares': 82800.0, 'price': 4.544, 'value': 376243.19999999995, 'profit_pct': -3.271669732355854}, '159915': {'shares': 143000.0, 'price': 2.688, 'value': 384384.0, 'profit_pct': -1.2025502091727103}, '511260': {'shares': 1600.0, 'price': 107.44, 'value': 171904.0, 'profit_pct': 0.609912949389153}, '518880': {'shares': 49200.0, 'price': 3.643, 'value': 179235.59999999998, 'profit_pct': 2.0858524364835795}}",0.0017642121859797744,1.1315621430965805,-12.632583969633139
2021-04-19,19795.34309658091,1139165.2,1158960.5430965808,"{'510300': {'shares': 82800.0, 'price': 4.67, 'value': 386676.0, 'profit_pct': -0.5895021237019811}, '159915': {'shares': 143000.0, 'price': 2.798, 'value': 400114.0, 'profit_pct': 2.84050019149358}, '511260': {'shares': 1600.0, 'price': 107.382, 'value': 171811.2, 'profit_pct': 0.5556000775438082}, '518880': {'shares': 49200.0, 'price': 3.67, 'value': 180564.0, 'profit_pct': 2.8424590836933166}}",0.024212899103378316,1.1589605430965808,-10.51716554036698
2021-04-20,19795.34309658091,1135914.2,1155709.5430965808,"{'510300': {'shares': 82800.0, 'price': 4.662, 'value': 386013.6, 'profit_pct': -0.7597984798069886}, '159915': {'shares': 143000.0, 'price': 2.791, 'value': 399113.0, 'profit_pct': 2.58321516599663}, '511260': {'shares': 1600.0, 'price': 107.466, 'value': 171945.59999999998, 'profit_pct': 0.6342600988370656}, '518880': {'shares': 49200.0, 'price': 3.635, 'value': 178842.0, 'profit_pct': 1.8616726891621773}}",-0.002805099810657685,1.1557095430965807,-10.768173822366812
2021-04-21,19795.34309658091,1142076.0,1161871.3430965808,"{'510300': {'shares': 82800.0, 'price': 4.674, 'value': 387007.2, 'profit_pct': -0.5043539456494679}, '159915': {'shares': 143000.0, 'price': 2.814, 'value': 402402.0, 'profit_pct': 3.4285802497723146}, '511260': {'shares': 1600.0, 'price': 107.472, 'value': 171955.19999999998, 'profit_pct': 0.639878671786585}, '518880': {'shares': 49200.0, 'price': 3.673, 'value': 180711.6, 'profit_pct': 2.9265264889388454}}",0.005331616440139575,1.1618713430965808,-10.29242395093446
2021-04-22,19795.34309658091,1145074.2,1164869.5430965808,"{'510300': {'shares': 82800.0, 'price': 4.67, 'value': 386676.0, 'profit_pct': -0.5895021237019811}, '159915': {'shares': 143000.0, 'price': 2.837, 'value': 405691.0, 'profit_pct': 4.273945333547999}, '511260': {'shares': 1600.0, 'price': 107.405, 'value': 171848.0, 'profit_pct': 0.5771379405169611}, '518880': {'shares': 49200.0, 'price': 3.676, 'value': 180859.2, 'profit_pct': 3.0105938941843746}}",0.002580492253134725,1.1648695430965808,-10.06093424589235
2021-04-23,19795.34309658091,1157084.6,1176879.943096581,"{'510300': {'shares': 82800.0, 'price': 4.721, 'value': 390898.8, 'profit_pct': 0.4961371464674439}, '159915': {'shares': 143000.0, 'price': 2.891, 'value': 413413.0, 'profit_pct': 6.258715530238719}, '511260': {'shares': 1600.0, 'price': 107.692, 'value': 172307.19999999998, 'profit_pct': 0.8458930132689519}, '518880': {'shares': 49200.0, 'price': 3.668, 'value': 180465.6, 'profit_pct': 2.786414146862972}}",0.010310510795975336,1.1768799430965808,-9.133616537454692
2021-04-26,19795.34309658091,1146643.4,1166438.7430965807,"{'510300': {'shares': 82800.0, 'price': 4.657, 'value': 385599.6, 'profit_pct': -0.8662337023726159}, '159915': {'shares': 143000.0, 'price': 2.863, 'value': 409409.0, 'profit_pct': 5.229575428250934}, '511260': {'shares': 1600.0, 'price': 107.565, 'value': 172104.0, 'profit_pct': 0.7269665525041347}, '518880': {'shares': 49200.0, 'price': 3.649, 'value': 179530.8, 'profit_pct': 2.253987246974638}}",-0.008871932996434184,1.1664387430965808,-9.939777003162686
2021-04-27,19795.34309658091,1150758.0,1170553.3430965808,"{'510300': {'shares': 82800.0, 'price': 4.67, 'value': 386676.0, 'profit_pct': -0.5895021237019811}, '159915': {'shares': 143000.0, 'price': 2.884, 'value': 412412.0, 'profit_pct': 6.001430504741769}, '511260': {'shares': 1600.0, 'price': 107.464, 'value': 171942.4, 'profit_pct': 0.6323872411872302}, '518880': {'shares': 49200.0, 'price': 3.653, 'value': 179727.6, 'profit_pct': 2.3660771206353393}}",0.003527489141073037,1.1705533430965809,-9.622090544498729
2021-04-28,19795.34309658091,1161697.4,1181492.7430965807,"{'510300': {'shares': 82800.0, 'price': 4.708, 'value': 389822.4, 'profit_pct': 0.21940556779680911}, '159915': {'shares': 143000.0, 'price': 2.949, 'value': 421707.0, 'profit_pct': 8.390505741499123}, '511260': {'shares': 1600.0, 'price': 107.171, 'value': 171473.6, 'profit_pct': 0.35801359548572026}, '518880': {'shares': 49200.0, 'price': 3.632, 'value': 178694.4, 'profit_pct': 1.7776052839166607}}",0.009345494645345065,1.1814927430965807,-8.777464275624858
2021-04-29,19795.34309658091,1166708.4,1186503.7430965807,"{'510300': {'shares': 82800.0, 'price': 4.754, 'value': 393631.19999999995, 'profit_pct': 1.1986096154005879}, '159915': {'shares': 143000.0, 'price': 2.952, 'value': 422136.0, 'profit_pct': 8.50077075242639}, '511260': {'shares': 1600.0, 'price': 107.316, 'value': 171705.6, 'profit_pct': 0.4937957750990954}, '518880': {'shares': 49200.0, 'price': 3.643, 'value': 179235.59999999998, 'profit_pct': 2.0858524364835795}}",0.004241244839868097,1.1865037430965808,-8.390567166704166
2021-04-30,19795.34309658091,1167725.4,1187520.7430965807,"{'510300': {'shares': 82800.0, 'price': 4.709, 'value': 389905.19999999995, 'profit_pct': 0.24069261230992323}, '159915': {'shares': 143000.0, 'price': 2.989, 'value': 427427.0, 'profit_pct': 9.860705887195959}, '511260': {'shares': 1600.0, 'price': 107.527, 'value': 172043.2, 'profit_pct': 0.6913822571571834}, '518880': {'shares': 49200.0, 'price': 3.625, 'value': 178350.0, 'profit_pct': 1.5814480050104305}}",0.0008571401530903522,1.1875207430965806,-8.312045043420913
2021-05-06,234.64094377114088,1169039.5,1169274.1409437712,"{'510300': {'shares': 87700.0, 'price': 4.642, 'value': 407103.4, 'profit_pct': -0.09990009990009109}, '159915': {'shares': 140200.0, 'price': 2.904, 'value': 407140.8, 'profit_pct': -0.09990009990008525}, '511260': {'shares': 1700.0, 'price': 107.505, 'value': 182758.5, 'profit_pct': -0.09990009990008977}, '518880': {'shares': 46800.0, 'price': 3.676, 'value': 172036.80000000002, 'profit_pct': -0.09990009990008819}}",-0.015365291308705564,1.1692741409437712,-9.720857180828235
2021-05-07,234.64094377114088,1153654.2,1153888.8409437712,"{'510300': {'shares': 87700.0, 'price': 4.581, 'value': 401753.7, 'profit_pct': -1.4126760787682704}, '159915': {'shares': 140200.0, 'price': 2.819, 'value': 395223.8, 'profit_pct': -3.023973271907141}, '511260': {'shares': 1700.0, 'price': 107.483, 'value': 182721.1, 'profit_pct': -0.1203438206368121}, '518880': {'shares': 46800.0, 'price': 3.717, 'value': 173955.6, 'profit_pct': 1.0143284354383473}}",-0.013157992177593059,1.153888840943771,-10.9087494358427
2021-05-10,234.64094377114088,1155299.9,1155534.5409437711,"{'510300': {'shares': 87700.0, 'price': 4.58, 'value': 401666.0, 'profit_pct': -1.4341969964546413}, '159915': {'shares': 140200.0, 'price': 2.827, 'value': 396345.39999999997, 'profit_pct': -2.748766385130006}, '511260': {'shares': 1700.0, 'price': 107.485, 'value': 182724.5, 'profit_pct': -0.11848530056984094}, '518880': {'shares': 46800.0, 'price': 3.73, 'value': 174564.0, 'profit_pct': 1.367620410057849}}",0.0014262205696122798,1.1555345409437712,-10.781685661715635
2021-05-11,234.64094377114088,1157166.1,1157400.7409437713,"{'510300': {'shares': 87700.0, 'price': 4.606, 'value': 403946.2, 'profit_pct': -0.8746531366091915}, '159915': {'shares': 140200.0, 'price': 2.823, 'value': 395784.6, 'profit_pct': -2.8863698285185735}, '511260': {'shares': 1700.0, 'price': 107.709, 'value': 183105.30000000002, 'profit_pct': 0.08966894693141718}, '518880': {'shares': 46800.0, 'price': 3.725, 'value': 174330.0, 'profit_pct': 1.2317388813580425}}",0.0016150101393559435,1.1574007409437712,-10.637597179443059
2021-05-12,234.64094377114088,1166066.8,1166301.4409437713,"{'510300': {'shares': 87700.0, 'price': 4.637, 'value': 406664.89999999997, 'profit_pct': -0.20750468833192598}, '159915': {'shares': 140200.0, 'price': 2.865, 'value': 401673.00000000006, 'profit_pct': -1.441533672938607}, '511260': {'shares': 1700.0, 'price': 107.689, 'value': 183071.3, 'profit_pct': 0.0710837462616528}, '518880': {'shares': 46800.0, 'price': 3.732, 'value': 174657.6, 'profit_pct': 1.421973021537779}}",0.007690249094485679,1.1663014409437713,-9.950378042071206
2021-05-13,234.64094377114088,1157608.0999999999,1157842.740943771,"{'510300': {'shares': 87700.0, 'price': 4.582, 'value': 401841.39999999997, 'profit_pct': -1.3911551610819186}, '159915': {'shares': 140200.0, 'price': 2.845, 'value': 398869.0, 'profit_pct': -2.1295508898814446}, '511260': {'shares': 1700.0, 'price': 107.613, 'value': 182942.1, 'profit_pct': 0.0004599837165903826}, '518880': {'shares': 46800.0, 'price': 3.717, 'value': 173955.6, 'profit_pct': 1.0143284354383473}}",-0.007252584711852417,1.157842740943771,-10.603470553591364
2021-05-14,234.64094377114088,1182679.8,1182914.4409437713,"{'510300': {'shares': 87700.0, 'price': 4.708, 'value': 412891.60000000003, 'profit_pct': 1.320480467399904}, '159915': {'shares': 140200.0, 'price': 2.937, 'value': 411767.39999999997, 'profit_pct': 1.0353283080555928}, '511260': {'shares': 1700.0, 'price': 107.668, 'value': 183035.6, 'profit_pct': 0.05156928555842264}, '518880': {'shares': 46800.0, 'price': 3.739, 'value': 174985.19999999998, 'profit_pct': 1.6122071617175036}}",0.02165380419413765,1.1829144409437713,-8.667695609323356
2021-05-17,234.64094377114088,1199572.6,1199807.2409437713,"{'510300': {'shares': 87700.0, 'price': 4.769, 'value': 418241.3, 'profit_pct': 2.633256446268083}, '159915': {'shares': 140200.0, 'price': 3.007, 'value': 421581.4, 'profit_pct': 3.443388567355532}, '511260': {'shares': 1700.0, 'price': 107.639, 'value': 182986.3, 'profit_pct': 0.024620744587268237}, '518880': {'shares': 46800.0, 'price': 3.777, 'value': 176763.6, 'profit_pct': 2.644906779836062}}",0.014280660895916064,1.1998072409437712,-7.363409941477528
2021-05-18,234.64094377114088,1198169.2000000002,1198403.8409437714,"{'510300': {'shares': 87700.0, 'price': 4.771, 'value': 418416.7, 'profit_pct': 2.676298281640806}, '159915': {'shares': 140200.0, 'price': 2.988, 'value': 418917.6, 'profit_pct': 2.7897722112598324}, '511260': {'shares': 1700.0, 'price': 107.589, 'value': 182901.3, 'profit_pct': -0.021842257087116318}, '518880': {'shares': 46800.0, 'price': 3.802, 'value': 177933.6, 'profit_pct': 3.324314423335107}}",-0.0011696878899447594,1.1984038409437714,-7.47176583903475
2021-05-19,234.64094377114088,1201192.4000000001,1201427.0409437714,"{'510300': {'shares': 87700.0, 'price': 4.757, 'value': 417188.89999999997, 'profit_pct': 2.37500543403171}, '159915': {'shares': 140200.0, 'price': 3.012, 'value': 422282.4, 'profit_pct': 3.6153928715912373}, '511260': {'shares': 1700.0, 'price': 107.835, 'value': 183319.5, 'profit_pct': 0.20675571115086416}, '518880': {'shares': 46800.0, 'price': 3.812, 'value': 178401.6, 'profit_pct': 3.59607748073472}}",0.00252268884387008,1.2014270409437713,-7.238345894973886
2021-05-20,234.64094377114088,1207081.7,1207316.3409437712,"{'510300': {'shares': 87700.0, 'price': 4.771, 'value': 418416.7, 'profit_pct': 2.676298281640806}, '159915': {'shares': 140200.0, 'price': 3.043, 'value': 426628.60000000003, 'profit_pct': 4.68181955785264}, '511260': {'shares': 1700.0, 'price': 108.048, 'value': 183681.6, 'profit_pct': 0.40468809828376107}, '518880': {'shares': 46800.0, 'price': 3.811, 'value': 178354.8, 'profit_pct': 3.5689011749947612}}",0.004901920632128798,1.2073163409437713,-6.783635628846052
2021-05-21,234.64094377114088,1198688.3,1198922.9409437713,"{'510300': {'shares': 87700.0, 'price': 4.716, 'value': 413593.2, 'profit_pct': 1.492647808890813}, '159915': {'shares': 140200.0, 'price': 3.012, 'value': 422282.4, 'profit_pct': 3.6153928715912373}, '511260': {'shares': 1700.0, 'price': 108.367, 'value': 184223.9, 'profit_pct': 0.7011220489663539}, '518880': {'shares': 46800.0, 'price': 3.816, 'value': 178588.8, 'profit_pct': 3.7047827036945673}}",-0.006952113307303276,1.1989229409437712,-7.431686356049183
2021-05-24,234.64094377114088,1205240.3,1205474.9409437713,"{'510300': {'shares': 87700.0, 'price': 4.744, 'value': 416048.8, 'profit_pct': 2.095233504108985}, '159915': {'shares': 140200.0, 'price': 3.036, 'value': 425647.2, 'profit_pct': 4.441013531922643}, '511260': {'shares': 1700.0, 'price': 108.467, 'value': 184393.9, 'profit_pct': 0.794048052315123}, '518880': {'shares': 46800.0, 'price': 3.828, 'value': 179150.4, 'profit_pct': 4.030898372574111}}",0.00546490502120367,1.2054749409437713,-6.925809314011988
2021-05-25,234.64094377114088,1230410.6000000003,1230645.2409437716,"{'510300': {'shares': 87700.0, 'price': 4.908, 'value': 430431.60000000003, 'profit_pct': 5.624664004672631}, '159915': {'shares': 140200.0, 'price': 3.119, 'value': 437283.80000000005, 'profit_pct': 7.296284982235422}, '511260': {'shares': 1700.0, 'price': 108.408, 'value': 184293.6, 'profit_pct': 0.7392217103393485}, '518880': {'shares': 46800.0, 'price': 3.812, 'value': 178401.6, 'profit_pct': 3.59607748073472}}",0.020879986091037583,1.2306452409437716,-4.98242150705398
2021-05-26,234.64094377114088,1229301.3,1229535.9409437713,"{'510300': {'shares': 87700.0, 'price': 4.909, 'value': 430519.3, 'profit_pct': 5.646184922358983}, '159915': {'shares': 140200.0, 'price': 3.095, 'value': 433919.0, 'profit_pct': 6.4706643219040165}, '511260': {'shares': 1700.0, 'price': 108.582, 'value': 184589.4, 'profit_pct': 0.9009129561662088}, '518880': {'shares': 46800.0, 'price': 3.852, 'value': 180273.6, 'profit_pct': 4.683129710333197}}",-0.0009013970583021669,1.2295359409437712,-5.068070072794518
2021-05-27,234.64094377114088,1232700.9999999998,1232935.640943771,"{'510300': {'shares': 87700.0, 'price': 4.928, 'value': 432185.6, 'profit_pct': 6.055082358399893}, '159915': {'shares': 140200.0, 'price': 3.118, 'value': 437143.6, 'profit_pct': 7.261884121388268}, '511260': {'shares': 1700.0, 'price': 108.338, 'value': 184174.59999999998, 'profit_pct': 0.6741735079951995}, '518880': {'shares': 46800.0, 'price': 3.829, 'value': 179197.2, 'profit_pct': 4.058074678314082}}",0.0027650269396681804,1.232935640943771,-4.805580729111114
2021-05-28,234.64094377114088,1230462.5,1230697.1409437712,"{'510300': {'shares': 87700.0, 'price': 4.913, 'value': 430870.10000000003, 'profit_pct': 5.732268593104447}, '159915': {'shares': 140200.0, 'price': 3.121, 'value': 437564.2, 'profit_pct': 7.365086703929697}, '511260': {'shares': 1700.0, 'price': 108.346, 'value': 184188.2, 'profit_pct': 0.6816075882631105}, '518880': {'shares': 46800.0, 'price': 3.8, 'value': 177840.0, 'profit_pct': 3.269961811855177}}",-0.0018155854414966255,1.2306971409437713,-4.978414330851056
2021-05-31,234.64094377114088,1242526.0,1242760.6409437712,"{'510300': {'shares': 87700.0, 'price': 4.919, 'value': 431396.3, 'profit_pct': 5.861394099222614}, '159915': {'shares': 140200.0, 'price': 3.195, 'value': 447939.0, 'profit_pct': 9.91075040661819}, '511260': {'shares': 1700.0, 'price': 108.259, 'value': 184040.3, 'profit_pct': 0.6007619653496737}, '518880': {'shares': 46800.0, 'price': 3.828, 'value': 179150.4, 'profit_pct': 4.030898372574111}}",0.009802167892215108,1.2427606409437713,-4.046996794737556
2021-06-01,4768.668280961341,1235842.5,1240611.1682809615,"{'510300': {'shares': 85400.0, 'price': 4.927, 'value': 420765.8, 'profit_pct': -0.09990009990008897}, '159915': {'shares': 132000.0, 'price': 3.188, 'value': 420816.0, 'profit_pct': -0.09990009990009197}, '511260': {'shares': 1800.0, 'price': 108.367, 'value': 195060.6, 'profit_pct': -0.09990009990008793}, '518880': {'shares': 51700.0, 'price': 3.853, 'value': 199200.1, 'profit_pct': -0.0999000999000969}}",-0.0017295950579649944,1.2406111682809615,-4.212956634878284
2021-06-02,4768.668280961341,1222092.7000000002,1226861.3682809616,"{'510300': {'shares': 85400.0, 'price': 4.884, 'value': 417093.60000000003, 'profit_pct': -0.9717702634284475}, '159915': {'shares': 132000.0, 'price': 3.133, 'value': 413556.0, 'profit_pct': -1.8233961772230252}, '511260': {'shares': 1800.0, 'price': 108.525, 'value': 195345.0, 'profit_pct': 0.045755088341866826}, '518880': {'shares': 51700.0, 'price': 3.793, 'value': 196098.1, 'profit_pct': -1.6555725613602574}}",-0.011083085781866786,1.2268613682809617,-5.274572653285315
2021-06-03,4768.668280961341,1213277.5999999999,1218046.268280961,"{'510300': {'shares': 85400.0, 'price': 4.843, 'value': 413592.2, 'profit_pct': -1.803088326327602}, '159915': {'shares': 132000.0, 'price': 3.099, 'value': 409068.0, 'profit_pct': -2.888830115931738}, '511260': {'shares': 1800.0, 'price': 108.612, 'value': 195501.59999999998, 'profit_pct': 0.12595762870293248}, '518880': {'shares': 51700.0, 'price': 3.774, 'value': 195115.8, 'profit_pct': -2.148202174155978}}",-0.007185082380050778,1.2180462682809612,-5.955182652256974
2021-06-04,4768.668280961341,1219121.0,1223889.6682809615,"{'510300': {'shares': 85400.0, 'price': 4.876, 'value': 416410.4, 'profit_pct': -1.1339786659453543}, '159915': {'shares': 132000.0, 'price': 3.141, 'value': 414612.0, 'profit_pct': -1.5727058387033261}, '511260': {'shares': 1800.0, 'price': 108.419, 'value': 195154.19999999998, 'profit_pct': -0.05196294933945189}, '518880': {'shares': 51700.0, 'price': 3.732, 'value': 192944.40000000002, 'profit_pct': -3.2371728971780844}}",0.004797354708246937,1.2238896682809615,-5.504016304967552
2021-06-07,4768.668280961341,1217072.7,1221841.3682809612,"{'510300': {'shares': 85400.0, 'price': 4.87, 'value': 415898.0, 'profit_pct': -1.255634967833039}, '159915': {'shares': 132000.0, 'price': 3.122, 'value': 412104.0, 'profit_pct': -2.1680953926876145}, '511260': {'shares': 1800.0, 'price': 108.241, 'value': 194833.8, 'profit_pct': -0.2160555031816503}, '518880': {'shares': 51700.0, 'price': 3.757, 'value': 194236.9, 'profit_pct': -2.5889760382363542}}",-0.0016735985710846224,1.2218413682809612,-5.662164648252799
2021-06-08,4768.668280961341,1212313.2,1217081.8682809612,"{'510300': {'shares': 85400.0, 'price': 4.828, 'value': 412311.2, 'profit_pct': -2.1072290810467953}, '159915': {'shares': 132000.0, 'price': 3.105, 'value': 409860.0, 'profit_pct': -2.700812362041971}, '511260': {'shares': 1800.0, 'price': 108.233, 'value': 194819.4, 'profit_pct': -0.22343044942174506}, '518880': {'shares': 51700.0, 'price': 3.778, 'value': 195322.6, 'profit_pct': -2.044490676725301}}",-0.0038953501850214067,1.2170818682809612,-6.029643552644737
2021-06-09,4768.668280961341,1212202.9,1216971.5682809614,"{'510300': {'shares': 85400.0, 'price': 4.836, 'value': 412994.4, 'profit_pct': -1.9450206785298887}, '159915': {'shares': 132000.0, 'price': 3.1, 'value': 409200.0, 'profit_pct': -2.8574938236167795}, '511260': {'shares': 1800.0, 'price': 108.245, 'value': 194841.0, 'profit_pct': -0.2123680300615963}, '518880': {'shares': 51700.0, 'price': 3.775, 'value': 195167.5, 'profit_pct': -2.1222742997983115}}",-9.062660686554036e-05,1.2169715682809614,-6.038159767195506
2021-06-10,4768.668280961341,1224973.0,1229741.6682809615,"{'510300': {'shares': 85400.0, 'price': 4.87, 'value': 415898.0, 'profit_pct': -1.255634967833039}, '159915': {'shares': 132000.0, 'price': 3.179, 'value': 419628.0, 'profit_pct': -0.3819267307347636}, '511260': {'shares': 1800.0, 'price': 108.249, 'value': 194848.19999999998, 'profit_pct': -0.20868055694155543}, '518880': {'shares': 51700.0, 'price': 3.764, 'value': 194598.8, 'profit_pct': -2.4074809177326775}}",0.010493342928330263,1.2297416682809614,-5.052185955455702
2021-06-11,4768.668280961341,1224310.5,1229079.1682809615,"{'510300': {'shares': 85400.0, 'price': 4.821, 'value': 411713.39999999997, 'profit_pct': -2.2491614332491006}, '159915': {'shares': 132000.0, 'price': 3.195, 'value': 421740.0, 'profit_pct': 0.1194539463046341}, '511260': {'shares': 1800.0, 'price': 108.142, 'value': 194655.6, 'profit_pct': -0.30732046290287784}, '518880': {'shares': 51700.0, 'price': 3.795, 'value': 196201.5, 'profit_pct': -1.6037168126449248}}",-0.0005387310335885909,1.2290791682809614,-5.103337289452902
2021-06-15,4768.668280961341,1210293.0,1215061.6682809615,"{'510300': {'shares': 85400.0, 'price': 4.762, 'value': 406674.8, 'profit_pct': -3.4454484018112908}, '159915': {'shares': 132000.0, 'price': 3.155, 'value': 416460.0, 'profit_pct': -1.1339977462938602}, '511260': {'shares': 1800.0, 'price': 107.954, 'value': 194317.19999999998, 'profit_pct': -0.4806316995452045}, '518880': {'shares': 51700.0, 'price': 3.73, 'value': 192841.0, 'profit_pct': -3.289028645893429}}",-0.01140487965442083,1.2150616682809614,-6.185622307272853
2021-06-16,4768.668280961341,1187119.9,1191888.5682809614,"{'510300': {'shares': 85400.0, 'price': 4.691, 'value': 400611.39999999997, 'profit_pct': -4.885047974148833}, '159915': {'shares': 132000.0, 'price': 3.024, 'value': 399168.0, 'profit_pct': -5.239052039553918}, '511260': {'shares': 1800.0, 'price': 108.084, 'value': 194551.2, 'profit_pct': -0.36078882314358823}, '518880': {'shares': 51700.0, 'price': 3.729, 'value': 192789.30000000002, 'profit_pct': -3.314956520251096}}",-0.0190715422969312,1.1918885682809615,-7.974807179499976
2021-06-17,4768.668280961341,1193015.7,1197784.3682809612,"{'510300': {'shares': 85400.0, 'price': 4.702, 'value': 401550.8, 'profit_pct': -4.662011420688083}, '159915': {'shares': 132000.0, 'price': 3.088, 'value': 407616.0, 'profit_pct': -3.233529331396327}, '511260': {'shares': 1800.0, 'price': 107.925, 'value': 194265.0, 'profit_pct': -0.5073658796655598}, '518880': {'shares': 51700.0, 'price': 3.667, 'value': 189583.9, 'profit_pct': -4.922484730426601}}",0.0049466033628489114,1.1977843682809612,-7.5195950512272685
2021-06-18,4768.668280961341,1198052.5,1202821.1682809615,"{'510300': {'shares': 85400.0, 'price': 4.707, 'value': 401977.8, 'profit_pct': -4.560631169115018}, '159915': {'shares': 132000.0, 'price': 3.137, 'value': 414084.0, 'profit_pct': -1.6980510079631757}, '511260': {'shares': 1800.0, 'price': 108.099, 'value': 194578.2, 'profit_pct': -0.34696079894340226}, '518880': {'shares': 51700.0, 'price': 3.625, 'value': 187412.5, 'profit_pct': -6.011455453448708}}",0.004205097456088103,1.2028211682809615,-7.130705935639192
2021-06-21,4768.668280961341,1201664.6,1206433.2682809616,"{'510300': {'shares': 85400.0, 'price': 4.7, 'value': 401380.0, 'profit_pct': -4.702563521317305}, '159915': {'shares': 132000.0, 'price': 3.166, 'value': 417912.0, 'profit_pct': -0.7892985308292707}, '511260': {'shares': 1800.0, 'price': 108.225, 'value': 194805.0, 'profit_pct': -0.230805395661853}, '518880': {'shares': 51700.0, 'price': 3.628, 'value': 187567.6, 'profit_pct': -5.933671830375697}}",0.003003023304920971,1.2064332682809615,-6.851817281252348
2021-06-22,4768.668280961341,1205506.9,1210275.5682809614,"{'510300': {'shares': 85400.0, 'price': 4.726, 'value': 403600.4, 'profit_pct': -4.1753862131373625}, '159915': {'shares': 132000.0, 'price': 3.174, 'value': 418968.0, 'profit_pct': -0.5386081923095719}, '511260': {'shares': 1800.0, 'price': 108.166, 'value': 194698.8, 'profit_pct': -0.2851956241825802}, '518880': {'shares': 51700.0, 'price': 3.641, 'value': 188239.7, 'profit_pct': -5.596609463725998}}",0.0031848425445650808,1.2102755682809614,-6.555154985980771
2021-06-23,4768.668280961341,1213990.3,1218758.9682809613,"{'510300': {'shares': 85400.0, 'price': 4.757, 'value': 406247.8, 'profit_pct': -3.5468286533843547}, '159915': {'shares': 132000.0, 'price': 3.217, 'value': 424644.0, 'profit_pct': 0.808852377233813}, '511260': {'shares': 1800.0, 'price': 108.14, 'value': 194652.0, 'profit_pct': -0.30916419946289825}, '518880': {'shares': 51700.0, 'price': 3.645, 'value': 188446.5, 'profit_pct': -5.492897966295321}}",0.007009478024950555,1.2187589682809612,-5.900155398310092
2021-06-24,4768.668280961341,1208644.6,1213413.2682809616,"{'510300': {'shares': 85400.0, 'price': 4.77, 'value': 407357.99999999994, 'profit_pct': -3.2832399992943837}, '159915': {'shares': 132000.0, 'price': 3.174, 'value': 418968.0, 'profit_pct': -0.5386081923095719}, '511260': {'shares': 1800.0, 'price': 108.195, 'value': 194751.0, 'profit_pct': -0.258461444062225}, '518880': {'shares': 51700.0, 'price': 3.628, 'value': 187567.6, 'profit_pct': -5.933671830375697}}",-0.004386183108494146,1.2134132682809615,-6.3128945472139435
2021-06-25,4768.668280961341,1224670.2,1229438.8682809612,"{'510300': {'shares': 85400.0, 'price': 4.851, 'value': 414275.4, 'profit_pct': -1.6408799238106948}, '159915': {'shares': 132000.0, 'price': 3.243, 'value': 428076.0, 'profit_pct': 1.6235959774228272}, '511260': {'shares': 1800.0, 'price': 108.31, 'value': 194958.0, 'profit_pct': -0.15244659186079468}, '518880': {'shares': 51700.0, 'price': 3.624, 'value': 187360.80000000002, 'profit_pct': -6.037383327806374}}",0.013207042002023828,1.2294388682809612,-5.075565010450966
2021-06-28,4768.668280961341,1233807.5,1238576.1682809615,"{'510300': {'shares': 85400.0, 'price': 4.86, 'value': 415044.0, 'profit_pct': -1.4583954709791682}, '159915': {'shares': 132000.0, 'price': 3.305, 'value': 436260.0, 'profit_pct': 3.5664461009505004}, '511260': {'shares': 1800.0, 'price': 108.269, 'value': 194884.2, 'profit_pct': -0.19024319134129872}, '518880': {'shares': 51700.0, 'price': 3.629, 'value': 187619.3, 'profit_pct': -5.90774395601803}}",0.007432089740888381,1.2385761682809615,-4.370078091005524
2021-06-29,4768.668280961341,1227728.8,1232497.4682809613,"{'510300': {'shares': 85400.0, 'price': 4.806, 'value': 410432.4, 'profit_pct': -2.553302187968294}, '159915': {'shares': 132000.0, 'price': 3.297, 'value': 435204.0, 'profit_pct': 3.3157557624308014}, '511260': {'shares': 1800.0, 'price': 108.414, 'value': 195145.2, 'profit_pct': -0.05657229073950952}, '518880': {'shares': 51700.0, 'price': 3.616, 'value': 186947.2, 'profit_pct': -6.244806322667729}}",-0.004907812822231961,1.2324974682809613,-4.839411847939523
2021-06-30,4768.668280961341,1239065.2000000002,1243833.8682809616,"{'510300': {'shares': 85400.0, 'price': 4.837, 'value': 413079.8, 'profit_pct': -1.9247446282152865}, '159915': {'shares': 132000.0, 'price': 3.373, 'value': 445236.0, 'profit_pct': 5.697313978367941}, '511260': {'shares': 1800.0, 'price': 108.587, 'value': 195456.6, 'profit_pct': 0.10291092170263123}, '518880': {'shares': 51700.0, 'price': 3.584, 'value': 185292.80000000002, 'profit_pct': -7.074498302113148}}",0.009197909360261658,1.2438338682809615,-3.9641333834476766
2021-07-01,5862.090282191406,1232724.6,1238586.6902821916,"{'510300': {'shares': 86100.0, 'price': 4.835, 'value': 416293.5, 'profit_pct': -0.09990009990007997}, '159915': {'shares': 124700.0, 'price': 3.34, 'value': 416498.0, 'profit_pct': -0.09990009990009024}, '511260': {'shares': 1800.0, 'price': 108.678, 'value': 195620.4, 'profit_pct': -0.09990009990009771}, '518880': {'shares': 56300.0, 'price': 3.629, 'value': 204312.7, 'profit_pct': -0.09990009990009055}}",-0.0042185521174318286,1.2385866902821916,-4.369265691912327
2021-07-02,5862.090282191406,1206761.3,1212623.3902821913,"{'510300': {'shares': 86100.0, 'price': 4.694, 'value': 404153.4, 'profit_pct': -3.013222558207027}, '159915': {'shares': 124700.0, 'price': 3.227, 'value': 402406.89999999997, 'profit_pct': -3.479753779154967}, '511260': {'shares': 1800.0, 'price': 108.733, 'value': 195719.4, 'profit_pct': -0.04934243878647604}, '518880': {'shares': 56300.0, 'price': 3.632, 'value': 204481.6, 'profit_pct': -0.017315283228745537}}",-0.0209620369762612,1.2126233902821912,-6.373880680545474
2021-07-05,5862.090282191406,1210955.0,1216817.0902821915,"{'510300': {'shares': 86100.0, 'price': 4.701, 'value': 404756.1, 'profit_pct': -2.868589528362008}, '159915': {'shares': 124700.0, 'price': 3.25, 'value': 405275.0, 'profit_pct': -2.7918189594836167}, '511260': {'shares': 1800.0, 'price': 108.728, 'value': 195710.4, 'profit_pct': -0.05393858979681359}, '518880': {'shares': 56300.0, 'price': 3.645, 'value': 205213.5, 'profit_pct': 0.34055225568039993}}",0.003458369707864728,1.2168170902821915,-6.050086945626143
2021-07-06,5862.090282191406,1206808.3,1212670.3902821913,"{'510300': {'shares': 86100.0, 'price': 4.708, 'value': 405358.8, 'profit_pct': -2.723956498516971}, '159915': {'shares': 124700.0, 'price': 3.196, 'value': 398541.2, 'profit_pct': -4.40697027523373}, '511260': {'shares': 1800.0, 'price': 108.767, 'value': 195780.6, 'profit_pct': -0.01808861191624858}, '518880': {'shares': 56300.0, 'price': 3.679, 'value': 207127.69999999998, 'profit_pct': 1.276513511288936}}",-0.0034078252459771585,1.2126703902821914,-6.370251831190199
2021-07-07,5862.090282191406,1225029.0,1230891.0902821915,"{'510300': {'shares': 86100.0, 'price': 4.761, 'value': 409922.10000000003, 'profit_pct': -1.6288778439760632}, '159915': {'shares': 124700.0, 'price': 3.305, 'value': 412133.5, 'profit_pct': -1.1467574341825655}, '511260': {'shares': 1800.0, 'price': 108.897, 'value': 196014.6, 'profit_pct': 0.10141131435230578}, '518880': {'shares': 56300.0, 'price': 3.676, 'value': 206958.80000000002, 'profit_pct': 1.1939286946176033}}",0.015025269971142174,1.2308910902821915,-4.963439587623785
2021-07-08,5862.090282191406,1223688.7,1229550.7902821912,"{'510300': {'shares': 86100.0, 'price': 4.717, 'value': 406133.69999999995, 'profit_pct': -2.537999745859092}, '159915': {'shares': 124700.0, 'price': 3.322, 'value': 414253.4, 'profit_pct': -0.6382838718167902}, '511260': {'shares': 1800.0, 'price': 109.267, 'value': 196680.6, 'profit_pct': 0.44152648911661874}, '518880': {'shares': 56300.0, 'price': 3.67, 'value': 206621.0, 'profit_pct': 1.0287590612749131}}",-0.0010888859384732275,1.2295507902821912,-5.066923561897685
2021-07-09,5862.090282191406,1220186.7999999998,1226048.8902821913,"{'510300': {'shares': 86100.0, 'price': 4.693, 'value': 404067.3, 'profit_pct': -3.033884419613466}, '159915': {'shares': 124700.0, 'price': 3.303, 'value': 411884.1, 'profit_pct': -1.2065778532844282}, '511260': {'shares': 1800.0, 'price': 109.473, 'value': 197051.4, 'profit_pct': 0.6308879107421629}, '518880': {'shares': 56300.0, 'price': 3.68, 'value': 207184.0, 'profit_pct': 1.304041783512726}}",-0.002848113333485114,1.2260488902821913,-5.337303722689802
2021-07-12,5862.090282191406,1241227.8,1247089.8902821913,"{'510300': {'shares': 86100.0, 'price': 4.761, 'value': 409922.10000000003, 'profit_pct': -1.6288778439760632}, '159915': {'shares': 124700.0, 'price': 3.427, 'value': 427346.9, 'profit_pct': 2.502288131030662}, '511260': {'shares': 1800.0, 'price': 109.507, 'value': 197112.6, 'profit_pct': 0.6621417376124034}, '518880': {'shares': 56300.0, 'price': 3.674, 'value': 206846.19999999998, 'profit_pct': 1.1388721501700358}}",0.017161632106821756,1.2470898902821914,-3.7127373549388
2021-07-13,5862.090282191406,1242340.3,1248202.3902821913,"{'510300': {'shares': 86100.0, 'price': 4.777, 'value': 411299.7, 'profit_pct': -1.298288061473147}, '159915': {'shares': 124700.0, 'price': 3.411, 'value': 425351.7, 'profit_pct': 2.0237247782158114}, '511260': {'shares': 1800.0, 'price': 109.999, 'value': 197998.19999999998, 'profit_pct': 1.114402997028736}, '518880': {'shares': 56300.0, 'price': 3.689, 'value': 207690.7, 'profit_pct': 1.5517962335267488}}",0.0008920768331690532,1.2482023902821913,-3.6268417186038904
2021-07-14,5862.090282191406,1234341.6,1240203.6902821916,"{'510300': {'shares': 86100.0, 'price': 4.72, 'value': 406392.0, 'profit_pct': -2.476014161639793}, '159915': {'shares': 124700.0, 'price': 3.382, 'value': 421735.4, 'profit_pct': 1.1563287012388983}, '511260': {'shares': 1800.0, 'price': 110.197, 'value': 198354.6, 'profit_pct': 1.296410577037758}, '518880': {'shares': 56300.0, 'price': 3.692, 'value': 207859.6, 'profit_pct': 1.6343810501980935}}",-0.006408175518868742,1.2402036902821916,-4.244417832178793
2021-07-15,5862.090282191406,1246890.8,1252752.8902821913,"{'510300': {'shares': 86100.0, 'price': 4.788, 'value': 412246.80000000005, 'profit_pct': -1.0710075860023898}, '159915': {'shares': 124700.0, 'price': 3.429, 'value': 427596.3, 'profit_pct': 2.5621085501325114}, '511260': {'shares': 1800.0, 'price': 109.753, 'value': 197555.4, 'profit_pct': 0.8882723673205697}, '518880': {'shares': 56300.0, 'price': 3.721, 'value': 209492.30000000002, 'profit_pct': 2.4327009446877295}}",0.010118660425163073,1.2527528902821914,-3.2754996124087943
2021-07-16,5862.090282191406,1229439.2,1235301.2902821912,"{'510300': {'shares': 86100.0, 'price': 4.737, 'value': 407855.7, 'profit_pct': -2.1247625177304377}, '159915': {'shares': 124700.0, 'price': 3.328, 'value': 415001.6, 'profit_pct': -0.45882261451122797}, '511260': {'shares': 1800.0, 'price': 109.807, 'value': 197652.6, 'profit_pct': 0.9379107982321212}, '518880': {'shares': 56300.0, 'price': 3.711, 'value': 208929.3, 'profit_pct': 2.157418222449917}}",-0.013930600468276655,1.2353012902821912,-4.622929982802004
2021-07-19,5862.090282191406,1232194.2,1238056.2902821912,"{'510300': {'shares': 86100.0, 'price': 4.759, 'value': 409749.9, 'profit_pct': -1.670201566788923}, '159915': {'shares': 124700.0, 'price': 3.35, 'value': 417745.0, 'profit_pct': 0.19920199560919785}, '511260': {'shares': 1800.0, 'price': 109.762, 'value': 197571.6, 'profit_pct': 0.8965454391391615}, '518880': {'shares': 56300.0, 'price': 3.679, 'value': 207127.69999999998, 'profit_pct': 1.276513511288936}}",0.002230225145616549,1.2380562902821912,-4.410217642934411
2021-07-20,5862.090282191406,1233882.9000000001,1239744.9902821914,"{'510300': {'shares': 86100.0, 'price': 4.746, 'value': 408630.60000000003, 'profit_pct': -1.93880576507254}, '159915': {'shares': 124700.0, 'price': 3.356, 'value': 418493.2, 'profit_pct': 0.37866325291476005}, '511260': {'shares': 1800.0, 'price': 109.968, 'value': 197942.4, 'profit_pct': 1.0859068607647058}, '518880': {'shares': 56300.0, 'price': 3.709, 'value': 208816.7, 'profit_pct': 2.1023616780023615}}",0.0013639929082831515,1.2397449902821915,-4.279833857695047
2021-07-21,5862.090282191406,1248940.1,1254802.1902821916,"{'510300': {'shares': 86100.0, 'price': 4.785, 'value': 411988.5, 'profit_pct': -1.1329931702216887}, '159915': {'shares': 124700.0, 'price': 3.455, 'value': 430838.5, 'profit_pct': 3.33977399845665}, '511260': {'shares': 1800.0, 'price': 110.047, 'value': 198084.6, 'profit_pct': 1.1585260467278928}, '518880': {'shares': 56300.0, 'price': 3.695, 'value': 208028.5, 'profit_pct': 1.7169658668694268}}",0.012145400963929465,1.2548021902821915,-3.1172740595628023
2021-07-22,5862.090282191406,1245620.3,1251482.3902821913,"{'510300': {'shares': 86100.0, 'price': 4.79, 'value': 412419.0, 'profit_pct': -1.0296838631895298}, '159915': {'shares': 124700.0, 'price': 3.438, 'value': 428718.60000000003, 'profit_pct': 2.8313004360908747}, '511260': {'shares': 1800.0, 'price': 110.017, 'value': 198030.6, 'profit_pct': 1.1309491406659198}, '518880': {'shares': 56300.0, 'price': 3.667, 'value': 206452.09999999998, 'profit_pct': 0.9461742446035682}}",-0.002645675968459771,1.2514823902821914,-3.3735943593422912
2021-07-23,5862.090282191406,1233341.9000000001,1239203.9902821914,"{'510300': {'shares': 86100.0, 'price': 4.738, 'value': 407941.80000000005, 'profit_pct': -2.1041006563239986}, '159915': {'shares': 124700.0, 'price': 3.367, 'value': 419864.9, 'profit_pct': 0.707675557974973}, '511260': {'shares': 1800.0, 'price': 110.07, 'value': 198126.0, 'profit_pct': 1.179668341375401}, '518880': {'shares': 56300.0, 'price': 3.684, 'value': 207409.2, 'profit_pct': 1.4141548724078485}}",-0.009811084914451929,1.2392039902821914,-4.321604230061061
2021-07-26,5862.090282191406,1206969.6,1212831.6902821916,"{'510300': {'shares': 86100.0, 'price': 4.563, 'value': 392874.3, 'profit_pct': -5.719926402449657}, '159915': {'shares': 124700.0, 'price': 3.27, 'value': 407769.0, 'profit_pct': -2.1936147684650535}, '511260': {'shares': 1800.0, 'price': 110.228, 'value': 198410.4, 'profit_pct': 1.3249067133017882}, '518880': {'shares': 56300.0, 'price': 3.693, 'value': 207915.9, 'profit_pct': 1.6619093224218715}}",-0.021281645481140088,1.2128316902821916,-6.35779792904112
2021-07-27,5862.090282191406,1174218.8,1180080.8902821913,"{'510300': {'shares': 86100.0, 'price': 4.39, 'value': 377979.0, 'profit_pct': -9.294428425762437}, '159915': {'shares': 124700.0, 'price': 3.14, 'value': 391558.0, 'profit_pct': -6.081942010085706}, '511260': {'shares': 1800.0, 'price': 110.284, 'value': 198511.2, 'profit_pct': 1.3763836046174802}, '518880': {'shares': 56300.0, 'price': 3.662, 'value': 206170.6, 'profit_pct': 0.8085328834846681}}",-0.027003581999395232,1.1800808902821913,-8.886472811268199
2021-07-28,5862.090282191406,1182547.9000000001,1188409.9902821914,"{'510300': {'shares': 86100.0, 'price': 4.4, 'value': 378840.00000000006, 'profit_pct': -9.0878098116981}, '159915': {'shares': 124700.0, 'price': 3.183, 'value': 396920.1, 'profit_pct': -4.795802999395805}, '511260': {'shares': 1800.0, 'price': 110.328, 'value': 198590.4, 'profit_pct': 1.4168297335083697}, '518880': {'shares': 56300.0, 'price': 3.698, 'value': 208197.4, 'profit_pct': 1.7995506835407717}}",0.007058075483290294,1.1884099902821914,-8.243386658821306
2021-07-29,5862.090282191406,1212249.5,1218111.5902821915,"{'510300': {'shares': 86100.0, 'price': 4.487, 'value': 386330.7, 'profit_pct': -7.290227869338499}, '159915': {'shares': 124700.0, 'price': 3.358, 'value': 418742.60000000003, 'profit_pct': 0.438483672016623}, '511260': {'shares': 1800.0, 'price': 110.231, 'value': 198415.8, 'profit_pct': 1.3276644039079857}, '518880': {'shares': 56300.0, 'price': 3.708, 'value': 208760.40000000002, 'profit_pct': 2.0748334057785844}}",0.024992721571574172,1.2181115902821915,-5.950139169234636
2021-07-30,5862.090282191406,1206616.7,1212478.7902821912,"{'510300': {'shares': 86100.0, 'price': 4.453, 'value': 383403.30000000005, 'profit_pct': -7.992731157157191}, '159915': {'shares': 124700.0, 'price': 3.328, 'value': 415001.6, 'profit_pct': -0.45882261451122797}, '511260': {'shares': 1800.0, 'price': 110.431, 'value': 198775.8, 'profit_pct': 1.5115104443211351}, '518880': {'shares': 56300.0, 'price': 3.72, 'value': 209436.0, 'profit_pct': 2.405172672463952}}",-0.004624206882963278,1.2124787902821912,-6.385045183030003
2021-08-02,19554.549417611473,1206553.5,1226108.0494176114,"{'510300': {'shares': 87900.0, 'price': 4.574, 'value': 402054.6, 'profit_pct': -0.09990009990009675}, '159915': {'shares': 118500.0, 'price': 3.393, 'value': 402070.5, 'profit_pct': -0.09990009990008623}, '511260': {'shares': 1800.0, 'price': 110.718, 'value': 199292.4, 'profit_pct': -0.09990009990009219}, '518880': {'shares': 55200.0, 'price': 3.68, 'value': 203136.0, 'profit_pct': -0.09990009990009131}}",0.011240822721730437,1.2261080494176115,-5.332736071829636
2021-08-03,19554.549417611473,1203704.7,1223259.2494176114,"{'510300': {'shares': 87900.0, 'price': 4.576, 'value': 402230.39999999997, 'profit_pct': -0.05621837716284757}, '159915': {'shares': 118500.0, 'price': 3.363, 'value': 398515.5, 'profit_pct': -0.9831901078585236}, '511260': {'shares': 1800.0, 'price': 110.982, 'value': 199767.6, 'profit_pct': 0.13830530819638676}, '518880': {'shares': 55200.0, 'price': 3.681, 'value': 203191.2, 'profit_pct': -0.07275333362289324}}",-0.002323449390413179,1.2232592494176113,-5.5526906684956305
2021-08-04,19554.549417611473,1217538.0,1237092.5494176114,"{'510300': {'shares': 87900.0, 'price': 4.62, 'value': 406098.0, 'profit_pct': 0.904779523056751}, '159915': {'shares': 118500.0, 'price': 3.446, 'value': 408351.0, 'profit_pct': 1.460578914159841}, '511260': {'shares': 1800.0, 'price': 110.809, 'value': 199456.19999999998, 'profit_pct': -0.017791417563810006}, '518880': {'shares': 55200.0, 'price': 3.689, 'value': 203632.80000000002, 'profit_pct': 0.14442079659471543}}",0.011308559495124104,1.2370925494176115,-4.484627651765916
2021-08-05,19554.549417611473,1211579.7,1231134.2494176114,"{'510300': {'shares': 87900.0, 'price': 4.59, 'value': 403461.0, 'profit_pct': 0.24955368199793557}, '159915': {'shares': 118500.0, 'price': 3.419, 'value': 405151.5, 'profit_pct': 0.6656179069972383}, '511260': {'shares': 1800.0, 'price': 110.864, 'value': 199555.2, 'profit_pct': 0.031834709122963385}, '518880': {'shares': 55200.0, 'price': 3.685, 'value': 203412.0, 'profit_pct': 0.0358337314859111}}",-0.004816373684252695,1.2311342494176114,-4.944665377585544
2021-08-06,19554.549417611473,1205077.2,1224631.7494176114,"{'510300': {'shares': 87900.0, 'price': 4.574, 'value': 402054.6, 'profit_pct': -0.09990009990009675}, '159915': {'shares': 118500.0, 'price': 3.386, 'value': 401241.0, 'profit_pct': -0.3060011017570467}, '511260': {'shares': 1800.0, 'price': 110.88, 'value': 199584.0, 'profit_pct': 0.046271400522742215}, '518880': {'shares': 55200.0, 'price': 3.663, 'value': 202197.59999999998, 'profit_pct': -0.5613951266125188}}",-0.005281714811423699,1.2246317494176113,-5.446720546365591
2021-08-09,19554.549417611473,1199536.5,1219091.0494176114,"{'510300': {'shares': 87900.0, 'price': 4.629, 'value': 406889.1, 'profit_pct': 1.101347275374382}, '159915': {'shares': 118500.0, 'price': 3.348, 'value': 396738.0, 'profit_pct': -1.424835111837749}, '511260': {'shares': 1800.0, 'price': 110.531, 'value': 198955.80000000002, 'profit_pct': -0.26862893063509863}, '518880': {'shares': 55200.0, 'price': 3.568, 'value': 196953.6, 'profit_pct': -3.140337922946613}}",-0.004524380494491442,1.2190910494176115,-5.874515559615812
2021-08-10,19554.549417611473,1205591.4,1225145.9494176114,"{'510300': {'shares': 87900.0, 'price': 4.686, 'value': 411899.4, 'profit_pct': 2.3462763733861296}, '159915': {'shares': 118500.0, 'price': 3.366, 'value': 398871.0, 'profit_pct': -0.894861107062676}, '511260': {'shares': 1800.0, 'price': 110.417, 'value': 198750.6, 'profit_pct': -0.3714903568585837}, '518880': {'shares': 55200.0, 'price': 3.552, 'value': 196070.4, 'profit_pct': -3.5746861833818304}}",0.004966733209051499,1.2251459494176113,-5.407019390227685
2021-08-11,19554.549417611473,1197657.9000000001,1217212.4494176116,"{'510300': {'shares': 87900.0, 'price': 4.659, 'value': 409526.1, 'profit_pct': 1.7565731164331977}, '159915': {'shares': 118500.0, 'price': 3.326, 'value': 394131.0, 'profit_pct': -2.0725811176739346}, '511260': {'shares': 1800.0, 'price': 110.084, 'value': 198151.2, 'profit_pct': -0.6719539966166457}, '518880': {'shares': 55200.0, 'price': 3.548, 'value': 195849.6, 'profit_pct': -3.6832732484906345}}",-0.0064755550175642496,1.2172124494176115,-6.0195614404416675
2021-08-12,19554.549417611473,1191470.1,1211024.6494176115,"{'510300': {'shares': 87900.0, 'price': 4.627, 'value': 406713.3, 'profit_pct': 1.057665552637133}, '159915': {'shares': 118500.0, 'price': 3.28, 'value': 388680.0, 'profit_pct': -3.426959129876889}, '511260': {'shares': 1800.0, 'price': 110.256, 'value': 198460.8, 'profit_pct': -0.51675956406894}, '518880': {'shares': 55200.0, 'price': 3.58, 'value': 197616.0, 'profit_pct': -2.8145767276202}}",-0.005083582576698609,1.2110246494176116,-6.497318760453529
2021-08-13,19554.549417611473,1186203.3,1205757.8494176115,"{'510300': {'shares': 87900.0, 'price': 4.6, 'value': 404339.99999999994, 'profit_pct': 0.467962295684201}, '159915': {'shares': 118500.0, 'price': 3.249, 'value': 385006.5, 'profit_pct': -4.339692138100604}, '511260': {'shares': 1800.0, 'price': 110.352, 'value': 198633.6, 'profit_pct': -0.43013941567021563}, '518880': {'shares': 55200.0, 'price': 3.591, 'value': 198223.2, 'profit_pct': -2.515962298570985}}",-0.004349044424928006,1.2057578494176115,-6.903966075014201
2021-08-16,19554.549417611473,1182489.3,1202043.8494176115,"{'510300': {'shares': 87900.0, 'price': 4.597, 'value': 404076.30000000005, 'profit_pct': 0.4024397115783369}, '159915': {'shares': 118500.0, 'price': 3.206, 'value': 379911.0, 'profit_pct': -5.60574114950771}, '511260': {'shares': 1800.0, 'price': 110.346, 'value': 198622.80000000002, 'profit_pct': -0.4355531749451359}, '518880': {'shares': 55200.0, 'price': 3.621, 'value': 199879.2, 'profit_pct': -1.7015593102549582}}",-0.003080220462005623,1.2020438494176116,-7.190722383641512
2021-08-17,19554.549417611473,1165298.7,1184853.2494176114,"{'510300': {'shares': 87900.0, 'price': 4.485, 'value': 394231.5, 'profit_pct': -2.0437367617078896}, '159915': {'shares': 118500.0, 'price': 3.126, 'value': 370431.0, 'profit_pct': -7.961181170730228}, '511260': {'shares': 1800.0, 'price': 110.397, 'value': 198714.6, 'profit_pct': -0.38953622110831365}, '518880': {'shares': 55200.0, 'price': 3.658, 'value': 201921.6, 'profit_pct': -0.6971289579985213}}",-0.014301142182399529,1.1848532494176114,-8.518001058678838
2021-08-18,19554.549417611473,1174554.0,1194108.5494176114,"{'510300': {'shares': 87900.0, 'price': 4.538, 'value': 398890.2, 'profit_pct': -0.8861711091706599}, '159915': {'shares': 118500.0, 'price': 3.16, 'value': 374460.0, 'profit_pct': -6.960119161710651}, '511260': {'shares': 1800.0, 'price': 110.651, 'value': 199171.8, 'profit_pct': -0.1603537451367061}, '518880': {'shares': 55200.0, 'price': 3.66, 'value': 202032.0, 'profit_pct': -0.642835425444113}}",0.007811347105263211,1.1941085494176114,-7.803403411064858
2021-08-19,19554.549417611473,1173005.7,1192560.2494176114,"{'510300': {'shares': 87900.0, 'price': 4.504, 'value': 395901.6, 'profit_pct': -1.6287603957039931}, '159915': {'shares': 118500.0, 'price': 3.177, 'value': 376474.5, 'profit_pct': -6.45958815720087}, '511260': {'shares': 1800.0, 'price': 110.7, 'value': 199260.0, 'profit_pct': -0.11614137772485297}, '518880': {'shares': 55200.0, 'price': 3.648, 'value': 201369.6, 'profit_pct': -0.968596620770526}}",-0.0012966157898753883,1.1925602494176113,-7.922946973974831
2021-08-20,19554.549417611473,1156527.0,1176081.5494176114,"{'510300': {'shares': 87900.0, 'price': 4.414, 'value': 387990.6, 'profit_pct': -3.59443791888042}, '159915': {'shares': 118500.0, 'price': 3.1, 'value': 367350.0, 'profit_pct': -8.72669917762754}, '511260': {'shares': 1800.0, 'price': 110.672, 'value': 199209.6, 'profit_pct': -0.14140558767448516}, '518880': {'shares': 55200.0, 'price': 3.659, 'value': 201976.8, 'profit_pct': -0.6699821917213231}}",-0.013817918220943026,1.1760815494176113,-9.19526016271388
2021-08-23,19554.549417611473,1173638.7,1193193.2494176114,"{'510300': {'shares': 87900.0, 'price': 4.486, 'value': 394319.39999999997, 'profit_pct': -2.0218959003392745}, '159915': {'shares': 118500.0, 'price': 3.195, 'value': 378607.5, 'profit_pct': -5.92961415242581}, '511260': {'shares': 1800.0, 'price': 110.623, 'value': 199121.4, 'profit_pct': -0.18561795508632548}, '518880': {'shares': 55200.0, 'price': 3.652, 'value': 201590.4, 'profit_pct': -0.8600095556617217}}",0.014549756357008947,1.1931932494176114,-7.874073322019781
2021-08-24,19554.549417611473,1183481.7,1203036.2494176114,"{'510300': {'shares': 87900.0, 'price': 4.538, 'value': 398890.2, 'profit_pct': -0.8861711091706599}, '159915': {'shares': 118500.0, 'price': 3.225, 'value': 382162.5, 'profit_pct': -5.046324144467359}, '511260': {'shares': 1800.0, 'price': 110.749, 'value': 199348.19999999998, 'profit_pct': -0.07192901031301267}, '518880': {'shares': 55200.0, 'price': 3.679, 'value': 203080.8, 'profit_pct': -0.12704686617730146}}",0.00824929239652028,1.2030362494176114,-7.114099615552738
2021-08-25,19554.549417611473,1185472.5,1205027.0494176114,"{'510300': {'shares': 87900.0, 'price': 4.552, 'value': 400120.8, 'profit_pct': -0.5803990500098961}, '159915': {'shares': 118500.0, 'price': 3.241, 'value': 384058.5, 'profit_pct': -4.575236140222856}, '511260': {'shares': 1800.0, 'price': 110.762, 'value': 199371.6, 'profit_pct': -0.060199198550681156}, '518880': {'shares': 55200.0, 'price': 3.658, 'value': 201921.6, 'profit_pct': -0.6971289579985213}}",0.001654812979213105,1.2050270494176114,-6.960390822010654
2021-08-26,19554.549417611473,1167455.1,1187009.6494176115,"{'510300': {'shares': 87900.0, 'price': 4.467, 'value': 392649.3, 'profit_pct': -2.4368722663431908}, '159915': {'shares': 118500.0, 'price': 3.164, 'value': 374934.0, 'profit_pct': -6.842347160649526}, '511260': {'shares': 1800.0, 'price': 110.371, 'value': 198667.8, 'profit_pct': -0.41299584463297667}, '518880': {'shares': 55200.0, 'price': 3.645, 'value': 201204.0, 'profit_pct': -1.0500369196021324}}",-0.014951863535932808,1.1870096494176114,-8.351506361876481
2021-08-27,19554.549417611473,1170112.8,1189667.3494176115,"{'510300': {'shares': 87900.0, 'price': 4.48, 'value': 393792.00000000006, 'profit_pct': -2.1529410685510224}, '159915': {'shares': 118500.0, 'price': 3.158, 'value': 374223.0, 'profit_pct': -7.019005162241221}, '511260': {'shares': 1800.0, 'price': 110.473, 'value': 198851.4, 'profit_pct': -0.3209619369593322}, '518880': {'shares': 55200.0, 'price': 3.682, 'value': 203246.4, 'profit_pct': -0.04560656734569517}}",0.0022389876959332256,1.1896673494176115,-8.146306512269907
2021-08-30,19554.549417611473,1169781.6,1189336.1494176115,"{'510300': {'shares': 87900.0, 'price': 4.462, 'value': 392209.8, 'profit_pct': -2.5460765731863235}, '159915': {'shares': 118500.0, 'price': 3.164, 'value': 374934.0, 'profit_pct': -6.842347160649526}, '511260': {'shares': 1800.0, 'price': 110.497, 'value': 198894.6, 'profit_pct': -0.2993068998596511}, '518880': {'shares': 55200.0, 'price': 3.691, 'value': 203743.19999999998, 'profit_pct': 0.19871432914911158}}",-0.00027839715039845725,1.1893361494176116,-8.17187831879047
2021-08-31,19554.549417611473,1162836.0,1182390.5494176114,"{'510300': {'shares': 87900.0, 'price': 4.46, 'value': 392034.0, 'profit_pct': -2.5897582959235725}, '159915': {'shares': 118500.0, 'price': 3.106, 'value': 368061.0, 'profit_pct': -8.550041176035856}, '511260': {'shares': 1800.0, 'price': 110.585, 'value': 199053.0, 'profit_pct': -0.21990509716082904}, '518880': {'shares': 55200.0, 'price': 3.69, 'value': 203688.0, 'profit_pct': 0.17156756287191352}}",-0.005839896486288798,1.1823905494176115,-8.708145043939064
2021-09-01,5225.8732545115345,1179358.8,1184584.6732545116,"{'510300': {'shares': 86000.0, 'price': 4.53, 'value': 389580.0, 'profit_pct': -0.09990009990009818}, '159915': {'shares': 126000.0, 'price': 3.094, 'value': 389844.0, 'profit_pct': -0.09990009990008333}, '511260': {'shares': 1800.0, 'price': 110.871, 'value': 199567.8, 'profit_pct': -0.09990009990008986}, '518880': {'shares': 54300.0, 'price': 3.69, 'value': 200367.0, 'profit_pct': -0.0999000999000811}}",0.00185566760321354,1.1845846732545116,-8.538737706259836
2021-09-02,5225.8732545115345,1172706.7,1177932.5732545115,"{'510300': {'shares': 86000.0, 'price': 4.526, 'value': 389236.0, 'profit_pct': -0.18811210864191813}, '159915': {'shares': 126000.0, 'price': 3.046, 'value': 383796.0, 'profit_pct': -1.6497400466372523}, '511260': {'shares': 1800.0, 'price': 110.817, 'value': 199470.59999999998, 'profit_pct': -0.14855669535431684}, '518880': {'shares': 54300.0, 'price': 3.687, 'value': 200204.09999999998, 'profit_pct': -0.18111969331479957}}",-0.005615554675145518,1.1779325732545114,-9.052343425328157
2021-09-03,5225.8732545115345,1165938.7,1171164.5732545115,"{'510300': {'shares': 86000.0, 'price': 4.499, 'value': 386914.0, 'profit_pct': -0.7835431676491391}, '159915': {'shares': 126000.0, 'price': 3.01, 'value': 379260.0, 'profit_pct': -2.812120006690129}, '511260': {'shares': 1800.0, 'price': 110.867, 'value': 199560.6, 'profit_pct': -0.10350429215594999}, '518880': {'shares': 54300.0, 'price': 3.687, 'value': 200204.09999999998, 'profit_pct': -0.18111969331479957}}",-0.00574565994155396,1.1711645732545115,-9.574897732487454
2021-09-06,5225.8732545115345,1189228.6,1194454.4732545116,"{'510300': {'shares': 86000.0, 'price': 4.583, 'value': 394138.0, 'profit_pct': 1.0689090159288837}, '159915': {'shares': 126000.0, 'price': 3.129, 'value': 394254.0, 'profit_pct': 1.0301915279291058}, '511260': {'shares': 1800.0, 'price': 110.829, 'value': 199492.19999999998, 'profit_pct': -0.13774411858671085}, '518880': {'shares': 54300.0, 'price': 3.708, 'value': 201344.40000000002, 'profit_pct': 0.38741746058821763}}",0.01988610356892928,1.1944544732545117,-7.776694783564664
2021-09-07,5225.8732545115345,1196151.4,1201377.2732545114,"{'510300': {'shares': 86000.0, 'price': 4.646, 'value': 399556.0, 'profit_pct': 2.458248153612386}, '159915': {'shares': 126000.0, 'price': 3.147, 'value': 396522.0, 'profit_pct': 1.611381507955537}, '511260': {'shares': 1800.0, 'price': 110.767, 'value': 199380.6, 'profit_pct': -0.1936090985526709}, '518880': {'shares': 54300.0, 'price': 3.696, 'value': 200692.80000000002, 'profit_pct': 0.06253908692935582}}",0.005795783895502726,1.2013772732545114,-7.242188436401209
2021-09-08,5225.8732545115345,1188788.5,1194014.3732545115,"{'510300': {'shares': 86000.0, 'price': 4.625, 'value': 397750.0, 'profit_pct': 1.9951351077178852}, '159915': {'shares': 126000.0, 'price': 3.123, 'value': 393498.0, 'profit_pct': 0.836461534586967}, '511260': {'shares': 1800.0, 'price': 110.657, 'value': 199182.6, 'profit_pct': -0.29272438558905495}, '518880': {'shares': 54300.0, 'price': 3.653, 'value': 198357.9, 'profit_pct': -1.1016084186815687}}",-0.0061287159029186355,1.1940143732545114,-7.8106747112509645
2021-09-09,5225.8732545115345,1188156.9,1193382.7732545114,"{'510300': {'shares': 86000.0, 'price': 4.623, 'value': 397578.0, 'profit_pct': 1.951029103346985}, '159915': {'shares': 126000.0, 'price': 3.126, 'value': 393876.0, 'profit_pct': 0.9333265312580292}, '511260': {'shares': 1800.0, 'price': 110.614, 'value': 199105.2, 'profit_pct': -0.33146945233963454}, '518880': {'shares': 54300.0, 'price': 3.639, 'value': 197597.69999999998, 'profit_pct': -1.4806331879502468}}",-0.0005289718567444979,1.1933827732545115,-7.859440269820983
2021-09-10,5225.8732545115345,1194638.0,1199863.8732545115,"{'510300': {'shares': 86000.0, 'price': 4.672, 'value': 401792.0, 'profit_pct': 3.031626210434147}, '159915': {'shares': 126000.0, 'price': 3.135, 'value': 395010.0, 'profit_pct': 1.2239215212712449}, '511260': {'shares': 1800.0, 'price': 110.61, 'value': 199098.0, 'profit_pct': -0.3350736445955074}, '518880': {'shares': 54300.0, 'price': 3.66, 'value': 198738.0, 'profit_pct': -0.9120960340472297}}",0.005430864384212031,1.1998638732545115,-7.359037385640987
2021-09-13,5225.8732545115345,1186026.8,1191252.6732545116,"{'510300': {'shares': 86000.0, 'price': 4.645, 'value': 399469.99999999994, 'profit_pct': 2.436195151426926}, '159915': {'shares': 126000.0, 'price': 3.095, 'value': 389970.0, 'profit_pct': -0.06761176767638155}, '511260': {'shares': 1800.0, 'price': 110.459, 'value': 198826.2, 'profit_pct': -0.47113190225454105}, '518880': {'shares': 54300.0, 'price': 3.642, 'value': 197760.6, 'profit_pct': -1.3994135945355284}}",-0.007176814130292031,1.1912526732545115,-8.023904355175581
2021-09-14,5225.8732545115345,1186031.0,1191256.8732545115,"{'510300': {'shares': 86000.0, 'price': 4.579, 'value': 393794.0, 'profit_pct': 0.9806970071870638}, '159915': {'shares': 126000.0, 'price': 3.14, 'value': 395640.0, 'profit_pct': 1.3853631823897106}, '511260': {'shares': 1800.0, 'price': 110.344, 'value': 198619.19999999998, 'profit_pct': -0.5747524296107694}, '518880': {'shares': 54300.0, 'price': 3.646, 'value': 197977.8, 'profit_pct': -1.2911208033159078}}",3.525700377648988e-06,1.1912568732545115,-8.023580075020432
2021-09-15,5225.8732545115345,1177543.9,1182769.7732545114,"{'510300': {'shares': 86000.0, 'price': 4.526, 'value': 389236.0, 'profit_pct': -0.18811210864191813}, '159915': {'shares': 126000.0, 'price': 3.105, 'value': 391230.0, 'profit_pct': 0.2552715545605215}, '511260': {'shares': 1800.0, 'price': 110.219, 'value': 198394.19999999998, 'profit_pct': -0.687383437606661}, '518880': {'shares': 54300.0, 'price': 3.659, 'value': 198683.69999999998, 'profit_pct': -0.9391692318521438}}",-0.007124491946739697,1.1827697732545115,-8.6788653380659
2021-09-16,5225.8732545115345,1162465.8,1167691.6732545116,"{'510300': {'shares': 86000.0, 'price': 4.47, 'value': 384420.0, 'profit_pct': -1.4230802310272601}, '159915': {'shares': 126000.0, 'price': 3.035, 'value': 382410.0, 'profit_pct': -2.0049117010978423}, '511260': {'shares': 1800.0, 'price': 110.353, 'value': 198635.4, 'profit_pct': -0.5666429970350649}, '518880': {'shares': 54300.0, 'price': 3.628, 'value': 197000.4, 'profit_pct': -1.7784383638041947}}",-0.012748127607717707,1.1676916732545115,-9.843038816017813
2021-09-17,5225.8732545115345,1171952.4000000001,1177178.2732545116,"{'510300': {'shares': 86000.0, 'price': 4.509, 'value': 387774.00000000006, 'profit_pct': -0.563013145794599}, '159915': {'shares': 126000.0, 'price': 3.097, 'value': 390222.0, 'profit_pct': -0.0030351032290066877}, '511260': {'shares': 1800.0, 'price': 110.506, 'value': 198910.8, 'profit_pct': -0.4287826432480885}, '518880': {'shares': 54300.0, 'price': 3.592, 'value': 195045.6, 'profit_pct': -2.75307348478078}}",0.00812423366312065,1.1771782732545117,-9.110582597002226
2021-09-22,5225.8732545115345,1168241.4,1173467.2732545114,"{'510300': {'shares': 86000.0, 'price': 4.476, 'value': 384936.0, 'profit_pct': -1.2907622179145402}, '159915': {'shares': 126000.0, 'price': 3.068, 'value': 386568.0, 'profit_pct': -0.9393967377160426}, '511260': {'shares': 1800.0, 'price': 110.603, 'value': 199085.4, 'profit_pct': -0.3413809810432819}, '518880': {'shares': 54300.0, 'price': 3.64, 'value': 197652.0, 'profit_pct': -1.4535599901453327}}",-0.0031524536973831507,1.1734672732545115,-9.397107276947303
2021-09-23,5225.8732545115345,1171106.5,1176332.3732545115,"{'510300': {'shares': 86000.0, 'price': 4.505, 'value': 387430.0, 'profit_pct': -0.6512251545364189}, '159915': {'shares': 126000.0, 'price': 3.086, 'value': 388836.0, 'profit_pct': -0.35820675768961147}, '511260': {'shares': 1800.0, 'price': 110.605, 'value': 199089.0, 'profit_pct': -0.33957888491533905}, '518880': {'shares': 54300.0, 'price': 3.605, 'value': 195751.5, 'profit_pct': -2.401121913317016}}",0.002441567877776496,1.1763323732545115,-9.175894164441079
2021-09-24,5225.8732545115345,1173529.8,1178755.6732545116,"{'510300': {'shares': 86000.0, 'price': 4.512, 'value': 388031.99999999994, 'profit_pct': -0.49685413923825855}, '159915': {'shares': 126000.0, 'price': 3.109, 'value': 391734.0, 'profit_pct': 0.3844248834552855}, '511260': {'shares': 1800.0, 'price': 110.58, 'value': 199044.0, 'profit_pct': -0.3621050865145225}, '518880': {'shares': 54300.0, 'price': 3.586, 'value': 194719.8, 'profit_pct': -2.915512671610217}}",0.0020600470199554355,1.1787556732545115,-8.98879223587442
2021-09-27,5225.8732545115345,1179267.4,1184493.2732545114,"{'510300': {'shares': 86000.0, 'price': 4.544, 'value': 390783.99999999994, 'profit_pct': 0.20884193069622262}, '159915': {'shares': 126000.0, 'price': 3.13, 'value': 394380.0, 'profit_pct': 1.0624798601527934}, '511260': {'shares': 1800.0, 'price': 110.648, 'value': 199166.4, 'profit_pct': -0.3008338181647594}, '518880': {'shares': 54300.0, 'price': 3.59, 'value': 194937.0, 'profit_pct': -2.8072198803905963}}",0.004867505735228761,1.1844932732545115,-8.545794660112438
2021-09-28,5225.8732545115345,1174836.4,1180062.2732545114,"{'510300': {'shares': 86000.0, 'price': 4.535, 'value': 390010.0, 'profit_pct': 0.01036491102716203}, '159915': {'shares': 126000.0, 'price': 3.114, 'value': 392364.0, 'profit_pct': 0.5458665445737371}, '511260': {'shares': 1800.0, 'price': 110.581, 'value': 199045.80000000002, 'profit_pct': -0.36120403845055105}, '518880': {'shares': 54300.0, 'price': 3.562, 'value': 193416.59999999998, 'profit_pct': -3.56526941892794}}",-0.0037408401550693693,1.1800622732545114,-8.887910223797846
2021-09-29,5225.8732545115345,1168206.1,1173431.9732545116,"{'510300': {'shares': 86000.0, 'price': 4.502, 'value': 387172.0, 'profit_pct': -0.7173841610927789}, '159915': {'shares': 126000.0, 'price': 3.083, 'value': 388458.0, 'profit_pct': -0.45507175436067376}, '511260': {'shares': 1800.0, 'price': 110.795, 'value': 199431.0, 'profit_pct': -0.16837975276158598}, '518880': {'shares': 54300.0, 'price': 3.557, 'value': 193145.1, 'profit_pct': -3.7006354079524635}}",-0.005618601789305622,1.1734319732545115,-9.399832774441785
2021-09-30,5225.8732545115345,1176843.5,1182069.3732545115,"{'510300': {'shares': 86000.0, 'price': 4.516, 'value': 388376.0, 'profit_pct': -0.4086421304964386}, '159915': {'shares': 126000.0, 'price': 3.148, 'value': 396648.0, 'profit_pct': 1.6436698401792387}, '511260': {'shares': 1800.0, 'price': 110.797, 'value': 199434.6, 'profit_pct': -0.1665776566336559}, '518880': {'shares': 54300.0, 'price': 3.543, 'value': 192384.9, 'profit_pct': -4.07966017722113}}",0.007360801645828863,1.1820693732545116,-8.732942914415531
2021-10-08,6455.128524871601,1179367.1,1185822.2285248716,"{'510300': {'shares': 82700.0, 'price': 4.587, 'value': 379344.89999999997, 'profit_pct': -0.09990009990009767}, '159915': {'shares': 120900.0, 'price': 3.138, 'value': 379384.2, 'profit_pct': -0.09990009990009555}, '511260': {'shares': 1900.0, 'price': 110.569, 'value': 210081.1, 'profit_pct': -0.09990009990008539}, '518880': {'shares': 58700.0, 'price': 3.587, 'value': 210556.90000000002, 'profit_pct': -0.09990009990008773}}",0.003174818124276113,1.1858222285248716,-8.443186607430874
2021-10-11,6455.128524871601,1173229.0000000002,1179684.1285248718,"{'510300': {'shares': 82700.0, 'price': 4.586, 'value': 379262.2, 'profit_pct': -0.1216790621630243}, '159915': {'shares': 120900.0, 'price': 3.096, 'value': 374306.4, 'profit_pct': -1.4369951272436832}, '511260': {'shares': 1900.0, 'price': 110.487, 'value': 209925.3, 'profit_pct': -0.17398784774811674}, '518880': {'shares': 58700.0, 'price': 3.573, 'value': 209735.1, 'profit_pct': -0.4898084909236233}}",-0.005176239618678302,1.1796841285248718,-8.917106612273429
2021-10-12,6455.128524871601,1163029.0999999999,1169484.2285248714,"{'510300': {'shares': 82700.0, 'price': 4.534, 'value': 374961.8, 'profit_pct': -1.2541850998358484}, '159915': {'shares': 120900.0, 'price': 3.042, 'value': 367777.8, 'profit_pct': -3.156117305256883}, '511260': {'shares': 1900.0, 'price': 110.262, 'value': 209497.8, 'profit_pct': -0.3772773997701293}, '518880': {'shares': 58700.0, 'price': 3.591, 'value': 210791.7, 'profit_pct': 0.011502297535206383}}",-0.008646297558274951,1.1694842285248714,-9.704636410972356
2021-10-13,6455.128524871601,1175654.4,1182109.5285248714,"{'510300': {'shares': 82700.0, 'price': 4.59, 'value': 379593.0, 'profit_pct': -0.03456321311127902}, '159915': {'shares': 120900.0, 'price': 3.109, 'value': 375878.1, 'profit_pct': -1.023132380684955}, '511260': {'shares': 1900.0, 'price': 110.237, 'value': 209450.3, 'profit_pct': -0.39986512777258093}, '518880': {'shares': 58700.0, 'price': 3.59, 'value': 210733.0, 'profit_pct': -0.016348301823626423}}",0.010795613734718712,1.1821095285248715,-8.729842543629228
2021-10-14,6455.128524871601,1176602.2,1183057.3285248715,"{'510300': {'shares': 82700.0, 'price': 4.563, 'value': 377360.1, 'profit_pct': -0.6225951942106274}, '159915': {'shares': 120900.0, 'price': 3.112, 'value': 376240.8, 'profit_pct': -0.9276255930175519}, '511260': {'shares': 1900.0, 'price': 110.299, 'value': 209568.1, 'profit_pct': -0.3438475623265031}, '518880': {'shares': 58700.0, 'price': 3.636, 'value': 213433.2, 'profit_pct': 1.264779268682262}}",0.0008017869555478896,1.1830573285248716,-8.656663321949909
2021-10-15,6455.128524871601,1185885.2,1192340.3285248715,"{'510300': {'shares': 82700.0, 'price': 4.587, 'value': 379344.89999999997, 'profit_pct': -0.09990009990009767}, '159915': {'shares': 120900.0, 'price': 3.176, 'value': 383978.4, 'profit_pct': 1.1098525438869733}, '511260': {'shares': 1900.0, 'price': 110.284, 'value': 209539.6, 'profit_pct': -0.35740019912797144}, '518880': {'shares': 58700.0, 'price': 3.629, 'value': 213022.3, 'profit_pct': 1.0698250731704944}}",0.007846618905251956,1.1923403285248715,-7.939926969503142
2021-10-18,6455.128524871601,1176953.5,1183408.6285248715,"{'510300': {'shares': 82700.0, 'price': 4.529, 'value': 374548.3, 'profit_pct': -1.3630799111505398}, '159915': {'shares': 120900.0, 'price': 3.172, 'value': 383494.80000000005, 'profit_pct': 0.9825101603304404}, '511260': {'shares': 1900.0, 'price': 109.876, 'value': 208764.40000000002, 'profit_pct': -0.7260319201278981}, '518880': {'shares': 58700.0, 'price': 3.58, 'value': 210146.0, 'profit_pct': -0.29485429541185554}}",-0.007490898182610284,1.1834086285248715,-8.629539603258262
2021-10-19,6455.128524871601,1183830.0999999999,1190285.2285248714,"{'510300': {'shares': 82700.0, 'price': 4.576, 'value': 378435.19999999995, 'profit_pct': -0.3394686847924262}, '159915': {'shares': 120900.0, 'price': 3.191, 'value': 385791.89999999997, 'profit_pct': 1.5873864822239607}, '511260': {'shares': 1900.0, 'price': 109.808, 'value': 208635.2, 'profit_pct': -0.7874705402945504}, '518880': {'shares': 58700.0, 'price': 3.594, 'value': 210967.8, 'profit_pct': 0.0950540956116677}}",0.005810841525274002,1.1902852285248715,-8.098600337801475
2021-10-20,6455.128524871601,1181555.6,1188010.7285248716,"{'510300': {'shares': 82700.0, 'price': 4.562, 'value': 377277.4, 'profit_pct': -0.6443741564735541}, '159915': {'shares': 120900.0, 'price': 3.185, 'value': 385066.5, 'profit_pct': 1.3963729068891686}, '511260': {'shares': 1900.0, 'price': 109.911, 'value': 208830.9, 'profit_pct': -0.6944091009244763}, '518880': {'shares': 58700.0, 'price': 3.584, 'value': 210380.80000000002, 'profit_pct': -0.18345189797656142}}",-0.0019108865215596849,1.1880107285248716,-8.274213483728431
2021-10-21,6455.128524871601,1183288.0999999999,1189743.2285248714,"{'510300': {'shares': 82700.0, 'price': 4.584, 'value': 379096.8, 'profit_pct': -0.1652369866889163}, '159915': {'shares': 120900.0, 'price': 3.174, 'value': 383736.6, 'profit_pct': 1.0461813521086998}, '511260': {'shares': 1900.0, 'price': 110.04, 'value': 209076.0, 'profit_pct': -0.5778564244318483}, '518880': {'shares': 58700.0, 'price': 3.601, 'value': 211378.7, 'profit_pct': 0.2900082911234355}}",0.0014583201636158005,1.1897432285248715,-8.140447919728233
2021-10-22,6455.128524871601,1188263.9,1194719.0285248714,"{'510300': {'shares': 82700.0, 'price': 4.617, 'value': 381825.9, 'profit_pct': 0.5534687679880693}, '159915': {'shares': 120900.0, 'price': 3.185, 'value': 385066.5, 'profit_pct': 1.3963729068891686}, '511260': {'shares': 1900.0, 'price': 110.09, 'value': 209171.0, 'profit_pct': -0.532680968426958}, '518880': {'shares': 58700.0, 'price': 3.615, 'value': 212200.5, 'profit_pct': 0.6799166821469711}}",0.004182246959429481,1.1947190285248714,-7.756268587345961
2021-10-25,6455.128524871601,1195284.6,1201739.7285248716,"{'510300': {'shares': 82700.0, 'price': 4.634, 'value': 383231.80000000005, 'profit_pct': 0.9237111264580352}, '159915': {'shares': 120900.0, 'price': 3.236, 'value': 391232.4, 'profit_pct': 3.0199882972349656}, '511260': {'shares': 1900.0, 'price': 110.078, 'value': 209148.2, 'profit_pct': -0.5435230778681327}, '518880': {'shares': 58700.0, 'price': 3.606, 'value': 211672.19999999998, 'profit_pct': 0.42926128791755}}",0.005876444446246687,1.2017397285248717,-7.214203424184995
2021-10-26,6455.128524871601,1193145.2,1199600.3285248715,"{'510300': {'shares': 82700.0, 'price': 4.617, 'value': 381825.9, 'profit_pct': 0.5534687679880693}, '159915': {'shares': 120900.0, 'price': 3.221, 'value': 389418.9, 'profit_pct': 2.542454358897964}, '511260': {'shares': 1900.0, 'price': 110.183, 'value': 209347.7, 'profit_pct': -0.4486546202578542}, '518880': {'shares': 58700.0, 'price': 3.621, 'value': 212552.7, 'profit_pct': 0.8470202782999061}}",-0.0017802523701418993,1.1996003285248715,-7.379385558454599
2021-10-27,6455.128524871601,1184272.2,1190727.3285248715,"{'510300': {'shares': 82700.0, 'price': 4.551, 'value': 376367.7, 'profit_pct': -0.8839427413658827}, '159915': {'shares': 120900.0, 'price': 3.205, 'value': 387484.5, 'profit_pct': 2.0330848246718327}, '511260': {'shares': 1900.0, 'price': 110.238, 'value': 209452.2, 'profit_pct': -0.39896161865247876}, '518880': {'shares': 58700.0, 'price': 3.594, 'value': 210967.8, 'profit_pct': 0.0950540956116677}}",-0.007396630185080855,1.1907273285248714,-8.064465990993675
2021-10-28,6455.128524871601,1181367.5,1187822.6285248715,"{'510300': {'shares': 82700.0, 'price': 4.53, 'value': 374631.0, 'profit_pct': -1.3413009488875935}, '159915': {'shares': 120900.0, 'price': 3.178, 'value': 384220.2, 'profit_pct': 1.1735237356652326}, '511260': {'shares': 1900.0, 'price': 110.26, 'value': 209494.0, 'profit_pct': -0.37908441801032083}, '518880': {'shares': 58700.0, 'price': 3.629, 'value': 213022.3, 'profit_pct': 1.0698250731704944}}",-0.002439433386985823,1.1878226285248716,-8.288736602105606
2021-10-29,6455.128524871601,1191670.8,1198125.9285248716,"{'510300': {'shares': 82700.0, 'price': 4.562, 'value': 377277.4, 'profit_pct': -0.6443741564735541}, '159915': {'shares': 120900.0, 'price': 3.249, 'value': 392804.10000000003, 'profit_pct': 3.4338510437936938}, '511260': {'shares': 1900.0, 'price': 110.39, 'value': 209741.0, 'profit_pct': -0.2616282323976036}, '518880': {'shares': 58700.0, 'price': 3.609, 'value': 211848.3, 'profit_pct': 0.5128130859940236}}",0.008674106514366953,1.1981259285248715,-7.4932233348251165
2021-11-01,142.34550794167444,1189950.8,1190093.1455079417,"{'510300': {'shares': 92600.0, 'price': 4.546, 'value': 420959.60000000003, 'profit_pct': -0.0999000999000888}, '159915': {'shares': 130600.0, 'price': 3.224, 'value': 421054.4, 'profit_pct': -0.09990009990008286}, '511260': {'shares': 1600.0, 'price': 110.539, 'value': 176862.4, 'profit_pct': -0.09990009990008962}, '518880': {'shares': 47600.0, 'price': 3.594, 'value': 171074.4, 'profit_pct': -0.09990009990009027}}",-0.006704456372812029,1.1900931455079418,-8.113430983166236
2021-11-02,142.34550794167444,1187140.0,1187282.3455079417,"{'510300': {'shares': 92600.0, 'price': 4.494, 'value': 416144.39999999997, 'profit_pct': -1.2426201163552677}, '159915': {'shares': 130600.0, 'price': 3.228, 'value': 421576.80000000005, 'profit_pct': 0.02404543347473104}, '511260': {'shares': 1600.0, 'price': 110.781, 'value': 177249.6, 'profit_pct': 0.11880844799544608}, '518880': {'shares': 47600.0, 'price': 3.617, 'value': 172169.2, 'profit_pct': 0.5394160652925395}}",-0.0023618319377852748,1.1872823455079418,-8.330451616523716
2021-11-03,142.34550794167444,1183477.2,1183619.5455079416,"{'510300': {'shares': 92600.0, 'price': 4.474, 'value': 414292.4, 'profit_pct': -1.6821278149918617}, '159915': {'shares': 130600.0, 'price': 3.222, 'value': 420793.2, 'profit_pct': -0.16187286658749667}, '511260': {'shares': 1600.0, 'price': 110.972, 'value': 177555.19999999998, 'profit_pct': 0.2914255250534791}, '518880': {'shares': 47600.0, 'price': 3.589, 'value': 170836.4, 'profit_pct': -0.23888187494196253}}",-0.0030850286065974286,1.1836195455079417,-8.613254795640602
2021-11-04,142.34550794167444,1192013.8,1192156.1455079417,"{'510300': {'shares': 92600.0, 'price': 4.521, 'value': 418644.6, 'profit_pct': -0.6492847231958506}, '159915': {'shares': 130600.0, 'price': 3.26, 'value': 425756.0, 'profit_pct': 1.0156097004732285}, '511260': {'shares': 1600.0, 'price': 110.902, 'value': 177443.2, 'profit_pct': 0.2281627219432075}, '518880': {'shares': 47600.0, 'price': 3.575, 'value': 170170.0, 'profit_pct': -0.6280308450592074}}",0.007212283737961345,1.1921561455079417,-7.954147659337984
2021-11-05,142.34550794167444,1191323.2,1191465.5455079416,"{'510300': {'shares': 92600.0, 'price': 4.504, 'value': 417070.39999999997, 'profit_pct': -1.0228662670369708}, '159915': {'shares': 130600.0, 'price': 3.248, 'value': 424188.80000000005, 'profit_pct': 0.6437731003488005}, '511260': {'shares': 1600.0, 'price': 110.976, 'value': 177561.6, 'profit_pct': 0.29504054237407085}, '518880': {'shares': 47600.0, 'price': 3.624, 'value': 172502.4, 'profit_pct': 0.733990550351168}}",-0.0005792865327266528,1.1914655455079417,-8.007468581992283
2021-11-08,142.34550794167444,1196715.6,1196857.9455079418,"{'510300': {'shares': 92600.0, 'price': 4.5, 'value': 416700.0, 'profit_pct': -1.1107678067642819}, '159915': {'shares': 130600.0, 'price': 3.278, 'value': 428106.8, 'profit_pct': 1.5733646006598978}, '511260': {'shares': 1600.0, 'price': 111.058, 'value': 177692.80000000002, 'profit_pct': 0.3691483974461176}, '518880': {'shares': 47600.0, 'price': 3.66, 'value': 174216.0, 'profit_pct': 1.7346593306526703}}",0.004525854751176395,1.1968579455079418,-7.5911237466013475
2021-11-09,142.34550794167444,1199804.0,1199946.3455079417,"{'510300': {'shares': 92600.0, 'price': 4.498, 'value': 416514.80000000005, 'profit_pct': -1.1547185766279375}, '159915': {'shares': 130600.0, 'price': 3.3, 'value': 430980.0, 'profit_pct': 2.255065034221367}, '511260': {'shares': 1600.0, 'price': 110.981, 'value': 177569.59999999998, 'profit_pct': 0.29955931402480085}, '518880': {'shares': 47600.0, 'price': 3.671, 'value': 174739.6, 'profit_pct': 2.0404192357447872}}",0.0025804231919011045,1.1999463455079418,-7.35266973917954
2021-11-10,142.34550794167444,1196684.2,1196826.5455079416,"{'510300': {'shares': 92600.0, 'price': 4.473, 'value': 414199.8, 'profit_pct': -1.7041031999236993}, '159915': {'shares': 130600.0, 'price': 3.296, 'value': 430457.6, 'profit_pct': 2.1311195008465535}, '511260': {'shares': 1600.0, 'price': 110.864, 'value': 177382.4, 'profit_pct': 0.19382005739763114}, '518880': {'shares': 47600.0, 'price': 3.669, 'value': 174644.4, 'profit_pct': 1.984826525728043}}",-0.0025999495824785557,1.1968265455079417,-7.593548126808914
2021-11-11,142.34550794167444,1209899.4,1210041.7455079416,"{'510300': {'shares': 92600.0, 'price': 4.553, 'value': 421607.8, 'profit_pct': 0.05392759462271513}, '159915': {'shares': 130600.0, 'price': 3.324, 'value': 434114.39999999997, 'profit_pct': 2.9987382344702507}, '511260': {'shares': 1600.0, 'price': 110.661, 'value': 177057.6, 'profit_pct': 0.010357928377822947}, '518880': {'shares': 47600.0, 'price': 3.721, 'value': 177119.6, 'profit_pct': 3.430236986163547}}",0.011041867386381687,1.2100417455079415,-6.573208339579084
2021-11-12,142.34550794167444,1209881.8,1210024.1455079417,"{'510300': {'shares': 92600.0, 'price': 4.551, 'value': 421422.60000000003, 'profit_pct': 0.00997682475905965}, '159915': {'shares': 130600.0, 'price': 3.324, 'value': 434114.39999999997, 'profit_pct': 2.9987382344702507}, '511260': {'shares': 1600.0, 'price': 110.736, 'value': 177177.6, 'profit_pct': 0.0781395031388374}, '518880': {'shares': 47600.0, 'price': 3.722, 'value': 177167.2, 'profit_pct': 3.4580333411719186}}",-1.454495273833789e-05,1.2100241455079417,-6.5745672278482825
2021-11-15,142.34550794167444,1205547.6,1205689.9455079418,"{'510300': {'shares': 92600.0, 'price': 4.545, 'value': 420867.0, 'profit_pct': -0.1218754848319263}, '159915': {'shares': 130600.0, 'price': 3.295, 'value': 430327.0, 'profit_pct': 2.1001331175028537}, '511260': {'shares': 1600.0, 'price': 110.92, 'value': 177472.0, 'profit_pct': 0.244430299885851}, '518880': {'shares': 47600.0, 'price': 3.716, 'value': 176881.6, 'profit_pct': 3.2912552111216744}}",-0.0035819119941450372,1.2056899455079417,-6.909208906053044
2021-11-16,142.34550794167444,1204461.8,1204604.1455079417,"{'510300': {'shares': 92600.0, 'price': 4.541, 'value': 420496.60000000003, 'profit_pct': -0.20977702455923725}, '159915': {'shares': 130600.0, 'price': 3.282, 'value': 428629.2, 'profit_pct': 1.6973101340347116}, '511260': {'shares': 1600.0, 'price': 111.058, 'value': 177692.80000000002, 'profit_pct': 0.3691483974461176}, '518880': {'shares': 47600.0, 'price': 3.732, 'value': 177643.2, 'profit_pct': 3.735996891255675}}",-0.0009005632037037969,1.2046041455079417,-6.993043047115921
2021-11-17,142.34550794167444,1208169.0,1208311.3455079417,"{'510300': {'shares': 92600.0, 'price': 4.54, 'value': 420404.0, 'profit_pct': -0.23175240949107478}, '159915': {'shares': 130600.0, 'price': 3.317, 'value': 433200.2, 'profit_pct': 2.7818335510643366}, '511260': {'shares': 1600.0, 'price': 110.933, 'value': 177492.80000000002, 'profit_pct': 0.25617910617776446}, '518880': {'shares': 47600.0, 'price': 3.72, 'value': 177072.0, 'profit_pct': 3.402440631155175}}",0.0030775255205823804,1.2083113455079417,-6.706811763501719
2021-11-18,142.34550794167444,1199551.2,1199693.5455079416,"{'510300': {'shares': 92600.0, 'price': 4.496, 'value': 416329.60000000003, 'profit_pct': -1.1986693464915927}, '159915': {'shares': 130600.0, 'price': 3.274, 'value': 427584.4, 'profit_pct': 1.449419067285084}, '511260': {'shares': 1600.0, 'price': 111.157, 'value': 177851.19999999998, 'profit_pct': 0.4586200761306438}, '518880': {'shares': 47600.0, 'price': 3.735, 'value': 177786.0, 'profit_pct': 3.8193859562807915}}",-0.0071321021953802965,1.1996935455079416,-7.372188316137274
2021-11-19,142.34550794167444,1209266.0,1209408.3455079417,"{'510300': {'shares': 92600.0, 'price': 4.551, 'value': 421422.60000000003, 'profit_pct': 0.00997682475905965}, '159915': {'shares': 130600.0, 'price': 3.313, 'value': 432677.80000000005, 'profit_pct': 2.657888017689523}, '511260': {'shares': 1600.0, 'price': 111.011, 'value': 177617.6, 'profit_pct': 0.3266719439292066}, '518880': {'shares': 47600.0, 'price': 3.73, 'value': 177548.0, 'profit_pct': 3.680404181238919}}",0.008097734655967415,1.2094083455079416,-6.622112875358432
2021-11-22,142.34550794167444,1219416.2,1219558.5455079416,"{'510300': {'shares': 92600.0, 'price': 4.564, 'value': 422626.4, 'profit_pct': 0.2956568288728495}, '159915': {'shares': 130600.0, 'price': 3.393, 'value': 443125.8, 'profit_pct': 5.136798685185787}, '511260': {'shares': 1600.0, 'price': 111.084, 'value': 177734.4, 'profit_pct': 0.3926460100299316}, '518880': {'shares': 47600.0, 'price': 3.696, 'value': 175929.6, 'profit_pct': 2.735328110954173}}",0.008392698824760458,1.2195585455079416,-5.838420391828847
2021-11-23,142.34550794167444,1214961.0,1215103.3455079417,"{'510300': {'shares': 92600.0, 'price': 4.567, 'value': 422904.2, 'profit_pct': 0.3615829836683425}, '159915': {'shares': 130600.0, 'price': 3.38, 'value': 441428.0, 'profit_pct': 4.733975701717645}, '511260': {'shares': 1600.0, 'price': 111.091, 'value': 177745.59999999998, 'profit_pct': 0.39897229034095105}, '518880': {'shares': 47600.0, 'price': 3.632, 'value': 172883.2, 'profit_pct': 0.9563613904181687}}",-0.0036531251545159904,1.2151033455079416,-6.182404426884414
2021-11-24,142.34550794167444,1212770.8,1212913.1455079417,"{'510300': {'shares': 92600.0, 'price': 4.578, 'value': 423922.80000000005, 'profit_pct': 0.603312217918477}, '159915': {'shares': 130600.0, 'price': 3.362, 'value': 439077.2, 'profit_pct': 4.17622080153099}, '511260': {'shares': 1600.0, 'price': 111.12, 'value': 177792.0, 'profit_pct': 0.42518116591521865}, '518880': {'shares': 47600.0, 'price': 3.613, 'value': 171978.8, 'profit_pct': 0.4282306452590392}}",-0.0018024804294193286,1.2129131455079418,-6.351508806840123
2021-11-25,142.34550794167444,1211823.0,1211965.3455079417,"{'510300': {'shares': 92600.0, 'price': 4.559, 'value': 422163.4, 'profit_pct': 0.18577990421370108}, '159915': {'shares': 130600.0, 'price': 3.368, 'value': 439860.8, 'profit_pct': 4.362139101593203}, '511260': {'shares': 1600.0, 'price': 111.197, 'value': 177915.2, 'profit_pct': 0.49477024933652247}, '518880': {'shares': 47600.0, 'price': 3.611, 'value': 171883.6, 'profit_pct': 0.37263793524229516}}",-0.0007814244602016851,1.2119653455079418,-6.4246880285194425
2021-11-26,142.34550794167444,1208667.0,1208809.3455079417,"{'510300': {'shares': 92600.0, 'price': 4.517, 'value': 418274.2, 'profit_pct': -0.7371862629231616}, '159915': {'shares': 130600.0, 'price': 3.364, 'value': 439338.39999999997, 'profit_pct': 4.2381935682183896}, '511260': {'shares': 1600.0, 'price': 111.476, 'value': 178361.6, 'profit_pct': 0.7469177074474834}, '518880': {'shares': 47600.0, 'price': 3.628, 'value': 172692.80000000002, 'profit_pct': 0.8451759703846684}}",-0.0026040348527269774,1.2088093455079416,-6.66836140224798
2021-11-29,142.34550794167444,1210527.7999999998,1210670.1455079415,"{'510300': {'shares': 92600.0, 'price': 4.51, 'value': 417626.0, 'profit_pct': -0.891013957445985}, '159915': {'shares': 130600.0, 'price': 3.389, 'value': 442603.39999999997, 'profit_pct': 5.012853151810973}, '511260': {'shares': 1600.0, 'price': 111.42, 'value': 178272.0, 'profit_pct': 0.6963074649592635}, '518880': {'shares': 47600.0, 'price': 3.614, 'value': 172026.4, 'profit_pct': 0.45602700026741116}}",0.0015393659942444238,1.2106701455079414,-6.524689851603482
2021-11-30,142.34550794167444,1207824.8,1207967.1455079417,"{'510300': {'shares': 92600.0, 'price': 4.492, 'value': 415959.2, 'profit_pct': -1.2865708862189233}, '159915': {'shares': 130600.0, 'price': 3.386, 'value': 442211.60000000003, 'profit_pct': 4.919894001779873}, '511260': {'shares': 1600.0, 'price': 111.285, 'value': 178056.0, 'profit_pct': 0.5743006303894375}, '518880': {'shares': 47600.0, 'price': 3.605, 'value': 171598.0, 'profit_pct': 0.2058598051920386}}",-0.0022326477695258085,1.2079671455079417,-6.733387294312032
2021-12-01,1549.8401286816807,1200927.0,1202476.8401286816,"{'510300': {'shares': 93300.0, 'price': 4.505, 'value': 420316.5, 'profit_pct': -0.09990009990007982}, '159915': {'shares': 124900.0, 'price': 3.365, 'value': 420288.5, 'profit_pct': -0.09990009990008858}, '511260': {'shares': 1600.0, 'price': 111.187, 'value': 177899.19999999998, 'profit_pct': -0.09990009990008808}, '518880': {'shares': 50800.0, 'price': 3.591, 'value': 182422.80000000002, 'profit_pct': -0.09990009990009094}}",-0.0045450783985945264,1.2024768401286816,-7.157291361030738
2021-12-02,1549.8401286816807,1199990.2,1201540.0401286816,"{'510300': {'shares': 93300.0, 'price': 4.515, 'value': 421249.49999999994, 'profit_pct': 0.12185372895696302}, '159915': {'shares': 124900.0, 'price': 3.355, 'value': 419039.5, 'profit_pct': -0.39678004016785146}, '511260': {'shares': 1600.0, 'price': 111.307, 'value': 178091.2, 'profit_pct': 0.00791836797846287}, '518880': {'shares': 50800.0, 'price': 3.575, 'value': 181610.0, 'profit_pct': -0.5450133269682056}}",-0.0007790586635330055,1.2015400401286815,-7.229621277541797
2021-12-03,1549.8401286816807,1205531.4,1207081.2401286815,"{'510300': {'shares': 93300.0, 'price': 4.56, 'value': 425447.99999999994, 'profit_pct': 1.1197459588136756}, '159915': {'shares': 124900.0, 'price': 3.37, 'value': 420913.0, 'profit_pct': 0.04853987023378628}, '511260': {'shares': 1600.0, 'price': 111.261, 'value': 178017.6, 'profit_pct': -0.03341204470831925}, '518880': {'shares': 50800.0, 'price': 3.566, 'value': 181152.8, 'profit_pct': -0.7953895171940294}}",0.004611748102382407,1.2070812401286815,-6.801787659511205
2021-12-06,1549.8401286816807,1197134.9000000001,1198684.7401286818,"{'510300': {'shares': 93300.0, 'price': 4.555, 'value': 424981.5, 'profit_pct': 1.008869044385154}, '159915': {'shares': 124900.0, 'price': 3.294, 'value': 411420.6, 'profit_pct': -2.2077476758011616}, '511260': {'shares': 1600.0, 'price': 111.412, 'value': 178259.2, 'profit_pct': 0.10225952737219494}, '518880': {'shares': 50800.0, 'price': 3.592, 'value': 182473.6, 'profit_pct': -0.07208052320833686}}",-0.006956035535027216,1.1986847401286818,-7.450077736352656
2021-12-07,1549.8401286816807,1195662.9000000001,1197212.7401286818,"{'510300': {'shares': 93300.0, 'price': 4.583, 'value': 427593.9, 'profit_pct': 1.6297797651848978}, '159915': {'shares': 124900.0, 'price': 3.266, 'value': 407923.4, 'profit_pct': -3.0390115085508795}, '511260': {'shares': 1600.0, 'price': 111.299, 'value': 178078.40000000002, 'profit_pct': 0.0007304701198970629}, '518880': {'shares': 50800.0, 'price': 3.584, 'value': 182067.2, 'profit_pct': -0.2946371367423942}}",-0.001228012629777897,1.1972127401286818,-7.5637302097773755
2021-12-08,1549.8401286816807,1208669.7000000002,1210219.5401286818,"{'510300': {'shares': 93300.0, 'price': 4.655, 'value': 434311.5, 'profit_pct': 3.2264073329556413}, '159915': {'shares': 124900.0, 'price': 3.314, 'value': 413918.60000000003, 'profit_pct': -1.613987795265649}, '511260': {'shares': 1600.0, 'price': 111.324, 'value': 178118.4, 'profit_pct': 0.023192650927919996}, '518880': {'shares': 50800.0, 'price': 3.589, 'value': 182321.2, 'profit_pct': -0.15553925328361146}}",0.010864234537465656,1.2102195401286817,-6.55948089500793
2021-12-09,1549.8401286816807,1220441.2000000002,1221991.0401286818,"{'510300': {'shares': 93300.0, 'price': 4.739, 'value': 442148.7, 'profit_pct': 5.089139495354832}, '159915': {'shares': 124900.0, 'price': 3.353, 'value': 418789.7, 'profit_pct': -0.45615602822139617}, '511260': {'shares': 1600.0, 'price': 111.183, 'value': 177892.80000000002, 'profit_pct': -0.1034940488293646}, '518880': {'shares': 50800.0, 'price': 3.575, 'value': 181610.0, 'profit_pct': -0.5450133269682056}}",0.009726747593869156,1.2219910401286818,-5.6506085506335735
2021-12-10,1549.8401286816807,1220929.0,1222478.8401286816,"{'510300': {'shares': 93300.0, 'price': 4.724, 'value': 440749.2, 'profit_pct': 4.756508752069268}, '159915': {'shares': 124900.0, 'price': 3.37, 'value': 420913.0, 'profit_pct': 0.04853987023378628}, '511260': {'shares': 1600.0, 'price': 111.353, 'value': 178164.8, 'profit_pct': 0.04924878066523222}, '518880': {'shares': 50800.0, 'price': 3.565, 'value': 181102.0, 'profit_pct': -0.8232090938857834}}",0.0003991845962703078,1.2224788401286817,-5.612945726899499
2021-12-13,1549.8401286816807,1225265.4,1226815.2401286815,"{'510300': {'shares': 93300.0, 'price': 4.737, 'value': 441962.10000000003, 'profit_pct': 5.044788729583428}, '159915': {'shares': 124900.0, 'price': 3.389, 'value': 423286.1, 'profit_pct': 0.6126117567425133}, '511260': {'shares': 1600.0, 'price': 111.187, 'value': 177899.19999999998, 'profit_pct': -0.09990009990008808}, '518880': {'shares': 50800.0, 'price': 3.585, 'value': 182118.0, 'profit_pct': -0.2668175600506401}}",0.003547218861917889,1.2268152401286816,-5.278134187661099
2021-12-14,1549.8401286816807,1222379.4,1223929.2401286815,"{'510300': {'shares': 93300.0, 'price': 4.706, 'value': 439069.80000000005, 'profit_pct': 4.357351860126587}, '159915': {'shares': 124900.0, 'price': 3.384, 'value': 422661.6, 'profit_pct': 0.4641717866086385}, '511260': {'shares': 1600.0, 'price': 111.486, 'value': 178377.6, 'profit_pct': 0.16874758256396377}, '518880': {'shares': 50800.0, 'price': 3.588, 'value': 182270.4, 'profit_pct': -0.18335882997536554}}",-0.0023524324654601303,1.2239292401286814,-5.500960979987002
2021-12-15,1549.8401286816807,1212521.5,1214071.3401286816,"{'510300': {'shares': 93300.0, 'price': 4.66, 'value': 434778.0, 'profit_pct': 3.3372842473841624}, '159915': {'shares': 124900.0, 'price': 3.355, 'value': 419039.5, 'profit_pct': -0.39678004016785146}, '511260': {'shares': 1600.0, 'price': 111.414, 'value': 178262.4, 'profit_pct': 0.10405650183683321}, '518880': {'shares': 50800.0, 'price': 3.552, 'value': 180441.6, 'profit_pct': -1.1848635908786236}}",-0.008054305491519642,1.2140713401286816,-6.262085108909221
2021-12-16,1549.8401286816807,1219434.9000000001,1220984.7401286818,"{'510300': {'shares': 93300.0, 'price': 4.687, 'value': 437297.10000000003, 'profit_pct': 3.9360195852981943}, '159915': {'shares': 124900.0, 'price': 3.378, 'value': 421912.2, 'profit_pct': 0.2860438224479913}, '511260': {'shares': 1600.0, 'price': 111.349, 'value': 178158.4, 'profit_pct': 0.0456548317359557}, '518880': {'shares': 50800.0, 'price': 3.584, 'value': 182067.2, 'profit_pct': -0.2946371367423942}}",0.005694393543024701,1.2209847401286817,-5.72830453161679
2021-12-17,1549.8401286816807,1208853.7999999998,1210403.6401286814,"{'510300': {'shares': 93300.0, 'price': 4.614, 'value': 430486.2, 'profit_pct': 2.317216634641738}, '159915': {'shares': 124900.0, 'price': 3.328, 'value': 415667.19999999995, 'profit_pct': -1.1983558788907966}, '511260': {'shares': 1600.0, 'price': 111.467, 'value': 178347.2, 'profit_pct': 0.1516763251498556}, '518880': {'shares': 50800.0, 'price': 3.629, 'value': 184353.2, 'profit_pct': 0.9572438143866753}}",-0.008666037872746224,1.2104036401286815,-6.545266614873791
2021-12-20,1549.8401286816807,1188665.5999999999,1190215.4401286815,"{'510300': {'shares': 93300.0, 'price': 4.539, 'value': 423488.69999999995, 'profit_pct': 0.6540629182138776}, '159915': {'shares': 124900.0, 'price': 3.225, 'value': 402802.5, 'profit_pct': -4.256219263648677}, '511260': {'shares': 1600.0, 'price': 111.422, 'value': 178275.19999999998, 'profit_pct': 0.11124439969539901}, '518880': {'shares': 50800.0, 'price': 3.624, 'value': 184099.2, 'profit_pct': 0.8181459309278926}}",-0.016678898948001897,1.1902154401286815,-8.103988669216777
2021-12-21,1549.8401286816807,1192101.0999999999,1193650.9401286815,"{'510300': {'shares': 93300.0, 'price': 4.56, 'value': 425447.99999999994, 'profit_pct': 1.1197459588136756}, '159915': {'shares': 124900.0, 'price': 3.247, 'value': 405550.3, 'profit_pct': -3.6030833950596195}, '511260': {'shares': 1600.0, 'price': 111.421, 'value': 178273.6, 'profit_pct': 0.11034591246308627}, '518880': {'shares': 50800.0, 'price': 3.599, 'value': 182829.2, 'profit_pct': 0.12265651363396642}}",0.0028864522204723464,1.1936509401286814,-7.838735223258475
2021-12-22,1549.8401286816807,1193783.9,1195333.7401286815,"{'510300': {'shares': 93300.0, 'price': 4.563, 'value': 425727.89999999997, 'profit_pct': 1.1862721074707923}, '159915': {'shares': 124900.0, 'price': 3.26, 'value': 407174.0, 'profit_pct': -3.2171394727115397}, '511260': {'shares': 1600.0, 'price': 111.537, 'value': 178459.2, 'profit_pct': 0.21457043141234794}, '518880': {'shares': 50800.0, 'price': 3.591, 'value': 182422.80000000002, 'profit_pct': -0.09990009990009094}}",0.0014097923801899004,1.1953337401286814,-7.708806974427551
2021-12-23,1549.8401286816807,1200632.6,1202182.4401286817,"{'510300': {'shares': 93300.0, 'price': 4.601, 'value': 429273.3, 'profit_pct': 2.028936657127579}, '159915': {'shares': 124900.0, 'price': 3.269, 'value': 408298.10000000003, 'profit_pct': -2.9499475264705493}, '511260': {'shares': 1600.0, 'price': 111.756, 'value': 178809.6, 'profit_pct': 0.4113391352906906}, '518880': {'shares': 50800.0, 'price': 3.627, 'value': 184251.59999999998, 'profit_pct': 0.9016046610031547}}",0.005729529561562474,1.2021824401286818,-7.18002185571568
2021-12-24,1549.8401286816807,1189673.8,1191223.6401286817,"{'510300': {'shares': 93300.0, 'price': 4.578, 'value': 427127.4, 'profit_pct': 1.5189028507563762}, '159915': {'shares': 124900.0, 'price': 3.196, 'value': 399180.4, 'profit_pct': -5.117171090425167}, '511260': {'shares': 1600.0, 'price': 111.756, 'value': 178809.6, 'profit_pct': 0.4113391352906906}, '518880': {'shares': 50800.0, 'price': 3.633, 'value': 184556.4, 'profit_pct': 1.068522121153704}}",-0.009115754509629204,1.1912236401286818,-8.026145990068123
2021-12-27,1549.8401286816807,1189436.4,1190986.2401286815,"{'510300': {'shares': 93300.0, 'price': 4.582, 'value': 427500.6, 'profit_pct': 1.6076043822991855}, '159915': {'shares': 124900.0, 'price': 3.19, 'value': 398431.0, 'profit_pct': -5.295299054585827}, '511260': {'shares': 1600.0, 'price': 111.938, 'value': 179100.80000000002, 'profit_pct': 0.5748638115731554}, '518880': {'shares': 50800.0, 'price': 3.63, 'value': 184404.0, 'profit_pct': 0.9850633910784294}}",-0.00019929087368897314,1.1909862401286815,-8.044475539790296
2021-12-28,1549.8401286816807,1196904.2000000002,1198454.0401286818,"{'510300': {'shares': 93300.0, 'price': 4.608, 'value': 429926.39999999997, 'profit_pct': 2.1841643373275046}, '159915': {'shares': 124900.0, 'price': 3.226, 'value': 402927.4, 'profit_pct': -4.226531269621905}, '511260': {'shares': 1600.0, 'price': 111.898, 'value': 179036.8, 'profit_pct': 0.5389243222803007}, '518880': {'shares': 50800.0, 'price': 3.642, 'value': 185013.6, 'profit_pct': 1.3188983113795154}}",0.006270265556714838,1.1984540401286818,-7.467889982017784
2021-12-29,1549.8401286816807,1184268.3,1185818.1401286817,"{'510300': {'shares': 93300.0, 'price': 4.541, 'value': 423675.30000000005, 'profit_pct': 0.698413683985302}, '159915': {'shares': 124900.0, 'price': 3.182, 'value': 397431.8, 'profit_pct': -5.532803006800032}, '511260': {'shares': 1600.0, 'price': 111.882, 'value': 179011.2, 'profit_pct': 0.5245485265631691}, '518880': {'shares': 50800.0, 'price': 3.625, 'value': 184150.0, 'profit_pct': 0.8459655076196466}}",-0.010543499856401128,1.1858181401286816,-8.443502270704883
2021-12-30,1549.8401286816807,1191622.4,1193172.2401286815,"{'510300': {'shares': 93300.0, 'price': 4.577, 'value': 427034.1, 'profit_pct': 1.4967274678706641}, '159915': {'shares': 124900.0, 'price': 3.219, 'value': 402053.1, 'profit_pct': -4.4343472278093365}, '511260': {'shares': 1600.0, 'price': 112.094, 'value': 179350.4, 'profit_pct': 0.7150278198152588}, '518880': {'shares': 50800.0, 'price': 3.606, 'value': 183184.8, 'profit_pct': 0.31739355047625734}}",0.006201709816314516,1.1931722401286815,-7.875695439989727
2021-12-31,1549.8401286816807,1194445.5,1195995.3401286816,"{'510300': {'shares': 93300.0, 'price': 4.589, 'value': 428153.7, 'profit_pct': 1.7628320624991312}, '159915': {'shares': 124900.0, 'price': 3.218, 'value': 401928.2, 'profit_pct': -4.4640352218361095}, '511260': {'shares': 1600.0, 'price': 112.062, 'value': 179299.19999999998, 'profit_pct': 0.6862762283809828}, '518880': {'shares': 50800.0, 'price': 3.643, 'value': 185064.4, 'profit_pct': 1.3467178880712696}}",0.002366045659674132,1.1959953401286816,-7.65772512903502
2022-01-04,139.06899821182014,1182195.0,1182334.0689982118,"{'510300': {'shares': 90400.0, 'price': 4.571, 'value': 413218.39999999997, 'profit_pct': -0.09990009990008761}, '159915': {'shares': 131100.0, 'price': 3.154, 'value': 413489.39999999997, 'profit_pct': -0.09990009990008203}, '511260': {'shares': 1600.0, 'price': 112.222, 'value': 179555.19999999998, 'profit_pct': -0.0999000999001023}, '518880': {'shares': 48600.0, 'price': 3.62, 'value': 175932.0, 'profit_pct': -0.09990009990009258}}",-0.011422512004938046,1.1823340689982118,-8.712505872311915
2022-01-05,139.06899821182014,1166820.2,1166959.2689982117,"{'510300': {'shares': 90400.0, 'price': 4.524, 'value': 408969.6, 'profit_pct': -1.1270943014543793}, '159915': {'shares': 131100.0, 'price': 3.064, 'value': 401690.4, 'profit_pct': -2.9505687717482045}, '511260': {'shares': 1600.0, 'price': 112.187, 'value': 179499.19999999998, 'profit_pct': -0.13105712344720677}, '518880': {'shares': 48600.0, 'price': 3.635, 'value': 176661.0, 'profit_pct': 0.3140505902936827}}",-0.01300376974929518,1.1669592689982118,-9.899587426938506
2022-01-06,139.06899821182014,1156581.7999999998,1156720.8689982116,"{'510300': {'shares': 90400.0, 'price': 4.468, 'value': 403907.2, 'profit_pct': -2.3509852650084375}, '159915': {'shares': 131100.0, 'price': 3.034, 'value': 397757.39999999997, 'profit_pct': -3.900791662364255}, '511260': {'shares': 1600.0, 'price': 112.048, 'value': 179276.8, 'profit_pct': -0.2547950169628585}, '518880': {'shares': 48600.0, 'price': 3.614, 'value': 175640.4, 'profit_pct': -0.26548037597761254}}",-0.008773570999431213,1.1567208689982116,-10.69008979372631
2022-01-07,139.06899821182014,1152568.5,1152707.5689982118,"{'510300': {'shares': 90400.0, 'price': 4.48, 'value': 404992.00000000006, 'profit_pct': -2.0887229156754152}, '159915': {'shares': 131100.0, 'price': 3.003, 'value': 393693.3, 'profit_pct': -4.882688649334155}, '511260': {'shares': 1600.0, 'price': 112.07, 'value': 179312.0, 'profit_pct': -0.23521060216182718}, '518880': {'shares': 48600.0, 'price': 3.592, 'value': 174571.2, 'profit_pct': -0.8726080549284903}}",-0.0034695492296906716,1.1527075689982118,-10.999954923886223
2022-01-10,139.06899821182014,1153614.0,1153753.0689982118,"{'510300': {'shares': 90400.0, 'price': 4.493, 'value': 406167.2, 'profit_pct': -1.804605370564654}, '159915': {'shares': 131100.0, 'price': 2.998, 'value': 393037.80000000005, 'profit_pct': -5.041059131103492}, '511260': {'shares': 1600.0, 'price': 112.186, 'value': 179497.6, 'profit_pct': -0.13194732411997287}, '518880': {'shares': 48600.0, 'price': 3.599, 'value': 174911.40000000002, 'profit_pct': -0.6794310661713878}}",0.0009069949986608705,1.1537530689982118,-10.919232328121586
2022-01-11,139.06899821182014,1145988.5999999999,1146127.6689982116,"{'510300': {'shares': 90400.0, 'price': 4.448, 'value': 402099.2, 'profit_pct': -2.788089180563449}, '159915': {'shares': 131100.0, 'price': 2.96, 'value': 388056.0, 'profit_pct': -6.244674792550488}, '511260': {'shares': 1600.0, 'price': 112.165, 'value': 179464.0, 'profit_pct': -0.15064153824823806}, '518880': {'shares': 48600.0, 'price': 3.629, 'value': 176369.4, 'profit_pct': 0.14847031421617507}}",-0.006609213188590868,1.1461276689982116,-11.507986112668366
2022-01-12,139.06899821182014,1161272.9000000001,1161411.968998212,"{'510300': {'shares': 90400.0, 'price': 4.5, 'value': 406800.0, 'profit_pct': -1.6516190001204043}, '159915': {'shares': 131100.0, 'price': 3.035, 'value': 397888.5, 'profit_pct': -3.8691175660103765}, '511260': {'shares': 1600.0, 'price': 112.118, 'value': 179388.8, 'profit_pct': -0.19248096986864957}, '518880': {'shares': 48600.0, 'price': 3.646, 'value': 177195.6, 'profit_pct': 0.6176144297691277}}",0.013335599875500481,1.1614119689982119,-10.327892023289674
2022-01-13,139.06899821182014,1148647.8,1148786.8689982118,"{'510300': {'shares': 90400.0, 'price': 4.419, 'value': 399477.6, 'profit_pct': -3.421889858118246}, '159915': {'shares': 131100.0, 'price': 2.99, 'value': 391989.0, 'profit_pct': -5.294451901934438}, '511260': {'shares': 1600.0, 'price': 112.248, 'value': 179596.80000000002, 'profit_pct': -0.07675488240795601}, '518880': {'shares': 48600.0, 'price': 3.654, 'value': 177584.4, 'profit_pct': 0.8383881312058129}}",-0.010870475194852736,1.148786868998212,-11.302670448720653
2022-01-14,139.06899821182014,1147998.1,1148137.1689982119,"{'510300': {'shares': 90400.0, 'price': 4.375, 'value': 395500.0, 'profit_pct': -4.383518472339282}, '159915': {'shares': 131100.0, 'price': 3.015, 'value': 395266.5, 'profit_pct': -4.502599493087738}, '511260': {'shares': 1600.0, 'price': 112.401, 'value': 179841.6, 'profit_pct': 0.05944582052653495}, '518880': {'shares': 48600.0, 'price': 3.65, 'value': 177390.0, 'profit_pct': 0.7280012804874703}}",-0.0005655531217609866,1.1481371689982118,-11.352833500340243
2022-01-17,139.06899821182014,1157967.0,1158106.0689982118,"{'510300': {'shares': 90400.0, 'price': 4.416, 'value': 399206.4, 'profit_pct': -3.4874554454514817}, '159915': {'shares': 131100.0, 'price': 3.068, 'value': 402214.8, 'profit_pct': -2.823872386332732}, '511260': {'shares': 1600.0, 'price': 112.428, 'value': 179884.8, 'profit_pct': 0.08348123869144736}, '518880': {'shares': 48600.0, 'price': 3.635, 'value': 176661.0, 'profit_pct': 0.3140505902936827}}",0.008682673350517867,1.1581060689982117,-10.583139110174722
2022-01-18,139.06899821182014,1159523.9,1159662.9689982117,"{'510300': {'shares': 90400.0, 'price': 4.462, 'value': 403364.8, 'profit_pct': -2.482116439674949}, '159915': {'shares': 131100.0, 'price': 3.047, 'value': 399461.7, 'profit_pct': -3.489028409763959}, '511260': {'shares': 1600.0, 'price': 112.705, 'value': 180328.0, 'profit_pct': 0.3300668250499847}, '518880': {'shares': 48600.0, 'price': 3.629, 'value': 176369.4, 'profit_pct': 0.14847031421617507}}",0.0013443500916514584,1.1596629689982116,-10.462931545042286
2022-01-19,139.06899821182014,1149342.1,1149481.1689982119,"{'510300': {'shares': 90400.0, 'price': 4.436, 'value': 401014.4, 'profit_pct': -3.0503515298964707}, '159915': {'shares': 131100.0, 'price': 2.985, 'value': 391333.5, 'profit_pct': -5.452822383703788}, '511260': {'shares': 1600.0, 'price': 113.012, 'value': 180819.2, 'profit_pct': 0.6033584315917581}, '518880': {'shares': 48600.0, 'price': 3.625, 'value': 176175.0, 'profit_pct': 0.03808346349783253}}",-0.008779964758894976,1.1494811689982118,-11.249063850691588
2022-01-20,139.06899821182014,1153636.5,1153775.5689982118,"{'510300': {'shares': 90400.0, 'price': 4.474, 'value': 404449.60000000003, 'profit_pct': -2.2198540903419266}, '159915': {'shares': 131100.0, 'price': 2.975, 'value': 390022.5, 'profit_pct': -5.769563347242462}, '511260': {'shares': 1600.0, 'price': 112.88, 'value': 180608.0, 'profit_pct': 0.48585194278551963}, '518880': {'shares': 48600.0, 'price': 3.674, 'value': 178556.4, 'profit_pct': 1.3903223847975255}}",0.0037359463693891204,1.1537755689982117,-10.917495113004705
2022-01-21,139.06899821182014,1146477.1,1146616.1689982119,"{'510300': {'shares': 90400.0, 'price': 4.44, 'value': 401376.00000000006, 'profit_pct': -2.9629307467854566}, '159915': {'shares': 131100.0, 'price': 2.941, 'value': 385565.1, 'profit_pct': -6.846482623273984}, '511260': {'shares': 1600.0, 'price': 113.173, 'value': 181076.8, 'profit_pct': 0.7466807399084537}, '518880': {'shares': 48600.0, 'price': 3.672, 'value': 178459.2, 'profit_pct': 1.3351289594383604}}",-0.006205192926919234,1.146616168998212,-11.470269242241727
2022-01-24,139.06899821182014,1149414.6,1149553.6689982119,"{'510300': {'shares': 90400.0, 'price': 4.442, 'value': 401556.8, 'profit_pct': -2.91922035522996}, '159915': {'shares': 131100.0, 'price': 2.962, 'value': 388318.2, 'profit_pct': -6.181326599842745}, '511260': {'shares': 1600.0, 'price': 113.479, 'value': 181566.4, 'profit_pct': 1.0190821457774482}, '518880': {'shares': 48600.0, 'price': 3.662, 'value': 177973.19999999998, 'profit_pct': 1.0591618326424979}}",0.0025618860778551245,1.1495536689982118,-11.243466157537174
2022-01-25,139.06899821182014,1129615.2999999998,1129754.3689982116,"{'510300': {'shares': 90400.0, 'price': 4.336, 'value': 391974.4, 'profit_pct': -5.235871107671565}, '159915': {'shares': 131100.0, 'price': 2.881, 'value': 377699.1, 'profit_pct': -8.746928404506072}, '511260': {'shares': 1600.0, 'price': 113.457, 'value': 181531.19999999998, 'profit_pct': 0.9994977309764043}, '518880': {'shares': 48600.0, 'price': 3.671, 'value': 178410.59999999998, 'profit_pct': 1.3075322467587656}}",-0.017223467276003324,1.1297543689982115,-12.77216141370432
2022-01-26,139.06899821182014,1134558.6,1134697.6689982119,"{'510300': {'shares': 90400.0, 'price': 4.362, 'value': 394324.8, 'profit_pct': -4.667636017450043}, '159915': {'shares': 131100.0, 'price': 2.906, 'value': 380976.60000000003, 'profit_pct': -7.955075995659358}, '511260': {'shares': 1600.0, 'price': 112.938, 'value': 180700.80000000002, 'profit_pct': 0.5374835818064467}, '518880': {'shares': 48600.0, 'price': 3.674, 'value': 178556.4, 'profit_pct': 1.3903223847975255}}",0.0043755528950808475,1.1346976689982118,-12.39049139204641
2022-01-27,139.06899821182014,1111878.0999999999,1112017.1689982116,"{'510300': {'shares': 90400.0, 'price': 4.281, 'value': 387002.39999999997, 'profit_pct': -6.437906875447885}, '159915': {'shares': 131100.0, 'price': 2.815, 'value': 369046.5, 'profit_pct': -10.83741876386136}, '511260': {'shares': 1600.0, 'price': 112.861, 'value': 180577.6, 'profit_pct': 0.46893813000281187}, '518880': {'shares': 48600.0, 'price': 3.606, 'value': 175251.6, 'profit_pct': -0.48625407741429755}}",-0.01998814364360524,1.1120171689982117,-14.14164283464785
2022-01-28,139.06899821182014,1105472.9,1105611.9689982117,"{'510300': {'shares': 90400.0, 'price': 4.21, 'value': 380584.0, 'profit_pct': -7.989625775668201}, '159915': {'shares': 131100.0, 'price': 2.819, 'value': 369570.89999999997, 'profit_pct': -10.710722378445887}, '511260': {'shares': 1600.0, 'price': 112.906, 'value': 180649.6, 'profit_pct': 0.5089971602776658}, '518880': {'shares': 48600.0, 'price': 3.594, 'value': 174668.4, 'profit_pct': -0.8174146295693251}}",-0.005759983009767988,1.1056119689982116,-14.636185513166867
2022-02-07,9705.276472671801,1102236.0,1111941.276472672,"{'510300': {'shares': 89000.0, 'price': 4.282, 'value': 381098.0, 'profit_pct': -0.09990009990009749}, '159915': {'shares': 134600.0, 'price': 2.83, 'value': 380918.0, 'profit_pct': -0.09990009990009595}, '511260': {'shares': 1500.0, 'price': 112.904, 'value': 169356.0, 'profit_pct': -0.09990009990008765}, '518880': {'shares': 47200.0, 'price': 3.62, 'value': 170864.0, 'profit_pct': -0.09990009990009258}}",0.005724709619592039,1.111941276472672,-14.147502463209028
2022-02-08,9705.276472671801,1091773.0,1101478.276472672,"{'510300': {'shares': 89000.0, 'price': 4.26, 'value': 379140.0, 'profit_pct': -0.6131654426843623}, '159915': {'shares': 134600.0, 'price': 2.758, 'value': 371226.8, 'profit_pct': -2.6415280832241943}, '511260': {'shares': 1500.0, 'price': 113.034, 'value': 169551.0, 'profit_pct': 0.015126940656614995}, '518880': {'shares': 47200.0, 'price': 3.641, 'value': 171855.2, 'profit_pct': 0.4796308663712026}}",-0.009409669576428525,1.1014782764726718,-14.955346097341371
2022-02-09,9705.276472671801,1100497.2000000002,1110202.476472672,"{'510300': {'shares': 89000.0, 'price': 4.299, 'value': 382611.00000000006, 'profit_pct': 0.29671402861502}, '159915': {'shares': 134600.0, 'price': 2.791, 'value': 375668.6, 'profit_pct': -1.4766152575339868}, '511260': {'shares': 1500.0, 'price': 113.04, 'value': 169560.0, 'profit_pct': 0.020435880990001078}, '518880': {'shares': 47200.0, 'price': 3.658, 'value': 172657.6, 'profit_pct': 0.9487749819241553}}",0.007920446718148844,1.1102024764726721,-14.281754447441951
2022-02-10,9705.276472671801,1093020.0,1102725.276472672,"{'510300': {'shares': 89000.0, 'price': 4.288, 'value': 381632.0, 'profit_pct': 0.04008135722288759}, '159915': {'shares': 134600.0, 'price': 2.74, 'value': 368804.0, 'profit_pct': -3.276935079055211}, '511260': {'shares': 1500.0, 'price': 113.064, 'value': 169596.0, 'profit_pct': 0.041671642323532834}, '518880': {'shares': 47200.0, 'price': 3.665, 'value': 172988.0, 'profit_pct': 1.1419519706812578}}",-0.006734987678785109,1.1027252764726718,-14.859065775085512
2022-02-11,9705.276472671801,1077450.0,1087155.276472672,"{'510300': {'shares': 89000.0, 'price': 4.252, 'value': 378428.0, 'profit_pct': -0.7998073855150022}, '159915': {'shares': 134600.0, 'price': 2.66, 'value': 358036.0, 'profit_pct': -6.100966171637543}, '511260': {'shares': 1500.0, 'price': 112.628, 'value': 168942.0, 'profit_pct': -0.3441113552358348}, '518880': {'shares': 47200.0, 'price': 3.645, 'value': 172044.0, 'profit_pct': 0.5900177170895452}}",-0.014119563895192755,1.087155276472672,-16.061218635970597
2022-02-14,9705.276472671801,1073697.6,1083402.876472672,"{'510300': {'shares': 89000.0, 'price': 4.203, 'value': 374067.0, 'profit_pct': -1.9429892853526582}, '159915': {'shares': 134600.0, 'price': 2.646, 'value': 356151.6, 'profit_pct': -6.59517161283946}, '511260': {'shares': 1500.0, 'price': 112.402, 'value': 168603.0, 'profit_pct': -0.5440814411267022}, '518880': {'shares': 47200.0, 'price': 3.705, 'value': 174876.0, 'profit_pct': 2.2458204778646835}}",-0.0034515768641392164,1.083402876472672,-16.350939791730713
2022-02-15,9705.276472671801,1090085.0,1099790.276472672,"{'510300': {'shares': 89000.0, 'price': 4.245, 'value': 377805.0, 'profit_pct': -0.9631190854918044}, '159915': {'shares': 134600.0, 'price': 2.726, 'value': 366919.6, 'profit_pct': -3.7711405202571275}, '511260': {'shares': 1500.0, 'price': 112.492, 'value': 168738.0, 'profit_pct': -0.464447336125911}, '518880': {'shares': 47200.0, 'price': 3.742, 'value': 176622.4, 'profit_pct': 3.2668988470093487}}",0.015125859784823392,1.099790276472672,-15.08567583588819
2022-02-16,9705.276472671801,1089529.9,1099235.1764726718,"{'510300': {'shares': 89000.0, 'price': 4.266, 'value': 379674.0, 'profit_pct': -0.47318398556137725}, '159915': {'shares': 134600.0, 'price': 2.725, 'value': 366785.0, 'profit_pct': -3.8064409089144027}, '511260': {'shares': 1500.0, 'price': 112.539, 'value': 168808.5, 'profit_pct': -0.4228606368477242}, '518880': {'shares': 47200.0, 'price': 3.692, 'value': 174262.4, 'profit_pct': 1.887063213030073}}",-0.0005047325948184245,1.0992351764726718,-15.128534863060795
2022-02-17,9705.276472671801,1094700.6,1104405.876472672,"{'510300': {'shares': 89000.0, 'price': 4.276, 'value': 380564.0, 'profit_pct': -0.2398815570230826}, '159915': {'shares': 134600.0, 'price': 2.744, 'value': 369342.4, 'profit_pct': -3.135733524426095}, '511260': {'shares': 1500.0, 'price': 112.618, 'value': 168927.0, 'profit_pct': -0.35295958912481584}, '518880': {'shares': 47200.0, 'price': 3.726, 'value': 175867.2, 'profit_pct': 2.8253514441359786}}",0.004703906962468585,1.104405876472672,-14.729307387288237
2022-02-18,9705.276472671801,1097745.9,1107451.1764726718,"{'510300': {'shares': 89000.0, 'price': 4.3, 'value': 382700.0, 'profit_pct': 0.320044271468837}, '159915': {'shares': 134600.0, 'price': 2.739, 'value': 368669.39999999997, 'profit_pct': -3.3122354677125023}, '511260': {'shares': 1500.0, 'price': 112.603, 'value': 168904.5, 'profit_pct': -0.366231939958281}, '518880': {'shares': 47200.0, 'price': 3.76, 'value': 177472.0, 'profit_pct': 3.7636396752418837}}",0.0027574101739897827,1.1074511764726718,-14.49418111193479
2022-02-21,9705.276472671801,1092126.1,1101831.376472672,"{'510300': {'shares': 89000.0, 'price': 4.283, 'value': 381187.00000000006, 'profit_pct': -0.07656985704625974}, '159915': {'shares': 134600.0, 'price': 2.713, 'value': 365169.8, 'profit_pct': -4.230045572801752}, '511260': {'shares': 1500.0, 'price': 112.387, 'value': 168580.5, 'profit_pct': -0.5573537919601674}, '518880': {'shares': 47200.0, 'price': 3.754, 'value': 177188.8, 'profit_pct': 3.598059399164376}}",-0.005074535220504606,1.101831376472672,-14.928083401440361
2022-02-22,9705.276472671801,1083999.5,1093704.776472672,"{'510300': {'shares': 89000.0, 'price': 4.223, 'value': 375847.0, 'profit_pct': -1.4763844282760692}, '159915': {'shares': 134600.0, 'price': 2.678, 'value': 360458.8, 'profit_pct': -5.4655591758065265}, '511260': {'shares': 1500.0, 'price': 112.191, 'value': 168286.5, 'profit_pct': -0.7307791761841044}, '518880': {'shares': 47200.0, 'price': 3.801, 'value': 179407.2, 'profit_pct': 4.895104895104904}}",-0.007375538738074505,1.093704776472672,-15.555534617835276
2022-02-23,9705.276472671801,1097432.3,1107137.576472672,"{'510300': {'shares': 89000.0, 'price': 4.271, 'value': 380119.0, 'profit_pct': -0.3565327712922299}, '159915': {'shares': 134600.0, 'price': 2.754, 'value': 370688.4, 'profit_pct': -2.7827296378533113}, '511260': {'shares': 1500.0, 'price': 112.391, 'value': 168586.5, 'profit_pct': -0.5538144984045725}, '518880': {'shares': 47200.0, 'price': 3.772, 'value': 178038.4, 'profit_pct': 4.094800227396911}}",0.012281924966371927,1.1071375764726719,-14.518394030186133
2022-02-24,9705.276472671801,1085616.4000000001,1095321.676472672,"{'510300': {'shares': 89000.0, 'price': 4.186, 'value': 372554.0, 'profit_pct': -2.339603413867776}, '159915': {'shares': 134600.0, 'price': 2.693, 'value': 362477.8, 'profit_pct': -4.936053345947335}, '511260': {'shares': 1500.0, 'price': 112.482, 'value': 168723.0, 'profit_pct': -0.4732955700148919}, '518880': {'shares': 47200.0, 'price': 3.853, 'value': 181861.6, 'profit_pct': 6.330133954443356}}",-0.010672476710297585,1.095321676472672,-15.430694479057806
2022-02-25,9705.276472671801,1096090.2,1105795.4764726718,"{'510300': {'shares': 89000.0, 'price': 4.221, 'value': 375669.0, 'profit_pct': -1.5230449139837239}, '159915': {'shares': 134600.0, 'price': 2.763, 'value': 371899.8, 'profit_pct': -2.4650261399378026}, '511260': {'shares': 1500.0, 'price': 112.554, 'value': 168831.0, 'profit_pct': -0.409588286014259}, '518880': {'shares': 47200.0, 'price': 3.807, 'value': 179690.4, 'profit_pct': 5.060685171182412}}",0.009562305051543651,1.1057954764726718,-14.622016981669372
2022-02-28,9705.276472671801,1098936.5,1108641.776472672,"{'510300': {'shares': 89000.0, 'price': 4.227, 'value': 376203.0, 'profit_pct': -1.3830634568607387}, '159915': {'shares': 134600.0, 'price': 2.786, 'value': 374995.6, 'profit_pct': -1.6531172008203785}, '511260': {'shares': 1500.0, 'price': 112.661, 'value': 168991.5, 'profit_pct': -0.3149121834022114}, '518880': {'shares': 47200.0, 'price': 3.787, 'value': 178746.4, 'profit_pct': 4.508750917590699}}",0.002573984123247941,1.108641776472672,-14.402255408905251
2022-03-01,5651.842827501823,1104258.6,1109910.4428275018,"{'510300': {'shares': 89700.0, 'price': 4.265, 'value': 382570.5, 'profit_pct': -0.09990009990008346}, '159915': {'shares': 136800.0, 'price': 2.795, 'value': 382356.0, 'profit_pct': -0.09990009990009566}, '511260': {'shares': 1500.0, 'price': 112.389, 'value': 168583.5, 'profit_pct': -0.09990009990009385}, '518880': {'shares': 45100.0, 'price': 3.786, 'value': 170748.6, 'profit_pct': -0.09990009990008411}}",0.0011443429083706214,1.1099104428275017,-14.304302236909916
2022-03-02,5651.842827501823,1095997.5,1101649.3428275017,"{'510300': {'shares': 89700.0, 'price': 4.23, 'value': 379431.00000000006, 'profit_pct': -0.9197133464425038}, '159915': {'shares': 136800.0, 'price': 2.741, 'value': 374968.8, 'profit_pct': -2.029991475429748}, '511260': {'shares': 1500.0, 'price': 112.366, 'value': 168549.0, 'profit_pct': -0.12034429192691065}, '518880': {'shares': 45100.0, 'price': 3.837, 'value': 173048.7, 'profit_pct': 1.2458223234768604}}",-0.007443032952239692,1.1016493428275016,-14.942138139225769
2022-03-03,5651.842827501823,1087535.5999999999,1093187.4428275018,"{'510300': {'shares': 89700.0, 'price': 4.201, 'value': 376829.69999999995, 'profit_pct': -1.5989871792919712}, '159915': {'shares': 136800.0, 'price': 2.704, 'value': 369907.2, 'profit_pct': -3.3524614919963627}, '511260': {'shares': 1500.0, 'price': 112.134, 'value': 168201.0, 'profit_pct': -0.32656396802353144}, '518880': {'shares': 45100.0, 'price': 3.827, 'value': 172597.7, 'profit_pct': 0.9819551816382385}}",-0.007681119273653336,1.093187442827502,-15.595477721340313
2022-03-04,5651.842827501823,1077777.7000000002,1083429.542827502,"{'510300': {'shares': 89700.0, 'price': 4.15, 'value': 372255.00000000006, 'profit_pct': -2.7935721956823634}, '159915': {'shares': 136800.0, 'price': 2.662, 'value': 364161.6, 'profit_pct': -4.853643672963884}, '511260': {'shares': 1500.0, 'price': 112.088, 'value': 168132.0, 'profit_pct': -0.36745235207717764}, '518880': {'shares': 45100.0, 'price': 3.841, 'value': 173229.1, 'profit_pct': 1.3513691802123065}}",-0.008926099603523974,1.0834295428275018,-16.348880894187477
2022-03-07,5651.842827501823,1052300.9000000001,1057952.742827502,"{'510300': {'shares': 89700.0, 'price': 4.002, 'value': 358979.39999999997, 'profit_pct': -6.260211066776114}, '159915': {'shares': 136800.0, 'price': 2.543, 'value': 347882.4, 'profit_pct': -9.10699318570516}, '511260': {'shares': 1500.0, 'price': 112.251, 'value': 168376.5, 'profit_pct': -0.22256525206100722}, '518880': {'shares': 45100.0, 'price': 3.926, 'value': 177062.6, 'profit_pct': 3.5942398858405396}}",-0.023514957819510074,1.0579527428275022,-18.315933431515475
2022-03-08,5651.842827501823,1044201.1000000001,1049852.9428275018,"{'510300': {'shares': 89700.0, 'price': 3.92, 'value': 351624.0, 'profit_pct': -8.180916387246965}, '159915': {'shares': 136800.0, 'price': 2.507, 'value': 342957.60000000003, 'profit_pct': -10.3937207693916}, '511260': {'shares': 1500.0, 'price': 112.362, 'value': 168543.0, 'profit_pct': -0.12389980358375328}, '518880': {'shares': 45100.0, 'price': 4.015, 'value': 181076.5, 'profit_pct': 5.942657448204207}}",-0.00765610756710422,1.0498529428275019,-18.94131543168229
2022-03-09,5651.842827501823,1038849.5,1044501.3428275018,"{'510300': {'shares': 89700.0, 'price': 3.88, 'value': 348036.0, 'profit_pct': -9.117845811866895}, '159915': {'shares': 136800.0, 'price': 2.483, 'value': 339674.4, 'profit_pct': -11.251539158515893}, '511260': {'shares': 1500.0, 'price': 111.992, 'value': 167988.0, 'profit_pct': -0.45278463184128737}, '518880': {'shares': 45100.0, 'price': 4.061, 'value': 183151.1, 'profit_pct': 7.156446300661846}}",-0.005097475828935494,1.0445013428275018,-19.354510116994604
2022-03-10,5651.842827501823,1047453.7000000001,1053105.542827502,"{'510300': {'shares': 89700.0, 'price': 3.94, 'value': 353418.0, 'profit_pct': -7.712451674937}, '159915': {'shares': 136800.0, 'price': 2.547, 'value': 348429.60000000003, 'profit_pct': -8.964023454184444}, '511260': {'shares': 1500.0, 'price': 112.212, 'value': 168318.0, 'profit_pct': -0.2572314907151819}, '518880': {'shares': 45100.0, 'price': 3.931, 'value': 177288.1, 'profit_pct': 3.7261734567598443}}",0.008237615067787418,1.0531055428275018,-18.69018361438526
2022-03-11,5651.842827501823,1055570.2,1061222.042827502,"{'510300': {'shares': 89700.0, 'price': 3.968, 'value': 355929.6, 'profit_pct': -7.056601077703049}, '159915': {'shares': 136800.0, 'price': 2.583, 'value': 353354.4, 'profit_pct': -7.677295870498005}, '511260': {'shares': 1500.0, 'price': 112.485, 'value': 168727.5, 'profit_pct': -0.014567820135971436}, '518880': {'shares': 45100.0, 'price': 3.937, 'value': 177558.69999999998, 'profit_pct': 3.8844937418630083}}",0.0077072047101831576,1.0612220428275019,-18.063512214553924
2022-03-14,5651.842827501823,1030242.8,1035894.6428275019,"{'510300': {'shares': 89700.0, 'price': 3.828, 'value': 343371.6, 'profit_pct': -10.335854063872803}, '159915': {'shares': 136800.0, 'price': 2.49, 'value': 340632.00000000006, 'profit_pct': -11.001342128354636}, '511260': {'shares': 1500.0, 'price': 113.055, 'value': 169582.5, 'profit_pct': 0.4920925909634928}, '518880': {'shares': 45100.0, 'price': 3.917, 'value': 176656.69999999998, 'profit_pct': 3.3567594581857763}}",-0.023866258876905855,1.0358946428275018,-20.019029643505814
2022-03-15,5651.842827501823,998611.2999999999,1004263.1428275018,"{'510300': {'shares': 89700.0, 'price': 3.629, 'value': 325521.3, 'profit_pct': -14.997077951356946}, '159915': {'shares': 136800.0, 'price': 2.421, 'value': 331192.8, 'profit_pct': -13.467569997086992}, '511260': {'shares': 1500.0, 'price': 112.716, 'value': 169074.0, 'profit_pct': 0.19076297804643552}, '518880': {'shares': 45100.0, 'price': 3.832, 'value': 172823.19999999998, 'profit_pct': 1.1138887525575434}}",-0.030535441243002337,1.0042631428275017,-22.46128386438486
2022-03-16,5651.842827501823,1030251.1,1035902.9428275018,"{'510300': {'shares': 89700.0, 'price': 3.802, 'value': 341039.4, 'profit_pct': -10.944858189875752}, '159915': {'shares': 136800.0, 'price': 2.552, 'value': 349113.60000000003, 'profit_pct': -8.785311289783554}, '511260': {'shares': 1500.0, 'price': 112.599, 'value': 168898.5, 'profit_pct': 0.08676426208392395}, '518880': {'shares': 45100.0, 'price': 3.796, 'value': 171199.6, 'profit_pct': 0.163967041938526}}",0.03150548760648353,1.0359029428275017,-20.018388804151588
2022-03-17,5651.842827501823,1049722.4,1055374.2428275016,"{'510300': {'shares': 89700.0, 'price': 3.886, 'value': 348574.2, 'profit_pct': -8.9773063981739}, '159915': {'shares': 136800.0, 'price': 2.624, 'value': 358963.2, 'profit_pct': -6.211856122410674}, '511260': {'shares': 1500.0, 'price': 112.517, 'value': 168775.5, 'profit_pct': 0.013876273118731828}, '518880': {'shares': 45100.0, 'price': 3.845, 'value': 173409.5, 'profit_pct': 1.456916036947753}}",0.01879645205645697,1.0553742428275017,-18.515018283910646
2022-03-18,5651.842827501823,1054276.4,1059928.2428275016,"{'510300': {'shares': 89700.0, 'price': 3.914, 'value': 351085.8, 'profit_pct': -8.32145580093995}, '159915': {'shares': 136800.0, 'price': 2.635, 'value': 360467.99999999994, 'profit_pct': -5.818689360728718}, '511260': {'shares': 1500.0, 'price': 112.695, 'value': 169042.5, 'profit_pct': 0.17209654184803372}, '518880': {'shares': 45100.0, 'price': 3.851, 'value': 173680.1, 'profit_pct': 1.6152363220509165}}",0.004315056986609056,1.0599282428275016,-18.16340594425293
2022-03-21,5651.842827501823,1053209.5,1058861.3428275017,"{'510300': {'shares': 89700.0, 'price': 3.908, 'value': 350547.6, 'profit_pct': -8.461995214632942}, '159915': {'shares': 136800.0, 'price': 2.636, 'value': 360604.8, 'profit_pct': -5.782946927848527}, '511260': {'shares': 1500.0, 'price': 112.552, 'value': 168828.0, 'profit_pct': 0.04498700011607655}, '518880': {'shares': 45100.0, 'price': 3.841, 'value': 173229.1, 'profit_pct': 1.3513691802123065}}",-0.0010065775746798122,1.0588613428275018,-18.24578082461762
2022-03-22,5651.842827501823,1049240.0,1054891.8428275017,"{'510300': {'shares': 89700.0, 'price': 3.904, 'value': 350188.8, 'profit_pct': -8.555688157094938}, '159915': {'shares': 136800.0, 'price': 2.602, 'value': 355953.6, 'profit_pct': -6.998189645774618}, '511260': {'shares': 1500.0, 'price': 112.494, 'value': 168741.0, 'profit_pct': -0.006567918908084958}, '518880': {'shares': 45100.0, 'price': 3.866, 'value': 174356.6, 'profit_pct': 2.0110370348088438}}",-0.003748838341194105,1.0548918428275018,-18.552264176016674
2022-03-23,5651.842827501823,1053838.0,1059489.8428275017,"{'510300': {'shares': 89700.0, 'price': 3.929, 'value': 352431.3, 'profit_pct': -7.970107266707484}, '159915': {'shares': 136800.0, 'price': 2.629, 'value': 359647.2, 'profit_pct': -6.033143958009783}, '511260': {'shares': 1500.0, 'price': 112.534, 'value': 168801.0, 'profit_pct': 0.028987197660303592}, '518880': {'shares': 45100.0, 'price': 3.835, 'value': 172958.5, 'profit_pct': 1.1930488951091311}}",0.00435874069106057,1.0594898428275017,-18.19725461568593
2022-03-24,5651.842827501823,1052257.9,1057909.7428275016,"{'510300': {'shares': 89700.0, 'price': 3.902, 'value': 350009.4, 'profit_pct': -8.602534628325929}, '159915': {'shares': 136800.0, 'price': 2.62, 'value': 358416.0, 'profit_pct': -6.3548258539313895}, '511260': {'shares': 1500.0, 'price': 112.563, 'value': 168844.5, 'profit_pct': 0.05476465717237804}, '518880': {'shares': 45100.0, 'price': 3.88, 'value': 174988.0, 'profit_pct': 2.3804510333829}}",-0.0014913781483578692,1.0579097428275017,-18.31925344262778
2022-03-25,5651.842827501823,1039329.7,1044981.5428275018,"{'510300': {'shares': 89700.0, 'price': 3.825, 'value': 343102.5, 'profit_pct': -10.40612377071929}, '159915': {'shares': 136800.0, 'price': 2.565, 'value': 350892.0, 'profit_pct': -8.320659662341233}, '511260': {'shares': 1500.0, 'price': 112.753, 'value': 169129.5, 'profit_pct': 0.22365146087219523}, '518880': {'shares': 45100.0, 'price': 3.907, 'value': 176205.7, 'profit_pct': 3.092892316347166}}",-0.012220513222088614,1.0449815428275018,-19.317434085922226
2022-03-28,5651.842827501823,1028306.2999999999,1033958.1428275018,"{'510300': {'shares': 89700.0, 'price': 3.8, 'value': 340860.0, 'profit_pct': -10.991704661106755}, '159915': {'shares': 136800.0, 'price': 2.512, 'value': 343641.6, 'profit_pct': -10.21500860499071}, '511260': {'shares': 1500.0, 'price': 112.785, 'value': 169177.5, 'profit_pct': 0.2520955541268985}, '518880': {'shares': 45100.0, 'price': 3.872, 'value': 174627.19999999998, 'profit_pct': 2.1693573199120073}}",-0.010548894452406365,1.0339581428275018,-20.16854595789914
2022-03-29,5651.842827501823,1025580.6,1031232.4428275018,"{'510300': {'shares': 89700.0, 'price': 3.782, 'value': 339245.4, 'profit_pct': -11.413322902185717}, '159915': {'shares': 136800.0, 'price': 2.511, 'value': 343504.8, 'profit_pct': -10.250751037870884}, '511260': {'shares': 1500.0, 'price': 112.827, 'value': 169240.5, 'profit_pct': 0.2894284265237021}, '518880': {'shares': 45100.0, 'price': 3.849, 'value': 173589.90000000002, 'profit_pct': 1.5624628936831995}}",-0.0026361802157156555,1.0312324428275017,-20.378996057636744
2022-03-30,5651.842827501823,1049821.4,1055473.2428275016,"{'510300': {'shares': 89700.0, 'price': 3.905, 'value': 350278.5, 'profit_pct': -8.53226492147944}, '159915': {'shares': 136800.0, 'price': 2.61, 'value': 357048.0, 'profit_pct': -6.712250182733186}, '511260': {'shares': 1500.0, 'price': 112.904, 'value': 169356.0, 'profit_pct': 0.35787202591783773}, '518880': {'shares': 45100.0, 'price': 3.839, 'value': 173138.9, 'profit_pct': 1.2985957518445774}}",0.023506630506634263,1.0554732428275015,-18.50737453739635
2022-03-31,5651.842827501823,1041612.8,1047264.6428275019,"{'510300': {'shares': 89700.0, 'price': 3.874, 'value': 347497.8, 'profit_pct': -9.258385225559879}, '159915': {'shares': 136800.0, 'price': 2.574, 'value': 352123.19999999995, 'profit_pct': -7.998977766419626}, '511260': {'shares': 1500.0, 'price': 112.749, 'value': 169123.5, 'profit_pct': 0.2200959492153526}, '518880': {'shares': 45100.0, 'price': 3.833, 'value': 172868.30000000002, 'profit_pct': 1.140275466741414}}",-0.007777174888877081,1.0472646428275019,-19.141156937772774
2022-04-01,9539.842638912145,1041583.1,1051122.9426389122,"{'510300': {'shares': 91900.0, 'price': 3.925, 'value': 360707.5, 'profit_pct': -0.09990009990009316}, '159915': {'shares': 139900.0, 'price': 2.58, 'value': 360942.0, 'profit_pct': -0.09990009990008375}, '511260': {'shares': 1400.0, 'price': 112.934, 'value': 158107.6, 'profit_pct': -0.0999000999000835}, '518880': {'shares': 42000.0, 'price': 3.853, 'value': 161826.0, 'profit_pct': -0.0999000999000739}}",0.0036841688849471588,1.0511229426389121,-18.843259304090097
2022-04-06,9539.842638912145,1035719.1,1045258.9426389121,"{'510300': {'shares': 91900.0, 'price': 3.913, 'value': 359604.7, 'profit_pct': -0.4053271569195072}, '159915': {'shares': 139900.0, 'price': 2.55, 'value': 356745.0, 'profit_pct': -1.2615291685059065}, '511260': {'shares': 1400.0, 'price': 113.041, 'value': 158257.4, 'profit_pct': -0.005249147225861181}, '518880': {'shares': 42000.0, 'price': 3.836, 'value': 161112.0, 'profit_pct': -0.5406739639804615}}",-0.005578795554855076,1.045258942638912,-19.296016168330965
2022-04-07,9539.842638912145,1023776.3,1033316.1426389122,"{'510300': {'shares': 91900.0, 'price': 3.861, 'value': 354825.9, 'profit_pct': -1.728844404003623}, '159915': {'shares': 139900.0, 'price': 2.496, 'value': 349190.4, 'profit_pct': -3.3524614919963627}, '511260': {'shares': 1400.0, 'price': 113.11, 'value': 158354.0, 'profit_pct': 0.05578744842387366}, '518880': {'shares': 42000.0, 'price': 3.843, 'value': 161406.0, 'profit_pct': -0.35917884347677315}}",-0.011425685552948761,1.0333161426389121,-20.21811451046187
2022-04-08,9539.842638912145,1026359.8,1035899.6426389122,"{'510300': {'shares': 91900.0, 'price': 3.889, 'value': 357399.1, 'profit_pct': -1.016181270958335}, '159915': {'shares': 139900.0, 'price': 2.491, 'value': 348490.9, 'profit_pct': -3.546066336763994}, '511260': {'shares': 1400.0, 'price': 113.347, 'value': 158685.8, 'profit_pct': 0.26543488565555906}, '518880': {'shares': 42000.0, 'price': 3.852, 'value': 161784.0, 'profit_pct': -0.12582797425775188}}",0.002500202884087477,1.0358996426389122,-20.018643610262988
2022-04-11,9539.842638912145,1000856.8999999999,1010396.742638912,"{'510300': {'shares': 91900.0, 'price': 3.757, 'value': 345268.3, 'profit_pct': -4.375878898171878}, '159915': {'shares': 139900.0, 'price': 2.386, 'value': 333801.4, 'profit_pct': -7.6117680768843385}, '511260': {'shares': 1400.0, 'price': 113.268, 'value': 158575.2, 'profit_pct': 0.19555240657833478}, '518880': {'shares': 42000.0, 'price': 3.886, 'value': 163212.0, 'profit_pct': 0.7557197539030118}}",-0.024619083693312782,1.010396742638912,-21.987711317126603
2022-04-12,9539.842638912145,1015855.3,1025395.1426389122,"{'510300': {'shares': 91900.0, 'price': 3.827, 'value': 351701.3, 'profit_pct': -2.594221065558635}, '159915': {'shares': 139900.0, 'price': 2.44, 'value': 341356.0, 'profit_pct': -5.520835753393882}, '511260': {'shares': 1400.0, 'price': 113.33, 'value': 158662.0, 'profit_pct': 0.250396883828817}, '518880': {'shares': 42000.0, 'price': 3.908, 'value': 164136.0, 'profit_pct': 1.3261329897717318}}",0.014844070024244038,1.0253951426389123,-20.82969144116649
2022-04-13,9539.842638912145,1007106.3,1016646.1426389122,"{'510300': {'shares': 91900.0, 'price': 3.795, 'value': 348760.5, 'profit_pct': -3.408693217610406}, '159915': {'shares': 139900.0, 'price': 2.394, 'value': 334920.60000000003, 'profit_pct': -7.302000325256122}, '511260': {'shares': 1400.0, 'price': 113.238, 'value': 158533.2, 'profit_pct': 0.16901475629584137}, '518880': {'shares': 42000.0, 'price': 3.926, 'value': 164892.0, 'profit_pct': 1.792834728209786}}",-0.008532320503765956,1.0166461426389122,-21.50519788817249
2022-04-14,9539.842638912145,1010855.0,1020394.8426389121,"{'510300': {'shares': 91900.0, 'price': 3.839, 'value': 352804.1, 'profit_pct': -2.288794008539221}, '159915': {'shares': 139900.0, 'price': 2.389, 'value': 334221.1, 'profit_pct': -7.495605170023771}, '511260': {'shares': 1400.0, 'price': 113.377, 'value': 158727.8, 'profit_pct': 0.29197253593805245}, '518880': {'shares': 42000.0, 'price': 3.931, 'value': 165102.0, 'profit_pct': 1.9224740999981296}}",0.0036873203396703413,1.0203948426389122,-21.215762407787143
2022-04-15,9539.842638912145,1010448.9999999999,1019988.842638912,"{'510300': {'shares': 91900.0, 'price': 3.837, 'value': 352620.3, 'profit_pct': -2.3396985180424514}, '159915': {'shares': 139900.0, 'price': 2.385, 'value': 333661.49999999994, 'profit_pct': -7.650489045837879}, '511260': {'shares': 1400.0, 'price': 113.228, 'value': 158519.19999999998, 'profit_pct': 0.1601688728683394}, '518880': {'shares': 42000.0, 'price': 3.944, 'value': 165648.0, 'profit_pct': 2.2595364666478286}}",-0.00039788519407857326,1.019988842638912,-21.247109489451855
2022-04-18,9539.842638912145,1013096.7,1022636.5426389121,"{'510300': {'shares': 91900.0, 'price': 3.817, 'value': 350782.3, 'profit_pct': -2.848743613074808}, '159915': {'shares': 139900.0, 'price': 2.412, 'value': 337438.8, 'profit_pct': -6.605022884092642}, '511260': {'shares': 1400.0, 'price': 113.044, 'value': 158261.6, 'profit_pct': -0.0025953821976118408}, '518880': {'shares': 42000.0, 'price': 3.967, 'value': 166614.0, 'profit_pct': 2.855877576874226}}",0.0025958127082545968,1.0226365426389121,-21.042681735452785
2022-04-19,9539.842638912145,1004278.3,1013818.1426389122,"{'510300': {'shares': 91900.0, 'price': 3.79, 'value': 348301.0, 'profit_pct': -3.535954491368493}, '159915': {'shares': 139900.0, 'price': 2.377, 'value': 332542.3, 'profit_pct': -7.960256797466096}, '511260': {'shares': 1400.0, 'price': 112.945, 'value': 158123.0, 'profit_pct': -0.0901696281298401}, '518880': {'shares': 42000.0, 'price': 3.936, 'value': 165312.0, 'profit_pct': 2.0521134717864737}}",-0.008623200552998034,1.0138181426389121,-21.723546525974868
2022-04-20,9539.842638912145,983056.2,992596.0426389121,"{'510300': {'shares': 91900.0, 'price': 3.72, 'value': 341868.0, 'profit_pct': -5.317612323981735}, '159915': {'shares': 139900.0, 'price': 2.288, 'value': 320091.19999999995, 'profit_pct': -11.406423034330007}, '511260': {'shares': 1400.0, 'price': 112.775, 'value': 157885.0, 'profit_pct': -0.24054964639728602}, '518880': {'shares': 42000.0, 'price': 3.886, 'value': 163212.0, 'profit_pct': 0.7557197539030118}}",-0.020932846935210803,0.9925960426389121,-23.362095545177798
2022-04-21,9539.842638912145,972505.4,982045.2426389122,"{'510300': {'shares': 91900.0, 'price': 3.652, 'value': 335618.8, 'profit_pct': -7.048365647091748}, '159915': {'shares': 139900.0, 'price': 2.24, 'value': 313376.00000000006, 'profit_pct': -13.26502954409929}, '511260': {'shares': 1400.0, 'price': 112.969, 'value': 158156.6, 'profit_pct': -0.06893950790384537}, '518880': {'shares': 42000.0, 'price': 3.937, 'value': 165354.0, 'profit_pct': 2.07804134614414}}",-0.010629500367490552,0.9820452426389121,-24.17671817874403
2022-04-22,9539.842638912145,971885.9,981425.7426389122,"{'510300': {'shares': 91900.0, 'price': 3.662, 'value': 336537.8, 'profit_pct': -6.793843099575575}, '159915': {'shares': 139900.0, 'price': 2.225, 'value': 311277.5, 'profit_pct': -13.845844078402203}, '511260': {'shares': 1400.0, 'price': 112.949, 'value': 158128.6, 'profit_pct': -0.0866312747588368}, '518880': {'shares': 42000.0, 'price': 3.951, 'value': 165942.0, 'profit_pct': 2.441031587151517}}",-0.0006308263337596598,0.9814257426389121,-24.224549501628957
2022-04-25,9539.842638912145,936116.8,945656.6426389122,"{'510300': {'shares': 91900.0, 'price': 3.469, 'value': 318801.1, 'profit_pct': -11.706128266637815}, '159915': {'shares': 139900.0, 'price': 2.103, 'value': 294209.7, 'profit_pct': -18.569802290732504}, '511260': {'shares': 1400.0, 'price': 113.07, 'value': 158298.0, 'profit_pct': 0.02040391471387826}, '518880': {'shares': 42000.0, 'price': 3.924, 'value': 164808.0, 'profit_pct': 1.7409789794944415}}",-0.036446058469815634,0.9456566426389121,-26.986266001069204
2022-04-26,9539.842638912145,929696.3,939236.1426389122,"{'510300': {'shares': 91900.0, 'price': 3.439, 'value': 316044.1, 'profit_pct': -12.469695909186344}, '159915': {'shares': 139900.0, 'price': 2.086, 'value': 291831.39999999997, 'profit_pct': -19.228058762942478}, '511260': {'shares': 1400.0, 'price': 113.172, 'value': 158440.8, 'profit_pct': 0.11063192567435587}, '518880': {'shares': 42000.0, 'price': 3.89, 'value': 163380.0, 'profit_pct': 0.8594312513336891}}",-0.006789462168936056,0.9392361426389122,-27.481989985867706
2022-04-27,9539.842638912145,955358.3,964898.1426389122,"{'510300': {'shares': 91900.0, 'price': 3.545, 'value': 325785.5, 'profit_pct': -9.771756905514858}, '159915': {'shares': 139900.0, 'price': 2.2, 'value': 307780.0, 'profit_pct': -14.813868302240376}, '511260': {'shares': 1400.0, 'price': 113.092, 'value': 158328.8, 'profit_pct': 0.03986485825437762}, '518880': {'shares': 42000.0, 'price': 3.892, 'value': 163464.0, 'profit_pct': 0.9112870000490221}}",0.027322202410034135,0.9648981426389122,-25.500638237888708
2022-04-28,9539.842638912145,951582.1000000001,961121.9426389122,"{'510300': {'shares': 91900.0, 'price': 3.571, 'value': 328174.9, 'profit_pct': -9.10999828197279}, '159915': {'shares': 139900.0, 'price': 2.158, 'value': 301904.2, 'profit_pct': -16.440148998288524}, '511260': {'shares': 1400.0, 'price': 112.945, 'value': 158123.0, 'profit_pct': -0.0901696281298401}, '518880': {'shares': 42000.0, 'price': 3.89, 'value': 163380.0, 'profit_pct': 0.8594312513336891}}",-0.003913573706000095,0.9611219426389123,-25.792196981194692
2022-04-29,9539.842638912145,975163.9,984703.7426389122,"{'510300': {'shares': 91900.0, 'price': 3.671, 'value': 337364.89999999997, 'profit_pct': -6.564772806811018}, '159915': {'shares': 139900.0, 'price': 2.244, 'value': 313935.60000000003, 'profit_pct': -13.110145668285183}, '511260': {'shares': 1400.0, 'price': 113.071, 'value': 158299.4, 'profit_pct': 0.02128850305663223}, '518880': {'shares': 42000.0, 'price': 3.942, 'value': 165564.0, 'profit_pct': 2.2076807179324955}}",0.02453570036623276,0.9847037426389121,-23.971456561488857
2022-05-05,42.2061179424054,975690.5,975732.7061179425,"{'510300': {'shares': 91000.0, 'price': 3.656, 'value': 332696.0, 'profit_pct': -0.09990009990007243}, '159915': {'shares': 150400.0, 'price': 2.212, 'value': 332684.80000000005, 'profit_pct': -0.09990009990008449}, '511260': {'shares': 1400.0, 'price': 113.041, 'value': 158257.4, 'profit_pct': -0.0999000999000834}, '518880': {'shares': 38700.0, 'price': 3.929, 'value': 152052.3, 'profit_pct': -0.09990009990008479}}",-0.009110391412678331,0.9757327061179425,-24.664106350749503
2022-05-06,42.2061179424054,961258.6000000001,961300.8061179426,"{'510300': {'shares': 91000.0, 'price': 3.559, 'value': 323869.0, 'profit_pct': -2.7504224440766833}, '159915': {'shares': 150400.0, 'price': 2.177, 'value': 327420.8, 'profit_pct': -1.6805978831295199}, '511260': {'shares': 1400.0, 'price': 112.991, 'value': 158187.4, 'profit_pct': -0.14408765127528983}, '518880': {'shares': 38700.0, 'price': 3.922, 'value': 151781.4, 'profit_pct': -0.2778844977877577}}",-0.014790833503387169,0.9613008061179426,-25.778387010544456
2022-05-09,42.2061179424054,956926.3,956968.5061179425,"{'510300': {'shares': 91000.0, 'price': 3.527, 'value': 320957.0, 'profit_pct': -3.6248215679287625}, '159915': {'shares': 150400.0, 'price': 2.162, 'value': 325164.8, 'profit_pct': -2.3580397902278523}, '511260': {'shares': 1400.0, 'price': 113.118, 'value': 158365.19999999998, 'profit_pct': -0.0318512707822632}, '518880': {'shares': 38700.0, 'price': 3.939, 'value': 152439.3, 'profit_pct': 0.15436332565375135}}",-0.004506705884805506,0.9569685061179425,-26.11288199058379
2022-05-10,42.2061179424054,966493.0000000001,966535.2061179425,"{'510300': {'shares': 91000.0, 'price': 3.572, 'value': 325052.0, 'profit_pct': -2.3951978000117795}, '159915': {'shares': 150400.0, 'price': 2.204, 'value': 331481.60000000003, 'profit_pct': -0.4612024503525257}, '511260': {'shares': 1400.0, 'price': 113.316, 'value': 158642.4, 'profit_pct': 0.1431314326635709}, '518880': {'shares': 38700.0, 'price': 3.91, 'value': 151317.0, 'profit_pct': -0.5830006084523544}}",0.009996880711161893,0.9665352061179424,-25.37424128575211
2022-05-11,42.2061179424054,980790.2000000001,980832.4061179424,"{'510300': {'shares': 91000.0, 'price': 3.627, 'value': 330057.0, 'profit_pct': -0.8923243058910281}, '159915': {'shares': 150400.0, 'price': 2.272, 'value': 341708.8, 'profit_pct': 2.6098675284932047}, '511260': {'shares': 1400.0, 'price': 113.201, 'value': 158481.4, 'profit_pct': 0.041500064500582266}, '518880': {'shares': 38700.0, 'price': 3.89, 'value': 150543.0, 'profit_pct': -1.0915274595600153}}",0.014792218544655178,0.9808324061179424,-24.270360753790253
2022-05-12,42.2061179424054,981331.4,981373.6061179424,"{'510300': {'shares': 91000.0, 'price': 3.607, 'value': 328237.0, 'profit_pct': -1.438823758298565}, '159915': {'shares': 150400.0, 'price': 2.277, 'value': 342460.80000000005, 'profit_pct': 2.835681497525995}, '511260': {'shares': 1400.0, 'price': 113.3, 'value': 158620.0, 'profit_pct': 0.12899141622349933}, '518880': {'shares': 38700.0, 'price': 3.928, 'value': 152013.6, 'profit_pct': -0.125326442455465}}",0.0005517762225475398,0.9813736061179423,-24.228574939512093
2022-05-13,42.2061179424054,983866.4,983908.6061179424,"{'510300': {'shares': 91000.0, 'price': 3.638, 'value': 331058.0, 'profit_pct': -0.5917496070668729}, '159915': {'shares': 150400.0, 'price': 2.285, 'value': 343664.0, 'profit_pct': 3.1969838479784367}, '511260': {'shares': 1400.0, 'price': 113.342, 'value': 158678.8, 'profit_pct': 0.16610895937867626}, '518880': {'shares': 38700.0, 'price': 3.888, 'value': 150465.6, 'profit_pct': -1.142380144670787}}",0.0025831141006815717,0.9839086061179424,-24.032848703009602
2022-05-16,42.2061179424054,975311.3,975353.5061179425,"{'510300': {'shares': 91000.0, 'price': 3.607, 'value': 328237.0, 'profit_pct': -1.438823758298565}, '159915': {'shares': 150400.0, 'price': 2.257, 'value': 339452.80000000005, 'profit_pct': 1.9324256213948923}, '511260': {'shares': 1400.0, 'price': 113.277, 'value': 158587.8, 'profit_pct': 0.10866514259090662}, '518880': {'shares': 38700.0, 'price': 3.851, 'value': 149033.7, 'profit_pct': -2.083154819219957}}",-0.008695014909722576,0.9753535061179425,-24.693384216186086
2022-05-17,42.2061179424054,986242.7,986284.9061179424,"{'510300': {'shares': 91000.0, 'price': 3.656, 'value': 332696.0, 'profit_pct': -0.09990009990007243}, '159915': {'shares': 150400.0, 'price': 2.293, 'value': 344867.2, 'profit_pct': 3.5582861984308782}, '511260': {'shares': 1400.0, 'price': 113.314, 'value': 158639.59999999998, 'profit_pct': 0.14136393060855412}, '518880': {'shares': 38700.0, 'price': 3.877, 'value': 150039.9, 'profit_pct': -1.4220699127800034}}",0.01120762875350545,0.9862849061179424,-23.84937562379822
2022-05-18,42.2061179424054,982991.0,983033.2061179425,"{'510300': {'shares': 91000.0, 'price': 3.642, 'value': 331422.0, 'profit_pct': -0.482449716585363}, '159915': {'shares': 150400.0, 'price': 2.29, 'value': 344416.0, 'profit_pct': 3.4227978170112077}, '511260': {'shares': 1400.0, 'price': 113.357, 'value': 158699.8, 'profit_pct': 0.17936522479123942}, '518880': {'shares': 38700.0, 'price': 3.836, 'value': 148453.19999999998, 'profit_pct': -2.4645499575507057}}",-0.00329691753349326,0.9830332061179424,-24.100437952490573
2022-05-19,42.2061179424054,986733.0,986775.2061179425,"{'510300': {'shares': 91000.0, 'price': 3.651, 'value': 332241.0, 'profit_pct': -0.23652496300196885}, '159915': {'shares': 150400.0, 'price': 2.306, 'value': 346822.4, 'profit_pct': 4.14540251791609}, '511260': {'shares': 1400.0, 'price': 113.339, 'value': 158674.6, 'profit_pct': 0.16345770629616363}, '518880': {'shares': 38700.0, 'price': 3.85, 'value': 148995.0, 'profit_pct': -2.108581161775337}}",0.0038065855524631598,0.9867752061179424,-23.81151977616225
2022-05-20,42.2061179424054,1001414.4,1001456.6061179424,"{'510300': {'shares': 91000.0, 'price': 3.735, 'value': 339885.0, 'profit_pct': 2.0587727371097384}, '159915': {'shares': 150400.0, 'price': 2.347, 'value': 352988.8, 'profit_pct': 5.997077063984846}, '511260': {'shares': 1400.0, 'price': 113.353, 'value': 158694.19999999998, 'profit_pct': 0.17583022068121842}, '518880': {'shares': 38700.0, 'price': 3.872, 'value': 149846.4, 'profit_pct': -1.5492016255569159}}",0.014878160607376678,1.0014566061179424,-22.677975330960052
2022-05-23,42.2061179424054,996543.1000000001,996585.3061179426,"{'510300': {'shares': 91000.0, 'price': 3.703, 'value': 336973.0, 'profit_pct': 1.1843736132576592}, '159915': {'shares': 150400.0, 'price': 2.332, 'value': 350732.8, 'profit_pct': 5.3196351568865134}, '511260': {'shares': 1400.0, 'price': 113.482, 'value': 158874.8, 'profit_pct': 0.28983410322926184}, '518880': {'shares': 38700.0, 'price': 3.875, 'value': 149962.5, 'profit_pct': -1.4729225978907639}}",-0.0048642147550286285,0.9965853061179426,-23.05408626424389
2022-05-24,42.2061179424054,976561.8,976604.0061179425,"{'510300': {'shares': 91000.0, 'price': 3.621, 'value': 329511.0, 'profit_pct': -1.0562741416132866}, '159915': {'shares': 150400.0, 'price': 2.246, 'value': 337798.4, 'profit_pct': 1.4356348895227806}, '511260': {'shares': 1400.0, 'price': 113.585, 'value': 159019.0, 'profit_pct': 0.38086045906218735}, '518880': {'shares': 38700.0, 'price': 3.882, 'value': 150233.4, 'profit_pct': -1.2949382000030798}}",-0.020049763805804477,0.9766040061179425,-24.5968336604676
2022-05-25,42.2061179424054,979546.9,979589.1061179424,"{'510300': {'shares': 91000.0, 'price': 3.638, 'value': 331058.0, 'profit_pct': -0.5917496070668729}, '159915': {'shares': 150400.0, 'price': 2.253, 'value': 338851.2, 'profit_pct': 1.751774446168672}, '511260': {'shares': 1400.0, 'price': 113.722, 'value': 159210.8, 'profit_pct': 0.5019343498302603}, '518880': {'shares': 38700.0, 'price': 3.887, 'value': 150426.9, 'profit_pct': -1.1678064872261673}}",0.003056612487046584,0.9795891061179424,-24.366355400671335
2022-05-26,42.2061179424054,980740.1000000001,980782.3061179426,"{'510300': {'shares': 91000.0, 'price': 3.648, 'value': 331968.0, 'profit_pct': -0.31849988086309217}, '159915': {'shares': 150400.0, 'price': 2.249, 'value': 338249.60000000003, 'profit_pct': 1.5711232709424512}, '511260': {'shares': 1400.0, 'price': 113.967, 'value': 159553.8, 'profit_pct': 0.7184533515687882}, '518880': {'shares': 38700.0, 'price': 3.901, 'value': 150968.69999999998, 'profit_pct': -0.8118376914508103}}",0.001218061728686104,0.9807823061179426,-24.274228952783837
2022-05-27,42.2061179424054,982598.1,982640.3061179423,"{'510300': {'shares': 91000.0, 'price': 3.658, 'value': 332878.0, 'profit_pct': -0.045250154659323555}, '159915': {'shares': 150400.0, 'price': 2.251, 'value': 338550.39999999997, 'profit_pct': 1.6614488585555514}, '511260': {'shares': 1400.0, 'price': 113.987, 'value': 159581.8, 'profit_pct': 0.7361283721188683}, '518880': {'shares': 38700.0, 'price': 3.917, 'value': 151587.9, 'profit_pct': -0.4050162105646814}}",0.0018944061168415516,0.9826403061179423,-24.13077358890945
2022-05-30,42.2061179424054,987011.0999999999,987053.3061179423,"{'510300': {'shares': 91000.0, 'price': 3.681, 'value': 334971.0, 'profit_pct': 0.5832242156093612}, '159915': {'shares': 150400.0, 'price': 2.276, 'value': 342310.39999999997, 'profit_pct': 2.7905187037194255}, '511260': {'shares': 1400.0, 'price': 113.843, 'value': 159380.2, 'profit_pct': 0.6088682241582742}, '518880': {'shares': 38700.0, 'price': 3.885, 'value': 150349.5, 'profit_pct': -1.218659172336939}}",0.00449096172070762,0.9870533061179423,-23.79004779731755
2022-05-31,42.2061179424054,1000978.5000000001,1001020.7061179425,"{'510300': {'shares': 91000.0, 'price': 3.745, 'value': 340795.0, 'profit_pct': 2.332022463313519}, '159915': {'shares': 150400.0, 'price': 2.334, 'value': 351033.60000000003, 'profit_pct': 5.409960744499634}, '511260': {'shares': 1400.0, 'price': 113.65, 'value': 159110.0, 'profit_pct': 0.43830427584996956}, '518880': {'shares': 38700.0, 'price': 3.877, 'value': 150039.9, 'profit_pct': -1.4220699127800034}}",0.014150603532177675,1.0010207061179424,-22.711630978491183
2022-06-01,4960.804842592508,995051.3,1000012.1048425925,"{'510300': {'shares': 89900.0, 'price': 3.739, 'value': 336136.1, 'profit_pct': -0.09990009990007451}, '159915': {'shares': 142900.0, 'price': 2.354, 'value': 336386.60000000003, 'profit_pct': -0.09990009990007967}, '511260': {'shares': 1400.0, 'price': 113.717, 'value': 159203.8, 'profit_pct': -0.09990009990008222}, '518880': {'shares': 42400.0, 'price': 3.852, 'value': 163324.8, 'profit_pct': -0.09990009990009328}}",-0.0010075728395883,1.0000121048425925,-22.789504639933334
2022-06-02,4960.804842592508,1001540.0,1006500.8048425924,"{'510300': {'shares': 89900.0, 'price': 3.75, 'value': 337125.0, 'profit_pct': 0.1940023068667378}, '159915': {'shares': 142900.0, 'price': 2.386, 'value': 340959.4, 'profit_pct': 1.2581301451310165}, '511260': {'shares': 1400.0, 'price': 113.622, 'value': 159070.8, 'profit_pct': -0.183357362143277}, '518880': {'shares': 42400.0, 'price': 3.877, 'value': 164384.8, 'profit_pct': 0.5484650344463472}}",0.006488621456258503,1.0065008048425925,-22.288514963091654
2022-06-06,4960.804842592508,1021484.1,1026444.9048425925,"{'510300': {'shares': 89900.0, 'price': 3.832, 'value': 344496.8, 'profit_pct': 2.3849111573102197}, '159915': {'shares': 142900.0, 'price': 2.477, 'value': 353963.3, 'profit_pct': 5.1200286544381814}, '511260': {'shares': 1400.0, 'price': 113.556, 'value': 158978.4, 'profit_pct': -0.24133819696486783}, '518880': {'shares': 42400.0, 'price': 3.869, 'value': 164045.6, 'profit_pct': 0.34098819145549686}}",0.019815284701256708,1.0264449048425925,-20.748639762527855
2022-06-07,4960.804842592508,1021540.2000000001,1026501.0048425926,"{'510300': {'shares': 89900.0, 'price': 3.838, 'value': 345036.2, 'profit_pct': 2.5452215610012128}, '159915': {'shares': 142900.0, 'price': 2.478, 'value': 354106.2, 'profit_pct': 5.162467099595418}, '511260': {'shares': 1400.0, 'price': 113.563, 'value': 158988.2, 'profit_pct': -0.23518871448378584}, '518880': {'shares': 42400.0, 'price': 3.854, 'value': 163409.6, 'profit_pct': -0.04803088915237205}}",5.46546626472022e-05,1.0265010048425927,-20.744308306169746
2022-06-08,4960.804842592508,1028388.0,1033348.8048425924,"{'510300': {'shares': 89900.0, 'price': 3.88, 'value': 348812.0, 'profit_pct': 3.667394386838115}, '159915': {'shares': 142900.0, 'price': 2.494, 'value': 356392.60000000003, 'profit_pct': 5.841482222110965}, '511260': {'shares': 1400.0, 'price': 113.579, 'value': 159010.59999999998, 'profit_pct': -0.2211327545270449}, '518880': {'shares': 42400.0, 'price': 3.872, 'value': 164172.8, 'profit_pct': 0.4187920075770614}}",0.006671011492141554,1.0333488048425925,-20.215592676062577
2022-06-09,4960.804842592508,1015816.3000000002,1020777.1048425927,"{'510300': {'shares': 89900.0, 'price': 3.846, 'value': 345755.4, 'profit_pct': 2.758968765922529}, '159915': {'shares': 142900.0, 'price': 2.423, 'value': 346246.7, 'profit_pct': 2.8283526159482166}, '511260': {'shares': 1400.0, 'price': 113.757, 'value': 159259.80000000002, 'profit_pct': -0.06476020000820483}, '518880': {'shares': 42400.0, 'price': 3.881, 'value': 164554.4, 'profit_pct': 0.6522034559417782}}",-0.012165979136071758,1.0207771048425927,-21.186248110949457
2022-06-10,4960.804842592508,1028442.8,1033403.6048425925,"{'510300': {'shares': 89900.0, 'price': 3.904, 'value': 350969.6, 'profit_pct': 4.308636001602062}, '159915': {'shares': 142900.0, 'price': 2.48, 'value': 354392.0, 'profit_pct': 5.247343989909852}, '511260': {'shares': 1400.0, 'price': 113.718, 'value': 159205.2, 'profit_pct': -0.09902160240278124}, '518880': {'shares': 42400.0, 'price': 3.865, 'value': 163876.0, 'profit_pct': 0.23724976996006594}}",0.0123694976504658,1.0334036048425925,-20.211361592133446
2022-06-13,4960.804842592508,1024888.8999999999,1029849.7048425924,"{'510300': {'shares': 89900.0, 'price': 3.852, 'value': 346294.8, 'profit_pct': 2.91927916961351}, '159915': {'shares': 142900.0, 'price': 2.469, 'value': 352820.1, 'profit_pct': 4.780521093180408}, '511260': {'shares': 1400.0, 'price': 113.794, 'value': 159311.6, 'profit_pct': -0.03225579260823042}, '518880': {'shares': 42400.0, 'price': 3.926, 'value': 166462.4, 'profit_pct': 1.8192606977653851}}",-0.003439024194754392,1.0298497048425923,-20.485756650084618
2022-06-14,4960.804842592508,1026092.5,1031053.3048425924,"{'510300': {'shares': 89900.0, 'price': 3.892, 'value': 349890.8, 'profit_pct': 3.9880151942200888}, '159915': {'shares': 142900.0, 'price': 2.475, 'value': 353677.5, 'profit_pct': 5.035151764123748}, '511260': {'shares': 1400.0, 'price': 113.623, 'value': 159072.2, 'profit_pct': -0.182478864645976}, '518880': {'shares': 42400.0, 'price': 3.855, 'value': 163452.0, 'profit_pct': -0.022096283778517196}}",0.0011687142253287153,1.0310533048425925,-20.39282722276532
2022-06-15,4960.804842592508,1032759.3999999999,1037720.2048425924,"{'510300': {'shares': 89900.0, 'price': 3.941, 'value': 354295.89999999997, 'profit_pct': 5.297216824363146}, '159915': {'shares': 142900.0, 'price': 2.497, 'value': 356821.3, 'profit_pct': 5.968797557582617}, '511260': {'shares': 1400.0, 'price': 113.629, 'value': 159080.6, 'profit_pct': -0.177207879662195}, '518880': {'shares': 42400.0, 'price': 3.834, 'value': 162561.6, 'profit_pct': -0.5667229966295267}}",0.00646610603805553,1.0377202048425924,-19.87807880219791
2022-06-16,4960.804842592508,1032169.1000000001,1037129.9048425925,"{'510300': {'shares': 89900.0, 'price': 3.914, 'value': 351868.60000000003, 'profit_pct': 4.5758200077537134}, '159915': {'shares': 142900.0, 'price': 2.507, 'value': 358250.3, 'profit_pct': 6.3931820091548435}, '511260': {'shares': 1400.0, 'price': 113.557, 'value': 158979.80000000002, 'profit_pct': -0.24045969946756685}, '518880': {'shares': 42400.0, 'price': 3.846, 'value': 163070.4, 'profit_pct': -0.2555077321432339}}",-0.0005688431209541767,1.0371299048425926,-19.92365560590891
2022-06-17,4960.804842592508,1050079.3,1055040.1048425925,"{'510300': {'shares': 89900.0, 'price': 3.977, 'value': 357532.3, 'profit_pct': 6.259079246509068}, '159915': {'shares': 142900.0, 'price': 2.584, 'value': 369253.60000000003, 'profit_pct': 9.660942286260914}, '511260': {'shares': 1400.0, 'price': 113.597, 'value': 159035.8, 'profit_pct': -0.2053197995757019}, '518880': {'shares': 42400.0, 'price': 3.874, 'value': 164257.6, 'profit_pct': 0.47066121832478264}}",0.017269003541767747,1.0550401048425926,-18.54081693095553
2022-06-20,4960.804842592508,1057205.2,1062166.0048425924,"{'510300': {'shares': 89900.0, 'price': 3.998, 'value': 359420.2, 'profit_pct': 6.820165659427531}, '159915': {'shares': 142900.0, 'price': 2.626, 'value': 375255.39999999997, 'profit_pct': 11.443356982864218}, '511260': {'shares': 1400.0, 'price': 113.536, 'value': 158950.4, 'profit_pct': -0.2589081469108003}, '518880': {'shares': 42400.0, 'price': 3.858, 'value': 163579.2, 'profit_pct': 0.05570753234305889}}",0.006754150830183825,1.0621660048425925,-17.99062932200365
2022-06-21,4960.804842592508,1055225.7000000002,1060186.5048425926,"{'510300': {'shares': 89900.0, 'price': 3.996, 'value': 359240.4, 'profit_pct': 6.7667288581971965}, '159915': {'shares': 142900.0, 'price': 2.615, 'value': 373683.50000000006, 'profit_pct': 10.976534086134793}, '511260': {'shares': 1400.0, 'price': 113.555, 'value': 158977.0, 'profit_pct': -0.24221669446215632}, '518880': {'shares': 42400.0, 'price': 3.852, 'value': 163324.8, 'profit_pct': -0.09990009990009328}}",-0.0018636446572144472,1.0601865048425927,-18.143465647509217
2022-06-22,4960.804842592508,1047989.2000000001,1052950.0048425926,"{'510300': {'shares': 89900.0, 'price': 3.946, 'value': 354745.4, 'profit_pct': 5.430808827438978}, '159915': {'shares': 142900.0, 'price': 2.596, 'value': 370968.4, 'profit_pct': 10.170203628147576}, '511260': {'shares': 1400.0, 'price': 113.627, 'value': 159077.8, 'profit_pct': -0.178964874656797}, '518880': {'shares': 42400.0, 'price': 3.849, 'value': 163197.6, 'profit_pct': -0.17770391602165786}}",-0.0068256858269237775,1.0529500048425926,-18.70219263388011
2022-06-23,4960.804842592508,1066916.5,1071877.3048425924,"{'510300': {'shares': 89900.0, 'price': 4.021, 'value': 361487.89999999997, 'profit_pct': 7.434688873576305}, '159915': {'shares': 142900.0, 'price': 2.68, 'value': 382972.0, 'profit_pct': 13.735033021354202}, '511260': {'shares': 1400.0, 'price': 113.605, 'value': 159047.0, 'profit_pct': -0.19829181959731898}, '518880': {'shares': 42400.0, 'price': 3.854, 'value': 163409.6, 'profit_pct': -0.04803088915237205}}",0.01797549732936199,1.0718773048425925,-17.240824114687435
2022-06-24,4960.804842592508,1078341.5,1083302.3048425924,"{'510300': {'shares': 89900.0, 'price': 4.069, 'value': 365803.1, 'profit_pct': 8.7171721031042}, '159915': {'shares': 142900.0, 'price': 2.738, 'value': 391260.2, 'profit_pct': 16.196462840473057}, '511260': {'shares': 1400.0, 'price': 113.581, 'value': 159013.4, 'profit_pct': -0.21937575953244287}, '518880': {'shares': 42400.0, 'price': 3.827, 'value': 162264.8, 'profit_pct': -0.7482652342465338}}",0.01065886920861514,1.0833023048425925,-16.358704883113116
2022-06-27,4960.804842592508,1083781.8,1088742.6048425925,"{'510300': {'shares': 89900.0, 'price': 4.117, 'value': 370118.3, 'profit_pct': 9.999655332632095}, '159915': {'shares': 142900.0, 'price': 2.741, 'value': 391688.9, 'profit_pct': 16.323778175944724}, '511260': {'shares': 1400.0, 'price': 113.291, 'value': 158607.4, 'profit_pct': -0.47414003374851965}, '518880': {'shares': 42400.0, 'price': 3.853, 'value': 163367.2, 'profit_pct': -0.07396549452622692}}",0.005021959221983341,1.0887426048425926,-15.938661709762236
2022-06-28,4960.804842592508,1089450.5,1094411.3048425924,"{'510300': {'shares': 89900.0, 'price': 4.169, 'value': 374793.1, 'profit_pct': 11.389012164620638}, '159915': {'shares': 142900.0, 'price': 2.754, 'value': 393546.6, 'profit_pct': 16.8754779629886}, '511260': {'shares': 1400.0, 'price': 113.31, 'value': 158634.0, 'profit_pct': -0.45744858129987576}, '518880': {'shares': 42400.0, 'price': 3.832, 'value': 162476.8, 'profit_pct': -0.6185922073772481}}",0.005206648453717433,1.0944113048425925,-15.50098387273595
2022-06-29,4960.804842592508,1073857.2999999998,1078818.1048425923,"{'510300': {'shares': 89900.0, 'price': 4.114, 'value': 369848.6, 'profit_pct': 9.919500130786599}, '159915': {'shares': 142900.0, 'price': 2.683, 'value': 383400.69999999995, 'profit_pct': 13.862348356825855}, '511260': {'shares': 1400.0, 'price': 113.284, 'value': 158597.6, 'profit_pct': -0.48028951622958915}, '518880': {'shares': 42400.0, 'price': 3.821, 'value': 162010.4, 'profit_pct': -0.9038728664896745}}",-0.014248025336546566,1.0788181048425922,-16.704927995430463
2022-06-30,4960.804842592508,1085148.6,1090109.4048425925,"{'510300': {'shares': 89900.0, 'price': 4.164, 'value': 374343.6, 'profit_pct': 11.255420161544818}, '159915': {'shares': 142900.0, 'price': 2.73, 'value': 390117.0, 'profit_pct': 15.85695527921528}, '511260': {'shares': 1400.0, 'price': 113.432, 'value': 158804.80000000002, 'profit_pct': -0.3502718866296665}, '518880': {'shares': 42400.0, 'price': 3.818, 'value': 161883.2, 'profit_pct': -0.9816766826112506}}",0.010466361242285283,1.0901094048425926,-15.833131682128466
2022-07-01,158.36625346253277,1079974.7,1080133.0662534626,"{'510300': {'shares': 88200.0, 'price': 4.149, 'value': 365941.8, 'profit_pct': -0.0999000999000989}, '159915': {'shares': 135600.0, 'price': 2.699, 'value': 365984.39999999997, 'profit_pct': -0.09990009990009194}, '511260': {'shares': 1500.0, 'price': 113.467, 'value': 170200.5, 'profit_pct': -0.09990009990008739}, '518880': {'shares': 47000.0, 'price': 3.784, 'value': 177848.0, 'profit_pct': -0.09990009990008845}}",-0.009151685642571405,1.0801330662534625,-16.603400402493328
2022-07-04,158.36625346253277,1089897.9,1090056.2662534625,"{'510300': {'shares': 88200.0, 'price': 4.177, 'value': 368411.39999999997, 'profit_pct': 0.5742871252632551}, '159915': {'shares': 135600.0, 'price': 2.75, 'value': 372900.0, 'profit_pct': 1.7878009356334803}, '511260': {'shares': 1500.0, 'price': 113.293, 'value': 169939.5, 'profit_pct': -0.25309545522468946}, '518880': {'shares': 47000.0, 'price': 3.801, 'value': 178647.0, 'profit_pct': 0.34891113115216665}}",0.009187016220528754,1.0900562662534625,-15.837234489254104
2022-07-05,158.36625346253277,1087336.2999999998,1087494.6662534624,"{'510300': {'shares': 88200.0, 'price': 4.167, 'value': 367529.39999999997, 'profit_pct': 0.3335059734192016}, '159915': {'shares': 135600.0, 'price': 2.739, 'value': 371408.39999999997, 'profit_pct': 1.3806497318909419}, '511260': {'shares': 1500.0, 'price': 113.293, 'value': 169939.5, 'profit_pct': -0.25309545522468946}, '518880': {'shares': 47000.0, 'price': 3.797, 'value': 178459.0, 'profit_pct': 0.24330848855163814}}",-0.0023499704366677365,1.0874946662534624,-16.035014500072553
2022-07-06,158.36625346253277,1077073.6,1077231.9662534627,"{'510300': {'shares': 88200.0, 'price': 4.108, 'value': 362325.6, 'profit_pct': -1.087102822460748}, '159915': {'shares': 135600.0, 'price': 2.725, 'value': 369510.0, 'profit_pct': 0.8624572907640882}, '511260': {'shares': 1500.0, 'price': 113.442, 'value': 170163.0, 'profit_pct': -0.12191092681454768}, '518880': {'shares': 47000.0, 'price': 3.725, 'value': 175075.0, 'profit_pct': -1.6575390782578758}}",-0.00943701180195744,1.0772319662534626,-16.82739305918656
2022-07-07,158.36625346253277,1082334.2,1082492.5662534626,"{'510300': {'shares': 88200.0, 'price': 4.124, 'value': 363736.8, 'profit_pct': -0.7018529795102538}, '159915': {'shares': 135600.0, 'price': 2.769, 'value': 375476.4, 'profit_pct': 2.4910621057342253}, '511260': {'shares': 1500.0, 'price': 113.566, 'value': 170349.0, 'profit_pct': -0.012737225318841156}, '518880': {'shares': 47000.0, 'price': 3.676, 'value': 172772.0, 'profit_pct': -2.9511714501143476}}",0.004883442159905327,1.0824925662534626,-16.42122444390256
2022-07-08,158.36625346253277,1076423.1,1076581.4662534627,"{'510300': {'shares': 88200.0, 'price': 4.12, 'value': 363384.0, 'profit_pct': -0.7981654402478666}, '159915': {'shares': 135600.0, 'price': 2.731, 'value': 370323.6, 'profit_pct': 1.0845397655327351}, '511260': {'shares': 1500.0, 'price': 113.515, 'value': 170272.5, 'profit_pct': -0.05763931222433164}, '518880': {'shares': 47000.0, 'price': 3.669, 'value': 172443.0, 'profit_pct': -3.135976074665275}}",-0.005460637961199444,1.0765814662534627,-16.877617878454753
2022-07-11,158.36625346253277,1064346.3,1064504.6662534627,"{'510300': {'shares': 88200.0, 'price': 4.044, 'value': 356680.8, 'profit_pct': -2.6281021942627243}, '159915': {'shares': 135600.0, 'price': 2.69, 'value': 364764.0, 'profit_pct': -0.43302381205307044}, '511260': {'shares': 1500.0, 'price': 113.639, 'value': 170458.5, 'profit_pct': 0.05153438927136238}, '518880': {'shares': 47000.0, 'price': 3.669, 'value': 172443.0, 'profit_pct': -3.135976074665275}}",-0.011217729803604803,1.0645046662534627,-17.810062301726237
2022-07-12,158.36625346253277,1051927.3,1052085.6662534627,"{'510300': {'shares': 88200.0, 'price': 4.008, 'value': 353505.6, 'profit_pct': -3.494914340901325}, '159915': {'shares': 135600.0, 'price': 2.622, 'value': 355543.2, 'profit_pct': -2.949958526097828}, '511260': {'shares': 1500.0, 'price': 113.655, 'value': 170482.5, 'profit_pct': 0.06562131849661847}, '518880': {'shares': 47000.0, 'price': 3.668, 'value': 172396.0, 'profit_pct': -3.1623767353154046}}",-0.01166645895852092,1.0520856662534626,-18.768927836686533
2022-07-13,158.36625346253277,1057520.0,1057678.3662534626,"{'510300': {'shares': 88200.0, 'price': 4.015, 'value': 354123.0, 'profit_pct': -3.326367534610492}, '159915': {'shares': 135600.0, 'price': 2.665, 'value': 361374.0, 'profit_pct': -1.3583674569224624}, '511260': {'shares': 1500.0, 'price': 113.774, 'value': 170661.0, 'profit_pct': 0.1703928546094254}, '518880': {'shares': 47000.0, 'price': 3.646, 'value': 171362.0, 'profit_pct': -3.743191269618317}}",0.005315821875908622,1.0576783662534626,-18.33711792627729
2022-07-14,158.36625346253277,1067162.2,1067320.5662534626,"{'510300': {'shares': 88200.0, 'price': 4.016, 'value': 354211.2, 'profit_pct': -3.302289419426078}, '159915': {'shares': 135600.0, 'price': 2.735, 'value': 370866.0, 'profit_pct': 1.2325947487118385}, '511260': {'shares': 1500.0, 'price': 113.784, 'value': 170676.0, 'profit_pct': 0.17919718537521204}, '518880': {'shares': 47000.0, 'price': 3.647, 'value': 171409.0, 'profit_pct': -3.716790608968188}}",0.009116381981182808,1.0673205662534626,-17.59264789960895
2022-07-15,158.36625346253277,1053024.2,1053182.5662534626,"{'510300': {'shares': 88200.0, 'price': 3.951, 'value': 348478.2, 'profit_pct': -4.867366906412458}, '159915': {'shares': 135600.0, 'price': 2.68, 'value': 363408.0, 'profit_pct': -0.8031612700008206}, '511260': {'shares': 1500.0, 'price': 113.936, 'value': 170904.0, 'profit_pct': 0.31302301301510105}, '518880': {'shares': 47000.0, 'price': 3.622, 'value': 170234.0, 'profit_pct': -4.376807125221489}}",-0.01324625463709328,1.0531825662534626,-18.68423666949933
2022-07-18,158.36625346253277,1062570.1,1062728.4662534627,"{'510300': {'shares': 88200.0, 'price': 3.997, 'value': 352535.39999999997, 'profit_pct': -3.7597736079297923}, '159915': {'shares': 135600.0, 'price': 2.717, 'value': 368425.2, 'profit_pct': 0.5663473244058814}, '511260': {'shares': 1500.0, 'price': 113.843, 'value': 170764.5, 'profit_pct': 0.2311427368933243}, '518880': {'shares': 47000.0, 'price': 3.635, 'value': 170845.0, 'profit_pct': -4.033598536769774}}",0.0090638606314557,1.0627284662534626,-17.947201923531242
2022-07-19,158.36625346253277,1053784.5,1053942.8662534626,"{'510300': {'shares': 88200.0, 'price': 3.975, 'value': 350595.0, 'profit_pct': -4.289492141986717}, '159915': {'shares': 135600.0, 'price': 2.67, 'value': 362052.0, 'profit_pct': -1.1732987279485874}, '511260': {'shares': 1500.0, 'price': 113.779, 'value': 170668.5, 'profit_pct': 0.17479501999231248}, '518880': {'shares': 47000.0, 'price': 3.627, 'value': 170469.0, 'profit_pct': -4.244803821970831}}",-0.00826702236646848,1.0539428662534627,-18.625534240460738
2022-07-20,158.36625346253277,1056316.4,1056474.7662534625,"{'510300': {'shares': 88200.0, 'price': 3.987, 'value': 351653.4, 'profit_pct': -4.000554759773846}, '159915': {'shares': 135600.0, 'price': 2.68, 'value': 363408.0, 'profit_pct': -0.8031612700008206}, '511260': {'shares': 1500.0, 'price': 113.826, 'value': 170739.0, 'profit_pct': 0.21617537459148578}, '518880': {'shares': 47000.0, 'price': 3.628, 'value': 170516.0, 'profit_pct': -4.21840316132069}}",0.0024023123843517347,1.0564747662534626,-18.430047353596578
2022-07-21,158.36625346253277,1049830.9,1049989.2662534625,"{'510300': {'shares': 88200.0, 'price': 3.942, 'value': 347684.4, 'profit_pct': -5.084069943072108}, '159915': {'shares': 135600.0, 'price': 2.67, 'value': 362052.0, 'profit_pct': -1.1732987279485874}, '511260': {'shares': 1500.0, 'price': 113.961, 'value': 170941.5, 'profit_pct': 0.3350338399295489}, '518880': {'shares': 47000.0, 'price': 3.599, 'value': 169153.0, 'profit_pct': -4.984022320174519}}",-0.006138812025770712,1.0499892662534624,-18.930789959843864
2022-07-22,158.36625346253277,1049989.6,1050147.9662534627,"{'510300': {'shares': 88200.0, 'price': 3.945, 'value': 347949.0, 'profit_pct': -5.011835597518898}, '159915': {'shares': 135600.0, 'price': 2.651, 'value': 359475.6, 'profit_pct': -1.8765598980493323}, '511260': {'shares': 1500.0, 'price': 114.01, 'value': 171015.0, 'profit_pct': 0.37817506068188705}, '518880': {'shares': 47000.0, 'price': 3.65, 'value': 171550.0, 'profit_pct': -3.637588627017789}}",0.00015114440223418235,1.0501479662534627,-18.918536802552754
2022-07-25,158.36625346253277,1046094.3,1046252.6662534626,"{'510300': {'shares': 88200.0, 'price': 3.927, 'value': 346361.4, 'profit_pct': -5.4452416708381985}, '159915': {'shares': 135600.0, 'price': 2.629, 'value': 356492.4, 'profit_pct': -2.6908623055343925}, '511260': {'shares': 1500.0, 'price': 114.053, 'value': 171079.5, 'profit_pct': 0.4160336829747432}, '518880': {'shares': 47000.0, 'price': 3.663, 'value': 172161.0, 'profit_pct': -3.294380038566074}}",-0.003709286810216983,1.0462526662534626,-19.21929120454413
2022-07-26,158.36625346253277,1049751.1,1049909.4662534627,"{'510300': {'shares': 88200.0, 'price': 3.956, 'value': 348919.2, 'profit_pct': -4.746976330490431}, '159915': {'shares': 135600.0, 'price': 2.634, 'value': 357170.39999999997, 'profit_pct': -2.5057935765605177}, '511260': {'shares': 1500.0, 'price': 114.177, 'value': 171265.5, 'profit_pct': 0.5252073844704497}, '518880': {'shares': 47000.0, 'price': 3.668, 'value': 172396.0, 'profit_pct': -3.1623767353154046}}",0.00349514043590915,1.0499094662534627,-18.936951282791746
2022-07-27,158.36625346253277,1047718.6000000001,1047876.9662534626,"{'510300': {'shares': 88200.0, 'price': 3.932, 'value': 346802.4, 'profit_pct': -5.324851094916172}, '159915': {'shares': 135600.0, 'price': 2.637, 'value': 357577.2, 'profit_pct': -2.3947523391761862}, '511260': {'shares': 1500.0, 'price': 114.244, 'value': 171366.0, 'profit_pct': 0.5841964006011837}, '518880': {'shares': 47000.0, 'price': 3.659, 'value': 171973.0, 'profit_pct': -3.3999826811666023}}",-0.0019358812024554695,1.0478769662534626,-19.093879715017113
2022-07-28,158.36625346253277,1048658.9,1048817.2662534625,"{'510300': {'shares': 88200.0, 'price': 3.935, 'value': 347067.0, 'profit_pct': -5.252616749362952}, '159915': {'shares': 135600.0, 'price': 2.629, 'value': 356492.4, 'profit_pct': -2.6908623055343925}, '511260': {'shares': 1500.0, 'price': 114.227, 'value': 171340.5, 'profit_pct': 0.5692290382993578}, '518880': {'shares': 47000.0, 'price': 3.697, 'value': 173759.0, 'profit_pct': -2.3967575764615754}}",0.0008973381706840478,1.0488172662534625,-19.021279565043436
2022-07-29,158.36625346253277,1041774.1,1041932.4662534625,"{'510300': {'shares': 88200.0, 'price': 3.876, 'value': 341863.2, 'profit_pct': -6.673225545242902}, '159915': {'shares': 135600.0, 'price': 2.594, 'value': 351746.39999999997, 'profit_pct': -3.986343408351552}, '511260': {'shares': 1500.0, 'price': 114.641, 'value': 171961.5, 'profit_pct': 0.9337283320027386}, '518880': {'shares': 47000.0, 'price': 3.749, 'value': 176203.0, 'profit_pct': -1.0239232226547044}}",-0.006564346546842792,1.0419324662534626,-19.552851948898397
2022-08-01,11871.818902282539,1037382.1000000001,1049253.9189022826,"{'510300': {'shares': 88700.0, 'price': 3.894, 'value': 345397.8, 'profit_pct': -0.09990009990008446}, '159915': {'shares': 130000.0, 'price': 2.657, 'value': 345410.0, 'profit_pct': -0.09990009990008815}, '511260': {'shares': 1500.0, 'price': 114.767, 'value': 172150.5, 'profit_pct': -0.09990009990007563}, '518880': {'shares': 46600.0, 'price': 3.743, 'value': 174423.8, 'profit_pct': -0.09990009990008945}}",0.007026801530761739,1.0492539189022827,-18.9875658058275
2022-08-02,11871.818902282539,1025924.9,1037796.7189022825,"{'510300': {'shares': 88700.0, 'price': 3.823, 'value': 339100.1, 'profit_pct': -1.921396528484345}, '159915': {'shares': 130000.0, 'price': 2.605, 'value': 338650.0, 'profit_pct': -2.05503942801646}, '511260': {'shares': 1500.0, 'price': 114.902, 'value': 172353.0, 'profit_pct': 0.01761202019118755}, '518880': {'shares': 46600.0, 'price': 3.773, 'value': 175821.80000000002, 'profit_pct': 0.7007953307713031}}",-0.010919377848963796,1.0377967189022825,-19.87217118525799
2022-08-03,11871.818902282539,1014516.5,1026388.3189022825,"{'510300': {'shares': 88700.0, 'price': 3.778, 'value': 335108.6, 'profit_pct': -3.0758660958969}, '159915': {'shares': 130000.0, 'price': 2.553, 'value': 331890.0, 'profit_pct': -4.010178756132832}, '511260': {'shares': 1500.0, 'price': 114.899, 'value': 172348.5, 'profit_pct': 0.015000639744715036}, '518880': {'shares': 46600.0, 'price': 3.759, 'value': 175169.4, 'profit_pct': 0.3271374631246501}}",-0.010992904286753924,1.0263883189022824,-20.753008738123846
2022-08-04,11871.818902282539,1019112.8,1030984.6189022826,"{'510300': {'shares': 88700.0, 'price': 3.809, 'value': 337858.3, 'profit_pct': -2.280564838346024}, '159915': {'shares': 130000.0, 'price': 2.565, 'value': 333450.0, 'profit_pct': -3.5589927573367457}, '511260': {'shares': 1500.0, 'price': 115.059, 'value': 172588.5, 'profit_pct': 0.15427426355657425}, '518880': {'shares': 46600.0, 'price': 3.76, 'value': 175216.0, 'profit_pct': 0.35382731081369334}}",0.00447812968576633,1.0309846189022827,-20.39813043404638
2022-08-05,11871.818902282539,1031498.3,1043370.1189022826,"{'510300': {'shares': 88700.0, 'price': 3.874, 'value': 343623.8, 'profit_pct': -0.6129976854167768}, '159915': {'shares': 130000.0, 'price': 2.606, 'value': 338780.0, 'profit_pct': -2.0174405947834573}, '511260': {'shares': 1500.0, 'price': 114.987, 'value': 172480.5, 'profit_pct': 0.0916011328412339}, '518880': {'shares': 46600.0, 'price': 3.79, 'value': 176614.0, 'profit_pct': 1.1545227414850858}}",0.012013273304879446,1.0433701189022826,-19.441851419371226
2022-08-08,11871.818902282539,1027785.9,1039657.7189022825,"{'510300': {'shares': 88700.0, 'price': 3.86, 'value': 342382.0, 'profit_pct': -0.9721659952784671}, '159915': {'shares': 130000.0, 'price': 2.596, 'value': 337480.0, 'profit_pct': -2.3934289271135203}, '511260': {'shares': 1500.0, 'price': 114.859, 'value': 172288.5, 'profit_pct': -0.019817766208255958}, '518880': {'shares': 46600.0, 'price': 3.769, 'value': 175635.4, 'profit_pct': 0.5940359400151183}}",-0.003558085412591505,1.0396577189022824,-19.728484192701334
2022-08-09,11871.818902282539,1031413.0,1043284.8189022825,"{'510300': {'shares': 88700.0, 'price': 3.867, 'value': 343002.9, 'profit_pct': -0.792581840347622}, '159915': {'shares': 130000.0, 'price': 2.614, 'value': 339820.0, 'profit_pct': -1.7166499289193997}, '511260': {'shares': 1500.0, 'price': 114.775, 'value': 172162.5, 'profit_pct': -0.09293641870947401}, '518880': {'shares': 46600.0, 'price': 3.786, 'value': 176427.6, 'profit_pct': 1.047763350728901}}",0.003488744356969331,1.0432848189022825,-19.44843739490324
2022-08-10,11871.818902282539,1023538.3,1035410.1189022826,"{'510300': {'shares': 88700.0, 'price': 3.822, 'value': 339011.4, 'profit_pct': -1.947051407760177}, '159915': {'shares': 130000.0, 'price': 2.579, 'value': 335270.0, 'profit_pct': -3.0326090920746376}, '511260': {'shares': 1500.0, 'price': 114.971, 'value': 172456.5, 'profit_pct': 0.0776737704600554}, '518880': {'shares': 46600.0, 'price': 3.794, 'value': 176800.4, 'profit_pct': 1.2612821322412708}}",-0.00754798676001589,1.0354101189022826,-20.0564395229451
2022-08-11,11871.818902282539,1039175.7,1051047.5189022825,"{'510300': {'shares': 88700.0, 'price': 3.91, 'value': 346817.0, 'profit_pct': 0.3105779685132694}, '159915': {'shares': 130000.0, 'price': 2.647, 'value': 344110.0, 'profit_pct': -0.47588843223016797}, '511260': {'shares': 1500.0, 'price': 114.827, 'value': 172240.5, 'profit_pct': -0.04767249097062533}, '518880': {'shares': 46600.0, 'price': 3.777, 'value': 176008.2, 'profit_pct': 0.807554721527488}}",0.015102614620550847,1.0510475189022825,-18.849082737665444
2022-08-12,11871.818902282539,1035552.7,1047424.5189022825,"{'510300': {'shares': 88700.0, 'price': 3.911, 'value': 346905.7, 'profit_pct': 0.3362328477891012}, '159915': {'shares': 130000.0, 'price': 2.613, 'value': 339690.0, 'profit_pct': -1.754248762152403}, '511260': {'shares': 1500.0, 'price': 114.74, 'value': 172110.0, 'profit_pct': -0.12340252391832827}, '518880': {'shares': 46600.0, 'price': 3.795, 'value': 176847.0, 'profit_pct': 1.287971979930314}}",-0.003447037298355382,1.0474245189022824,-19.128812976264452
2022-08-15,11871.818902282539,1038927.1,1050798.9189022826,"{'510300': {'shares': 88700.0, 'price': 3.901, 'value': 346018.69999999995, 'profit_pct': 0.07968405503074931}, '159915': {'shares': 130000.0, 'price': 2.638, 'value': 342940.0, 'profit_pct': -0.8142779313272283}, '511260': {'shares': 1500.0, 'price': 115.29, 'value': 172935.0, 'profit_pct': 0.35535055793495796}, '518880': {'shares': 46600.0, 'price': 3.799, 'value': 177033.4, 'profit_pct': 1.394731370686499}}",0.0032216163924982943,1.0507989189022826,-18.868277034468008
2022-08-16,11871.818902282539,1040003.7999999999,1051875.6189022826,"{'510300': {'shares': 88700.0, 'price': 3.891, 'value': 345131.7, 'profit_pct': -0.17686473772759115}, '159915': {'shares': 130000.0, 'price': 2.652, 'value': 344760.0, 'profit_pct': -0.2878942660651197}, '511260': {'shares': 1500.0, 'price': 115.479, 'value': 173218.5, 'profit_pct': 0.519867526062714}, '518880': {'shares': 46600.0, 'price': 3.796, 'value': 176893.6, 'profit_pct': 1.3146618276193571}}",0.0010246489415164373,1.0518756189022826,-18.78514550040795
2022-08-17,11871.818902282539,1048442.8,1060314.6189022826,"{'510300': {'shares': 88700.0, 'price': 3.932, 'value': 348768.4, 'profit_pct': 0.8749853125816254}, '159915': {'shares': 130000.0, 'price': 2.695, 'value': 350350.0, 'profit_pct': 1.3288555629541752}, '511260': {'shares': 1500.0, 'price': 115.482, 'value': 173223.0, 'profit_pct': 0.5224789065091866}, '518880': {'shares': 46600.0, 'price': 3.779, 'value': 176101.4, 'profit_pct': 0.8609344169055745}}",0.00802281167882457,1.0603146189022825,-18.1335740172346
2022-08-18,11871.818902282539,1044329.1,1056200.9189022826,"{'510300': {'shares': 88700.0, 'price': 3.895, 'value': 345486.5, 'profit_pct': -0.07424522062425269}, '159915': {'shares': 130000.0, 'price': 2.693, 'value': 350090.0, 'profit_pct': 1.2536578964881693}, '511260': {'shares': 1500.0, 'price': 115.66, 'value': 173490.0, 'profit_pct': 0.6774208129998808}, '518880': {'shares': 46600.0, 'price': 3.761, 'value': 175262.6, 'profit_pct': 0.3805171585027484}}",-0.0038796975224757446,1.0562009189022825,-18.451190987293863
2022-08-19,11871.818902282539,1036742.6,1048614.4189022826,"{'510300': {'shares': 88700.0, 'price': 3.865, 'value': 342825.5, 'profit_pct': -0.8438915988992854}, '159915': {'shares': 130000.0, 'price': 2.653, 'value': 344890.0, 'profit_pct': -0.25029543283211675}, '511260': {'shares': 1500.0, 'price': 115.843, 'value': 173764.5, 'profit_pct': 0.8367150202347042}, '518880': {'shares': 46600.0, 'price': 3.761, 'value': 175262.6, 'profit_pct': 0.3805171585027484}}",-0.007182818973386906,1.0486144189022826,-19.036941319927436
2022-08-22,11871.818902282539,1044588.7,1056460.5189022825,"{'510300': {'shares': 88700.0, 'price': 3.892, 'value': 345220.39999999997, 'profit_pct': -0.15120985845175938}, '159915': {'shares': 130000.0, 'price': 2.699, 'value': 350870.0, 'profit_pct': 1.4792508958862038}, '511260': {'shares': 1500.0, 'price': 115.739, 'value': 173608.5, 'profit_pct': 0.7461871647569945}, '518880': {'shares': 46600.0, 'price': 3.753, 'value': 174889.80000000002, 'profit_pct': 0.1669983769903787}}",0.007482349907236063,1.0564605189022824,-18.431147385323055
2022-08-23,11871.818902282539,1043564.9000000001,1055436.7189022826,"{'510300': {'shares': 88700.0, 'price': 3.878, 'value': 343978.60000000003, 'profit_pct': -0.5103781683134383}, '159915': {'shares': 130000.0, 'price': 2.697, 'value': 350610.0, 'profit_pct': 1.404053229420198}, '511260': {'shares': 1500.0, 'price': 115.747, 'value': 173620.5, 'profit_pct': 0.7531508459475837}, '518880': {'shares': 46600.0, 'price': 3.763, 'value': 175355.8, 'profit_pct': 0.433896853880835}}",-0.0009690849602819185,1.0554367189022826,-18.510194533619384
2022-08-24,11871.818902282539,1025249.3999999999,1037121.2189022824,"{'510300': {'shares': 88700.0, 'price': 3.801, 'value': 337148.7, 'profit_pct': -2.485803872552701}, '159915': {'shares': 130000.0, 'price': 2.6, 'value': 338000.0, 'profit_pct': -2.2430335941814916}, '511260': {'shares': 1500.0, 'price': 115.751, 'value': 173626.5, 'profit_pct': 0.7566326865428846}, '518880': {'shares': 46600.0, 'price': 3.787, 'value': 176474.19999999998, 'profit_pct': 1.0744531984179442}}",-0.017353480006882305,1.0371212189022825,-19.924326243544954
2022-08-25,11871.818902282539,1027427.1000000001,1039298.9189022826,"{'510300': {'shares': 88700.0, 'price': 3.837, 'value': 340341.9, 'profit_pct': -1.5622282186226548}, '159915': {'shares': 130000.0, 'price': 2.59, 'value': 336700.0, 'profit_pct': -2.6190219265115715}, '511260': {'shares': 1500.0, 'price': 115.63, 'value': 173445.0, 'profit_pct': 0.6513070085351557}, '518880': {'shares': 46600.0, 'price': 3.797, 'value': 176940.2, 'profit_pct': 1.3413516753084123}}",0.002099754551647459,1.0392989189022825,-19.7561869830986
2022-08-26,11871.818902282539,1023623.5,1035495.3189022825,"{'510300': {'shares': 88700.0, 'price': 3.831, 'value': 339809.7, 'profit_pct': -1.7161574942776683}, '159915': {'shares': 130000.0, 'price': 2.566, 'value': 333580.0, 'profit_pct': -3.521393924103743}, '511260': {'shares': 1500.0, 'price': 115.498, 'value': 173247.0, 'profit_pct': 0.5364062688903773}, '518880': {'shares': 46600.0, 'price': 3.798, 'value': 176986.8, 'profit_pct': 1.3680415229974556}}",-0.0036597748066721225,1.0354953189022824,-20.049861268369163
2022-08-29,11871.818902282539,1018412.3999999999,1030284.2189022824,"{'510300': {'shares': 88700.0, 'price': 3.806, 'value': 337592.2, 'profit_pct': -2.357529476173531}, '159915': {'shares': 130000.0, 'price': 2.553, 'value': 331890.0, 'profit_pct': -4.010178756132832}, '511260': {'shares': 1500.0, 'price': 115.592, 'value': 173388.0, 'profit_pct': 0.6182295228798412}, '518880': {'shares': 46600.0, 'price': 3.767, 'value': 175542.19999999998, 'profit_pct': 0.5406562446370199}}",-0.005032470842576409,1.0302842189022825,-20.452208010396035
2022-08-30,11871.818902282539,1016642.2,1028514.0189022825,"{'510300': {'shares': 88700.0, 'price': 3.797, 'value': 336793.9, 'profit_pct': -2.5884233896560396}, '159915': {'shares': 130000.0, 'price': 2.538, 'value': 329940.0, 'profit_pct': -4.574161254627943}, '511260': {'shares': 1500.0, 'price': 115.747, 'value': 173620.5, 'profit_pct': 0.7531508459475837}, '518880': {'shares': 46600.0, 'price': 3.783, 'value': 176287.8, 'profit_pct': 0.9676938076617594}}",-0.0017181666646181037,1.0285140189022826,-20.588884374836546
2022-08-31,11871.818902282539,1009383.7,1021255.5189022825,"{'510300': {'shares': 88700.0, 'price': 3.797, 'value': 336793.9, 'profit_pct': -2.5884233896560396}, '159915': {'shares': 130000.0, 'price': 2.491, 'value': 323830.0, 'profit_pct': -6.3413064165792665}, '511260': {'shares': 1500.0, 'price': 115.758, 'value': 173637.0, 'profit_pct': 0.7627259075846455}, '518880': {'shares': 46600.0, 'price': 3.758, 'value': 175122.8, 'profit_pct': 0.30044761543560683}}",-0.00705726890115399,1.0212555189022825,-21.14930997154395
2022-09-01,313.32781944266753,1010505.4,1010818.7278194427,"{'510300': {'shares': 89100.0, 'price': 3.763, 'value': 335283.3, 'profit_pct': -0.09990009990008118}, '159915': {'shares': 136200.0, 'price': 2.463, 'value': 335460.60000000003, 'profit_pct': -0.09990009990008611}, '511260': {'shares': 1500.0, 'price': 115.851, 'value': 173776.5, 'profit_pct': -0.09990009990009313}, '518880': {'shares': 44500.0, 'price': 3.73, 'value': 165985.0, 'profit_pct': -0.09990009990008832}}",-0.010219568844100801,1.0108187278194427,-21.955130026694615
2022-09-02,313.32781944266753,1008295.2,1008608.5278194426,"{'510300': {'shares': 89100.0, 'price': 3.74, 'value': 333234.0, 'profit_pct': -0.7105039525979996}, '159915': {'shares': 136200.0, 'price': 2.461, 'value': 335188.19999999995, 'profit_pct': -0.18102076567362335}, '511260': {'shares': 1500.0, 'price': 116.044, 'value': 174066.0, 'profit_pct': 0.06652676979217595}, '518880': {'shares': 44500.0, 'price': 3.726, 'value': 165807.0, 'profit_pct': -0.20703157432378805}}",-0.0021865443715789468,1.0086085278194425,-22.125778597865352
2022-09-05,313.32781944266753,1010554.2,1010867.5278194426,"{'510300': {'shares': 89100.0, 'price': 3.738, 'value': 333055.8, 'profit_pct': -0.7635999397891297}, '159915': {'shares': 136200.0, 'price': 2.467, 'value': 336005.4, 'profit_pct': 0.062341231646970315}, '511260': {'shares': 1500.0, 'price': 115.967, 'value': 173950.5, 'profit_pct': 0.0001284849926704522}, '518880': {'shares': 44500.0, 'price': 3.765, 'value': 167542.5, 'profit_pct': 0.8375003013072874}}",0.002239719313977817,1.0108675278194426,-21.95136220013
2022-09-06,313.32781944266753,1013984.8,1014298.1278194427,"{'510300': {'shares': 89100.0, 'price': 3.767, 'value': 335639.7, 'profit_pct': 0.00629187448216702}, '159915': {'shares': 136200.0, 'price': 2.468, 'value': 336141.6, 'profit_pct': 0.10290156453372994}, '511260': {'shares': 1500.0, 'price': 115.877, 'value': 173815.5, 'profit_pct': -0.07747989983792516}, '518880': {'shares': 44500.0, 'price': 3.784, 'value': 168388.0, 'profit_pct': 1.346374804819852}}",0.0033937186679646736,1.0142981278194427,-21.68648708101937
2022-09-07,313.32781944266753,1016976.6,1017289.9278194427,"{'510300': {'shares': 89100.0, 'price': 3.775, 'value': 336352.5, 'profit_pct': 0.21867582324666346}, '159915': {'shares': 136200.0, 'price': 2.493, 'value': 339546.6, 'profit_pct': 1.1169098867028282}, '511260': {'shares': 1500.0, 'price': 115.868, 'value': 173802.0, 'profit_pct': -0.08524073832098472}, '518880': {'shares': 44500.0, 'price': 3.759, 'value': 167275.5, 'profit_pct': 0.6768030896717318}}",0.0029496258722589985,1.0172899278194427,-21.45549151716606
2022-09-08,313.32781944266753,1010509.3,1010822.6278194427,"{'510300': {'shares': 89100.0, 'price': 3.757, 'value': 334748.7, 'profit_pct': -0.25918806147344764}, '159915': {'shares': 136200.0, 'price': 2.448, 'value': 333417.6, 'profit_pct': -0.7083050932015522}, '511260': {'shares': 1500.0, 'price': 115.792, 'value': 173688.0, 'profit_pct': -0.1507767077334795}, '518880': {'shares': 44500.0, 'price': 3.79, 'value': 168655.0, 'profit_pct': 1.5070720164554077}}",-0.006357381335587053,1.0108226278194428,-21.954828909407688
2022-09-09,313.32781944266753,1019311.7,1019625.0278194426,"{'510300': {'shares': 89100.0, 'price': 3.815, 'value': 339916.5, 'profit_pct': 1.2805955670691456}, '159915': {'shares': 136200.0, 'price': 2.476, 'value': 337231.2, 'profit_pct': 0.4273842276278428}, '511260': {'shares': 1500.0, 'price': 115.821, 'value': 173731.5, 'profit_pct': -0.12576956151029167}, '518880': {'shares': 44500.0, 'price': 3.785, 'value': 168432.5, 'profit_pct': 1.373157673425786}}",0.008708154880731733,1.0196250278194425,-21.275199471857608
2022-09-13,313.32781944266753,1020316.9,1020630.2278194427,"{'510300': {'shares': 89100.0, 'price': 3.829, 'value': 341163.9, 'profit_pct': 1.65226747740702}, '159915': {'shares': 136200.0, 'price': 2.475, 'value': 337095.0, 'profit_pct': 0.3868238947410832}, '511260': {'shares': 1500.0, 'price': 115.691, 'value': 173536.5, 'profit_pct': -0.23787056182114383}, '518880': {'shares': 44500.0, 'price': 3.787, 'value': 168521.5, 'profit_pct': 1.4267234106376299}}",0.0009858526150048341,1.0206302278194428,-21.1975884213912
2022-09-14,313.32781944266753,1008823.0,1009136.3278194426,"{'510300': {'shares': 89100.0, 'price': 3.783, 'value': 337065.3, 'profit_pct': 0.4310597720111599}, '159915': {'shares': 136200.0, 'price': 2.431, 'value': 331102.2, 'profit_pct': -1.3978307522765376}, '511260': {'shares': 1500.0, 'price': 115.557, 'value': 173335.5, 'profit_pct': -0.3534208236800266}, '518880': {'shares': 44500.0, 'price': 3.76, 'value': 167320.0, 'profit_pct': 0.7035859582776537}}",-0.011261571220124056,1.0091363278194425,-22.08502739170124
2022-09-15,313.32781944266753,993662.4,993975.7278194427,"{'510300': {'shares': 89100.0, 'price': 3.746, 'value': 333768.6, 'profit_pct': -0.5512159910246331}, '159915': {'shares': 136200.0, 'price': 2.349, 'value': 319933.80000000005, 'profit_pct': -4.723778048991186}, '511260': {'shares': 1500.0, 'price': 115.568, 'value': 173352.0, 'profit_pct': -0.34393535442295786}, '518880': {'shares': 44500.0, 'price': 3.744, 'value': 166608.0, 'profit_pct': 0.2750600605828667}}",-0.015023341824150882,0.9939757278194428,-23.25557065841506
2022-09-16,313.32781944266753,977510.0,977823.3278194426,"{'510300': {'shares': 89100.0, 'price': 3.656, 'value': 325749.60000000003, 'profit_pct': -2.9405354146252125}, '159915': {'shares': 136200.0, 'price': 2.297, 'value': 312851.4, 'profit_pct': -6.832915359102919}, '511260': {'shares': 1500.0, 'price': 115.342, 'value': 173013.0, 'profit_pct': -0.5388186318864454}, '518880': {'shares': 44500.0, 'price': 3.728, 'value': 165896.0, 'profit_pct': -0.15346583711193224}}",-0.016250296207367954,0.9778233278194426,-24.50269036748124
2022-09-19,313.32781944266753,975627.0,975940.3278194426,"{'510300': {'shares': 89100.0, 'price': 3.645, 'value': 324769.5, 'profit_pct': -3.232563344176398}, '159915': {'shares': 136200.0, 'price': 2.285, 'value': 311217.0, 'profit_pct': -7.319639353744088}, '511260': {'shares': 1500.0, 'price': 115.444, 'value': 173166.0, 'profit_pct': -0.4508624624117703}, '518880': {'shares': 44500.0, 'price': 3.741, 'value': 166474.5, 'profit_pct': 0.19471145476508891}}",-0.0019257057450235981,0.9759403278194426,-24.648075970374407
2022-09-20,313.32781944266753,978424.6,978737.9278194427,"{'510300': {'shares': 89100.0, 'price': 3.647, 'value': 324947.69999999995, 'profit_pct': -3.1794673569852794}, '159915': {'shares': 136200.0, 'price': 2.297, 'value': 312851.4, 'profit_pct': -6.832915359102919}, '511260': {'shares': 1500.0, 'price': 115.715, 'value': 173572.5, 'profit_pct': -0.21717499253298503}, '518880': {'shares': 44500.0, 'price': 3.754, 'value': 167053.0, 'profit_pct': 0.5428887466421101}}",0.002866568703284056,0.9787379278194427,-24.432074503218836
2022-09-21,313.32781944266753,971731.2,972044.5278194426,"{'510300': {'shares': 89100.0, 'price': 3.617, 'value': 322274.7, 'profit_pct': -3.9759071648521354}, '159915': {'shares': 136200.0, 'price': 2.265, 'value': 308493.0, 'profit_pct': -8.13084601147937}, '511260': {'shares': 1500.0, 'price': 115.792, 'value': 173688.0, 'profit_pct': -0.1507767077334795}, '518880': {'shares': 44500.0, 'price': 3.759, 'value': 167275.5, 'profit_pct': 0.6768030896717318}}",-0.006838807212583009,0.9720445278194426,-24.948868977146166
2022-09-22,313.32781944266753,967087.2,967400.5278194426,"{'510300': {'shares': 89100.0, 'price': 3.588, 'value': 319690.8, 'profit_pct': -4.745798979123432}, '159915': {'shares': 136200.0, 'price': 2.252, 'value': 306722.39999999997, 'profit_pct': -8.658130339007318}, '511260': {'shares': 1500.0, 'price': 115.777, 'value': 173665.5, 'profit_pct': -0.16371143853857878}, '518880': {'shares': 44500.0, 'price': 3.753, 'value': 167008.5, 'profit_pct': 0.5161058780361881}}",-0.004777558915349034,0.9674005278194425,-25.307430177271428
2022-09-23,313.32781944266753,964959.8,965273.1278194427,"{'510300': {'shares': 89100.0, 'price': 3.58, 'value': 318978.0, 'profit_pct': -4.958182927887928}, '159915': {'shares': 136200.0, 'price': 2.239, 'value': 304951.8, 'profit_pct': -9.185414666535246}, '511260': {'shares': 1500.0, 'price': 115.51, 'value': 173265.0, 'profit_pct': -0.3939496468693335}, '518880': {'shares': 44500.0, 'price': 3.77, 'value': 167765.0, 'profit_pct': 0.9714146443369089}}",-0.0021990891454185535,0.9652731278194426,-25.471685796812004
2022-09-26,313.32781944266753,962265.1000000001,962578.4278194427,"{'510300': {'shares': 89100.0, 'price': 3.555, 'value': 316750.5, 'profit_pct': -5.621882767776977}, '159915': {'shares': 136200.0, 'price': 2.253, 'value': 306858.60000000003, 'profit_pct': -8.61757000612054}, '511260': {'shares': 1500.0, 'price': 114.936, 'value': 172404.0, 'profit_pct': -0.8889186790111118}, '518880': {'shares': 44500.0, 'price': 3.736, 'value': 166252.0, 'profit_pct': 0.06079711173546723}}",-0.002791645102653284,0.9625784278194427,-25.67974240016634
2022-09-27,313.32781944266753,974424.2,974737.5278194426,"{'510300': {'shares': 89100.0, 'price': 3.605, 'value': 321205.5, 'profit_pct': -4.29448308799888}, '159915': {'shares': 136200.0, 'price': 2.306, 'value': 314077.2, 'profit_pct': -6.467872363122047}, '511260': {'shares': 1500.0, 'price': 114.963, 'value': 172444.5, 'profit_pct': -0.8656361635619454}, '518880': {'shares': 44500.0, 'price': 3.746, 'value': 166697.0, 'profit_pct': 0.3286257977947106}}",0.012631801886049177,0.9747375278194426,-24.7409436300451
2022-09-28,313.32781944266753,961940.2,962253.5278194426,"{'510300': {'shares': 89100.0, 'price': 3.549, 'value': 316215.89999999997, 'profit_pct': -5.781170729350356}, '159915': {'shares': 136200.0, 'price': 2.249, 'value': 306313.8, 'profit_pct': -8.779811337667596}, '511260': {'shares': 1500.0, 'price': 114.994, 'value': 172491.0, 'profit_pct': -0.8389043865647362}, '518880': {'shares': 44500.0, 'price': 3.751, 'value': 166919.5, 'profit_pct': 0.4625401408243323}}",-0.012807550385310007,0.9622535278194425,-25.704827786454175
2022-09-29,313.32781944266753,965316.8999999999,965630.2278194425,"{'510300': {'shares': 89100.0, 'price': 3.55, 'value': 316305.0, 'profit_pct': -5.754622735754795}, '159915': {'shares': 136200.0, 'price': 2.267, 'value': 308765.39999999997, 'profit_pct': -8.049725345705852}, '511260': {'shares': 1500.0, 'price': 114.691, 'value': 172036.5, 'profit_pct': -1.100185948827729}, '518880': {'shares': 44500.0, 'price': 3.78, 'value': 168210.0, 'profit_pct': 1.2392433303961523}}",0.0035091583479582855,0.9656302278194425,-25.444114262668016
2022-09-30,313.32781944266753,956984.1000000001,957297.4278194427,"{'510300': {'shares': 89100.0, 'price': 3.524, 'value': 313988.4, 'profit_pct': -6.444870569239404}, '159915': {'shares': 136200.0, 'price': 2.221, 'value': 302500.2, 'profit_pct': -9.915500658496992}, '511260': {'shares': 1500.0, 'price': 114.768, 'value': 172152.0, 'profit_pct': -1.0337876640282235}, '518880': {'shares': 44500.0, 'price': 3.783, 'value': 168343.5, 'profit_pct': 1.3195919362139301}}",-0.008629390174349383,0.9572974278194427,-26.087486090489666
2022-10-10,166.31216091269744,941892.2999999999,942058.6121609126,"{'510300': {'shares': 91900.0, 'price': 3.445, 'value': 316595.5, 'profit_pct': -0.09990009990009116}, '159915': {'shares': 146200.0, 'price': 2.166, 'value': 316669.2, 'profit_pct': -0.09990009990009485}, '511260': {'shares': 1400.0, 'price': 115.129, 'value': 161180.6, 'profit_pct': -0.09990009990007181}, '518880': {'shares': 38700.0, 'price': 3.81, 'value': 147447.0, 'profit_pct': -0.09990009990009066}}",-0.015918579968653535,0.9420586121609126,-27.26406835384242
2022-10-11,166.31216091269744,945225.7999999999,945392.1121609126,"{'510300': {'shares': 91900.0, 'price': 3.442, 'value': 316319.8, 'profit_pct': -0.18689583275938484}, '159915': {'shares': 146200.0, 'price': 2.192, 'value': 320470.4, 'profit_pct': 1.0992700743393429}, '511260': {'shares': 1400.0, 'price': 115.213, 'value': 161298.19999999998, 'profit_pct': -0.02701135430506716}, '518880': {'shares': 38700.0, 'price': 3.802, 'value': 147137.4, 'profit_pct': -0.30966408919163924}}",0.003538527175452,0.9453921121609126,-27.00669028308067
2022-10-12,166.31216091269744,963184.2,963350.5121609126,"{'510300': {'shares': 91900.0, 'price': 3.504, 'value': 322017.6, 'profit_pct': 1.611015979666211}, '159915': {'shares': 146200.0, 'price': 2.274, 'value': 332458.8, 'profit_pct': 4.881268316171373}, '511260': {'shares': 1400.0, 'price': 115.131, 'value': 161183.4, 'profit_pct': -0.09816465357638504}, '518880': {'shares': 38700.0, 'price': 3.812, 'value': 147524.4, 'profit_pct': -0.04745910257720933}}",0.01899571592463567,0.9633505121609126,-25.62013010729911
2022-10-13,166.31216091269744,961597.2000000001,961763.5121609127,"{'510300': {'shares': 91900.0, 'price': 3.471, 'value': 318984.9, 'profit_pct': 0.6540629182138775}, '159915': {'shares': 146200.0, 'price': 2.282, 'value': 333628.4, 'profit_pct': 5.250243754398889}, '511260': {'shares': 1400.0, 'price': 115.19, 'value': 161266.0, 'profit_pct': -0.04696898702750818}, '518880': {'shares': 38700.0, 'price': 3.817, 'value': 147717.9, 'profit_pct': 0.08364339073001724}}",-0.0016473754671495477,0.9617635121609127,-25.742661680210134
2022-10-14,166.31216091269744,981947.0000000001,982113.3121609128,"{'510300': {'shares': 91900.0, 'price': 3.559, 'value': 327072.10000000003, 'profit_pct': 3.2059377487534424}, '159915': {'shares': 146200.0, 'price': 2.365, 'value': 345763.00000000006, 'profit_pct': 9.078363926009375}, '511260': {'shares': 1400.0, 'price': 115.392, 'value': 161548.8, 'profit_pct': 0.12831109166526256}, '518880': {'shares': 38700.0, 'price': 3.813, 'value': 147563.1, 'profit_pct': -0.021238603915757034}}",0.021158839717549283,0.9821133121609128,-24.171462560849864
2022-10-17,166.31216091269744,980626.2000000001,980792.5121609127,"{'510300': {'shares': 91900.0, 'price': 3.558, 'value': 326980.2, 'profit_pct': 3.176939171133665}, '159915': {'shares': 146200.0, 'price': 2.362, 'value': 345324.4, 'profit_pct': 8.93999813667405}, '511260': {'shares': 1400.0, 'price': 115.408, 'value': 161571.2, 'profit_pct': 0.1421946622547937}, '518880': {'shares': 38700.0, 'price': 3.792, 'value': 146750.4, 'profit_pct': -0.5718690758060807}}",-0.0013448550016025296,0.9807925121609128,-24.273440948689107
2022-10-18,166.31216091269744,981987.9,982154.2121609127,"{'510300': {'shares': 91900.0, 'price': 3.551, 'value': 326336.9, 'profit_pct': 2.9739491277953}, '159915': {'shares': 146200.0, 'price': 2.373, 'value': 346932.60000000003, 'profit_pct': 9.44733936423689}, '511260': {'shares': 1400.0, 'price': 115.415, 'value': 161581.0, 'profit_pct': 0.1482687243877159}, '518880': {'shares': 38700.0, 'price': 3.802, 'value': 147137.4, 'profit_pct': -0.30966408919163924}}",0.0013883670430965278,0.9821542121609127,-24.16830468981518
2022-10-19,166.31216091269744,973718.9,973885.2121609127,"{'510300': {'shares': 91900.0, 'price': 3.492, 'value': 320914.8, 'profit_pct': 1.2630330482289978}, '159915': {'shares': 146200.0, 'price': 2.355, 'value': 344301.0, 'profit_pct': 8.617144628224969}, '511260': {'shares': 1400.0, 'price': 115.51, 'value': 161714.0, 'profit_pct': 0.23070242476302866}, '518880': {'shares': 38700.0, 'price': 3.793, 'value': 146789.1, 'profit_pct': -0.5456485771446284}}",-0.008419248115636324,0.9738852121609127,-24.80675054766095
2022-10-20,166.31216091269744,969024.7000000001,969191.0121609127,"{'510300': {'shares': 91900.0, 'price': 3.48, 'value': 319812.0, 'profit_pct': 0.9150501167917843}, '159915': {'shares': 146200.0, 'price': 2.337, 'value': 341669.4, 'profit_pct': 7.786949892213067}, '511260': {'shares': 1400.0, 'price': 115.322, 'value': 161450.80000000002, 'profit_pct': 0.06757047033608996}, '518880': {'shares': 38700.0, 'price': 3.775, 'value': 146092.5, 'profit_pct': -1.0176175530506184}}",-0.004820075242321642,0.9691910121609127,-25.169187667735883
2022-10-21,166.31216091269744,964678.2999999999,964844.6121609126,"{'510300': {'shares': 91900.0, 'price': 3.458, 'value': 317790.2, 'profit_pct': 0.2770814091568996}, '159915': {'shares': 146200.0, 'price': 2.321, 'value': 339330.2, 'profit_pct': 7.048999015758035}, '511260': {'shares': 1400.0, 'price': 115.443, 'value': 161620.19999999998, 'profit_pct': 0.17256497291938003}, '518880': {'shares': 38700.0, 'price': 3.771, 'value': 145937.69999999998, 'profit_pct': -1.1224995476963928}}",-0.0044845649056416415,0.9648446121609126,-25.50477130258182
2022-10-24,166.31216091269744,949628.2,949794.5121609126,"{'510300': {'shares': 91900.0, 'price': 3.36, 'value': 308784.0, 'profit_pct': -2.564779197580349}, '159915': {'shares': 146200.0, 'price': 2.266, 'value': 331289.2, 'profit_pct': 4.512292877943857}, '511260': {'shares': 1400.0, 'price': 115.515, 'value': 161721.0, 'profit_pct': 0.23504104057225175}, '518880': {'shares': 38700.0, 'price': 3.82, 'value': 147834.0, 'profit_pct': 0.16230488671433924}}",-0.015598470272112586,0.9497945121609126,-26.66678291283272
2022-10-25,166.31216091269744,944733.1000000001,944899.4121609128,"{'510300': {'shares': 91900.0, 'price': 3.344, 'value': 307313.6, 'profit_pct': -3.0287564394966338}, '159915': {'shares': 146200.0, 'price': 2.241, 'value': 327634.2, 'profit_pct': 3.359244633482874}, '511260': {'shares': 1400.0, 'price': 115.486, 'value': 161680.4, 'profit_pct': 0.20987706887873805}, '518880': {'shares': 38700.0, 'price': 3.827, 'value': 148104.9, 'profit_pct': 0.34584837734444707}}",-0.005153851635616213,0.9448994121609128,-27.044731433662417
2022-10-26,166.31216091269744,956112.5999999999,956278.9121609125,"{'510300': {'shares': 91900.0, 'price': 3.372, 'value': 309886.8, 'profit_pct': -2.216796266143136}, '159915': {'shares': 146200.0, 'price': 2.302, 'value': 336552.4, 'profit_pct': 6.17268234996768}, '511260': {'shares': 1400.0, 'price': 115.489, 'value': 161684.6, 'profit_pct': 0.21248023836427438}, '518880': {'shares': 38700.0, 'price': 3.824, 'value': 147988.8, 'profit_pct': 0.2671868813601135}}",0.012043080833308739,0.9562789121609125,-26.166125237102268
2022-10-27,166.31216091269744,948390.1,948556.4121609126,"{'510300': {'shares': 91900.0, 'price': 3.346, 'value': 307497.4, 'profit_pct': -2.970759284257092}, '159915': {'shares': 146200.0, 'price': 2.265, 'value': 331143.0, 'profit_pct': 4.466170948165423}, '511260': {'shares': 1400.0, 'price': 115.737, 'value': 162031.8, 'profit_pct': 0.42767558250192717}, '518880': {'shares': 38700.0, 'price': 3.817, 'value': 147717.9, 'profit_pct': 0.08364339073001724}}",-0.008075572829007838,0.9485564121609127,-26.762376069997895
2022-10-28,166.31216091269744,929353.2,929519.5121609126,"{'510300': {'shares': 91900.0, 'price': 3.26, 'value': 299594.0, 'profit_pct': -5.464636959557128}, '159915': {'shares': 146200.0, 'price': 2.187, 'value': 319739.39999999997, 'profit_pct': 0.8686604254471298}, '511260': {'shares': 1400.0, 'price': 115.847, 'value': 162185.8, 'profit_pct': 0.5231251303049215}, '518880': {'shares': 38700.0, 'price': 3.82, 'value': 147834.0, 'profit_pct': 0.16230488671433924}}",-0.020069338793073932,0.9295195121609127,-28.23220675704885
2022-10-31,166.31216091269744,927848.2000000001,928014.5121609127,"{'510300': {'shares': 91900.0, 'price': 3.221, 'value': 296009.9, 'profit_pct': -6.595581486728061}, '159915': {'shares': 146200.0, 'price': 2.202, 'value': 321932.39999999997, 'profit_pct': 1.5604893721237278}, '511260': {'shares': 1400.0, 'price': 116.125, 'value': 162575.0, 'profit_pct': 0.7643521692979499}, '518880': {'shares': 38700.0, 'price': 3.807, 'value': 147330.9, 'profit_pct': -0.17856159588442427}}",-0.0016191160920345782,0.9280145121609127,-28.348407145978317
2022-11-01,33614.57426323288,915196.9,948811.4742632329,"{'510300': {'shares': 93200.0, 'price': 3.359, 'value': 313058.8, 'profit_pct': -0.09990009990009004}, '159915': {'shares': 137700.0, 'price': 2.275, 'value': 313267.5, 'profit_pct': -0.0999000999000816}, '511260': {'shares': 1200.0, 'price': 115.948, 'value': 139137.6, 'profit_pct': -0.09990009990010253}, '518880': {'shares': 39300.0, 'price': 3.81, 'value': 149733.0, 'profit_pct': -0.09990009990007902}}",0.02241016905424642,0.9488114742632329,-26.74268283711365
2022-11-02,33614.57426323288,922423.7999999999,956038.3742632328,"{'510300': {'shares': 93200.0, 'price': 3.393, 'value': 316227.6, 'profit_pct': 0.9112947189755807}, '159915': {'shares': 137700.0, 'price': 2.305, 'value': 317398.5, 'profit_pct': 1.2174638548265218}, '511260': {'shares': 1200.0, 'price': 115.658, 'value': 138789.6, 'profit_pct': -0.34976235686898666}, '518880': {'shares': 39300.0, 'price': 3.817, 'value': 150008.1, 'profit_pct': 0.0836433907300289}}",0.007616792372385328,0.9560383742632328,-26.184697062525963
2022-11-03,33614.57426323288,919955.4,953569.9742632329,"{'510300': {'shares': 93200.0, 'price': 3.363, 'value': 313431.6, 'profit_pct': 0.019063996438224942}, '159915': {'shares': 137700.0, 'price': 2.309, 'value': 317949.30000000005, 'profit_pct': 1.3931123821234008}, '511260': {'shares': 1200.0, 'price': 115.865, 'value': 139038.0, 'profit_pct': -0.17141240103257685}, '518880': {'shares': 39300.0, 'price': 3.805, 'value': 149536.5, 'profit_pct': -0.23100259320729394}}",-0.002581904729401896,0.9535699742632329,-26.375281142282457
2022-11-04,33614.57426323288,941729.8999999999,975344.4742632328,"{'510300': {'shares': 93200.0, 'price': 3.49, 'value': 325268.0, 'profit_pct': 3.796174055179729}, '159915': {'shares': 137700.0, 'price': 2.383, 'value': 328139.1, 'profit_pct': 4.642610137115655}, '511260': {'shares': 1200.0, 'price': 115.688, 'value': 138825.6, 'profit_pct': -0.3239145371825487}, '518880': {'shares': 39300.0, 'price': 3.804, 'value': 149497.19999999998, 'profit_pct': -0.2572230918687463}}",0.022834716473558947,0.9753444742632328,-24.69408156172098
2022-11-07,33614.57426323288,942376.7000000001,975991.274263233,"{'510300': {'shares': 93200.0, 'price': 3.49, 'value': 325268.0, 'profit_pct': 3.796174055179729}, '159915': {'shares': 137700.0, 'price': 2.379, 'value': 327588.3, 'profit_pct': 4.466961609818776}, '511260': {'shares': 1200.0, 'price': 115.769, 'value': 138922.80000000002, 'profit_pct': -0.25412542402916616}, '518880': {'shares': 39300.0, 'price': 3.832, 'value': 150597.6, 'profit_pct': 0.4769508706516737}}",0.0006631503197767064,0.975991274263233,-24.644142417827563
2022-11-08,33614.57426323288,938384.2,971998.7742632328,"{'510300': {'shares': 93200.0, 'price': 3.467, 'value': 323124.4, 'profit_pct': 3.112130501234414}, '159915': {'shares': 137700.0, 'price': 2.363, 'value': 325385.1, 'profit_pct': 3.7643675006312596}, '511260': {'shares': 1200.0, 'price': 115.835, 'value': 139002.0, 'profit_pct': -0.19726022071901483}, '518880': {'shares': 39300.0, 'price': 3.839, 'value': 150872.7, 'profit_pct': 0.6604943612817816}}",-0.004090712801724572,0.9719987742632328,-24.952401589123884
2022-11-09,33614.57426323288,933861.5000000001,967476.074263233,"{'510300': {'shares': 93200.0, 'price': 3.427, 'value': 319396.4, 'profit_pct': 1.9224895378512643}, '159915': {'shares': 137700.0, 'price': 2.326, 'value': 320290.2, 'profit_pct': 2.1396186231351324}, '511260': {'shares': 1200.0, 'price': 115.947, 'value': 139136.4, 'profit_pct': -0.1007616938896423}, '518880': {'shares': 39300.0, 'price': 3.945, 'value': 155038.5, 'profit_pct': 3.439867219394795}}",-0.004652989406728425,0.967476074263233,-25.301597269530106
2022-11-10,33614.57426323288,925848.5,959463.0742632329,"{'510300': {'shares': 93200.0, 'price': 3.406, 'value': 317439.2, 'profit_pct': 1.297928032075114}, '159915': {'shares': 137700.0, 'price': 2.288, 'value': 315057.6, 'profit_pct': 0.4709576138147707}, '511260': {'shares': 1200.0, 'price': 115.916, 'value': 139099.19999999998, 'profit_pct': -0.1274711075656323}, '518880': {'shares': 39300.0, 'price': 3.925, 'value': 154252.5, 'profit_pct': 2.9154572461659227}}",-0.008282375361170824,0.9594630742632329,-25.92027747982376
2022-11-11,33614.57426323288,941487.0,975101.5742632329,"{'510300': {'shares': 93200.0, 'price': 3.504, 'value': 326572.8, 'profit_pct': 4.212548392363825}, '159915': {'shares': 137700.0, 'price': 2.33, 'value': 320841.0, 'profit_pct': 2.3152671504320113}, '511260': {'shares': 1200.0, 'price': 115.633, 'value': 138759.6, 'profit_pct': -0.37130220660768903}, '518880': {'shares': 39300.0, 'price': 3.952, 'value': 155313.6, 'profit_pct': 3.6234107100249027}}",0.01629922028214459,0.9751015742632329,-24.712835764027275
2022-11-14,33614.57426323288,935520.7,969135.2742632328,"{'510300': {'shares': 93200.0, 'price': 3.506, 'value': 326759.19999999995, 'profit_pct': 4.272030440532975}, '159915': {'shares': 137700.0, 'price': 2.302, 'value': 316985.4, 'profit_pct': 1.0857274593538575}, '511260': {'shares': 1200.0, 'price': 114.996, 'value': 137995.19999999998, 'profit_pct': -0.9201375779497016}, '518880': {'shares': 39300.0, 'price': 3.913, 'value': 153780.9, 'profit_pct': 2.6008112622286}}",-0.006118644618647084,0.9691352742632329,-25.173491166332905
2022-11-15,33614.57426323288,951265.0000000001,984879.574263233,"{'510300': {'shares': 93200.0, 'price': 3.581, 'value': 333749.2, 'profit_pct': 6.502607246876384}, '159915': {'shares': 137700.0, 'price': 2.361, 'value': 325109.7, 'profit_pct': 3.6765432369828295}, '511260': {'shares': 1200.0, 'price': 114.866, 'value': 137839.2, 'profit_pct': -1.0321447965909247}, '518880': {'shares': 39300.0, 'price': 3.933, 'value': 154566.9, 'profit_pct': 3.125221235457472}}",0.016245719682393744,0.984879574263233,-23.957880679009
2022-11-16,33614.57426323288,944697.6000000001,978312.174263233,"{'510300': {'shares': 93200.0, 'price': 3.552, 'value': 331046.4, 'profit_pct': 5.6401175484236035}, '159915': {'shares': 137700.0, 'price': 2.33, 'value': 320841.0, 'profit_pct': 2.3152671504320113}, '511260': {'shares': 1200.0, 'price': 114.515, 'value': 137418.0, 'profit_pct': -1.334564286922237}, '518880': {'shares': 39300.0, 'price': 3.954, 'value': 155392.2, 'profit_pct': 3.675851707347795}}",-0.006668226422416157,0.9783121742632329,-24.464946748281747
2022-11-17,33614.57426323288,941765.0,975379.5742632329,"{'510300': {'shares': 93200.0, 'price': 3.535, 'value': 329462.0, 'profit_pct': 5.134520138985769}, '159915': {'shares': 137700.0, 'price': 2.316, 'value': 318913.19999999995, 'profit_pct': 1.7004973048929246}, '511260': {'shares': 1200.0, 'price': 114.867, 'value': 137840.4, 'profit_pct': -1.031283202601373}, '518880': {'shares': 39300.0, 'price': 3.958, 'value': 155549.4, 'profit_pct': 3.7807337019935696}}",-0.002997611679736667,0.9753795742632329,-24.691371506138637
2022-11-18,33614.57426323288,940139.0999999999,973753.6742632327,"{'510300': {'shares': 93200.0, 'price': 3.522, 'value': 328250.39999999997, 'profit_pct': 4.747886825886235}, '159915': {'shares': 137700.0, 'price': 2.315, 'value': 318775.5, 'profit_pct': 1.6565851730687098}, '511260': {'shares': 1200.0, 'price': 114.833, 'value': 137799.6, 'profit_pct': -1.0605773982460065}, '518880': {'shares': 39300.0, 'price': 3.952, 'value': 155313.6, 'profit_pct': 3.6234107100249027}}",-0.001666940791976601,0.9737536742632328,-24.816906530962868
2022-11-21,33614.57426323288,937237.5,970852.0742632329,"{'510300': {'shares': 93200.0, 'price': 3.489, 'value': 325174.8, 'profit_pct': 3.76643303109514}, '159915': {'shares': 137700.0, 'price': 2.319, 'value': 319326.3, 'profit_pct': 1.8322337003655889}, '511260': {'shares': 1200.0, 'price': 115.043, 'value': 138051.6, 'profit_pct': -0.8796426604409407}, '518880': {'shares': 39300.0, 'price': 3.936, 'value': 154684.8, 'profit_pct': 3.2038827314418055}}",-0.002979809038661907,0.9708520742632328,-25.04093779243647
2022-11-22,33614.57426323288,930355.7,963970.2742632328,"{'510300': {'shares': 93200.0, 'price': 3.487, 'value': 324988.4, 'profit_pct': 3.706950982925989}, '159915': {'shares': 137700.0, 'price': 2.273, 'value': 312992.10000000003, 'profit_pct': -0.1877243635485114}, '511260': {'shares': 1200.0, 'price': 114.873, 'value': 137847.6, 'profit_pct': -1.0261136386640852}, '518880': {'shares': 39300.0, 'price': 3.932, 'value': 154527.6, 'profit_pct': 3.0990007367960306}}",-0.007088412521776388,0.9639702742632328,-25.572278547609173
2022-11-23,33614.57426323288,930355.7000000001,963970.274263233,"{'510300': {'shares': 93200.0, 'price': 3.49, 'value': 325268.0, 'profit_pct': 3.796174055179729}, '159915': {'shares': 137700.0, 'price': 2.269, 'value': 312441.30000000005, 'profit_pct': -0.36337289084539054}, '511260': {'shares': 1200.0, 'price': 115.099, 'value': 138118.80000000002, 'profit_pct': -0.8313933970262606}, '518880': {'shares': 39300.0, 'price': 3.932, 'value': 154527.6, 'profit_pct': 3.0990007367960306}}",2.220446049250313e-16,0.9639702742632329,-25.572278547609162
2022-11-24,33614.57426323288,928936.7,962551.2742632328,"{'510300': {'shares': 93200.0, 'price': 3.472, 'value': 323590.4, 'profit_pct': 3.260835621657305}, '159915': {'shares': 137700.0, 'price': 2.264, 'value': 311752.8, 'profit_pct': -0.582933549966504}, '511260': {'shares': 1200.0, 'price': 115.397, 'value': 138476.4, 'profit_pct': -0.5746383881409849}, '518880': {'shares': 39300.0, 'price': 3.947, 'value': 155117.1, 'profit_pct': 3.492308216717687}}",-0.0014720370927253645,0.9625512742632328,-25.681838914314113
2022-11-25,33614.57426323288,928091.3,961705.8742632329,"{'510300': {'shares': 93200.0, 'price': 3.493, 'value': 325547.6, 'profit_pct': 3.885397127433455}, '159915': {'shares': 137700.0, 'price': 2.242, 'value': 308723.4, 'profit_pct': -1.5490004500993297}, '511260': {'shares': 1200.0, 'price': 115.193, 'value': 138231.6, 'profit_pct': -0.750403562008763}, '518880': {'shares': 39300.0, 'price': 3.959, 'value': 155588.7, 'profit_pct': 3.8069542006550106}}",-0.0008782908740596618,0.961705874263233,-25.74711187697257
2022-11-28,33614.57426323288,922408.7,956023.2742632328,"{'510300': {'shares': 93200.0, 'price': 3.448, 'value': 321353.6, 'profit_pct': 2.5470510436274147}, '159915': {'shares': 137700.0, 'price': 2.233, 'value': 307484.10000000003, 'profit_pct': -1.944209636517303}, '511260': {'shares': 1200.0, 'price': 114.887, 'value': 137864.4, 'profit_pct': -1.0140513228104182}, '518880': {'shares': 39300.0, 'price': 3.962, 'value': 155706.6, 'profit_pct': 3.885615696639344}}",-0.005908875210264841,0.9560232742632329,-26.1858629268933
2022-11-29,33614.57426323288,937087.5,970702.0742632329,"{'510300': {'shares': 93200.0, 'price': 3.564, 'value': 332164.8, 'profit_pct': 5.997009837438549}, '159915': {'shares': 137700.0, 'price': 2.268, 'value': 312303.6, 'profit_pct': -0.40728502266962496}, '511260': {'shares': 1200.0, 'price': 114.454, 'value': 137344.8, 'profit_pct': -1.3871215202846647}, '518880': {'shares': 39300.0, 'price': 3.951, 'value': 155274.3, 'profit_pct': 3.5971902113634617}}",0.015354019504715932,0.9707020742632329,-25.05251922654904
2022-11-30,33614.57426323288,936858.8999999999,970473.4742632328,"{'510300': {'shares': 93200.0, 'price': 3.567, 'value': 332444.4, 'profit_pct': 6.0862329096922885}, '159915': {'shares': 137700.0, 'price': 2.265, 'value': 311890.5, 'profit_pct': -0.5390214181422697}, '511260': {'shares': 1200.0, 'price': 114.604, 'value': 137524.8, 'profit_pct': -1.257882421852475}, '518880': {'shares': 39300.0, 'price': 3.944, 'value': 154999.2, 'profit_pct': 3.4136467207333534}}",-0.00023549965129476824,0.9704734742632328,-25.070169332136604
2022-12-01,12401.911716183036,966729.8,979131.7117161831,"{'510300': {'shares': 89100.0, 'price': 3.612, 'value': 321829.2, 'profit_pct': -0.09990009990009847}, '159915': {'shares': 139200.0, 'price': 2.311, 'value': 321691.2, 'profit_pct': -0.09990009990008823}, '511260': {'shares': 1400.0, 'price': 114.727, 'value': 160617.80000000002, 'profit_pct': -0.0999000999000893}, '518880': {'shares': 41100.0, 'price': 3.956, 'value': 162591.6, 'profit_pct': -0.09990009990009047}}",0.008921663170158745,0.9791317117161831,-24.4016706215209
2022-12-02,12401.911716183036,966457.6,978859.511716183,"{'510300': {'shares': 89100.0, 'price': 3.589, 'value': 319779.9, 'profit_pct': -0.7360303041366186}, '159915': {'shares': 139200.0, 'price': 2.316, 'value': 322387.19999999995, 'profit_pct': 0.11624031528835353}, '511260': {'shares': 1400.0, 'price': 114.824, 'value': 160753.6, 'profit_pct': -0.0154360270113263}, '518880': {'shares': 41100.0, 'price': 3.979, 'value': 163536.9, 'profit_pct': 0.4809144344028193}}",-0.000278001413643314,0.978859511716183,-24.422687063957184
2022-12-05,12401.911716183036,970612.0000000001,983013.9117161832,"{'510300': {'shares': 89100.0, 'price': 3.66, 'value': 326106.0, 'profit_pct': 1.2276759785065459}, '159915': {'shares': 139200.0, 'price': 2.313, 'value': 321969.60000000003, 'profit_pct': -0.013443933824700015}, '511260': {'shares': 1400.0, 'price': 114.716, 'value': 160602.4, 'profit_pct': -0.10947849991841181}, '518880': {'shares': 41100.0, 'price': 3.94, 'value': 161934.0, 'profit_pct': -0.5039449933281996}}",0.004244122828940489,0.9830139117161831,-24.101927664775346
2022-12-06,12401.911716183036,971406.3,983808.2117161831,"{'510300': {'shares': 89100.0, 'price': 3.683, 'value': 328155.3, 'profit_pct': 1.8638061827430539}, '159915': {'shares': 139200.0, 'price': 2.319, 'value': 322804.8, 'profit_pct': 0.24592456440142627}, '511260': {'shares': 1400.0, 'price': 114.456, 'value': 160238.4, 'profit_pct': -0.3358770458058234}, '518880': {'shares': 41100.0, 'price': 3.898, 'value': 160207.80000000002, 'profit_pct': -1.5645628385769808}}",0.0008080251871647182,0.9838082117161832,-24.04060011067124
2022-12-07,12401.911716183036,973711.5,986113.4117161831,"{'510300': {'shares': 89100.0, 'price': 3.671, 'value': 327086.1, 'profit_pct': 1.5319121631413926}, '159915': {'shares': 139200.0, 'price': 2.343, 'value': 326145.6, 'profit_pct': 1.2833985573059699}, '511260': {'shares': 1400.0, 'price': 114.48, 'value': 160272.0, 'profit_pct': -0.31497871849313774}, '518880': {'shares': 41100.0, 'price': 3.898, 'value': 160207.80000000002, 'profit_pct': -1.5645628385769808}}",0.00234313962065702,0.986113411716183,-23.862616631229226
2022-12-08,12401.911716183036,974713.8,987115.7117161831,"{'510300': {'shares': 89100.0, 'price': 3.68, 'value': 327888.0, 'profit_pct': 1.7808326778426475}, '159915': {'shares': 139200.0, 'price': 2.338, 'value': 325449.60000000003, 'profit_pct': 1.067258142117528}, '511260': {'shares': 1400.0, 'price': 114.768, 'value': 160675.2, 'profit_pct': -0.06419879074092207}, '518880': {'shares': 41100.0, 'price': 3.91, 'value': 160701.0, 'profit_pct': -1.2615291685058987}}",0.0010164145301052585,0.9871157117161831,-23.785229488489012
2022-12-09,12401.911716183036,979514.6,991916.511716183,"{'510300': {'shares': 89100.0, 'price': 3.714, 'value': 330917.4, 'profit_pct': 2.7211990667140147}, '159915': {'shares': 139200.0, 'price': 2.348, 'value': 326841.6, 'profit_pct': 1.4995389724944115}, '511260': {'shares': 1400.0, 'price': 114.628, 'value': 160479.2, 'profit_pct': -0.1861057000649177}, '518880': {'shares': 41100.0, 'price': 3.924, 'value': 161276.4, 'profit_pct': -0.9079898867563089}}",0.004863462249682371,0.991916511716183,-23.414561829238078
2022-12-12,12401.911716183036,973589.1,985991.011716183,"{'510300': {'shares': 89100.0, 'price': 3.672, 'value': 327175.2, 'profit_pct': 1.559569998108207}, '159915': {'shares': 139200.0, 'price': 2.333, 'value': 324753.60000000003, 'profit_pct': 0.8511177269290862}, '511260': {'shares': 1400.0, 'price': 114.648, 'value': 160507.19999999998, 'profit_pct': -0.1686904273043504}, '518880': {'shares': 41100.0, 'price': 3.921, 'value': 161153.1, 'profit_pct': -0.9837483042740822}}",-0.005973789053826617,0.9859910117161831,-23.872067081465087
2022-12-13,12401.911716183036,968571.5,980973.4117161831,"{'510300': {'shares': 89100.0, 'price': 3.661, 'value': 326195.1, 'profit_pct': 1.2553338134733478}, '159915': {'shares': 139200.0, 'price': 2.305, 'value': 320856.0, 'profit_pct': -0.35926859812621453}, '511260': {'shares': 1400.0, 'price': 114.46, 'value': 160244.0, 'profit_pct': -0.3323939912537174}, '518880': {'shares': 41100.0, 'price': 3.924, 'value': 161276.4, 'profit_pct': -0.9079898867563089}}",-0.005088890203234775,0.980973411716183,-24.25947377348673
2022-12-14,12401.911716183036,970643.2,983045.111716183,"{'510300': {'shares': 89100.0, 'price': 3.671, 'value': 327086.1, 'profit_pct': 1.5319121631413926}, '159915': {'shares': 139200.0, 'price': 2.299, 'value': 320020.8, 'profit_pct': -0.6186370963523601}, '511260': {'shares': 1400.0, 'price': 114.755, 'value': 160657.0, 'profit_pct': -0.0755187180352976}, '518880': {'shares': 41100.0, 'price': 3.963, 'value': 162879.30000000002, 'profit_pct': 0.07686954097471009}}",0.0021118819075591766,0.983045111716183,-24.09951872647995
2022-12-15,12401.911716183036,973036.6000000001,985438.5117161832,"{'510300': {'shares': 89100.0, 'price': 3.669, 'value': 326907.9, 'profit_pct': 1.4765964932077886}, '159915': {'shares': 139200.0, 'price': 2.326, 'value': 323779.2, 'profit_pct': 0.5485211456652562}, '511260': {'shares': 1400.0, 'price': 114.788, 'value': 160703.19999999998, 'profit_pct': -0.0467835179803548}, '518880': {'shares': 41100.0, 'price': 3.933, 'value': 161646.3, 'profit_pct': -0.6807146342030003}}",0.0024346797227055017,0.9854385117161831,-23.91472536377972
2022-12-16,12401.911716183036,968778.0,981179.9117161831,"{'510300': {'shares': 89100.0, 'price': 3.673, 'value': 327264.3, 'profit_pct': 1.5872278330750091}, '159915': {'shares': 139200.0, 'price': 2.298, 'value': 319881.60000000003, 'profit_pct': -0.6618651793900445}, '511260': {'shares': 1400.0, 'price': 114.804, 'value': 160725.6, 'profit_pct': -0.03285129977189356}, '518880': {'shares': 41100.0, 'price': 3.915, 'value': 160906.5, 'profit_pct': -1.1352651393096176}}",-0.004321527877557352,0.981179911716183,-24.24352999919175
2022-12-19,12401.911716183036,961675.9000000001,974077.8117161832,"{'510300': {'shares': 89100.0, 'price': 3.615, 'value': 322096.5, 'profit_pct': -0.016926594999680133}, '159915': {'shares': 139200.0, 'price': 2.274, 'value': 316540.8, 'profit_pct': -1.699339172294588}, '511260': {'shares': 1400.0, 'price': 115.016, 'value': 161022.4, 'profit_pct': 0.15175059149015904}, '518880': {'shares': 41100.0, 'price': 3.942, 'value': 162016.2, 'profit_pct': -0.45343938164968045}}",-0.007238325933087597,0.9740778117161832,-24.79188002059778
2022-12-20,12401.911716183036,951691.9000000001,964093.8117161832,"{'510300': {'shares': 89100.0, 'price': 3.552, 'value': 316483.2, 'profit_pct': -1.759370197908404}, '159915': {'shares': 139200.0, 'price': 2.243, 'value': 312225.6, 'profit_pct': -3.0394097464629612}, '511260': {'shares': 1400.0, 'price': 114.947, 'value': 160925.80000000002, 'profit_pct': 0.09166790046618774}, '518880': {'shares': 41100.0, 'price': 3.943, 'value': 162057.3, 'profit_pct': -0.42818657581042646}}",-0.010249694510964802,0.9640938117161832,-25.562740275130647
2022-12-21,12401.911716183036,952643.0,965044.9117161831,"{'510300': {'shares': 89100.0, 'price': 3.549, 'value': 316215.89999999997, 'profit_pct': -1.8423437028088223}, '159915': {'shares': 139200.0, 'price': 2.24, 'value': 311808.00000000006, 'profit_pct': -3.169093995576015}, '511260': {'shares': 1400.0, 'price': 115.0, 'value': 161000.0, 'profit_pct': 0.13781837328169783}, '518880': {'shares': 41100.0, 'price': 3.981, 'value': 163619.1, 'profit_pct': 0.5314200460813273}}",0.0009865222537905893,0.9650449117161831,-25.489306261900868
2022-12-22,12401.911716183036,952665.3999999999,965067.311716183,"{'510300': {'shares': 89100.0, 'price': 3.557, 'value': 316928.7, 'profit_pct': -1.6210810230743815}, '159915': {'shares': 139200.0, 'price': 2.235, 'value': 311112.0, 'profit_pct': -3.3852344107644763}, '511260': {'shares': 1400.0, 'price': 115.004, 'value': 161005.6, 'profit_pct': 0.14130142783381622}, '518880': {'shares': 41100.0, 'price': 3.981, 'value': 163619.1, 'profit_pct': 0.5314200460813273}}",2.3211354961860664e-05,0.965067311716183,-25.487576767740062
2022-12-23,12401.911716183036,948587.5,960989.4117161831,"{'510300': {'shares': 89100.0, 'price': 3.547, 'value': 316037.7, 'profit_pct': -1.8976593727424262}, '159915': {'shares': 139200.0, 'price': 2.222, 'value': 309302.4, 'profit_pct': -3.947199490254432}, '511260': {'shares': 1400.0, 'price': 114.989, 'value': 160984.6, 'profit_pct': 0.12823997326338765}, '518880': {'shares': 41100.0, 'price': 3.948, 'value': 162262.8, 'profit_pct': -0.3019225466141451}}",-0.004225508366611397,0.960989411716183,-25.80242963552446
2022-12-26,12401.911716183036,955043.8999999999,967445.811716183,"{'510300': {'shares': 89100.0, 'price': 3.556, 'value': 316839.6, 'profit_pct': -1.6487388580411835}, '159915': {'shares': 139200.0, 'price': 2.262, 'value': 314870.4, 'profit_pct': -2.21807616874686}, '511260': {'shares': 1400.0, 'price': 114.904, 'value': 160865.6, 'profit_pct': 0.05422506403095514}, '518880': {'shares': 41100.0, 'price': 3.953, 'value': 162468.3, 'profit_pct': -0.17565851741786376}}",0.0067184923385053,0.9674458117161829,-25.30393382749503
2022-12-27,12401.911716183036,963917.2000000002,976319.1117161833,"{'510300': {'shares': 89100.0, 'price': 3.603, 'value': 321027.30000000005, 'profit_pct': -0.34882061460134123}, '159915': {'shares': 139200.0, 'price': 2.293, 'value': 319185.60000000003, 'profit_pct': -0.8780055945784861}, '511260': {'shares': 1400.0, 'price': 114.875, 'value': 160825.0, 'profit_pct': 0.02897291852813074}, '518880': {'shares': 41100.0, 'price': 3.963, 'value': 162879.30000000002, 'profit_pct': 0.07686954097471009}}",0.009171883213034526,0.9763191117161832,-24.618830232087706
2022-12-28,12401.911716183036,959296.5999999999,971698.5117161829,"{'510300': {'shares': 89100.0, 'price': 3.59, 'value': 319869.0, 'profit_pct': -0.7083724691698167}, '159915': {'shares': 139200.0, 'price': 2.267, 'value': 315566.39999999997, 'profit_pct': -2.001935753558418}, '511260': {'shares': 1400.0, 'price': 114.899, 'value': 160858.6, 'profit_pct': 0.04987124584081641}, '518880': {'shares': 41100.0, 'price': 3.966, 'value': 163002.6, 'profit_pct': 0.15262795849248337}}",-0.004732673922441366,0.9716985117161829,-24.97558472849143
2022-12-29,12401.911716183036,959567.3999999999,971969.311716183,"{'510300': {'shares': 89100.0, 'price': 3.578, 'value': 318799.8, 'profit_pct': -1.0402664887714776}, '159915': {'shares': 139200.0, 'price': 2.277, 'value': 316958.4, 'profit_pct': -1.5696549231815156}, '511260': {'shares': 1400.0, 'price': 115.038, 'value': 161053.19999999998, 'profit_pct': 0.1709073915267793}, '518880': {'shares': 41100.0, 'price': 3.96, 'value': 162756.0, 'profit_pct': 0.0011111234569368214}}",0.0002786872643467664,0.971969311716183,-24.9546763794402
2022-12-30,12401.911716183036,962566.7999999999,974968.711716183,"{'510300': {'shares': 89100.0, 'price': 3.594, 'value': 320225.39999999997, 'profit_pct': -0.5977411293025963}, '159915': {'shares': 139200.0, 'price': 2.279, 'value': 317236.8, 'profit_pct': -1.4831987571061462}, '511260': {'shares': 1400.0, 'price': 115.2, 'value': 161280.0, 'profit_pct': 0.3119711008874076}, '518880': {'shares': 41100.0, 'price': 3.986, 'value': 163824.6, 'profit_pct': 0.6576840752776199}}",0.0030858998981193597,0.974968711716183,-24.723094022925185
2023-01-03,4030.4251097131055,970844.7000000001,974875.1251097132,"{'510300': {'shares': 86400.0, 'price': 3.605, 'value': 311472.0, 'profit_pct': -0.09990009990008368}, '159915': {'shares': 136100.0, 'price': 2.289, 'value': 311532.9, 'profit_pct': -0.09990009990008958}, '511260': {'shares': 1500.0, 'price': 115.207, 'value': 172810.5, 'profit_pct': -0.09990009990008591}, '518880': {'shares': 43900.0, 'price': 3.987, 'value': 175029.30000000002, 'profit_pct': -0.09990009990008784}}",-9.598934339660747e-05,0.9748751251097132,-24.730319803702848
2023-01-04,4030.4251097131055,969089.5,973119.9251097131,"{'510300': {'shares': 86400.0, 'price': 3.61, 'value': 311904.0, 'profit_pct': 0.03865759760351935}, '159915': {'shares': 136100.0, 'price': 2.267, 'value': 308538.7, 'profit_pct': -1.060058333977076}, '511260': {'shares': 1500.0, 'price': 115.306, 'value': 172959.0, 'profit_pct': -0.014053667911489157}, '518880': {'shares': 43900.0, 'price': 4.002, 'value': 175687.8, 'profit_pct': 0.2759467770754493}}",-0.0018004357222700662,0.9731199251097131,-24.865838024732113
2023-01-05,4030.4251097131055,984102.9,988133.3251097131,"{'510300': {'shares': 86400.0, 'price': 3.685, 'value': 318384.0, 'profit_pct': 2.117023060157614}, '159915': {'shares': 136100.0, 'price': 2.33, 'value': 317113.0, 'profit_pct': 1.689485699970635}, '511260': {'shares': 1500.0, 'price': 115.308, 'value': 172962.0, 'profit_pct': -0.012319396558175955}, '518880': {'shares': 43900.0, 'price': 4.001, 'value': 175643.90000000002, 'profit_pct': 0.2508903186104269}}",0.015428108717748579,0.9881333251097131,-23.706660005360746
2023-01-06,4030.4251097131055,986709.2,990739.6251097131,"{'510300': {'shares': 86400.0, 'price': 3.701, 'value': 319766.4, 'profit_pct': 2.5604076921691536}, '159915': {'shares': 136100.0, 'price': 2.35, 'value': 319835.0, 'profit_pct': 2.5623568218587955}, '511260': {'shares': 1500.0, 'price': 115.158, 'value': 172737.0, 'profit_pct': -0.14238974805604984}, '518880': {'shares': 43900.0, 'price': 3.972, 'value': 174370.8, 'profit_pct': -0.47574697687563616}}",0.0026375995361866966,0.990739625109713,-23.505428727176756
2023-01-09,4030.4251097131055,992885.4,996915.8251097131,"{'510300': {'shares': 86400.0, 'price': 3.726, 'value': 321926.4, 'profit_pct': 3.253196179687181}, '159915': {'shares': 136100.0, 'price': 2.365, 'value': 321876.5, 'profit_pct': 3.2170101632749213}, '511260': {'shares': 1500.0, 'price': 115.216, 'value': 172824.0, 'profit_pct': -0.09209587881021349}, '518880': {'shares': 43900.0, 'price': 4.015, 'value': 176258.5, 'profit_pct': 0.6016807371209193}}",0.006233928515088971,0.9969158251097131,-23.028567038069593
2023-01-10,4030.4251097131055,998076.1,1002106.5251097131,"{'510300': {'shares': 86400.0, 'price': 3.732, 'value': 322444.80000000005, 'profit_pct': 3.419465416691515}, '159915': {'shares': 136100.0, 'price': 2.401, 'value': 326776.1, 'profit_pct': 4.78817818267359}, '511260': {'shares': 1500.0, 'price': 115.123, 'value': 172684.5, 'profit_pct': -0.17273949673888295}, '518880': {'shares': 43900.0, 'price': 4.013, 'value': 176170.69999999998, 'profit_pct': 0.5515678201908522}}",0.005206758553991886,1.002106525109713,-22.627795371082037
2023-01-11,4030.4251097131055,994724.2000000001,998754.6251097132,"{'510300': {'shares': 86400.0, 'price': 3.732, 'value': 322444.80000000005, 'profit_pct': 3.419465416691515}, '159915': {'shares': 136100.0, 'price': 2.374, 'value': 323101.4, 'profit_pct': 3.6098021681245887}, '511260': {'shares': 1500.0, 'price': 114.987, 'value': 172480.5, 'profit_pct': -0.29066994876362606}, '518880': {'shares': 43900.0, 'price': 4.025, 'value': 176697.50000000003, 'profit_pct': 0.8522453217712996}}",-0.003344853981100404,0.9987546251097131,-22.88659409776159
2023-01-12,4030.4251097131055,996116.0,1000146.4251097131,"{'510300': {'shares': 86400.0, 'price': 3.738, 'value': 322963.2, 'profit_pct': 3.5857346536958357}, '159915': {'shares': 136100.0, 'price': 2.382, 'value': 324190.2, 'profit_pct': 3.9589506168798527}, '511260': {'shares': 1500.0, 'price': 115.019, 'value': 172528.5, 'profit_pct': -0.2629216071107381}, '518880': {'shares': 43900.0, 'price': 4.019, 'value': 176434.1, 'profit_pct': 0.7019065709810759}}",0.001393535474088159,1.0001464251097132,-22.779133831109068
2023-01-13,4030.4251097131055,1006559.0,1010589.4251097131,"{'510300': {'shares': 86400.0, 'price': 3.8, 'value': 328320.0, 'profit_pct': 5.303850102740546}, '159915': {'shares': 136100.0, 'price': 2.417, 'value': 328953.69999999995, 'profit_pct': 5.486475080184119}, '511260': {'shares': 1500.0, 'price': 115.0, 'value': 172500.0, 'profit_pct': -0.27939718496713956}, '518880': {'shares': 43900.0, 'price': 4.027, 'value': 176785.30000000002, 'profit_pct': 0.9023582387013668}}",0.010441471106447775,1.0105894251097132,-21.972834388191732
2023-01-16,4030.4251097131055,1018806.4,1022836.8251097131,"{'510300': {'shares': 86400.0, 'price': 3.863, 'value': 333763.2, 'profit_pct': 7.049677091285986}, '159915': {'shares': 136100.0, 'price': 2.462, 'value': 335078.2, 'profit_pct': 7.450435104432495}, '511260': {'shares': 1500.0, 'price': 114.78, 'value': 172170.0, 'profit_pct': -0.47016703383067965}, '518880': {'shares': 43900.0, 'price': 4.05, 'value': 177795.0, 'profit_pct': 1.4786567833971949}}",0.012119066057583616,1.022836825109713,-21.027218013856206
2023-01-17,4030.4251097131055,1020295.5,1024325.9251097131,"{'510300': {'shares': 86400.0, 'price': 3.859, 'value': 333417.6, 'profit_pct': 6.938830933283101}, '159915': {'shares': 136100.0, 'price': 2.47, 'value': 336167.0, 'profit_pct': 7.79958355318776}, '511260': {'shares': 1500.0, 'price': 114.809, 'value': 172213.5, 'profit_pct': -0.4450200992077615}, '518880': {'shares': 43900.0, 'price': 4.066, 'value': 178497.4, 'profit_pct': 1.879560118837777}}",0.0014558529410009236,1.0243259251097132,-20.91224525694266
2023-01-18,4030.4251097131055,1018692.7000000001,1022723.1251097132,"{'510300': {'shares': 86400.0, 'price': 3.85, 'value': 332640.0, 'profit_pct': 6.689427077776612}, '159915': {'shares': 136100.0, 'price': 2.468, 'value': 335894.8, 'profit_pct': 7.712296440998934}, '511260': {'shares': 1500.0, 'price': 114.733, 'value': 172099.5, 'profit_pct': -0.5109224106333428}, '518880': {'shares': 43900.0, 'price': 4.056, 'value': 178058.4, 'profit_pct': 1.6289955341874187}}",-0.0015647363409534432,1.022723125109713,-21.035996740913543
2023-01-19,4030.4251097131055,1025394.0,1029424.4251097131,"{'510300': {'shares': 86400.0, 'price': 3.878, 'value': 335059.2, 'profit_pct': 7.465350183796807}, '159915': {'shares': 136100.0, 'price': 2.496, 'value': 339705.6, 'profit_pct': 8.934316011642359}, '511260': {'shares': 1500.0, 'price': 114.696, 'value': 172044.0, 'profit_pct': -0.5430064306694891}, '518880': {'shares': 43900.0, 'price': 4.068, 'value': 178585.19999999998, 'profit_pct': 1.929673035767844}}",0.006552408795177156,1.029424425109713,-20.518592311456306
2023-01-20,4030.4251097131055,1030537.0,1034567.4251097131,"{'510300': {'shares': 86400.0, 'price': 3.901, 'value': 337046.39999999997, 'profit_pct': 8.102715592313386}, '159915': {'shares': 136100.0, 'price': 2.507, 'value': 341202.7, 'profit_pct': 9.414395128680852}, '511260': {'shares': 1500.0, 'price': 114.836, 'value': 172254.0, 'profit_pct': -0.42160743593814426}, '518880': {'shares': 43900.0, 'price': 4.101, 'value': 180033.9, 'profit_pct': 2.7565361651140523}}",0.0049959956987146725,1.034567425109713,-20.12150354051655
2023-01-30,4030.4251097131055,1036049.7000000001,1040080.1251097132,"{'510300': {'shares': 86400.0, 'price': 3.925, 'value': 339120.0, 'profit_pct': 8.767792540330694}, '159915': {'shares': 136100.0, 'price': 2.533, 'value': 344741.3, 'profit_pct': 10.549127587135452}, '511260': {'shares': 1500.0, 'price': 114.916, 'value': 172374.0, 'profit_pct': -0.3522365818059489}, '518880': {'shares': 43900.0, 'price': 4.096, 'value': 179814.4, 'profit_pct': 2.6312538727888737}}",0.005328507225534906,1.0400801251097131,-19.69587039496733
2023-01-31,4030.4251097131055,1027468.4,1031498.8251097131,"{'510300': {'shares': 86400.0, 'price': 3.879, 'value': 335145.6, 'profit_pct': 7.493061723297526}, '159915': {'shares': 136100.0, 'price': 2.507, 'value': 341202.7, 'profit_pct': 9.414395128680852}, '511260': {'shares': 1500.0, 'price': 114.994, 'value': 172491.0, 'profit_pct': -0.2845999990270545}, '518880': {'shares': 43900.0, 'price': 4.069, 'value': 178629.1, 'profit_pct': 1.9547294942328888}}",-0.008250614344827323,1.031498825109713,-20.358428798635497
2023-02-01,15456.4107394733,1021111.3999999999,1036567.8107394732,"{'510300': {'shares': 85400.0, 'price': 3.91, 'value': 333914.0, 'profit_pct': -0.09990009990009628}, '159915': {'shares': 131600.0, 'price': 2.537, 'value': 333869.2, 'profit_pct': -0.09990009990009162}, '511260': {'shares': 1500.0, 'price': 115.004, 'value': 172506.0, 'profit_pct': -0.09990009990008669}, '518880': {'shares': 44200.0, 'price': 4.091, 'value': 180822.2, 'profit_pct': -0.0999000999000961}}",0.0049141942834698416,1.0365678107394731,-19.96705464471119
2023-02-02,15456.4107394733,1020145.4,1035601.8107394733,"{'510300': {'shares': 85400.0, 'price': 3.9, 'value': 333060.0, 'profit_pct': -0.3553990766267004}, '159915': {'shares': 131600.0, 'price': 2.524, 'value': 332158.4, 'profit_pct': -0.6118044352179035}, '511260': {'shares': 1500.0, 'price': 115.068, 'value': 172602.0, 'profit_pct': -0.04430545629111927}, '518880': {'shares': 44200.0, 'price': 4.125, 'value': 182325.0, 'profit_pct': 0.7303622801056182}}",-0.0009319216649326112,1.0356018107394733,-20.041639080396145
2023-02-03,15456.4107394733,1011084.0,1026540.4107394733,"{'510300': {'shares': 85400.0, 'price': 3.857, 'value': 329387.80000000005, 'profit_pct': -1.454044676551065}, '159915': {'shares': 131600.0, 'price': 2.5, 'value': 329000.0, 'profit_pct': -1.5568585927277183}, '511260': {'shares': 1500.0, 'price': 115.172, 'value': 172758.0, 'profit_pct': 0.046035839573462065}, '518880': {'shares': 44200.0, 'price': 4.071, 'value': 179938.19999999998, 'profit_pct': -0.5882897351975892}}",-0.008749888138501527,1.0265404107394733,-20.74126579418062
2023-02-06,15456.4107394733,999669.9,1015126.3107394733,"{'510300': {'shares': 85400.0, 'price': 3.8, 'value': 324520.0, 'profit_pct': -2.910388843892685}, '159915': {'shares': 131600.0, 'price': 2.468, 'value': 324788.8, 'profit_pct': -2.8169308027408047}, '511260': {'shares': 1500.0, 'price': 115.177, 'value': 172765.5, 'profit_pct': 0.05037917110542151}, '518880': {'shares': 44200.0, 'price': 4.018, 'value': 177595.59999999998, 'profit_pct': -1.8825222687359144}}",-0.01111899724607801,1.0151263107394732,-21.622543441542753
2023-02-07,15456.4107394733,999211.6,1014668.0107394733,"{'510300': {'shares': 85400.0, 'price': 3.81, 'value': 325374.0, 'profit_pct': -2.6548898671660806}, '159915': {'shares': 131600.0, 'price': 2.461, 'value': 323867.6, 'profit_pct': -3.0925715986811717}, '511260': {'shares': 1500.0, 'price': 115.152, 'value': 172728.0, 'profit_pct': 0.028662513445661283}, '518880': {'shares': 44200.0, 'price': 4.01, 'value': 177242.0, 'profit_pct': -2.0778781228549073}}",-0.0004514709107147352,1.0146680107394732,-21.6579285832347
2023-02-08,15456.4107394733,995831.9,1011288.3107394733,"{'510300': {'shares': 85400.0, 'price': 3.793, 'value': 323922.2, 'profit_pct': -3.0892381276012952}, '159915': {'shares': 131600.0, 'price': 2.447, 'value': 322025.2, 'profit_pct': -3.643853190561888}, '511260': {'shares': 1500.0, 'price': 115.095, 'value': 172642.5, 'profit_pct': -0.02085146601858266}, '518880': {'shares': 44200.0, 'price': 4.01, 'value': 177242.0, 'profit_pct': -2.0778781228549073}}",-0.0033308431568044305,1.0112883107394732,-21.918873735703116
2023-02-09,15456.4107394733,1006914.4,1022370.8107394733,"{'510300': {'shares': 85400.0, 'price': 3.847, 'value': 328533.8, 'profit_pct': -1.7095436532776693}, '159915': {'shares': 131600.0, 'price': 2.493, 'value': 328078.8, 'profit_pct': -1.8324993886680851}, '511260': {'shares': 1500.0, 'price': 115.108, 'value': 172662.0, 'profit_pct': -0.009558804035505365}, '518880': {'shares': 44200.0, 'price': 4.019, 'value': 177639.80000000002, 'profit_pct': -1.858102786971032}}",0.010958793731034255,1.0223708107394733,-21.063198778685845
2023-02-10,15456.4107394733,1000161.2999999999,1015617.7107394732,"{'510300': {'shares': 85400.0, 'price': 3.823, 'value': 326484.2, 'profit_pct': -2.3227411974215055}, '159915': {'shares': 131600.0, 'price': 2.465, 'value': 324394.0, 'profit_pct': -2.9350625724295356}, '511260': {'shares': 1500.0, 'price': 115.195, 'value': 172792.5, 'profit_pct': 0.06601516462043358}, '518880': {'shares': 44200.0, 'price': 3.993, 'value': 176490.6, 'profit_pct': -2.4930093128577644}}",-0.006605333338024044,1.0156177107394733,-21.584602663389962
2023-02-13,15456.4107394733,1007987.6,1023444.0107394733,"{'510300': {'shares': 85400.0, 'price': 3.855, 'value': 329217.0, 'profit_pct': -1.5051444718963904}, '159915': {'shares': 131600.0, 'price': 2.495, 'value': 328342.0, 'profit_pct': -1.7537448755422587}, '511260': {'shares': 1500.0, 'price': 115.222, 'value': 172833.0, 'profit_pct': 0.08946915489297018}, '518880': {'shares': 44200.0, 'price': 4.018, 'value': 177595.59999999998, 'profit_pct': -1.8825222687359144}}",0.007705950691133223,1.0234440107394733,-20.98033747808843
2023-02-14,15456.4107394733,1007995.6,1023452.0107394733,"{'510300': {'shares': 85400.0, 'price': 3.864, 'value': 329985.6, 'profit_pct': -1.2751953928424546}, '159915': {'shares': 131600.0, 'price': 2.49, 'value': 327684.0, 'profit_pct': -1.950631158356799}, '511260': {'shares': 1500.0, 'price': 115.242, 'value': 172863.0, 'profit_pct': 0.1068424810207833}, '518880': {'shares': 44200.0, 'price': 4.015, 'value': 177463.0, 'profit_pct': -1.9557807140305392}}",7.816744165722866e-06,1.0234520107394733,-20.979719801602425
2023-02-15,15456.4107394733,1002067.1,1017523.5107394733,"{'510300': {'shares': 85400.0, 'price': 3.836, 'value': 327594.39999999997, 'profit_pct': -1.9905925276769303}, '159915': {'shares': 131600.0, 'price': 2.468, 'value': 324788.8, 'profit_pct': -2.8169308027408047}, '511260': {'shares': 1500.0, 'price': 115.197, 'value': 172795.5, 'profit_pct': 0.0677524972332223}, '518880': {'shares': 44200.0, 'price': 4.002, 'value': 176888.4, 'profit_pct': -2.2732339769739003}}",-0.005792650693720813,1.0175235107394733,-21.43745668251168
2023-02-16,15456.4107394733,995351.5999999999,1010808.0107394732,"{'510300': {'shares': 85400.0, 'price': 3.807, 'value': 325117.8, 'profit_pct': -2.731539560184063}, '159915': {'shares': 131600.0, 'price': 2.436, 'value': 320577.6, 'profit_pct': -4.077003012753891}, '511260': {'shares': 1500.0, 'price': 115.208, 'value': 172812.0, 'profit_pct': 0.07730782660351088}, '518880': {'shares': 44200.0, 'price': 4.001, 'value': 176844.2, 'profit_pct': -2.2976534587387607}}",-0.006599847501429945,1.0108080107394732,-21.95595748773159
2023-02-17,15456.4107394733,982421.8,997878.2107394733,"{'510300': {'shares': 85400.0, 'price': 3.749, 'value': 320164.60000000003, 'profit_pct': -4.213433625198328}, '159915': {'shares': 131600.0, 'price': 2.378, 'value': 312944.8, 'profit_pct': -6.360883893402601}, '511260': {'shares': 1500.0, 'price': 115.244, 'value': 172866.0, 'profit_pct': 0.10857981363355967}, '518880': {'shares': 44200.0, 'price': 3.992, 'value': 176446.4, 'profit_pct': -2.517428794622636}}",-0.012791548803160802,0.9978782107394734,-22.954261666323227
2023-02-20,15456.4107394733,995432.4,1010888.8107394733,"{'510300': {'shares': 85400.0, 'price': 3.854, 'value': 329131.60000000003, 'profit_pct': -1.5306943695690476}, '159915': {'shares': 131600.0, 'price': 2.403, 'value': 316234.8, 'profit_pct': -5.376452479329882}, '511260': {'shares': 1500.0, 'price': 115.216, 'value': 172824.0, 'profit_pct': 0.08425715705462872}, '518880': {'shares': 44200.0, 'price': 4.01, 'value': 177242.0, 'profit_pct': -2.0778781228549073}}",0.01303826444948486,1.0108888107394733,-21.94971895522294
2023-02-21,15456.4107394733,994555.6,1010012.0107394733,"{'510300': {'shares': 85400.0, 'price': 3.859, 'value': 329558.6, 'profit_pct': -1.4029448812057512}, '159915': {'shares': 131600.0, 'price': 2.395, 'value': 315182.0, 'profit_pct': -5.691470531833154}, '511260': {'shares': 1500.0, 'price': 115.196, 'value': 172794.0, 'profit_pct': 0.06688383092682794}, '518880': {'shares': 44200.0, 'price': 4.005, 'value': 177021.0, 'profit_pct': -2.199975531679275}}",-0.0008673555297923352,1.0100120107394732,-22.017416298088964
2023-02-22,15456.4107394733,989337.2,1004793.6107394733,"{'510300': {'shares': 85400.0, 'price': 3.819, 'value': 326142.6, 'profit_pct': -2.4249407881121448}, '159915': {'shares': 131600.0, 'price': 2.377, 'value': 312813.19999999995, 'profit_pct': -6.400261149965523}, '511260': {'shares': 1500.0, 'price': 115.22, 'value': 172830.0, 'profit_pct': 0.0877318222801938}, '518880': {'shares': 44200.0, 'price': 4.017, 'value': 177551.40000000002, 'profit_pct': -1.9069417505007749}}",-0.005166671232136544,1.0047936107394733,-22.420326669909308
2023-02-23,15456.4107394733,990002.7,1005459.1107394733,"{'510300': {'shares': 85400.0, 'price': 3.819, 'value': 326142.6, 'profit_pct': -2.4249407881121448}, '159915': {'shares': 131600.0, 'price': 2.385, 'value': 313866.0, 'profit_pct': -6.085243097462252}, '511260': {'shares': 1500.0, 'price': 115.227, 'value': 172840.5, 'profit_pct': 0.09381248642492963}, '518880': {'shares': 44200.0, 'price': 4.008, 'value': 177153.6, 'profit_pct': -2.12671708638465}}",0.0006623250714246076,1.0054591107394732,-22.36894370722986
2023-02-24,15456.4107394733,983537.8999999999,998994.3107394732,"{'510300': {'shares': 85400.0, 'price': 3.78, 'value': 322812.0, 'profit_pct': -3.4213867973458814}, '159915': {'shares': 131600.0, 'price': 2.357, 'value': 310181.2, 'profit_pct': -7.187806281223685}, '511260': {'shares': 1500.0, 'price': 115.211, 'value': 172816.5, 'profit_pct': 0.0799138255226816}, '518880': {'shares': 44200.0, 'price': 4.021, 'value': 177728.19999999998, 'profit_pct': -1.8092638234412892}}",-0.006429699558090918,0.9989943107394732,-22.868088075569617
2023-02-27,15456.4107394733,979497.5,994953.9107394733,"{'510300': {'shares': 85400.0, 'price': 3.765, 'value': 321531.0, 'profit_pct': -3.804635262435771}, '159915': {'shares': 131600.0, 'price': 2.34, 'value': 307944.0, 'profit_pct': -7.857219642793149}, '511260': {'shares': 1500.0, 'price': 115.187, 'value': 172780.5, 'profit_pct': 0.05906583416931574}, '518880': {'shares': 44200.0, 'price': 4.01, 'value': 177242.0, 'profit_pct': -2.0778781228549073}}",-0.00404446747750653,0.9949539107394733,-23.18004558482588
2023-02-28,15456.4107394733,984413.8,999870.2107394733,"{'510300': {'shares': 85400.0, 'price': 3.791, 'value': 323751.39999999997, 'profit_pct': -3.1403379229466206}, '159915': {'shares': 131600.0, 'price': 2.359, 'value': 310444.4, 'profit_pct': -7.109051768097875}, '511260': {'shares': 1500.0, 'price': 115.17, 'value': 172755.0, 'profit_pct': 0.044298506960685685}, '518880': {'shares': 44200.0, 'price': 4.015, 'value': 177463.0, 'profit_pct': -1.9557807140305392}}",0.0049412339073537925,0.9998702107394734,-22.80046022130825
2023-03-01,8137.357298553543,995695.9,1003833.2572985536,"{'510300': {'shares': 87400.0, 'price': 3.84, 'value': 335616.0, 'profit_pct': -0.09990009990008429}, '159915': {'shares': 141500.0, 'price': 2.372, 'value': 335638.0, 'profit_pct': -0.09990009990009227}, '511260': {'shares': 1400.0, 'price': 115.191, 'value': 161267.4, 'profit_pct': -0.09990009990008396}, '518880': {'shares': 40500.0, 'price': 4.029, 'value': 163174.5, 'profit_pct': -0.09990009990007939}}",0.003963560986729675,1.0038332572985535,-22.49447513724794
2023-03-02,8137.357298553543,991559.3,999696.6572985536,"{'510300': {'shares': 87400.0, 'price': 3.835, 'value': 335179.0, 'profit_pct': -0.2299783549783366}, '159915': {'shares': 141500.0, 'price': 2.347, 'value': 332100.5, 'profit_pct': -1.1528100904154754}, '511260': {'shares': 1400.0, 'price': 115.162, 'value': 161226.80000000002, 'profit_pct': -0.1250505274256939}, '518880': {'shares': 40500.0, 'price': 4.026, 'value': 163053.0, 'profit_pct': -0.17428587793440828}}",-0.004120803898380654,0.9996966572985536,-22.813860206248403
2023-03-03,8137.357298553543,993757.2,1001894.5572985535,"{'510300': {'shares': 87400.0, 'price': 3.844, 'value': 335965.6, 'profit_pct': 0.0041625041625198795}, '159915': {'shares': 141500.0, 'price': 2.352, 'value': 332808.0, 'profit_pct': -0.9422280923124025}, '511260': {'shares': 1400.0, 'price': 115.144, 'value': 161201.6, 'profit_pct': -0.14066113761400606}, '518880': {'shares': 40500.0, 'price': 4.044, 'value': 163781.99999999997, 'profit_pct': 0.2720287902715431}}",0.002198566919228595,1.0018945572985536,-22.644161312674914
2023-03-06,8137.357298553543,994161.8,1002299.1572985536,"{'510300': {'shares': 87400.0, 'price': 3.819, 'value': 333780.6, 'profit_pct': -0.6462287712287533}, '159915': {'shares': 141500.0, 'price': 2.361, 'value': 334081.50000000006, 'profit_pct': -0.5631804957268489}, '511260': {'shares': 1400.0, 'price': 115.303, 'value': 161424.19999999998, 'profit_pct': -0.0027674142839276025}, '518880': {'shares': 40500.0, 'price': 4.071, 'value': 164875.5, 'profit_pct': 0.941500792580481}}",0.0004038349116208817,1.0022991572985536,-22.612922324395257
2023-03-07,8137.357298553543,982640.8,990778.1572985536,"{'510300': {'shares': 87400.0, 'price': 3.762, 'value': 328798.8, 'profit_pct': -2.12912087912086}, '159915': {'shares': 141500.0, 'price': 2.312, 'value': 327148.0, 'profit_pct': -2.6268840771370234}, '511260': {'shares': 1400.0, 'price': 115.44, 'value': 161616.0, 'profit_pct': 0.11604667437155533}, '518880': {'shares': 40500.0, 'price': 4.076, 'value': 165077.99999999997, 'profit_pct': 1.0654770893043553}}",-0.011494572170500428,0.9907781572985536,-23.502453673801615
2023-03-08,8137.357298553543,979109.9,987247.2572985536,"{'510300': {'shares': 87400.0, 'price': 3.746, 'value': 327400.4, 'profit_pct': -2.5453712953712766}, '159915': {'shares': 141500.0, 'price': 2.308, 'value': 326582.0, 'profit_pct': -2.795349675619485}, '511260': {'shares': 1400.0, 'price': 115.565, 'value': 161791.0, 'profit_pct': 0.22445368956816347}, '518880': {'shares': 40500.0, 'price': 4.033, 'value': 163336.50000000003, 'profit_pct': -0.0007190625209668589}}",-0.003563764475417286,0.9872472572985536,-23.77507291185552
2023-03-09,8137.357298553543,977525.6000000001,985662.9572985537,"{'510300': {'shares': 87400.0, 'price': 3.736, 'value': 326526.4, 'profit_pct': -2.8055278055277815}, '159915': {'shares': 141500.0, 'price': 2.303, 'value': 325874.5, 'profit_pct': -3.005931673722558}, '511260': {'shares': 1400.0, 'price': 115.563, 'value': 161788.2, 'profit_pct': 0.22271917732502178}, '518880': {'shares': 40500.0, 'price': 4.033, 'value': 163336.50000000003, 'profit_pct': -0.0007190625209668589}}",-0.0016047651571452493,0.9856629572985537,-23.89739601895251
2023-03-10,8137.357298553543,973489.7,981627.0572985535,"{'510300': {'shares': 87400.0, 'price': 3.681, 'value': 321719.4, 'profit_pct': -4.236388611388592}, '159915': {'shares': 141500.0, 'price': 2.3, 'value': 325450.0, 'profit_pct': -3.1322808725844093}, '511260': {'shares': 1400.0, 'price': 115.607, 'value': 161849.8, 'profit_pct': 0.2608784466742252}, '518880': {'shares': 40500.0, 'price': 4.061, 'value': 164470.5, 'profit_pct': 0.6935481991327328}}",-0.004094604519846667,0.9816270572985535,-24.209006085185415
2023-03-13,8137.357298553543,976685.8,984823.1572985536,"{'510300': {'shares': 87400.0, 'price': 3.725, 'value': 325565.0, 'profit_pct': -3.0916999666999456}, '159915': {'shares': 141500.0, 'price': 2.287, 'value': 323610.5, 'profit_pct': -3.679794067652406}, '511260': {'shares': 1400.0, 'price': 115.647, 'value': 161905.80000000002, 'profit_pct': 0.2955686915371452}, '518880': {'shares': 40500.0, 'price': 4.089, 'value': 165604.50000000003, 'profit_pct': 1.3878154607864546}}",0.0032559208471654166,0.9848231572985536,-23.962236608070775
2023-03-14,8137.357298553543,975145.4,983282.7572985536,"{'510300': {'shares': 87400.0, 'price': 3.7, 'value': 323380.0, 'profit_pct': -3.742091242091219}, '159915': {'shares': 141500.0, 'price': 2.276, 'value': 322054.0, 'profit_pct': -4.143074463479182}, '511260': {'shares': 1400.0, 'price': 115.686, 'value': 161960.40000000002, 'profit_pct': 0.32939168027848825}, '518880': {'shares': 40500.0, 'price': 4.142, 'value': 167751.0, 'profit_pct': 2.701964206059547}}",-0.0015641386868130436,0.9832827572985536,-24.08117021545082
2023-03-15,8137.357298553543,973734.4999999999,981871.8572985535,"{'510300': {'shares': 87400.0, 'price': 3.699, 'value': 323292.6, 'profit_pct': -3.768106893106878}, '159915': {'shares': 141500.0, 'price': 2.268, 'value': 320921.99999999994, 'profit_pct': -4.480005660444106}, '511260': {'shares': 1400.0, 'price': 115.636, 'value': 161890.4, 'profit_pct': 0.28602887419983514}, '518880': {'shares': 40500.0, 'price': 4.139, 'value': 167629.5, 'profit_pct': 2.6275784280252177}}",-0.0014348873602506584,0.9818718572985534,-24.190105184713694
2023-03-16,8137.357298553543,966342.8999999999,974480.2572985535,"{'510300': {'shares': 87400.0, 'price': 3.653, 'value': 319272.2, 'profit_pct': -4.964826839826821}, '159915': {'shares': 141500.0, 'price': 2.233, 'value': 315969.5, 'profit_pct': -5.954079647165635}, '511260': {'shares': 1400.0, 'price': 115.753, 'value': 162054.2, 'profit_pct': 0.3874978404238642}, '518880': {'shares': 40500.0, 'price': 4.174, 'value': 169047.00000000003, 'profit_pct': 3.4954125050923595}}",-0.007528069925882841,0.9744802572985535,-24.760807373956993
2023-03-17,8137.357298553543,968549.2,976686.5572985535,"{'510300': {'shares': 87400.0, 'price': 3.674, 'value': 321107.6, 'profit_pct': -4.418498168498152}, '159915': {'shares': 141500.0, 'price': 2.228, 'value': 315262.0, 'profit_pct': -6.1646616452687075}, '511260': {'shares': 1400.0, 'price': 115.829, 'value': 162160.59999999998, 'profit_pct': 0.45340930566339627}, '518880': {'shares': 40500.0, 'price': 4.198, 'value': 170019.00000000003, 'profit_pct': 4.090498729366968}}",0.0022640787060339562,0.9766865572985535,-24.590459920073194
2023-03-20,8137.357298553543,971619.7000000001,979757.0572985536,"{'510300': {'shares': 87400.0, 'price': 3.652, 'value': 319184.8, 'profit_pct': -4.990842490842469}, '159915': {'shares': 141500.0, 'price': 2.226, 'value': 314979.0, 'profit_pct': -6.248894444509948}, '511260': {'shares': 1400.0, 'price': 115.866, 'value': 162212.4, 'profit_pct': 0.48549778216159756}, '518880': {'shares': 40500.0, 'price': 4.327, 'value': 175243.5, 'profit_pct': 7.289087184842978}}",0.0031437926293291785,0.9797570572985537,-24.35338796378881
2023-03-21,8137.357298553543,978995.1,987132.4572985535,"{'510300': {'shares': 87400.0, 'price': 3.695, 'value': 322943.0, 'profit_pct': -3.872169497169483}, '159915': {'shares': 141500.0, 'price': 2.265, 'value': 320497.5, 'profit_pct': -4.606354859305938}, '511260': {'shares': 1400.0, 'price': 115.694, 'value': 161971.6, 'profit_pct': 0.3363297292510673}, '518880': {'shares': 40500.0, 'price': 4.286, 'value': 173582.99999999997, 'profit_pct': 6.27248155170718}}",0.0075277845105150565,0.9871324572985536,-23.783936569429677
2023-03-22,8137.357298553543,978794.2999999999,986931.6572985535,"{'510300': {'shares': 87400.0, 'price': 3.713, 'value': 324516.2, 'profit_pct': -3.4038877788877584}, '159915': {'shares': 141500.0, 'price': 2.27, 'value': 321205.0, 'profit_pct': -4.3957728612028655}, '511260': {'shares': 1400.0, 'price': 115.744, 'value': 162041.6, 'profit_pct': 0.37969253532970815}, '518880': {'shares': 40500.0, 'price': 4.223, 'value': 171031.5, 'profit_pct': 4.7103802129863395}}",-0.00020341748315066965,0.9869316572985535,-23.799440249228375
2023-03-23,8137.357298553543,985843.8999999999,993981.2572985535,"{'510300': {'shares': 87400.0, 'price': 3.751, 'value': 327837.39999999997, 'profit_pct': -2.4152930402930246}, '159915': {'shares': 141500.0, 'price': 2.288, 'value': 323752.0, 'profit_pct': -3.6376776680317953}, '511260': {'shares': 1400.0, 'price': 115.72, 'value': 162008.0, 'profit_pct': 0.35887838841195857}, '518880': {'shares': 40500.0, 'price': 4.253, 'value': 172246.5, 'profit_pct': 5.454237993329606}}",0.007142946472399325,0.9939812572985535,-23.25514372976174
2023-03-24,8137.357298553543,987518.2000000001,995655.5572985536,"{'510300': {'shares': 87400.0, 'price': 3.746, 'value': 327400.4, 'profit_pct': -2.5453712953712766}, '159915': {'shares': 141500.0, 'price': 2.297, 'value': 325025.5, 'profit_pct': -3.258630071446242}, '511260': {'shares': 1400.0, 'price': 115.682, 'value': 161954.80000000002, 'profit_pct': 0.32592265579219254}, '518880': {'shares': 40500.0, 'price': 4.275, 'value': 173137.5, 'profit_pct': 5.99973369891467}}",0.001684438200123095,0.9956555572985536,-23.125871762197193
2023-03-27,8137.357298553543,988240.5,996377.8572985536,"{'510300': {'shares': 87400.0, 'price': 3.725, 'value': 325565.0, 'profit_pct': -3.0916999666999456}, '159915': {'shares': 141500.0, 'price': 2.323, 'value': 328704.5, 'profit_pct': -2.163603681310248}, '511260': {'shares': 1400.0, 'price': 115.72, 'value': 162008.0, 'profit_pct': 0.35887838841195857}, '518880': {'shares': 40500.0, 'price': 4.246, 'value': 171963.00000000003, 'profit_pct': 5.280671177916187}}",0.0007254516832706503,0.9963778572985535,-23.070103296467124
2023-03-28,8137.357298553543,983142.1000000001,991279.4572985537,"{'510300': {'shares': 87400.0, 'price': 3.717, 'value': 324865.8, 'profit_pct': -3.299825174825154}, '159915': {'shares': 141500.0, 'price': 2.298, 'value': 325167.0, 'profit_pct': -3.216513671825631}, '511260': {'shares': 1400.0, 'price': 115.712, 'value': 161996.80000000002, 'profit_pct': 0.35194033943937947}, '518880': {'shares': 40500.0, 'price': 4.225, 'value': 171112.5, 'profit_pct': 4.759970731675884}}",-0.0051169342661057104,0.9912794572985537,-23.463748520997395
2023-03-29,8137.357298553543,983713.1000000001,991850.4572985537,"{'510300': {'shares': 87400.0, 'price': 3.717, 'value': 324865.8, 'profit_pct': -3.299825174825154}, '159915': {'shares': 141500.0, 'price': 2.297, 'value': 325025.5, 'profit_pct': -3.258630071446242}, '511260': {'shares': 1400.0, 'price': 115.787, 'value': 162101.80000000002, 'profit_pct': 0.4169845485573469}, '518880': {'shares': 40500.0, 'price': 4.24, 'value': 171720.0, 'profit_pct': 5.131899621847529}}",0.0005760232352196581,0.9918504572985537,-23.419661861808873
2023-03-30,8137.357298553543,989888.5,998025.8572985536,"{'510300': {'shares': 87400.0, 'price': 3.76, 'value': 328624.0, 'profit_pct': -2.1811521811521675}, '159915': {'shares': 141500.0, 'price': 2.313, 'value': 327289.5, 'profit_pct': -2.5847676775163935}, '511260': {'shares': 1400.0, 'price': 115.665, 'value': 161931.0, 'profit_pct': 0.3111793017254574}, '518880': {'shares': 40500.0, 'price': 4.248, 'value': 172044.0, 'profit_pct': 5.330261696605732}}",0.006226140195387364,0.9980258572985535,-22.942861940350323
2023-03-31,8137.357298553543,994155.6,1002292.9572985535,"{'510300': {'shares': 87400.0, 'price': 3.77, 'value': 329498.0, 'profit_pct': -1.9209956709956517}, '159915': {'shares': 141500.0, 'price': 2.327, 'value': 329270.5, 'profit_pct': -1.9951380828277858}, '511260': {'shares': 1400.0, 'price': 115.719, 'value': 162006.6, 'profit_pct': 0.35801113229038156}, '518880': {'shares': 40500.0, 'price': 4.281, 'value': 173380.5, 'profit_pct': 6.148505254983306}}",0.00427554052712642,1.0022929572985535,-22.61340102367192
2023-04-03,11748.090339273622,993694.5,1005442.5903392737,"{'510300': {'shares': 90300.0, 'price': 3.8, 'value': 343140.0, 'profit_pct': -0.09990009990008891}, '159915': {'shares': 145000.0, 'price': 2.366, 'value': 343070.0, 'profit_pct': -0.09990009990009432}, '511260': {'shares': 1300.0, 'price': 115.741, 'value': 150463.3, 'profit_pct': -0.09990009990009979}, '518880': {'shares': 37200.0, 'price': 4.221, 'value': 157021.2, 'profit_pct': -0.09990009990008487}}",0.003142427588445962,1.0054425903392736,-22.370219240072696
2023-04-04,11748.090339273622,995022.0,1006770.0903392737,"{'510300': {'shares': 90300.0, 'price': 3.82, 'value': 344946.0, 'profit_pct': 0.42588989957412166}, '159915': {'shares': 145000.0, 'price': 2.35, 'value': 340750.0, 'profit_pct': -0.7754713587342447}, '511260': {'shares': 1300.0, 'price': 115.784, 'value': 150519.2, 'profit_pct': -0.0627852979223656}, '518880': {'shares': 37200.0, 'price': 4.269, 'value': 158806.80000000002, 'profit_pct': 1.0361351512737602}}",0.0013203140713902162,1.0067700903392738,-22.26772354817642
2023-04-06,11748.090339273622,996814.8999999999,1008562.9903392736,"{'510300': {'shares': 90300.0, 'price': 3.808, 'value': 343862.39999999997, 'profit_pct': 0.1104158998895953}, '159915': {'shares': 145000.0, 'price': 2.354, 'value': 341330.0, 'profit_pct': -0.6065785440257071}, '511260': {'shares': 1300.0, 'price': 115.805, 'value': 150546.5, 'profit_pct': -0.04465946439835789}, '518880': {'shares': 37200.0, 'price': 4.33, 'value': 161076.0, 'profit_pct': 2.4798466163071855}}",0.0017808435284323298,1.0085629903392737,-22.12929452670688
2023-04-07,11748.090339273622,1001640.8,1013388.8903392737,"{'510300': {'shares': 90300.0, 'price': 3.837, 'value': 346481.10000000003, 'profit_pct': 0.8728113991272093}, '159915': {'shares': 145000.0, 'price': 2.369, 'value': 343505.00000000006, 'profit_pct': 0.02676951113131355}, '511260': {'shares': 1300.0, 'price': 115.887, 'value': 150653.1, 'profit_pct': 0.026117599838235504}, '518880': {'shares': 37200.0, 'price': 4.328, 'value': 161001.6, 'profit_pct': 2.4325118141749473}}",0.004784926718733429,1.0133888903392738,-21.75668890748109
2023-04-10,11748.090339273622,998707.1,1010455.1903392735,"{'510300': {'shares': 90300.0, 'price': 3.822, 'value': 345126.6, 'profit_pct': 0.47846889952154853}, '159915': {'shares': 145000.0, 'price': 2.368, 'value': 343360.0, 'profit_pct': -0.015453692545834914}, '511260': {'shares': 1300.0, 'price': 115.957, 'value': 150744.1, 'profit_pct': 0.08653704491825305}, '518880': {'shares': 37200.0, 'price': 4.287, 'value': 159476.4, 'profit_pct': 1.4621483704639469}}",-0.0028949399662532294,1.0104551903392736,-21.983198595854812
2023-04-11,11748.090339273622,997838.5999999999,1009586.6903392735,"{'510300': {'shares': 90300.0, 'price': 3.812, 'value': 344223.6, 'profit_pct': 0.21557389978443744}, '159915': {'shares': 145000.0, 'price': 2.362, 'value': 342490.0, 'profit_pct': -0.2687929146086319}, '511260': {'shares': 1300.0, 'price': 115.966, 'value': 150755.8, 'profit_pct': 0.09430525928568494}, '518880': {'shares': 37200.0, 'price': 4.311, 'value': 160369.2, 'profit_pct': 2.030165996050869}}",-0.0008595136214881727,1.0095866903392736,-22.050255099366613
2023-04-12,11748.090339273622,997450.8999999999,1009198.9903392736,"{'510300': {'shares': 90300.0, 'price': 3.808, 'value': 343862.39999999997, 'profit_pct': 0.1104158998895953}, '159915': {'shares': 145000.0, 'price': 2.353, 'value': 341185.00000000006, 'profit_pct': -0.6488017477028368}, '511260': {'shares': 1300.0, 'price': 116.091, 'value': 150918.3, 'profit_pct': 0.2021971255000125}, '518880': {'shares': 37200.0, 'price': 4.341, 'value': 161485.2, 'profit_pct': 2.740188028034528}}",-0.00038401853323721813,1.0091989903392735,-22.08018924606957
2023-04-13,11748.090339273622,992373.3999999999,1004121.4903392736,"{'510300': {'shares': 90300.0, 'price': 3.783, 'value': 341604.89999999997, 'profit_pct': -0.546821599453165}, '159915': {'shares': 145000.0, 'price': 2.332, 'value': 338140.0, 'profit_pct': -1.5354890249226734}, '511260': {'shares': 1300.0, 'price': 116.121, 'value': 150957.3, 'profit_pct': 0.22809117339145213}, '518880': {'shares': 37200.0, 'price': 4.346, 'value': 161671.2, 'profit_pct': 2.8585250333651344}}",-0.005031217875369642,1.0041214903392737,-22.472220790780174
2023-04-14,11748.090339273622,998270.7,1010018.7903392736,"{'510300': {'shares': 90300.0, 'price': 3.804, 'value': 343501.2, 'profit_pct': 0.005257899994753196}, '159915': {'shares': 145000.0, 'price': 2.355, 'value': 341475.0, 'profit_pct': -0.5643553403485774}, '511260': {'shares': 1300.0, 'price': 116.061, 'value': 150879.30000000002, 'profit_pct': 0.17630307760858516}, '518880': {'shares': 37200.0, 'price': 4.366, 'value': 162415.19999999998, 'profit_pct': 3.3318730546875592}}",0.005873094099407616,1.0100187903392737,-22.016892848166314
2023-04-17,11748.090339273622,1003511.2,1015259.2903392736,"{'510300': {'shares': 90300.0, 'price': 3.865, 'value': 349009.5, 'profit_pct': 1.608917398391104}, '159915': {'shares': 145000.0, 'price': 2.364, 'value': 342780.0, 'profit_pct': -0.1843465072543725}, '511260': {'shares': 1300.0, 'price': 116.053, 'value': 150868.9, 'profit_pct': 0.16939799817085976}, '518880': {'shares': 37200.0, 'price': 4.324, 'value': 160852.8, 'profit_pct': 2.3378422099104497}}",0.005188517332672227,1.0152592903392736,-21.61227614505339
2023-04-18,11748.090339273622,1002022.9,1013770.9903392736,"{'510300': {'shares': 90300.0, 'price': 3.872, 'value': 349641.6, 'profit_pct': 1.7929438982070691}, '159915': {'shares': 145000.0, 'price': 2.354, 'value': 341330.0, 'profit_pct': -0.6065785440257071}, '511260': {'shares': 1300.0, 'price': 116.081, 'value': 150905.30000000002, 'profit_pct': 0.19356577620287416}, '518880': {'shares': 37200.0, 'price': 4.305, 'value': 160146.0, 'profit_pct': 1.8881615896541335}}",-0.0014659309342568427,1.0137709903392735,-21.72718713431835
2023-04-19,11748.090339273622,996721.2,1008469.2903392736,"{'510300': {'shares': 90300.0, 'price': 3.839, 'value': 346661.7, 'profit_pct': 0.9253903990746246}, '159915': {'shares': 145000.0, 'price': 2.339, 'value': 339155.0, 'profit_pct': -1.2399265991827277}, '511260': {'shares': 1300.0, 'price': 116.197, 'value': 151056.1, 'profit_pct': 0.2936894280497699}, '518880': {'shares': 37200.0, 'price': 4.297, 'value': 159848.4, 'profit_pct': 1.6988223811251595}}",-0.005229682098346178,1.0084692903392736,-22.136529062549194
2023-04-20,11748.090339273622,991942.2999999999,1003690.3903392735,"{'510300': {'shares': 90300.0, 'price': 3.823, 'value': 345216.9, 'profit_pct': 0.5047583994952561}, '159915': {'shares': 145000.0, 'price': 2.314, 'value': 335530.0, 'profit_pct': -2.295506691111083}, '511260': {'shares': 1300.0, 'price': 116.106, 'value': 150937.8, 'profit_pct': 0.21514414944573232}, '518880': {'shares': 37200.0, 'price': 4.308, 'value': 160257.6, 'profit_pct': 1.9591637928525016}}",-0.00473876601477119,1.0036903903392735,-22.505505832419715
2023-04-21,11748.090339273622,978299.7999999999,990047.8903392735,"{'510300': {'shares': 90300.0, 'price': 3.75, 'value': 338625.0, 'profit_pct': -1.4143750985856094}, '159915': {'shares': 145000.0, 'price': 2.269, 'value': 329005.0, 'profit_pct': -4.195550856582127}, '511260': {'shares': 1300.0, 'price': 116.274, 'value': 151156.2, 'profit_pct': 0.36015081763779405}, '518880': {'shares': 37200.0, 'price': 4.288, 'value': 159513.6, 'profit_pct': 1.4858157715300766}}",-0.01359233896360057,0.9900478903392735,-23.558837264958232
2023-04-24,11748.090339273622,968344.2,980092.2903392736,"{'510300': {'shares': 90300.0, 'price': 3.699, 'value': 334019.7, 'profit_pct': -2.7551395972448494}, '159915': {'shares': 145000.0, 'price': 2.234, 'value': 323930.0, 'profit_pct': -5.673362985281835}, '511260': {'shares': 1300.0, 'price': 116.377, 'value': 151290.1, 'profit_pct': 0.44905371539839517}, '518880': {'shares': 37200.0, 'price': 4.277, 'value': 159104.4, 'profit_pct': 1.2254743598027342}}",-0.010055675182125023,0.9800922903392736,-24.32750476796577
2023-04-25,11748.090339273622,962153.7999999999,973901.8903392735,"{'510300': {'shares': 90300.0, 'price': 3.68, 'value': 332304.0, 'profit_pct': -3.2546400967453404}, '159915': {'shares': 145000.0, 'price': 2.193, 'value': 317985.0, 'profit_pct': -7.404514336044341}, '511260': {'shares': 1300.0, 'price': 116.392, 'value': 151309.6, 'profit_pct': 0.462000739344115}, '518880': {'shares': 37200.0, 'price': 4.316, 'value': 160555.19999999998, 'profit_pct': 2.1485030013814757}}",-0.006316139878885574,0.9739018903392735,-24.8054628328356
2023-04-26,11748.090339273622,966448.9,978196.9903392736,"{'510300': {'shares': 90300.0, 'price': 3.671, 'value': 331491.3, 'profit_pct': -3.4912455965087443}, '159915': {'shares': 145000.0, 'price': 2.226, 'value': 322770.0, 'profit_pct': -6.01114861469891}, '511260': {'shares': 1300.0, 'price': 116.44, 'value': 151372.0, 'profit_pct': 0.5034312159704183}, '518880': {'shares': 37200.0, 'price': 4.323, 'value': 160815.6, 'profit_pct': 2.3141748088443412}}",0.0044101978265016495,0.9781969903392735,-24.473840048456175
2023-04-27,11748.090339273622,972129.7000000001,983877.7903392736,"{'510300': {'shares': 90300.0, 'price': 3.706, 'value': 334651.8, 'profit_pct': -2.571113097428873}, '159915': {'shares': 145000.0, 'price': 2.24, 'value': 324800.00000000006, 'profit_pct': -5.420023763219019}, '511260': {'shares': 1300.0, 'price': 116.531, 'value': 151490.30000000002, 'profit_pct': 0.5819764945744559}, '518880': {'shares': 37200.0, 'price': 4.333, 'value': 161187.6, 'profit_pct': 2.550848819505554}}",0.00580741921729877,0.9838777903392736,-24.0352279757448
2023-04-28,11748.090339273622,976634.9,988382.9903392736,"{'510300': {'shares': 90300.0, 'price': 3.745, 'value': 338173.5, 'profit_pct': -1.5458225984541591}, '159915': {'shares': 145000.0, 'price': 2.255, 'value': 326975.0, 'profit_pct': -4.786675708062018}, '511260': {'shares': 1300.0, 'price': 116.616, 'value': 151600.8, 'profit_pct': 0.6553429636001932}, '518880': {'shares': 37200.0, 'price': 4.298, 'value': 159885.6, 'profit_pct': 1.7224897821912892}}",0.004579023984723207,0.9883829903392736,-23.687383462651713
2023-05-04,2825.8679470737698,983271.8,986097.6679470738,"{'510300': {'shares': 90300.0, 'price': 3.745, 'value': 338173.5, 'profit_pct': -0.09990009990008507}, '159915': {'shares': 151800.0, 'price': 2.23, 'value': 338514.0, 'profit_pct': -0.09990009990009786}, '511260': {'shares': 1300.0, 'price': 116.831, 'value': 151880.30000000002, 'profit_pct': -0.09990009990007971}, '518880': {'shares': 35200.0, 'price': 4.395, 'value': 154703.99999999997, 'profit_pct': -0.0999000999000932}}",-0.002312183044970606,0.9860976679470738,-23.86383220072671
2023-05-05,2825.8679470737698,978541.9,981367.7679470738,"{'510300': {'shares': 90300.0, 'price': 3.729, 'value': 336728.7, 'profit_pct': -0.5267096054812866}, '159915': {'shares': 151800.0, 'price': 2.202, 'value': 334263.6, 'profit_pct': -1.3542511300358824}, '511260': {'shares': 1300.0, 'price': 117.032, 'value': 152141.6, 'profit_pct': 0.0719714074902484}, '518880': {'shares': 35200.0, 'price': 4.415, 'value': 155408.0, 'profit_pct': 0.3547078632403037}}",-0.004796583699307466,0.9813677679470738,-24.229025702120445
2023-05-08,2825.8679470737698,982451.8,985277.6679470738,"{'510300': {'shares': 90300.0, 'price': 3.774, 'value': 340792.2, 'profit_pct': 0.6736921289658399}, '159915': {'shares': 151800.0, 'price': 2.213, 'value': 335933.4, 'profit_pct': -0.8614703681968193}, '511260': {'shares': 1300.0, 'price': 116.902, 'value': 151972.6, 'profit_pct': -0.0391892689313566}, '518880': {'shares': 35200.0, 'price': 4.368, 'value': 153753.6, 'profit_pct': -0.7136208501395978}}",0.00398413329610281,0.9852776679470738,-23.927144040542103
2023-05-09,2825.8679470737698,974746.9,977572.7679470738,"{'510300': {'shares': 90300.0, 'price': 3.739, 'value': 337631.7, 'profit_pct': -0.2599536644930416}, '159915': {'shares': 151800.0, 'price': 2.18, 'value': 330924.0, 'profit_pct': -2.339812653713989}, '511260': {'shares': 1300.0, 'price': 117.016, 'value': 152120.80000000002, 'profit_pct': 0.0582900934691349}, '518880': {'shares': 35200.0, 'price': 4.377, 'value': 154070.4, 'profit_pct': -0.5090472667264363}}",-0.007820029064551925,0.9775727679470738,-24.522035985168532
2023-05-10,2825.8679470737698,975781.6,978607.4679470737,"{'510300': {'shares': 90300.0, 'price': 3.708, 'value': 334832.4, 'profit_pct': -1.0868970815566108}, '159915': {'shares': 151800.0, 'price': 2.199, 'value': 333808.19999999995, 'profit_pct': -1.4886458832647216}, '511260': {'shares': 1300.0, 'price': 117.178, 'value': 152331.4, 'profit_pct': 0.19681339793297908}, '518880': {'shares': 35200.0, 'price': 4.398, 'value': 154809.59999999998, 'profit_pct': -0.03170890542903266}}",0.0010584378308460263,0.9786074679470738,-24.442147252660007
2023-05-11,2825.8679470737698,977239.7,980065.5679470737,"{'510300': {'shares': 90300.0, 'price': 3.703, 'value': 334380.89999999997, 'profit_pct': -1.220275052050745}, '159915': {'shares': 151800.0, 'price': 2.211, 'value': 335629.8, 'profit_pct': -0.9510668703493853}, '511260': {'shares': 1300.0, 'price': 117.354, 'value': 152560.2, 'profit_pct': 0.3473078521653128}, '518880': {'shares': 35200.0, 'price': 4.394, 'value': 154668.80000000002, 'profit_pct': -0.12263049805709993}}",0.0014899743234728646,0.9800655679470737,-24.329567992129732
2023-05-12,2825.8679470737698,967508.2000000001,970334.0679470738,"{'510300': {'shares': 90300.0, 'price': 3.652, 'value': 329775.60000000003, 'profit_pct': -2.5807303510908164}, '159915': {'shares': 151800.0, 'price': 2.185, 'value': 331683.0, 'profit_pct': -2.115821398332604}, '511260': {'shares': 1300.0, 'price': 117.232, 'value': 152401.6, 'profit_pct': 0.24298783275426453}, '518880': {'shares': 35200.0, 'price': 4.365, 'value': 153648.0, 'profit_pct': -0.7818120446106583}}",-0.009929437701177823,0.9703340679470739,-25.08093283257309
2023-05-15,2825.8679470737698,981227.2,984053.0679470737,"{'510300': {'shares': 90300.0, 'price': 3.715, 'value': 335464.5, 'profit_pct': -0.900167922864844}, '159915': {'shares': 151800.0, 'price': 2.234, 'value': 339121.2, 'profit_pct': 0.07929290440501424}, '511260': {'shares': 1300.0, 'price': 117.227, 'value': 152395.1, 'profit_pct': 0.23871242212266808}, '518880': {'shares': 35200.0, 'price': 4.382, 'value': 154246.4, 'profit_pct': -0.3953952759413421}}",0.014138429694656729,0.9840530679470737,-24.021694868637155
2023-05-16,2825.8679470737698,978266.5,981092.3679470738,"{'510300': {'shares': 90300.0, 'price': 3.698, 'value': 333929.4, 'profit_pct': -1.3536530225448677}, '159915': {'shares': 151800.0, 'price': 2.228, 'value': 338210.4, 'profit_pct': -0.18949660205264396}, '511260': {'shares': 1300.0, 'price': 117.183, 'value': 152337.90000000002, 'profit_pct': 0.2010888085645877}, '518880': {'shares': 35200.0, 'price': 4.369, 'value': 153788.8, 'profit_pct': -0.690890451982591}}",-0.0030086792028163334,0.9810923679470738,-24.25028921515112
2023-05-17,2825.8679470737698,975402.7,978228.5679470737,"{'510300': {'shares': 90300.0, 'price': 3.671, 'value': 331491.3, 'profit_pct': -2.073894063213148}, '159915': {'shares': 151800.0, 'price': 2.229, 'value': 338362.2, 'profit_pct': -0.1446983509763709}, '511260': {'shares': 1300.0, 'price': 117.172, 'value': 152323.6, 'profit_pct': 0.19168290517505848}, '518880': {'shares': 35200.0, 'price': 4.353, 'value': 153225.6, 'profit_pct': -1.0545768224949004}}",-0.002918991211798505,0.9782285679470737,-24.471401955228377
2023-05-18,2825.8679470737698,972893.9,975719.7679470738,"{'510300': {'shares': 90300.0, 'price': 3.67, 'value': 331401.0, 'profit_pct': -2.1005696573119703}, '159915': {'shares': 151800.0, 'price': 2.215, 'value': 336237.0, 'profit_pct': -0.7718738660442732}, '511260': {'shares': 1300.0, 'price': 117.163, 'value': 152311.9, 'profit_pct': 0.18398716603817755}, '518880': {'shares': 35200.0, 'price': 4.345, 'value': 152944.0, 'profit_pct': -1.2364200077510552}}",-0.0025646357939279607,0.9757197679470738,-24.665105301239187
2023-05-19,2825.8679470737698,971994.3999999999,974820.2679470737,"{'510300': {'shares': 90300.0, 'price': 3.664, 'value': 330859.2, 'profit_pct': -2.260623221904915}, '159915': {'shares': 151800.0, 'price': 2.215, 'value': 336237.0, 'profit_pct': -0.7718738660442732}, '511260': {'shares': 1300.0, 'price': 117.294, 'value': 152482.19999999998, 'profit_pct': 0.2960029245861068}, '518880': {'shares': 35200.0, 'price': 4.33, 'value': 152416.0, 'profit_pct': -1.5773759801063376}}",-0.0009218835464332997,0.9748202679470737,-24.734555301134264
2023-05-22,2825.8679470737698,974280.8,977106.6679470738,"{'510300': {'shares': 90300.0, 'price': 3.684, 'value': 332665.2, 'profit_pct': -1.727111339928413}, '159915': {'shares': 151800.0, 'price': 2.214, 'value': 336085.2, 'profit_pct': -0.8166721171205463}, '511260': {'shares': 1300.0, 'price': 117.32, 'value': 152516.0, 'profit_pct': 0.3182350598704253}, '518880': {'shares': 35200.0, 'price': 4.347, 'value': 153014.40000000002, 'profit_pct': -1.1909592114370013}}",0.0023454580040844775,0.9771066679470738,-24.558023361434334
2023-05-23,2825.8679470737698,964768.2,967594.0679470737,"{'510300': {'shares': 90300.0, 'price': 3.627, 'value': 327518.1, 'profit_pct': -3.247620203561453}, '159915': {'shares': 151800.0, 'price': 2.187, 'value': 331986.6, 'profit_pct': -2.0262248961800577}, '511260': {'shares': 1300.0, 'price': 117.575, 'value': 152847.5, 'profit_pct': 0.536281002082051}, '518880': {'shares': 35200.0, 'price': 4.33, 'value': 152416.0, 'profit_pct': -1.5773759801063376}}",-0.009735477519548952,0.9675940679470737,-25.29248702902943
2023-05-24,2825.8679470737698,960096.2000000001,962922.0679470738,"{'510300': {'shares': 90300.0, 'price': 3.574, 'value': 322732.2, 'profit_pct': -4.66142669079918}, '159915': {'shares': 151800.0, 'price': 2.183, 'value': 331379.39999999997, 'profit_pct': -2.2054179004851697}, '511260': {'shares': 1300.0, 'price': 117.534, 'value': 152794.2, 'profit_pct': 0.501222634902931}, '518880': {'shares': 35200.0, 'price': 4.352, 'value': 153190.40000000002, 'profit_pct': -1.0773072206519072}}",-0.004828471106599896,0.9629220679470738,-25.653210096855695
2023-05-25,2825.8679470737698,958703.0,961528.8679470738,"{'510300': {'shares': 90300.0, 'price': 3.565, 'value': 321919.5, 'profit_pct': -4.901507037688603}, '159915': {'shares': 151800.0, 'price': 2.184, 'value': 331531.2, 'profit_pct': -2.160619649408877}, '511260': {'shares': 1300.0, 'price': 117.431, 'value': 152660.3, 'profit_pct': 0.41314917589195654}, '518880': {'shares': 35200.0, 'price': 4.335, 'value': 152592.0, 'profit_pct': -1.4637239893212437}}",-0.0014468460599000865,0.9615288679470738,-25.760778456893284
2023-05-26,2825.8679470737698,955418.2999999999,958244.1679470737,"{'510300': {'shares': 90300.0, 'price': 3.57, 'value': 322371.0, 'profit_pct': -4.76812906719448}, '159915': {'shares': 151800.0, 'price': 2.167, 'value': 328950.6, 'profit_pct': -2.922189917705618}, '511260': {'shares': 1300.0, 'price': 117.219, 'value': 152384.69999999998, 'profit_pct': 0.23187176511209917}, '518880': {'shares': 35200.0, 'price': 4.31, 'value': 151712.0, 'profit_pct': -2.0319839432467344}}",-0.003416122083794604,0.9582441679470737,-26.014388701090407
2023-05-29,2825.8679470737698,950610.2,953436.0679470737,"{'510300': {'shares': 90300.0, 'price': 3.554, 'value': 320926.2, 'profit_pct': -5.1949385727756825}, '159915': {'shares': 151800.0, 'price': 2.143, 'value': 325307.39999999997, 'profit_pct': -3.9973479435362913}, '511260': {'shares': 1300.0, 'price': 117.326, 'value': 152523.8, 'profit_pct': 0.32336555262834593}, '518880': {'shares': 35200.0, 'price': 4.314, 'value': 151852.8, 'profit_pct': -1.9410623506186473}}",-0.005017614675705051,0.9534360679470737,-26.385619990134824
2023-05-30,2825.8679470737698,952307.9999999999,955133.8679470737,"{'510300': {'shares': 90300.0, 'price': 3.558, 'value': 321287.39999999997, 'profit_pct': -5.0882361963803815}, '159915': {'shares': 151800.0, 'price': 2.155, 'value': 327128.99999999994, 'profit_pct': -3.4597689306209545}, '511260': {'shares': 1300.0, 'price': 117.332, 'value': 152531.6, 'profit_pct': 0.32849604538626653}, '518880': {'shares': 35200.0, 'price': 4.3, 'value': 151360.0, 'profit_pct': -2.259287924816923}}",0.001780717194447723,0.9551338679470737,-26.25453359789266
2023-05-31,2825.8679470737698,947752.7,950578.5679470737,"{'510300': {'shares': 90300.0, 'price': 3.522, 'value': 318036.6, 'profit_pct': -6.048557583938086}, '159915': {'shares': 151800.0, 'price': 2.131, 'value': 323485.8, 'profit_pct': -4.534926956451627}, '511260': {'shares': 1300.0, 'price': 117.371, 'value': 152582.3, 'profit_pct': 0.36184424831275047}, '518880': {'shares': 35200.0, 'price': 4.365, 'value': 153648.0, 'profit_pct': -0.7818120446106583}}",-0.004769279106174862,0.9505785679470737,-26.60624630997934
2023-06-01,8358.286585573805,943150.1000000001,951508.3865855739,"{'510300': {'shares': 82900.0, 'price': 3.53, 'value': 292637.0, 'profit_pct': -0.09990009990007573}, '159915': {'shares': 136300.0, 'price': 2.148, 'value': 292772.4, 'profit_pct': -0.09990009990008106}, '511260': {'shares': 1500.0, 'price': 117.521, 'value': 176281.5, 'profit_pct': -0.0999000999000848}, '518880': {'shares': 41600.0, 'price': 4.362, 'value': 181459.2, 'profit_pct': -0.0999000999000892}}",0.0009781607432073347,0.9515083865855739,-26.534455421323134
2023-06-02,8358.286585573805,951652.2,960010.4865855738,"{'510300': {'shares': 82900.0, 'price': 3.583, 'value': 297030.7, 'profit_pct': 1.4000164141807554}, '159915': {'shares': 136300.0, 'price': 2.175, 'value': 296452.5, 'profit_pct': 1.1558274128106576}, '511260': {'shares': 1500.0, 'price': 117.446, 'value': 176169.0, 'profit_pct': -0.16365472666898379}, '518880': {'shares': 41600.0, 'price': 4.375, 'value': 182000.0, 'profit_pct': 0.19783059673019252}}",0.008935391552889138,0.9600104865855738,-25.878012014866425
2023-06-05,8358.286585573805,943747.2999999999,952105.5865855737,"{'510300': {'shares': 82900.0, 'price': 3.565, 'value': 295538.5, 'profit_pct': 0.8906108056249985}, '159915': {'shares': 136300.0, 'price': 2.143, 'value': 292090.89999999997, 'profit_pct': -0.3324422318835696}, '511260': {'shares': 1500.0, 'price': 117.493, 'value': 176239.5, 'profit_pct': -0.12370182722714444}, '518880': {'shares': 41600.0, 'price': 4.324, 'value': 179878.4, 'profit_pct': -0.9701898285116944}}",-0.008234180887039089,0.9521055865855738,-26.48834587164295
2023-06-06,8358.286585573805,937210.7,945568.9865855738,"{'510300': {'shares': 82900.0, 'price': 3.528, 'value': 292471.2, 'profit_pct': -0.15650072307293064}, '159915': {'shares': 136300.0, 'price': 2.106, 'value': 287047.8, 'profit_pct': -2.053254008561265}, '511260': {'shares': 1500.0, 'price': 117.627, 'value': 176440.5, 'profit_pct': -0.009793560733382292}, '518880': {'shares': 41600.0, 'price': 4.357, 'value': 181251.2, 'profit_pct': -0.21441190629634985}}",-0.006865415025492538,0.9455689865855738,-26.993033886444586
2023-06-07,8358.286585573805,932403.7000000001,940761.9865855739,"{'510300': {'shares': 82900.0, 'price': 3.516, 'value': 291476.4, 'profit_pct': -0.49610446211009784}, '159915': {'shares': 136300.0, 'price': 2.075, 'value': 282822.5, 'profit_pct': -3.4950152268587815}, '511260': {'shares': 1500.0, 'price': 117.736, 'value': 176604.0, 'profit_pct': 0.08286316350408826}, '518880': {'shares': 41600.0, 'price': 4.363, 'value': 181500.80000000002, 'profit_pct': -0.07699773862082894}}",-0.005083711572814842,0.9407619865855739,-27.364180244972168
2023-06-08,8358.286585573805,933433.8,941792.0865855739,"{'510300': {'shares': 82900.0, 'price': 3.548, 'value': 294129.2, 'profit_pct': 0.4095055086556813}, '159915': {'shares': 136300.0, 'price': 2.071, 'value': 282277.30000000005, 'profit_pct': -3.6810489324455604}, '511260': {'shares': 1500.0, 'price': 117.711, 'value': 176566.5, 'profit_pct': 0.061611621247784576}, '518880': {'shares': 41600.0, 'price': 4.338, 'value': 180460.80000000002, 'profit_pct': -0.6495567706021524}}",0.0010949634601400415,0.9417920865855739,-27.284646676443092
2023-06-09,8358.286585573805,938543.3999999999,946901.6865855737,"{'510300': {'shares': 82900.0, 'price': 3.564, 'value': 295455.6, 'profit_pct': 0.862310494038571}, '159915': {'shares': 136300.0, 'price': 2.086, 'value': 284321.8, 'profit_pct': -2.9834225364951563}, '511260': {'shares': 1500.0, 'price': 117.844, 'value': 176766.0, 'profit_pct': 0.17466982605129072}, '518880': {'shares': 41600.0, 'price': 4.375, 'value': 182000.0, 'profit_pct': 0.19783059673019252}}",0.005425401288435605,0.9469016865855737,-26.89013670483241
2023-06-12,8358.286585573805,940348.0,948706.2865855738,"{'510300': {'shares': 82900.0, 'price': 3.568, 'value': 295787.2, 'profit_pct': 0.9755117403842933}, '159915': {'shares': 136300.0, 'price': 2.095, 'value': 285548.5, 'profit_pct': -2.5648466989248897}, '511260': {'shares': 1500.0, 'price': 117.925, 'value': 176887.5, 'profit_pct': 0.2435248229617016}, '518880': {'shares': 41600.0, 'price': 4.378, 'value': 182124.80000000002, 'profit_pct': 0.26653768056795296}}",0.0019057944721878606,0.9487062865855738,-26.750804331502074
2023-06-13,8358.286585573805,945680.4000000001,954038.686585574,"{'510300': {'shares': 82900.0, 'price': 3.597, 'value': 298191.3, 'profit_pct': 1.7962207763907774}, '159915': {'shares': 136300.0, 'price': 2.111, 'value': 287729.30000000005, 'profit_pct': -1.8207118765777761}, '511260': {'shares': 1500.0, 'price': 118.146, 'value': 177219.0, 'profit_pct': 0.43138845650738655}, '518880': {'shares': 41600.0, 'price': 4.388, 'value': 182540.8, 'profit_pct': 0.4955612933604742}}",0.005620706930478558,0.9540386865855739,-26.339092069756166
2023-06-14,8358.286585573805,944437.4,952795.6865855738,"{'510300': {'shares': 82900.0, 'price': 3.597, 'value': 298191.3, 'profit_pct': 1.7962207763907774}, '159915': {'shares': 136300.0, 'price': 2.106, 'value': 287047.8, 'profit_pct': -2.053254008561265}, '511260': {'shares': 1500.0, 'price': 118.465, 'value': 177697.5, 'profit_pct': 0.7025581356977623}, '518880': {'shares': 41600.0, 'price': 4.363, 'value': 181500.80000000002, 'profit_pct': -0.07699773862082894}}",-0.001302882176034914,0.9527956865855738,-26.435063553769034
2023-06-15,8358.286585573805,957831.9,966190.1865855738,"{'510300': {'shares': 82900.0, 'price': 3.662, 'value': 303579.8, 'profit_pct': 3.6357410295087633}, '159915': {'shares': 136300.0, 'price': 2.179, 'value': 296997.69999999995, 'profit_pct': 1.341861118397436}, '511260': {'shares': 1500.0, 'price': 118.112, 'value': 177168.0, 'profit_pct': 0.4024863590388151}, '518880': {'shares': 41600.0, 'price': 4.329, 'value': 180086.4, 'profit_pct': -0.8556780221154338}}",0.014058103104979791,0.9661901865855739,-25.400880092296628
2023-06-16,8358.286585573805,965423.4,973781.6865855738,"{'510300': {'shares': 82900.0, 'price': 3.699, 'value': 306647.1, 'profit_pct': 4.682852558206693}, '159915': {'shares': 136300.0, 'price': 2.208, 'value': 300950.4, 'profit_pct': 2.690605483901595}, '511260': {'shares': 1500.0, 'price': 117.661, 'value': 176491.5, 'profit_pct': 0.019108536735189273}, '518880': {'shares': 41600.0, 'price': 4.359, 'value': 181334.4, 'profit_pct': -0.16860718373784966}}",0.007857148732619335,0.9737816865855738,-24.81474371185931
2023-06-19,8358.286585573805,963232.2999999999,971590.5865855737,"{'510300': {'shares': 82900.0, 'price': 3.669, 'value': 304160.1, 'profit_pct': 3.8338432106137805}, '159915': {'shares': 136300.0, 'price': 2.207, 'value': 300814.1, 'profit_pct': 2.6440970575048848}, '511260': {'shares': 1500.0, 'price': 117.755, 'value': 176632.5, 'profit_pct': 0.09901433561886794}, '518880': {'shares': 41600.0, 'price': 4.366, 'value': 181625.59999999998, 'profit_pct': -0.008290654783088838}}",-0.002250093660811081,0.9715905865855737,-24.983917580419714
2023-06-20,8358.286585573805,963360.7000000001,971718.9865855739,"{'510300': {'shares': 82900.0, 'price': 3.662, 'value': 303579.8, 'profit_pct': 3.6357410295087633}, '159915': {'shares': 136300.0, 'price': 2.21, 'value': 301223.0, 'profit_pct': 2.783622336694974}, '511260': {'shares': 1500.0, 'price': 117.733, 'value': 176599.5, 'profit_pct': 0.0803129784333323}, '518880': {'shares': 41600.0, 'price': 4.374, 'value': 181958.4, 'profit_pct': 0.17492823545093225}}",0.00013215442983183223,0.9717189865855739,-24.97400387281934
2023-06-21,8358.286585573805,950908.2000000001,959266.4865855739,"{'510300': {'shares': 82900.0, 'price': 3.607, 'value': 299020.3, 'profit_pct': 2.0792238922550896}, '159915': {'shares': 136300.0, 'price': 2.156, 'value': 293862.80000000005, 'profit_pct': 0.2721673112734757}, '511260': {'shares': 1500.0, 'price': 117.877, 'value': 176815.5, 'profit_pct': 0.20272186182960628}, '518880': {'shares': 41600.0, 'price': 4.356, 'value': 181209.6, 'profit_pct': -0.2373142675756101}}",-0.012814918893121141,0.9592664865855739,-25.935455928064776
2023-06-26,8358.286585573805,944281.0000000001,952639.2865855739,"{'510300': {'shares': 82900.0, 'price': 3.563, 'value': 295372.7, 'profit_pct': 0.8340101824521434}, '159915': {'shares': 136300.0, 'price': 2.133, 'value': 290727.9, 'profit_pct': -0.7975264958505053}, '511260': {'shares': 1500.0, 'price': 118.036, 'value': 177054.0, 'profit_pct': 0.3378816705796721}, '518880': {'shares': 41600.0, 'price': 4.354, 'value': 181126.4, 'profit_pct': -0.2831189901341103}}",-0.006908612041257589,0.952639286585574,-26.447139129070397
2023-06-27,8358.286585573805,946656.0,955014.2865855738,"{'510300': {'shares': 82900.0, 'price': 3.589, 'value': 297528.1, 'profit_pct': 1.5698182836993326}, '159915': {'shares': 136300.0, 'price': 2.138, 'value': 291409.39999999997, 'profit_pct': -0.5649843638670374}, '511260': {'shares': 1500.0, 'price': 117.839, 'value': 176758.5, 'profit_pct': 0.17041951760003482}, '518880': {'shares': 41600.0, 'price': 4.35, 'value': 180959.99999999997, 'profit_pct': -0.37472843525113103}}",0.0024930737514639034,0.9550142865855739,-26.263766422288004
2023-06-28,8358.286585573805,945085.1,953443.3865855738,"{'510300': {'shares': 82900.0, 'price': 3.597, 'value': 298191.3, 'profit_pct': 1.7962207763907774}, '159915': {'shares': 136300.0, 'price': 2.126, 'value': 289773.8, 'profit_pct': -1.1230854806273727}, '511260': {'shares': 1500.0, 'price': 117.856, 'value': 176784.0, 'profit_pct': 0.18487056633431456}, '518880': {'shares': 41600.0, 'price': 4.335, 'value': 180336.0, 'profit_pct': -0.7182638544399129}}",-0.0016448968586809665,0.9534433865855738,-26.385054921270946
2023-06-29,8358.286585573805,944397.6000000001,952755.8865855739,"{'510300': {'shares': 82900.0, 'price': 3.579, 'value': 296699.10000000003, 'profit_pct': 1.286815167835033}, '159915': {'shares': 136300.0, 'price': 2.129, 'value': 290182.7, 'profit_pct': -0.9835602014372837}, '511260': {'shares': 1500.0, 'price': 117.898, 'value': 176847.0, 'profit_pct': 0.220573157324898}, '518880': {'shares': 41600.0, 'price': 4.343, 'value': 180668.8, 'profit_pct': -0.5350449642058919}}",-0.0007210706054209259,0.9527558865855739,-26.43813649428689
2023-06-30,8358.286585573805,951670.9,960029.1865855738,"{'510300': {'shares': 82900.0, 'price': 3.602, 'value': 298605.8, 'profit_pct': 1.9377223343229273}, '159915': {'shares': 136300.0, 'price': 2.164, 'value': 294953.2, 'profit_pct': 0.6442347224470325}, '511260': {'shares': 1500.0, 'price': 118.129, 'value': 177193.5, 'profit_pct': 0.4169374077731069}, '518880': {'shares': 41600.0, 'price': 4.349, 'value': 180918.4, 'profit_pct': -0.3976307965303709}}",0.007633959655778622,0.9600291865855738,-25.876568196080385
2023-07-03,15608.363972983934,946916.7,962525.0639729839,"{'510300': {'shares': 83000.0, 'price': 3.647, 'value': 302701.0, 'profit_pct': -0.09990009990008654}, '159915': {'shares': 139500.0, 'price': 2.171, 'value': 302854.5, 'profit_pct': -0.09990009990008615}, '511260': {'shares': 1400.0, 'price': 118.07, 'value': 165298.0, 'profit_pct': -0.09990009990009042}, '518880': {'shares': 40400.0, 'price': 4.358, 'value': 176063.19999999998, 'profit_pct': -0.09990009990009675}}",0.002599793237835657,0.9625250639729839,-25.68386259931138
2023-07-04,15608.363972983934,948178.2,963786.5639729839,"{'510300': {'shares': 83000.0, 'price': 3.654, 'value': 303282.0, 'profit_pct': 0.09184673292160557}, '159915': {'shares': 139500.0, 'price': 2.174, 'value': 303273.0, 'profit_pct': 0.038147021104202705}, '511260': {'shares': 1400.0, 'price': 118.084, 'value': 165317.6, 'profit_pct': -0.08805457268231794}, '518880': {'shares': 40400.0, 'price': 4.364, 'value': 176305.6, 'profit_pct': 0.037640193675080445}}",0.001310615221584932,0.9637865639729839,-25.586462738424643
2023-07-05,15608.363972983934,943569.8,959178.163972984,"{'510300': {'shares': 83000.0, 'price': 3.627, 'value': 301041.0, 'profit_pct': -0.647748193676341}, '159915': {'shares': 139500.0, 'price': 2.156, 'value': 300762.0, 'profit_pct': -0.7901357049214895}, '511260': {'shares': 1400.0, 'price': 118.1, 'value': 165340.0, 'profit_pct': -0.07451682729059513}, '518880': {'shares': 40400.0, 'price': 4.367, 'value': 176426.8, 'profit_pct': 0.10641034046266903}}",-0.004781556593819736,0.9591781639729839,-25.942275278187175
2023-07-06,15608.363972983934,938574.7,954183.0639729839,"{'510300': {'shares': 83000.0, 'price': 3.599, 'value': 298717.0, 'profit_pct': -1.414735524963085}, '159915': {'shares': 139500.0, 'price': 2.137, 'value': 298111.5, 'profit_pct': -1.6644341379486252}, '511260': {'shares': 1400.0, 'price': 118.143, 'value': 165400.2, 'profit_pct': -0.03813413655031451}, '518880': {'shares': 40400.0, 'price': 4.365, 'value': 176346.0, 'profit_pct': 0.06056357593761676}}",-0.005207687359468305,0.9541830639729839,-26.32794475509195
2023-07-07,15608.363972983934,934815.0,950423.3639729839,"{'510300': {'shares': 83000.0, 'price': 3.588, 'value': 297804.0, 'profit_pct': -1.716051976540028}, '159915': {'shares': 139500.0, 'price': 2.118, 'value': 295461.0, 'profit_pct': -2.5387325709757604}, '511260': {'shares': 1400.0, 'price': 118.176, 'value': 165446.4, 'profit_pct': -0.01021253667986967}, '518880': {'shares': 40400.0, 'price': 4.359, 'value': 176103.6, 'profit_pct': -0.07697671763756044}}",-0.003940229230589676,0.9504233639729839,-26.618229540645544
2023-07-10,15608.363972983934,940384.7,955993.0639729839,"{'510300': {'shares': 83000.0, 'price': 3.604, 'value': 299132.0, 'profit_pct': -1.2777735015190246}, '159915': {'shares': 139500.0, 'price': 2.145, 'value': 299227.5, 'profit_pct': -1.2963084819372017}, '511260': {'shares': 1400.0, 'price': 118.198, 'value': 165477.19999999998, 'profit_pct': 0.008401863233752206}, '518880': {'shares': 40400.0, 'price': 4.37, 'value': 176548.0, 'profit_pct': 0.17518048725025764}}",0.005860230515291054,0.9559930639729839,-26.188195450133566
2023-07-11,15608.363972983934,945069.2999999999,960677.6639729838,"{'510300': {'shares': 83000.0, 'price': 3.63, 'value': 301290.0, 'profit_pct': -0.5655709796098999}, '159915': {'shares': 139500.0, 'price': 2.161, 'value': 301459.5, 'profit_pct': -0.5600571699143552}, '511260': {'shares': 1400.0, 'price': 118.293, 'value': 165610.2, 'profit_pct': 0.08878222649716203}, '518880': {'shares': 40400.0, 'price': 4.374, 'value': 176709.59999999998, 'profit_pct': 0.26687401630036217}}",0.004900244757562788,0.9606776639729838,-25.82649954184183
2023-07-12,15608.363972983934,940331.5,955939.8639729839,"{'510300': {'shares': 83000.0, 'price': 3.611, 'value': 299713.0, 'profit_pct': -1.0860266686973323}, '159915': {'shares': 139500.0, 'price': 2.139, 'value': 298390.49999999994, 'profit_pct': -1.5724027239457796}, '511260': {'shares': 1400.0, 'price': 118.314, 'value': 165639.59999999998, 'profit_pct': 0.10655051732379672}, '518880': {'shares': 40400.0, 'price': 4.371, 'value': 176588.40000000002, 'profit_pct': 0.19810386951279396}}",-0.004931727027363442,0.9559398639729839,-26.19230299876548
2023-07-13,15608.363972983934,952981.0,968589.3639729839,"{'510300': {'shares': 83000.0, 'price': 3.674, 'value': 304942.0, 'profit_pct': 0.6396948266978602}, '159915': {'shares': 139500.0, 'price': 2.182, 'value': 304389.0, 'profit_pct': 0.40627267711562604}, '511260': {'shares': 1400.0, 'price': 118.262, 'value': 165566.8, 'profit_pct': 0.06255284480067953}, '518880': {'shares': 40400.0, 'price': 4.408, 'value': 178083.2, 'profit_pct': 1.0462690132263526}}",0.013232526936817424,0.9685893639729839,-25.215640660052195
2023-07-14,15608.363972983934,950124.8999999999,965733.2639729838,"{'510300': {'shares': 83000.0, 'price': 3.672, 'value': 304776.0, 'profit_pct': 0.5849100173202406}, '159915': {'shares': 139500.0, 'price': 2.169, 'value': 302575.5, 'profit_pct': -0.19193151390293178}, '511260': {'shares': 1400.0, 'price': 118.213, 'value': 165498.19999999998, 'profit_pct': 0.02109349953849986}, '518880': {'shares': 40400.0, 'price': 4.388, 'value': 177275.19999999998, 'profit_pct': 0.5878013679757688}}",-0.0029487212086295456,0.9657332639729838,-25.436158886511674
2023-07-17,15608.363972983934,946320.4,961928.7639729839,"{'510300': {'shares': 83000.0, 'price': 3.644, 'value': 302452.0, 'profit_pct': -0.18207731396651558}, '159915': {'shares': 139500.0, 'price': 2.152, 'value': 300204.0, 'profit_pct': -0.9741985329272013}, '511260': {'shares': 1400.0, 'price': 118.33, 'value': 165662.0, 'profit_pct': 0.12008826271553157}, '518880': {'shares': 40400.0, 'price': 4.406, 'value': 178002.4, 'profit_pct': 1.00042224870128}}",-0.0039394935868195535,0.9619287639729839,-25.729902660386895
2023-07-18,15608.363972983934,946016.3,961624.663972984,"{'510300': {'shares': 83000.0, 'price': 3.638, 'value': 301954.0, 'profit_pct': -0.34643174209939803}, '159915': {'shares': 139500.0, 'price': 2.147, 'value': 299506.5, 'profit_pct': -1.2042770679343562}, '511260': {'shares': 1400.0, 'price': 118.505, 'value': 165907.0, 'profit_pct': 0.2681573529375795}, '518880': {'shares': 40400.0, 'price': 4.422, 'value': 178648.8, 'profit_pct': 1.367196364901739}}",-0.00031613567593502534,0.961624663972984,-25.753382087811115
2023-07-19,15608.363972983934,944808.1,960416.4639729839,"{'510300': {'shares': 83000.0, 'price': 3.636, 'value': 301788.0, 'profit_pct': -0.4012165514770174}, '159915': {'shares': 139500.0, 'price': 2.125, 'value': 296437.5, 'profit_pct': -2.2166226219657603}, '511260': {'shares': 1400.0, 'price': 118.481, 'value': 165873.4, 'profit_pct': 0.24785073484998327}, '518880': {'shares': 40400.0, 'price': 4.473, 'value': 180709.19999999998, 'profit_pct': 2.5362888602907043}}",-0.0012564153616946294,0.9604164639729839,-25.846666679109852
2023-07-20,15608.363972983934,939306.5,954914.8639729839,"{'510300': {'shares': 83000.0, 'price': 3.608, 'value': 299464.0, 'profit_pct': -1.1682038827637737}, '159915': {'shares': 139500.0, 'price': 2.103, 'value': 293368.5, 'profit_pct': -3.228968175997164}, '511260': {'shares': 1400.0, 'price': 118.49, 'value': 165886.0, 'profit_pct': 0.25546571663283185}, '518880': {'shares': 40400.0, 'price': 4.47, 'value': 180588.0, 'profit_pct': 2.467518713503116}}",-0.0057283482805379204,0.9549148639729839,-26.27144279853474
2023-07-21,15608.363972983934,939969.3999999999,955577.7639729838,"{'510300': {'shares': 83000.0, 'price': 3.61, 'value': 299630.0, 'profit_pct': -1.1134190733861544}, '159915': {'shares': 139500.0, 'price': 2.11, 'value': 294345.0, 'profit_pct': -2.906858226987184}, '511260': {'shares': 1400.0, 'price': 118.638, 'value': 166093.2, 'profit_pct': 0.38068986150634604}, '518880': {'shares': 40400.0, 'price': 4.453, 'value': 179901.2, 'profit_pct': 2.077821215040141}}",0.0006941980117911584,0.9555777639729838,-26.22026058071324
2023-07-24,15608.363972983934,935440.2000000001,951048.563972984,"{'510300': {'shares': 83000.0, 'price': 3.593, 'value': 298219.0, 'profit_pct': -1.5790899530959677}, '159915': {'shares': 139500.0, 'price': 2.09, 'value': 291555.0, 'profit_pct': -3.8271723670157423}, '511260': {'shares': 1400.0, 'price': 118.721, 'value': 166209.4, 'profit_pct': 0.4509169157259458}, '518880': {'shares': 40400.0, 'price': 4.442, 'value': 179456.80000000002, 'profit_pct': 1.825664010152323}}",-0.004739750306839374,0.951048563972984,-26.569958123264335
2023-07-25,15608.363972983934,949617.6,965225.9639729839,"{'510300': {'shares': 83000.0, 'price': 3.705, 'value': 307515.0, 'profit_pct': 1.4888593720510575}, '159915': {'shares': 139500.0, 'price': 2.136, 'value': 297972.0, 'profit_pct': -1.710449844950048}, '511260': {'shares': 1400.0, 'price': 118.259, 'value': 165562.6, 'profit_pct': 0.06001451753973001}, '518880': {'shares': 40400.0, 'price': 4.42, 'value': 178568.0, 'profit_pct': 1.3213496003766867}}",0.014907125184831838,0.9652259639729839,-25.475327296680383
2023-07-26,15608.363972983934,949663.9,965272.2639729839,"{'510300': {'shares': 83000.0, 'price': 3.696, 'value': 306768.0, 'profit_pct': 1.242327729851746}, '159915': {'shares': 139500.0, 'price': 2.135, 'value': 297832.49999999994, 'profit_pct': -1.7564655519514911}, '511260': {'shares': 1400.0, 'price': 118.377, 'value': 165727.8, 'profit_pct': 0.15985538980373687}, '518880': {'shares': 40400.0, 'price': 4.439, 'value': 179335.6, 'profit_pct': 1.7568938633647342}}",4.796804243589747e-05,0.9652722639729839,-25.47175249401764
2023-07-27,15608.363972983934,949046.1000000001,964654.463972984,"{'510300': {'shares': 83000.0, 'price': 3.692, 'value': 306436.0, 'profit_pct': 1.1327581110964953}, '159915': {'shares': 139500.0, 'price': 2.129, 'value': 296995.5, 'profit_pct': -2.0325597939600484}, '511260': {'shares': 1400.0, 'price': 118.511, 'value': 165915.4, 'profit_pct': 0.27323400745947857}, '518880': {'shares': 40400.0, 'price': 4.448, 'value': 179699.2, 'profit_pct': 1.9632043037275}}",-0.0006400266775066221,0.964654463972984,-25.51945256064928
2023-07-28,15608.363972983934,959922.1,975530.4639729839,"{'510300': {'shares': 83000.0, 'price': 3.788, 'value': 314404.0, 'profit_pct': 3.7624289612225046}, '159915': {'shares': 139500.0, 'price': 2.163, 'value': 301738.5, 'profit_pct': -0.46802575591150947}, '511260': {'shares': 1400.0, 'price': 118.47, 'value': 165858.0, 'profit_pct': 0.23854353489317234}, '518880': {'shares': 40400.0, 'price': 4.404, 'value': 177921.6, 'profit_pct': 0.9545754841762278}}",0.01127450336486957,0.9755304639729839,-24.679721377926988
2023-07-31,15608.363972983934,963894.0,979502.3639729839,"{'510300': {'shares': 83000.0, 'price': 3.804, 'value': 315732.0, 'profit_pct': 4.200707436243508}, '159915': {'shares': 139500.0, 'price': 2.182, 'value': 304389.0, 'profit_pct': 0.40627267711562604}, '511260': {'shares': 1400.0, 'price': 118.321, 'value': 165649.4, 'profit_pct': 0.11247328093268298}, '518880': {'shares': 40400.0, 'price': 4.409, 'value': 178123.6, 'profit_pct': 1.0691923954888687}}",0.004071528411141445,0.979502363972984,-24.373052723582134
2023-08-01,1913.5461986840237,972442.2000000001,974355.7461986841,"{'510300': {'shares': 80800.0, 'price': 3.786, 'value': 305908.8, 'profit_pct': -0.09990009990008411}, '159915': {'shares': 141200.0, 'price': 2.168, 'value': 306121.60000000003, 'profit_pct': -0.09990009990008726}, '511260': {'shares': 1500.0, 'price': 118.412, 'value': 177618.0, 'profit_pct': -0.09990009990009331}, '518880': {'shares': 41300.0, 'price': 4.426, 'value': 182793.80000000002, 'profit_pct': -0.09990009990009081}}",-0.0052543188904868865,0.9743557461986841,-24.770420821286464
2023-08-02,1913.5461986840237,969651.9000000001,971565.4461986842,"{'510300': {'shares': 80800.0, 'price': 3.757, 'value': 303565.60000000003, 'profit_pct': -0.8651148112320675}, '159915': {'shares': 141200.0, 'price': 2.164, 'value': 305556.80000000005, 'profit_pct': -0.28421762739104667}, '511260': {'shares': 1500.0, 'price': 118.518, 'value': 177777.0, 'profit_pct': -0.010471574164441146}, '518880': {'shares': 41300.0, 'price': 4.425, 'value': 182752.5, 'profit_pct': -0.12247129282827275}}",-0.002863738435254226,0.9715654461986841,-24.985858658648553
2023-08-03,1913.5461986840237,975118.1000000001,977031.6461986841,"{'510300': {'shares': 80800.0, 'price': 3.793, 'value': 306474.4, 'profit_pct': 0.08480689938694999}, '159915': {'shares': 141200.0, 'price': 2.187, 'value': 308804.39999999997, 'profit_pct': 0.7756081556819545}, '511260': {'shares': 1500.0, 'price': 118.581, 'value': 177871.5, 'profit_pct': 0.04267934207467763}, '518880': {'shares': 41300.0, 'price': 4.406, 'value': 181967.8, 'profit_pct': -0.5513239584635893}}",0.005626177856969727,0.9770316461986841,-24.563815757674245
2023-08-04,1913.5461986840237,979010.3,980923.8461986841,"{'510300': {'shares': 80800.0, 'price': 3.814, 'value': 308171.2, 'profit_pct': 0.6389278972480406}, '159915': {'shares': 141200.0, 'price': 2.204, 'value': 311204.80000000005, 'profit_pct': 1.5589576475185474}, '511260': {'shares': 1500.0, 'price': 118.582, 'value': 177873.0, 'profit_pct': 0.04352300741179851}, '518880': {'shares': 41300.0, 'price': 4.401, 'value': 181761.3, 'profit_pct': -0.664179923104459}}",0.003983699008259567,0.9809238461986841,-24.2633007053212
2023-08-07,1913.5461986840237,974258.8999999999,976172.4461986839,"{'510300': {'shares': 80800.0, 'price': 3.783, 'value': 305666.39999999997, 'profit_pct': -0.17906024245167182}, '159915': {'shares': 141200.0, 'price': 2.185, 'value': 308522.0, 'profit_pct': 0.683449391936485}, '511260': {'shares': 1500.0, 'price': 118.625, 'value': 177937.5, 'profit_pct': 0.07980061690834389}, '518880': {'shares': 41300.0, 'price': 4.41, 'value': 182133.0, 'profit_pct': -0.46103918675088157}}",-0.004843801094664979,0.9761724461986839,-24.630154212271073
2023-08-08,1913.5461986840237,972138.0,974051.546198684,"{'510300': {'shares': 80800.0, 'price': 3.768, 'value': 304454.39999999997, 'profit_pct': -0.5748609552095987}, '159915': {'shares': 141200.0, 'price': 2.177, 'value': 307392.4, 'profit_pct': 0.3148143369545663}, '511260': {'shares': 1500.0, 'price': 118.662, 'value': 177993.0, 'profit_pct': 0.11101623438211607}, '518880': {'shares': 41300.0, 'price': 4.414, 'value': 182298.19999999998, 'profit_pct': -0.3707544150381939}}",-0.002172669396948157,0.9740515461986841,-24.793907969666773
2023-08-09,1913.5461986840237,971004.1000000001,972917.6461986841,"{'510300': {'shares': 80800.0, 'price': 3.76, 'value': 303808.0, 'profit_pct': -0.7859546686804916}, '159915': {'shares': 141200.0, 'price': 2.174, 'value': 306968.8, 'profit_pct': 0.1765761913363416}, '511260': {'shares': 1500.0, 'price': 118.702, 'value': 178053.0, 'profit_pct': 0.14476284786726282}, '518880': {'shares': 41300.0, 'price': 4.411, 'value': 182174.3, 'profit_pct': -0.4384679938227197}}",-0.0011641067707608421,0.9729176461986841,-24.881455890601746
2023-08-10,1913.5461986840237,972176.6000000001,974090.1461986841,"{'510300': {'shares': 80800.0, 'price': 3.765, 'value': 304212.0, 'profit_pct': -0.6540210977611747}, '159915': {'shares': 141200.0, 'price': 2.184, 'value': 308380.80000000005, 'profit_pct': 0.6373700100637503}, '511260': {'shares': 1500.0, 'price': 118.686, 'value': 178029.0, 'profit_pct': 0.1312642024732089}, '518880': {'shares': 41300.0, 'price': 4.396, 'value': 181554.8, 'profit_pct': -0.7770358877453285}}",0.0012051379729631773,0.9740901461986842,-24.7909276806218
2023-08-11,1913.5461986840237,957544.8,959458.3461986841,"{'510300': {'shares': 80800.0, 'price': 3.67, 'value': 296536.0, 'profit_pct': -3.1607589452280296}, '159915': {'shares': 141200.0, 'price': 2.129, 'value': 300614.8, 'profit_pct': -1.8969959929369464}, '511260': {'shares': 1500.0, 'price': 118.703, 'value': 178054.5, 'profit_pct': 0.14560651320439572}, '518880': {'shares': 41300.0, 'price': 4.415, 'value': 182339.5, 'profit_pct': -0.34818322211001196}}",-0.015020991698868502,0.9594583461986841,-25.92064253161078
2023-08-14,1913.5461986840237,953521.3,955434.8461986841,"{'510300': {'shares': 80800.0, 'price': 3.643, 'value': 294354.39999999997, 'profit_pct': -3.873200228192295}, '159915': {'shares': 141200.0, 'price': 2.113, 'value': 298355.6, 'profit_pct': -2.634266102900784}, '511260': {'shares': 1500.0, 'price': 118.816, 'value': 178224.0, 'profit_pct': 0.24094069629995396}, '518880': {'shares': 41300.0, 'price': 4.421, 'value': 182587.30000000002, 'profit_pct': -0.21275606454096044}}",-0.004193511907985226,0.955434846198684,-26.23129519929036
2023-08-15,1913.5461986840237,951705.7,953619.246198684,"{'510300': {'shares': 80800.0, 'price': 3.639, 'value': 294031.2, 'profit_pct': -3.9787470849277415}, '159915': {'shares': 141200.0, 'price': 2.096, 'value': 295955.2, 'profit_pct': -3.4176155947373563}, '511260': {'shares': 1500.0, 'price': 119.146, 'value': 178719.0, 'profit_pct': 0.5193502575524689}, '518880': {'shares': 41300.0, 'price': 4.431, 'value': 183000.3, 'profit_pct': 0.012955864740778799}}",-0.0019002865629442756,0.953619246198684,-26.371476877788957
2023-08-16,1913.5461986840237,947681.5,949595.046198684,"{'510300': {'shares': 80800.0, 'price': 3.609, 'value': 291607.2, 'profit_pct': -4.770348510443584}, '159915': {'shares': 141200.0, 'price': 2.082, 'value': 293978.39999999997, 'profit_pct': -4.0627269409557245}, '511260': {'shares': 1500.0, 'price': 119.342, 'value': 179013.0, 'profit_pct': 0.6847086636297193}, '518880': {'shares': 41300.0, 'price': 4.433, 'value': 183082.9, 'profit_pct': 0.05809825059712263}}",-0.004219923219923705,0.9495950461986841,-26.682183592161056
2023-08-17,1913.5461986840237,950246.0999999999,952159.6461986839,"{'510300': {'shares': 80800.0, 'price': 3.622, 'value': 292657.6, 'profit_pct': -4.427321226053386}, '159915': {'shares': 141200.0, 'price': 2.094, 'value': 295672.8, 'profit_pct': -3.5097743584828462}, '511260': {'shares': 1500.0, 'price': 119.332, 'value': 178998.0, 'profit_pct': 0.6762720102584266}, '518880': {'shares': 41300.0, 'price': 4.429, 'value': 182917.7, 'profit_pct': -0.03218652111556503}}",0.002700730179949984,0.9521596461986839,-26.484171952660375
2023-08-18,1913.5461986840237,941893.4,943806.946198684,"{'510300': {'shares': 80800.0, 'price': 3.572, 'value': 288617.6, 'profit_pct': -5.7466569352464605}, '159915': {'shares': 141200.0, 'price': 2.065, 'value': 291578.0, 'profit_pct': -4.846076432792297}, '511260': {'shares': 1500.0, 'price': 119.407, 'value': 179110.5, 'profit_pct': 0.7395469105430919}, '518880': {'shares': 41300.0, 'price': 4.421, 'value': 182587.30000000002, 'profit_pct': -0.21275606454096044}}",-0.008772373449501214,0.943806946198684,-27.129080250740955
2023-08-21,1913.5461986840237,934576.4,936489.946198684,"{'510300': {'shares': 80800.0, 'price': 3.52, 'value': 284416.0, 'profit_pct': -7.118766072807263}, '159915': {'shares': 141200.0, 'price': 2.035, 'value': 287342.0, 'profit_pct': -6.228457888974482}, '511260': {'shares': 1500.0, 'price': 119.686, 'value': 179529.0, 'profit_pct': 0.9749295396020464}, '518880': {'shares': 41300.0, 'price': 4.438, 'value': 183289.4, 'profit_pct': 0.17095421523799223}}",-0.007752644785536167,0.9364899461986841,-27.694022606752267
2023-08-22,1913.5461986840237,936353.3,938266.8461986841,"{'510300': {'shares': 80800.0, 'price': 3.543, 'value': 286274.4, 'profit_pct': -6.511871646578443}, '159915': {'shares': 141200.0, 'price': 2.038, 'value': 287765.6, 'profit_pct': -6.090219743356278}, '511260': {'shares': 1500.0, 'price': 119.542, 'value': 179313.0, 'profit_pct': 0.8534417310554892}, '518880': {'shares': 41300.0, 'price': 4.431, 'value': 183000.3, 'profit_pct': 0.012955864740778799}}",0.0018974042457291507,0.9382668461986841,-27.55682893825473
2023-08-23,1913.5461986840237,925557.4,927470.946198684,"{'510300': {'shares': 80800.0, 'price': 3.488, 'value': 281830.4, 'profit_pct': -7.963140926690834}, '159915': {'shares': 141200.0, 'price': 1.987, 'value': 280564.4, 'profit_pct': -8.440268218865995}, '511260': {'shares': 1500.0, 'price': 119.53, 'value': 179295.0, 'profit_pct': 0.8433177470099428}, '518880': {'shares': 41300.0, 'price': 4.452, 'value': 183867.6, 'profit_pct': 0.4869509162324392}}",-0.011506214936335857,0.9274709461986841,-28.390375635160915
2023-08-24,1913.5461986840237,931683.3,933596.8461986841,"{'510300': {'shares': 80800.0, 'price': 3.511, 'value': 283688.8, 'profit_pct': -7.356246500462015}, '159915': {'shares': 141200.0, 'price': 2.014, 'value': 284376.8, 'profit_pct': -7.196124908302035}, '511260': {'shares': 1500.0, 'price': 119.503, 'value': 179254.5, 'profit_pct': 0.8205387829074633}, '518880': {'shares': 41300.0, 'price': 4.464, 'value': 184363.2, 'profit_pct': 0.7578052313705422}}",0.006604950834425027,0.9335968461986841,-27.917397586959503
2023-08-25,1913.5461986840237,927123.8,929037.3461986841,"{'510300': {'shares': 80800.0, 'price': 3.504, 'value': 283123.2, 'profit_pct': -7.5409534997490475}, '159915': {'shares': 141200.0, 'price': 1.991, 'value': 281129.2, 'profit_pct': -8.255950691375036}, '511260': {'shares': 1500.0, 'price': 119.446, 'value': 179169.0, 'profit_pct': 0.7724498586911177}, '518880': {'shares': 41300.0, 'price': 4.448, 'value': 183702.40000000002, 'profit_pct': 0.3966661445197515}}",-0.00488379970279984,0.929037346198684,-28.269434579201345
2023-08-28,1913.5461986840237,934039.5999999999,935953.1461986839,"{'510300': {'shares': 80800.0, 'price': 3.557, 'value': 287405.6, 'profit_pct': -6.142457648004386}, '159915': {'shares': 141200.0, 'price': 2.01, 'value': 283811.99999999994, 'profit_pct': -7.380442435792994}, '511260': {'shares': 1500.0, 'price': 119.358, 'value': 179037.0, 'profit_pct': 0.6982073090237852}, '518880': {'shares': 41300.0, 'price': 4.45, 'value': 183785.0, 'profit_pct': 0.44180853037609535}}",0.007444049508124717,0.9359531461986839,-27.73546869896314
2023-08-29,1913.5461986840237,944031.2000000001,945944.7461986841,"{'510300': {'shares': 80800.0, 'price': 3.579, 'value': 289183.2, 'profit_pct': -5.561949935959426}, '159915': {'shares': 141200.0, 'price': 2.067, 'value': 291860.4, 'profit_pct': -4.753917669046807}, '511260': {'shares': 1500.0, 'price': 119.138, 'value': 178707.0, 'profit_pct': 0.5126009348554419}, '518880': {'shares': 41300.0, 'price': 4.462, 'value': 184280.59999999998, 'profit_pct': 0.7126628455141784}}",0.010675320704439661,0.9459447461986841,-26.964021651768565
2023-08-30,1913.5461986840237,944535.1999999998,946448.7461986839,"{'510300': {'shares': 80800.0, 'price': 3.578, 'value': 289102.39999999997, 'profit_pct': -5.5883366501432965}, '159915': {'shares': 141200.0, 'price': 2.066, 'value': 291719.19999999995, 'profit_pct': -4.799997050919562}, '511260': {'shares': 1500.0, 'price': 119.209, 'value': 178813.5, 'profit_pct': 0.5725011737915876}, '518880': {'shares': 41300.0, 'price': 4.477, 'value': 184900.1, 'profit_pct': 1.0512307394368072}}",0.000532800675753009,0.9464487461986839,-26.925108033150337
2023-08-31,1913.5461986840237,941852.8,943766.3461986841,"{'510300': {'shares': 80800.0, 'price': 3.559, 'value': 287567.2, 'profit_pct': -6.089684219636657}, '159915': {'shares': 141200.0, 'price': 2.052, 'value': 289742.4, 'profit_pct': -5.4451083971379095}, '511260': {'shares': 1500.0, 'price': 119.294, 'value': 178941.0, 'profit_pct': 0.6442127274475336}, '518880': {'shares': 41300.0, 'price': 4.494, 'value': 185602.19999999998, 'profit_pct': 1.43494101921576}}",-0.002834173546928276,0.943766346198684,-27.13221495890742
2023-09-01,8303.196297593997,934066.8999999999,942370.0962975939,"{'510300': {'shares': 79400.0, 'price': 3.582, 'value': 284410.8, 'profit_pct': -0.09990009990008063}, '159915': {'shares': 138900.0, 'price': 2.049, 'value': 284606.1, 'profit_pct': -0.09990009990009832}, '511260': {'shares': 1500.0, 'price': 119.171, 'value': 178756.5, 'profit_pct': -0.09990009990008326}, '518880': {'shares': 41500.0, 'price': 4.489, 'value': 186293.5, 'profit_pct': -0.09990009990008926}}",-0.0014794444691887954,0.9423700962975939,-27.2400188004685
2023-09-04,8303.196297593997,941334.8,949637.996297594,"{'510300': {'shares': 79400.0, 'price': 3.64, 'value': 289016.0, 'profit_pct': 1.5176894573879771}, '159915': {'shares': 138900.0, 'price': 2.067, 'value': 287106.30000000005, 'profit_pct': 0.777699606396545}, '511260': {'shares': 1500.0, 'price': 118.809, 'value': 178213.5, 'profit_pct': -0.40336181595379655}, '518880': {'shares': 41500.0, 'price': 4.506, 'value': 186999.0, 'profit_pct': 0.27842507236583486}}",0.0077123627209250145,0.949637996297594,-26.67886743389003
2023-09-05,8303.196297593997,937990.0,946293.196297594,"{'510300': {'shares': 79400.0, 'price': 3.613, 'value': 286872.2, 'profit_pct': 0.7646736289952604}, '159915': {'shares': 138900.0, 'price': 2.057, 'value': 285717.3, 'profit_pct': 0.29014421400951607}, '511260': {'shares': 1500.0, 'price': 118.879, 'value': 178318.5, 'profit_pct': -0.34468137362296325}, '518880': {'shares': 41500.0, 'price': 4.508, 'value': 187082.0, 'profit_pct': 0.3229339161618201}}",-0.0035221842565700268,0.946293196297594,-26.937117972688263
2023-09-06,8303.196297593997,935745.8,944048.996297594,"{'510300': {'shares': 79400.0, 'price': 3.603, 'value': 286078.2, 'profit_pct': 0.4857788777387059}, '159915': {'shares': 138900.0, 'price': 2.049, 'value': 284606.1, 'profit_pct': -0.09990009990009832}, '511260': {'shares': 1500.0, 'price': 118.736, 'value': 178104.0, 'profit_pct': -0.46455713438451063}, '518880': {'shares': 41500.0, 'price': 4.505, 'value': 186957.5, 'profit_pct': 0.25617065046783233}}",-0.0023715694129265996,0.9440489962975941,-27.110391668924507
2023-09-07,8303.196297593997,924943.2,933246.396297594,"{'510300': {'shares': 79400.0, 'price': 3.55, 'value': 281870.0, 'profit_pct': -0.9923633039210745}, '159915': {'shares': 138900.0, 'price': 2.003, 'value': 278216.7, 'profit_pct': -2.3426549048803706}, '511260': {'shares': 1500.0, 'price': 118.627, 'value': 177940.5, 'profit_pct': -0.5559309660139488}, '518880': {'shares': 41500.0, 'price': 4.504, 'value': 186915.99999999997, 'profit_pct': 0.23391622856982985}}",-0.011442838287383572,0.933246396297594,-27.944455669887724
2023-09-08,8303.196297593997,924041.3,932344.496297594,"{'510300': {'shares': 79400.0, 'price': 3.529, 'value': 280202.6, 'profit_pct': -1.5780422815598487}, '159915': {'shares': 138900.0, 'price': 1.998, 'value': 277522.2, 'profit_pct': -2.5864326010738847}, '511260': {'shares': 1500.0, 'price': 118.715, 'value': 178072.5, 'profit_pct': -0.4821612670837594}, '518880': {'shares': 41500.0, 'price': 4.536, 'value': 188243.99999999997, 'profit_pct': 0.9460577293056729}}",-0.0009664114467282658,0.9323444962975941,-28.014090972728578
2023-09-11,8303.196297593997,928424.2,936727.396297594,"{'510300': {'shares': 79400.0, 'price': 3.557, 'value': 282425.8, 'profit_pct': -0.7971369780414791}, '159915': {'shares': 138900.0, 'price': 2.011, 'value': 279327.9, 'profit_pct': -1.952610590970756}, '511260': {'shares': 1500.0, 'price': 118.702, 'value': 178053.0, 'profit_pct': -0.49305906351663165}, '518880': {'shares': 41500.0, 'price': 4.545, 'value': 188617.5, 'profit_pct': 1.1463475263876362}}",0.0047009447874737376,0.9367273962975939,-27.675689188915275
2023-09-12,8303.196297593997,926309.5,934612.696297594,"{'510300': {'shares': 79400.0, 'price': 3.552, 'value': 282028.8, 'profit_pct': -0.9365843536697563}, '159915': {'shares': 138900.0, 'price': 1.998, 'value': 277522.2, 'profit_pct': -2.5864326010738847}, '511260': {'shares': 1500.0, 'price': 118.733, 'value': 178099.5, 'profit_pct': -0.4670720104844033}, '518880': {'shares': 41500.0, 'price': 4.546, 'value': 188659.0, 'profit_pct': 1.168601948285639}}",-0.0022575404630613694,0.934612696297594,-27.838964247034326
2023-09-13,8303.196297593997,921618.3999999999,929921.5962975939,"{'510300': {'shares': 79400.0, 'price': 3.527, 'value': 280043.8, 'profit_pct': -1.633821231811155}, '159915': {'shares': 138900.0, 'price': 1.974, 'value': 274188.6, 'profit_pct': -3.7565655428027283}, '511260': {'shares': 1500.0, 'price': 118.847, 'value': 178270.5, 'profit_pct': -0.37150671868849316}, '518880': {'shares': 41500.0, 'price': 4.557, 'value': 189115.50000000003, 'profit_pct': 1.4134005891635875}}",-0.005019298388074134,0.9299215962975939,-28.20116201747095
2023-09-14,8303.196297593997,921081.6,929384.796297594,"{'510300': {'shares': 79400.0, 'price': 3.524, 'value': 279805.6, 'profit_pct': -1.717489657188126}, '159915': {'shares': 138900.0, 'price': 1.96, 'value': 272244.0, 'profit_pct': -4.439143092144553}, '511260': {'shares': 1500.0, 'price': 118.976, 'value': 178464.0, 'profit_pct': -0.26336704639310776}, '518880': {'shares': 41500.0, 'price': 4.592, 'value': 190567.99999999997, 'profit_pct': 2.1923053555933985}}",-0.000577252966419084,0.929384796297594,-28.2426081096818
2023-09-15,8303.196297593997,916865.3999999999,925168.5962975939,"{'510300': {'shares': 79400.0, 'price': 3.507, 'value': 278455.8, 'profit_pct': -2.191610734324276}, '159915': {'shares': 138900.0, 'price': 1.954, 'value': 271410.6, 'profit_pct': -4.731676327576764}, '511260': {'shares': 1500.0, 'price': 118.838, 'value': 178257.0, 'profit_pct': -0.3790513469881712}, '518880': {'shares': 41500.0, 'price': 4.548, 'value': 188742.0, 'profit_pct': 1.2131107920816242}}",-0.004536549356946917,0.925168596297594,-28.56813905971801
2023-09-18,8303.196297593997,918574.7,926877.896297594,"{'510300': {'shares': 79400.0, 'price': 3.52, 'value': 279488.0, 'profit_pct': -1.8290475576907501}, '159915': {'shares': 138900.0, 'price': 1.968, 'value': 273355.2, 'profit_pct': -4.0490987782349395}, '511260': {'shares': 1500.0, 'price': 118.657, 'value': 177985.5, 'profit_pct': -0.5307822050150219}, '518880': {'shares': 41500.0, 'price': 4.524, 'value': 187746.0, 'profit_pct': 0.6790046665297417}}",0.001847555144911306,0.926877896297594,-28.436164757527205
2023-09-19,8303.196297593997,917416.8,925719.996297594,"{'510300': {'shares': 79400.0, 'price': 3.515, 'value': 279091.0, 'profit_pct': -1.9684949333190274}, '159915': {'shares': 138900.0, 'price': 1.952, 'value': 271132.8, 'profit_pct': -4.829187406054167}, '511260': {'shares': 1500.0, 'price': 118.663, 'value': 177994.5, 'profit_pct': -0.5257524528152365}, '518880': {'shares': 41500.0, 'price': 4.559, 'value': 189198.5, 'profit_pct': 1.4579094329595725}}",-0.0012492476135477215,0.925719996297594,-28.525565707920187
2023-09-20,8303.196297593997,915172.7,923475.896297594,"{'510300': {'shares': 79400.0, 'price': 3.497, 'value': 277661.8, 'profit_pct': -2.470505485580843}, '159915': {'shares': 138900.0, 'price': 1.936, 'value': 268910.39999999997, 'profit_pct': -5.609276033873396}, '511260': {'shares': 1500.0, 'price': 118.633, 'value': 177949.5, 'profit_pct': -0.5509012138141635}, '518880': {'shares': 41500.0, 'price': 4.594, 'value': 190651.0, 'profit_pct': 2.236814199389404}}",-0.0024241671444662494,0.923475896297594,-28.698831683200353
2023-09-21,8303.196297593997,909221.6,917524.796297594,"{'510300': {'shares': 79400.0, 'price': 3.462, 'value': 274882.8, 'profit_pct': -3.4466371149787953}, '159915': {'shares': 138900.0, 'price': 1.917, 'value': 266271.3, 'profit_pct': -6.535631279408725}, '511260': {'shares': 1500.0, 'price': 118.665, 'value': 177997.5, 'profit_pct': -0.5240758687486335}, '518880': {'shares': 41500.0, 'price': 4.58, 'value': 190070.0, 'profit_pct': 1.9252522928174673}}",-0.006444239664358475,0.917524796297594,-29.158313500182576
2023-09-22,8303.196297593997,920671.8999999999,928975.0962975939,"{'510300': {'shares': 79400.0, 'price': 3.537, 'value': 280837.8, 'profit_pct': -1.3549264805546004}, '159915': {'shares': 138900.0, 'price': 1.964, 'value': 272799.6, 'profit_pct': -4.244120935189747}, '511260': {'shares': 1500.0, 'price': 118.502, 'value': 177753.0, 'profit_pct': -0.6607174701761399}, '518880': {'shares': 41500.0, 'price': 4.561, 'value': 189281.5, 'profit_pct': 1.5024182767555578}}",0.012479553736535864,0.9289750962975939,-28.27424086672128
2023-09-25,8303.196297593997,917518.3,925821.496297594,"{'510300': {'shares': 79400.0, 'price': 3.509, 'value': 278614.6, 'profit_pct': -2.13583178407297}, '159915': {'shares': 138900.0, 'price': 1.953, 'value': 271271.7, 'profit_pct': -4.78043186681546}, '511260': {'shares': 1500.0, 'price': 118.347, 'value': 177520.5, 'profit_pct': -0.7906527353372581}, '518880': {'shares': 41500.0, 'price': 4.581, 'value': 190111.50000000003, 'profit_pct': 1.9475067147154697}}",-0.003394708870634422,0.925821496297594,-28.517728937504007
2023-09-26,8303.196297593997,913506.4,921809.596297594,"{'510300': {'shares': 79400.0, 'price': 3.488, 'value': 276947.2, 'profit_pct': -2.721510761711744}, '159915': {'shares': 138900.0, 'price': 1.938, 'value': 269188.2, 'profit_pct': -5.511764955395993}, '511260': {'shares': 1500.0, 'price': 118.256, 'value': 177384.0, 'profit_pct': -0.8669373103673281}, '518880': {'shares': 41500.0, 'price': 4.578, 'value': 189987.0, 'profit_pct': 1.880743449021482}}",-0.00433334073149505,0.9218095962975941,-28.827485974278886
2023-09-27,8303.196297593997,914000.6000000001,922303.7962975941,"{'510300': {'shares': 79400.0, 'price': 3.498, 'value': 277741.2, 'profit_pct': -2.4426160104551773}, '159915': {'shares': 138900.0, 'price': 1.956, 'value': 271688.4, 'profit_pct': -4.63416524909936}, '511260': {'shares': 1500.0, 'price': 118.243, 'value': 177364.5, 'profit_pct': -0.8778351068002005}, '518880': {'shares': 41500.0, 'price': 4.511, 'value': 187206.5, 'profit_pct': 0.3896971818558079}}",0.0005361193916673113,0.9223037962975941,-28.789329009355992
2023-09-28,8303.196297593997,909829.3,918132.496297594,"{'510300': {'shares': 79400.0, 'price': 3.484, 'value': 276629.6, 'profit_pct': -2.8330686622143686}, '159915': {'shares': 138900.0, 'price': 1.953, 'value': 271271.7, 'profit_pct': -4.78043186681546}, '511260': {'shares': 1500.0, 'price': 118.556, 'value': 177834.0, 'profit_pct': -0.6154497003780717}, '518880': {'shares': 41500.0, 'price': 4.436, 'value': 184094.0, 'profit_pct': -1.279384460493827}}",-0.004522696335789722,0.9181324962975941,-29.111393250114503
2023-10-09,5819.432169943902,907087.4,912906.832169944,"{'510300': {'shares': 78000.0, 'price': 3.474, 'value': 270972.0, 'profit_pct': -0.09990009990009285}, '159915': {'shares': 139200.0, 'price': 1.947, 'value': 271022.4, 'profit_pct': -0.09990009990008446}, '511260': {'shares': 1500.0, 'price': 118.587, 'value': 177880.5, 'profit_pct': -0.09990009990009223}, '518880': {'shares': 42500.0, 'price': 4.405, 'value': 187212.5, 'profit_pct': -0.09990009990008464}}",-0.005691623103117216,0.912906832169944,-29.514864482039947
2023-10-10,5819.432169943902,901333.1,907152.5321699439,"{'510300': {'shares': 78000.0, 'price': 3.447, 'value': 268866.0, 'profit_pct': -0.8763257467920649}, '159915': {'shares': 139200.0, 'price': 1.938, 'value': 269769.6, 'profit_pct': -0.5616879268651133}, '511260': {'shares': 1500.0, 'price': 118.605, 'value': 177907.5, 'profit_pct': -0.08473653392572854}, '518880': {'shares': 42500.0, 'price': 4.348, 'value': 184790.0, 'profit_pct': -1.3925915174496268}}",-0.006303271919131492,0.907152532169944,-29.959151457466472
2023-10-11,5819.432169943902,904162.3,909981.732169944,"{'510300': {'shares': 78000.0, 'price': 3.455, 'value': 269490.0, 'profit_pct': -0.6462737032685186}, '159915': {'shares': 139200.0, 'price': 1.954, 'value': 271996.8, 'profit_pct': 0.25926820996159444}, '511260': {'shares': 1500.0, 'price': 118.392, 'value': 177588.0, 'profit_pct': -0.26417206462236553}, '518880': {'shares': 42500.0, 'price': 4.355, 'value': 185087.50000000003, 'profit_pct': -1.2338399398558118}}",0.003118769886727435,0.9099817321699439,-29.740710168191185
2023-10-12,5819.432169943902,910447.1,916266.5321699439,"{'510300': {'shares': 78000.0, 'price': 3.491, 'value': 272298.0, 'profit_pct': 0.38896049258743987}, '159915': {'shares': 139200.0, 'price': 1.968, 'value': 273945.6, 'profit_pct': 0.9776048296849638}, '511260': {'shares': 1500.0, 'price': 118.419, 'value': 177628.5, 'profit_pct': -0.24142671566081997}, '518880': {'shares': 42500.0, 'price': 4.39, 'value': 186575.0, 'profit_pct': -0.44008205188681687}}",0.006906512271420251,0.9162665321699439,-29.25546352078654
2023-10-13,5819.432169943902,905379.5,911198.9321699439,"{'510300': {'shares': 78000.0, 'price': 3.456, 'value': 269568.0, 'profit_pct': -0.6175171978280785}, '159915': {'shares': 139200.0, 'price': 1.945, 'value': 270744.0, 'profit_pct': -0.2025196170034229}, '511260': {'shares': 1500.0, 'price': 118.57, 'value': 177855.0, 'profit_pct': -0.1142212455425548}, '518880': {'shares': 42500.0, 'price': 4.405, 'value': 187212.5, 'profit_pct': -0.09990009990008464}}",-0.005530705119173862,0.911198932169944,-29.6467306908457
2023-10-16,5819.432169943902,899084.2,904903.6321699439,"{'510300': {'shares': 78000.0, 'price': 3.413, 'value': 266214.0, 'profit_pct': -1.854046931767143}, '159915': {'shares': 139200.0, 'price': 1.906, 'value': 265315.2, 'profit_pct': -2.2036002005185287}, '511260': {'shares': 1500.0, 'price': 118.67, 'value': 178005.0, 'profit_pct': -0.02997921235164145}, '518880': {'shares': 42500.0, 'price': 4.46, 'value': 189550.0, 'profit_pct': 1.1474337240512131}}",-0.006908809676728134,0.9049036321699439,-30.132788038638246
2023-10-17,5819.432169943902,901597.3999999999,907416.8321699438,"{'510300': {'shares': 78000.0, 'price': 3.425, 'value': 267150.0, 'profit_pct': -1.5089688664818237}, '159915': {'shares': 139200.0, 'price': 1.912, 'value': 266150.39999999997, 'profit_pct': -1.8957416492085135}, '511260': {'shares': 1500.0, 'price': 118.598, 'value': 177897.0, 'profit_pct': -0.09063347624909619}, '518880': {'shares': 42500.0, 'price': 4.48, 'value': 190400.00000000003, 'profit_pct': 1.6010096600335162}}",0.0027773123133270072,0.9074168321699438,-29.938744970560126
2023-10-18,5819.432169943902,897720.4,903539.832169944,"{'510300': {'shares': 78000.0, 'price': 3.397, 'value': 264966.0, 'profit_pct': -2.314151018814236}, '159915': {'shares': 139200.0, 'price': 1.887, 'value': 262670.4, 'profit_pct': -3.1784856130002384}, '511260': {'shares': 1500.0, 'price': 118.571, 'value': 177856.5, 'profit_pct': -0.11337882521064173}, '518880': {'shares': 42500.0, 'price': 4.523, 'value': 192227.5, 'profit_pct': 2.576197922395428}}",-0.0042725678679870205,0.9035398321699439,-30.23808643758976
2023-10-19,5819.432169943902,889672.9,895492.332169944,"{'510300': {'shares': 78000.0, 'price': 3.32, 'value': 258960.0, 'profit_pct': -4.528401937728366}, '159915': {'shares': 139200.0, 'price': 1.867, 'value': 259886.4, 'profit_pct': -4.204680784033623}, '511260': {'shares': 1500.0, 'price': 118.386, 'value': 177579.0, 'profit_pct': -0.2692265866138201}, '518880': {'shares': 42500.0, 'price': 4.547, 'value': 193247.5, 'profit_pct': 3.1204890455741796}}",-0.008906635561016785,0.895492332169944,-30.859430377729304
2023-10-20,5819.432169943902,888300.5,894119.9321699439,"{'510300': {'shares': 78000.0, 'price': 3.302, 'value': 257556.0, 'profit_pct': -5.046019035656339}, '159915': {'shares': 139200.0, 'price': 1.85, 'value': 257520.0, 'profit_pct': -5.076946679411995}, '511260': {'shares': 1500.0, 'price': 118.568, 'value': 177852.0, 'profit_pct': -0.11590608620636901}, '518880': {'shares': 42500.0, 'price': 4.597, 'value': 195372.50000000003, 'profit_pct': 4.254428885529927}}",-0.0015325647699008238,0.8941199321699439,-30.96539277890328
2023-10-23,5819.432169943902,879597.0,885416.4321699439,"{'510300': {'shares': 78000.0, 'price': 3.264, 'value': 254591.99999999997, 'profit_pct': -6.13876624239319}, '159915': {'shares': 139200.0, 'price': 1.815, 'value': 252648.0, 'profit_pct': -6.872788228720424}, '511260': {'shares': 1500.0, 'price': 118.698, 'value': 178047.0, 'profit_pct': -0.006391443058194808}, '518880': {'shares': 42500.0, 'price': 4.572, 'value': 194310.0, 'profit_pct': 3.6874589655520533}}",-0.00973415275384526,0.8854164321699439,-31.637386190895135
2023-10-24,5819.432169943902,882255.9,888075.332169944,"{'510300': {'shares': 78000.0, 'price': 3.269, 'value': 254982.0, 'profit_pct': -5.994983715190965}, '159915': {'shares': 139200.0, 'price': 1.832, 'value': 255014.40000000002, 'profit_pct': -6.00052233334204}, '511260': {'shares': 1500.0, 'price': 118.548, 'value': 177822.0, 'profit_pct': -0.13275449284454688}, '518880': {'shares': 42500.0, 'price': 4.575, 'value': 194437.5, 'profit_pct': 3.7554953559493995}}",0.003002993736499482,0.8880753321699439,-31.432093689815666
2023-10-25,5819.432169943902,880861.5,886680.9321699439,"{'510300': {'shares': 78000.0, 'price': 3.289, 'value': 256542.0, 'profit_pct': -5.419853606382098}, '159915': {'shares': 139200.0, 'price': 1.815, 'value': 252648.0, 'profit_pct': -6.872788228720424}, '511260': {'shares': 1500.0, 'price': 118.666, 'value': 177999.0, 'profit_pct': -0.033348893679281816}, '518880': {'shares': 42500.0, 'price': 4.557, 'value': 193672.50000000003, 'profit_pct': 3.347277013565341}}",-0.001570137070008415,0.8866809321699439,-31.53975470132615
2023-10-26,5819.432169943902,885274.8,891094.232169944,"{'510300': {'shares': 78000.0, 'price': 3.302, 'value': 257556.0, 'profit_pct': -5.046019035656339}, '159915': {'shares': 139200.0, 'price': 1.829, 'value': 254596.8, 'profit_pct': -6.1544516089970545}, '511260': {'shares': 1500.0, 'price': 118.698, 'value': 178047.0, 'profit_pct': -0.006391443058194808}, '518880': {'shares': 42500.0, 'price': 4.59, 'value': 195075.0, 'profit_pct': 4.0956773079361115}}",0.004977325935271448,0.891094232169944,-31.199005746866014
2023-10-27,5819.432169943902,897122.7,902942.1321699439,"{'510300': {'shares': 78000.0, 'price': 3.356, 'value': 261768.0, 'profit_pct': -3.4931677418724076}, '159915': {'shares': 139200.0, 'price': 1.881, 'value': 261835.2, 'profit_pct': -3.4863441643102537}, '511260': {'shares': 1500.0, 'price': 118.708, 'value': 178062.0, 'profit_pct': 0.002032760260900119}, '518880': {'shares': 42500.0, 'price': 4.599, 'value': 195457.5, 'profit_pct': 4.299786479128151}}",0.0132959002227504,0.9029421321699439,-30.28423459205033
2023-10-30,5819.432169943902,905133.2,910952.6321699439,"{'510300': {'shares': 78000.0, 'price': 3.372, 'value': 263016.0, 'profit_pct': -3.0330636548253147}, '159915': {'shares': 139200.0, 'price': 1.926, 'value': 268099.2, 'profit_pct': -1.1774050294851441}, '511260': {'shares': 1500.0, 'price': 118.757, 'value': 178135.5, 'profit_pct': 0.0433113565244497}, '518880': {'shares': 42500.0, 'price': 4.609, 'value': 195882.5, 'profit_pct': 4.526574447119292}}",0.00887155412800289,0.9109526321699439,-29.66574740565855
2023-10-31,5819.432169943902,903824.7,909644.1321699439,"{'510300': {'shares': 78000.0, 'price': 3.364, 'value': 262392.0, 'profit_pct': -3.263115698348861}, '159915': {'shares': 139200.0, 'price': 1.916, 'value': 266707.2, 'profit_pct': -1.6905026150018365}, '511260': {'shares': 1500.0, 'price': 118.917, 'value': 178375.5, 'profit_pct': 0.1780986096298967}, '518880': {'shares': 42500.0, 'price': 4.62, 'value': 196350.0, 'profit_pct': 4.776041211909556}}",-0.0014364083858927623,0.9096441321699439,-29.766776115900562
2023-11-01,2457.155295233999,903037.3,905494.455295234,"{'510300': {'shares': 55700.0, 'price': 3.362, 'value': 187263.4, 'profit_pct': -0.0999000999000893}, '159915': {'shares': 98200.0, 'price': 1.908, 'value': 187365.6, 'profit_pct': -0.09990009990008938}, '511260': {'shares': 2200.0, 'price': 119.043, 'value': 261894.6, 'profit_pct': -0.09990009990008017}, '518880': {'shares': 57900.0, 'price': 4.603, 'value': 266513.7, 'profit_pct': -0.09990009990008838}}",-0.004561868458174856,0.905494455295234,-30.087170844653365
2023-11-02,2457.155295233999,901168.0,903625.1552952339,"{'510300': {'shares': 55700.0, 'price': 3.345, 'value': 186316.5, 'profit_pct': -0.6050463516257553}, '159915': {'shares': 98200.0, 'price': 1.89, 'value': 185598.0, 'profit_pct': -1.0423538725425423}, '511260': {'shares': 2200.0, 'price': 119.164, 'value': 262160.8, 'profit_pct': 0.0016423014835509648}, '518880': {'shares': 57900.0, 'price': 4.613, 'value': 267092.7, 'profit_pct': 0.11713248732586569}}",-0.0020643969591073175,0.9036251552952339,-30.23149867656426
2023-11-03,2457.155295233999,905277.1,907734.255295234,"{'510300': {'shares': 55700.0, 'price': 3.373, 'value': 187876.1, 'profit_pct': 0.22695923945181765}, '159915': {'shares': 98200.0, 'price': 1.918, 'value': 188347.6, 'profit_pct': 0.42368532934571773}, '511260': {'shares': 2200.0, 'price': 119.152, 'value': 262134.4, 'profit_pct': -0.008428019314826465}, '518880': {'shares': 57900.0, 'price': 4.61, 'value': 266919.0, 'profit_pct': 0.0520227111580814}}",0.004547350166073549,0.907734255295234,-29.914236870484423
2023-11-06,2457.155295233999,912777.0,915234.1552952339,"{'510300': {'shares': 55700.0, 'price': 3.421, 'value': 190549.69999999998, 'profit_pct': 1.6532545384419295}, '159915': {'shares': 98200.0, 'price': 1.981, 'value': 194534.2, 'profit_pct': 3.7222735335943087}, '511260': {'shares': 2200.0, 'price': 119.139, 'value': 262105.8, 'profit_pct': -0.019337533513072654}, '518880': {'shares': 57900.0, 'price': 4.587, 'value': 265587.3, 'profit_pct': -0.44715223946159177}}",0.008262219869140663,0.9152341552952339,-29.335172885811854
2023-11-07,2457.155295233999,909888.1,912345.255295234,"{'510300': {'shares': 55700.0, 'price': 3.41, 'value': 189937.0, 'profit_pct': 1.3263951990900356}, '159915': {'shares': 98200.0, 'price': 1.967, 'value': 193159.4, 'profit_pct': 2.9892539326501786}, '511260': {'shares': 2200.0, 'price': 119.203, 'value': 262246.60000000003, 'profit_pct': 0.03437084407827761}, '518880': {'shares': 57900.0, 'price': 4.569, 'value': 264545.1, 'profit_pct': -0.8378108964682782}}",-0.0031564599980078434,0.912345255295234,-29.558223585863928
2023-11-08,2457.155295233999,908643.6,911100.755295234,"{'510300': {'shares': 55700.0, 'price': 3.399, 'value': 189324.3, 'profit_pct': 0.9995358597381286}, '159915': {'shares': 98200.0, 'price': 1.971, 'value': 193552.2, 'profit_pct': 3.1986881043485016}, '511260': {'shares': 2200.0, 'price': 119.211, 'value': 262264.2, 'profit_pct': 0.04108439127719192}, '518880': {'shares': 57900.0, 'price': 4.551, 'value': 263502.9, 'profit_pct': -1.2284695534749648}}",-0.0013640669393268912,0.911100755295234,-29.654310884217907
2023-11-09,2457.155295233999,906696.3,909153.455295234,"{'510300': {'shares': 55700.0, 'price': 3.402, 'value': 189491.4, 'profit_pct': 1.0886793159250148}, '159915': {'shares': 98200.0, 'price': 1.967, 'value': 193159.4, 'profit_pct': 2.9892539326501786}, '511260': {'shares': 2200.0, 'price': 119.218, 'value': 262279.60000000003, 'profit_pct': 0.0469587450762494}, '518880': {'shares': 57900.0, 'price': 4.521, 'value': 261765.9, 'profit_pct': -1.8795673151527883}}",-0.0021373047807089485,0.909153455295234,-29.804661061867332
2023-11-10,2457.155295233999,905962.1000000001,908419.255295234,"{'510300': {'shares': 55700.0, 'price': 3.375, 'value': 187987.5, 'profit_pct': 0.2863882102430662}, '159915': {'shares': 98200.0, 'price': 1.955, 'value': 191981.0, 'profit_pct': 2.36095141755521}, '511260': {'shares': 2200.0, 'price': 119.235, 'value': 262317.0, 'profit_pct': 0.06122503287394679}, '518880': {'shares': 57900.0, 'price': 4.554, 'value': 263676.60000000003, 'profit_pct': -1.1633597773071804}}",-0.0008075644389005099,0.908419255295234,-29.86134832137034
2023-11-13,2457.155295233999,905172.8,907629.955295234,"{'510300': {'shares': 55700.0, 'price': 3.37, 'value': 187709.0, 'profit_pct': 0.1378157832649315}, '159915': {'shares': 98200.0, 'price': 1.958, 'value': 192275.6, 'profit_pct': 2.5180270463289465}, '511260': {'shares': 2200.0, 'price': 119.29, 'value': 262438.0, 'profit_pct': 0.10738066986651397}, '518880': {'shares': 57900.0, 'price': 4.538, 'value': 262750.2, 'profit_pct': -1.5106119168686838}}",-0.0008688719392495603,0.9076299552952339,-29.9222898276707
2023-11-14,2457.155295233999,905683.5999999999,908140.7552952338,"{'510300': {'shares': 55700.0, 'price': 3.37, 'value': 187709.0, 'profit_pct': 0.1378157832649315}, '159915': {'shares': 98200.0, 'price': 1.953, 'value': 191784.6, 'profit_pct': 2.256234331706049}, '511260': {'shares': 2200.0, 'price': 119.219, 'value': 262281.8, 'profit_pct': 0.047797938476106236}, '518880': {'shares': 57900.0, 'price': 4.558, 'value': 263908.2, 'profit_pct': -1.0765467424168143}}",0.0005627844222413358,0.9081407552952337,-29.88285118403937
2023-11-15,2457.155295233999,909079.0,911536.1552952339,"{'510300': {'shares': 55700.0, 'price': 3.395, 'value': 189101.5, 'profit_pct': 0.8806779181556182}, '159915': {'shares': 98200.0, 'price': 1.963, 'value': 192766.6, 'profit_pct': 2.7798197609518556}, '511260': {'shares': 2200.0, 'price': 119.183, 'value': 262202.60000000003, 'profit_pct': 0.01758697608098587}, '518880': {'shares': 57900.0, 'price': 4.577, 'value': 265008.3, 'profit_pct': -0.6641848266875265}}",0.0037388477283968324,0.9115361552952339,-29.62069384146715
2023-11-16,2457.155295233999,902515.6000000001,904972.755295234,"{'510300': {'shares': 55700.0, 'price': 3.359, 'value': 187096.3, 'profit_pct': -0.1890435560869754}, '159915': {'shares': 98200.0, 'price': 1.925, 'value': 189035.0, 'profit_pct': 0.7901951298177886}, '511260': {'shares': 2200.0, 'price': 119.281, 'value': 262418.2, 'profit_pct': 0.09982792926773092}, '518880': {'shares': 57900.0, 'price': 4.559, 'value': 263966.10000000003, 'profit_pct': -1.054843483694213}}",-0.007200372647724662,0.904972755295234,-30.127451072496893
2023-11-17,2457.155295233999,903983.6000000001,906440.755295234,"{'510300': {'shares': 55700.0, 'price': 3.354, 'value': 186817.80000000002, 'profit_pct': -0.3376159830651101}, '159915': {'shares': 98200.0, 'price': 1.934, 'value': 189918.8, 'profit_pct': 1.2614220161390093}, '511260': {'shares': 2200.0, 'price': 119.331, 'value': 262528.2, 'profit_pct': 0.14178759926096624}, '518880': {'shares': 57900.0, 'price': 4.572, 'value': 264718.8, 'profit_pct': -0.772701120300494}}",0.0016221482817138089,0.906440755295234,-30.014107437315175
2023-11-20,2457.155295233999,902480.3,904937.455295234,"{'510300': {'shares': 55700.0, 'price': 3.365, 'value': 187430.5, 'profit_pct': -0.010756643713203198}, '159915': {'shares': 98200.0, 'price': 1.942, 'value': 190704.4, 'profit_pct': 1.6802903595356549}, '511260': {'shares': 2200.0, 'price': 119.328, 'value': 262521.60000000003, 'profit_pct': 0.13927001906137185}, '518880': {'shares': 57900.0, 'price': 4.522, 'value': 261823.80000000002, 'profit_pct': -1.8578640564301874}}",-0.001658464705186824,0.904937455295234,-30.130176569991384
2023-11-21,2457.155295233999,901390.6,903847.755295234,"{'510300': {'shares': 55700.0, 'price': 3.37, 'value': 187709.0, 'profit_pct': 0.1378157832649315}, '159915': {'shares': 98200.0, 'price': 1.931, 'value': 189624.2, 'profit_pct': 1.1043463873652728}, '511260': {'shares': 2200.0, 'price': 119.355, 'value': 262581.0, 'profit_pct': 0.1619282408577211}, '518880': {'shares': 57900.0, 'price': 4.516, 'value': 261476.4, 'profit_pct': -1.9880836087657556}}",-0.0012041716182964457,0.903847755295234,-30.214311828341188
2023-11-22,2457.155295233999,894944.2,897401.3552952339,"{'510300': {'shares': 55700.0, 'price': 3.331, 'value': 185536.7, 'profit_pct': -1.0210491471645482}, '159915': {'shares': 98200.0, 'price': 1.899, 'value': 186481.8, 'profit_pct': -0.57112698622131}, '511260': {'shares': 2200.0, 'price': 119.288, 'value': 262433.6, 'profit_pct': 0.10570228306677645}, '518880': {'shares': 57900.0, 'price': 4.499, 'value': 260492.09999999998, 'profit_pct': -2.3570390070498606}}",-0.007132174597141661,0.8974013552952339,-30.71203554076314
2023-11-23,2457.155295233999,896581.9,899039.0552952341,"{'510300': {'shares': 55700.0, 'price': 3.35, 'value': 186595.0, 'profit_pct': -0.4564739246476205}, '159915': {'shares': 98200.0, 'price': 1.911, 'value': 187660.2, 'profit_pct': 0.05717552887365858}, '511260': {'shares': 2200.0, 'price': 119.121, 'value': 262066.19999999998, 'profit_pct': -0.0344430147106388}, '518880': {'shares': 57900.0, 'price': 4.495, 'value': 260260.5, 'profit_pct': -2.4438520419402265}}",0.0018249359557311884,0.8990390552952341,-30.585589443122053
2023-11-24,2457.155295233999,893201.9999999999,895659.1552952339,"{'510300': {'shares': 55700.0, 'price': 3.325, 'value': 185202.5, 'profit_pct': -1.1993360595383074}, '159915': {'shares': 98200.0, 'price': 1.888, 'value': 185401.59999999998, 'profit_pct': -1.1470709583917038}, '511260': {'shares': 2200.0, 'price': 119.139, 'value': 262105.8, 'profit_pct': -0.019337533513072654}, '518880': {'shares': 57900.0, 'price': 4.499, 'value': 260492.09999999998, 'profit_pct': -2.3570390070498606}}",-0.0037594584796877273,0.895659155295234,-30.84655003750264
2023-11-27,2457.155295233999,893520.9,895978.0552952341,"{'510300': {'shares': 55700.0, 'price': 3.301, 'value': 183865.7, 'profit_pct': -1.9124837090333697}, '159915': {'shares': 98200.0, 'price': 1.878, 'value': 184419.59999999998, 'profit_pct': -1.670656387637511}, '511260': {'shares': 2200.0, 'price': 119.101, 'value': 262022.2, 'profit_pct': -0.05122688270793054}, '518880': {'shares': 57900.0, 'price': 4.546, 'value': 263213.4, 'profit_pct': -1.3369858470879321}}",0.0003560506227338056,0.8959780552952341,-30.821927908579294
2023-11-28,2457.155295233999,895932.8999999999,898390.0552952338,"{'510300': {'shares': 55700.0, 'price': 3.305, 'value': 184088.5, 'profit_pct': -1.793625767450859}, '159915': {'shares': 98200.0, 'price': 1.89, 'value': 185598.0, 'profit_pct': -1.0423538725425423}, '511260': {'shares': 2200.0, 'price': 119.192, 'value': 262222.39999999997, 'profit_pct': 0.025139716679757017}, '518880': {'shares': 57900.0, 'price': 4.56, 'value': 264024.0, 'profit_pct': -1.0331402249716313}}",0.0026920302185358125,0.8983900552952339,-30.63569844804914
2023-11-29,2457.155295233999,893883.9,896341.0552952341,"{'510300': {'shares': 55700.0, 'price': 3.278, 'value': 182584.6, 'profit_pct': -2.5959168731328077}, '159915': {'shares': 98200.0, 'price': 1.867, 'value': 183339.4, 'profit_pct': -2.2466003598078927}, '511260': {'shares': 2200.0, 'price': 119.155, 'value': 262141.0, 'profit_pct': -0.005910439115232108}, '518880': {'shares': 57900.0, 'price': 4.591, 'value': 265818.9, 'profit_pct': -0.3603392045712063}}",-0.002280746528662725,0.8963410552952341,-30.793900838026865
2023-11-30,2457.155295233999,894775.1000000001,897232.255295234,"{'510300': {'shares': 55700.0, 'price': 3.282, 'value': 182807.4, 'profit_pct': -2.4770589315502973}, '159915': {'shares': 98200.0, 'price': 1.874, 'value': 184026.80000000002, 'profit_pct': -1.880090559335822}, '511260': {'shares': 2200.0, 'price': 119.199, 'value': 262237.8, 'profit_pct': 0.031014070478814493}, '518880': {'shares': 57900.0, 'price': 4.589, 'value': 265703.10000000003, 'profit_pct': -0.40374572201638936}}",0.0009942643982836508,0.897232255295234,-30.725091677486038
2023-12-01,10967.123832044046,884102.0,895069.1238320441,"{'510300': {'shares': 56900.0, 'price': 3.268, 'value': 185949.19999999998, 'profit_pct': -0.0999000999000946}, '159915': {'shares': 98900.0, 'price': 1.881, 'value': 186030.9, 'profit_pct': -0.09990009990008926}, '511260': {'shares': 2100.0, 'price': 119.309, 'value': 250548.9, 'profit_pct': -0.09990009990008904}, '518880': {'shares': 57000.0, 'price': 4.589, 'value': 261573.00000000003, 'profit_pct': -0.09990009990008442}}",-0.002410893556739291,0.8950691238320441,-30.8921061076045
2023-12-04,10967.123832044046,883399.0,894366.1238320441,"{'510300': {'shares': 56900.0, 'price': 3.244, 'value': 184583.6, 'profit_pct': -0.8335605642827004}, '159915': {'shares': 98900.0, 'price': 1.858, 'value': 183756.2, 'profit_pct': -1.3214324219108755}, '511260': {'shares': 2100.0, 'price': 119.242, 'value': 250408.2, 'profit_pct': -0.15600070164267343}, '518880': {'shares': 57000.0, 'price': 4.643, 'value': 264651.0, 'profit_pct': 1.0756513044593257}}",-0.0007854142001796349,0.8943661238320441,-30.94638442881209
2023-12-05,10967.123832044046,872601.6,883568.723832044,"{'510300': {'shares': 56900.0, 'price': 3.178, 'value': 180828.19999999998, 'profit_pct': -2.8511268413349105}, '159915': {'shares': 98900.0, 'price': 1.823, 'value': 180294.69999999998, 'profit_pct': -3.180285955405565}, '511260': {'shares': 2100.0, 'price': 119.247, 'value': 250418.7, 'profit_pct': -0.1518140895723347}, '518880': {'shares': 57000.0, 'price': 4.58, 'value': 261060.0, 'profit_pct': -0.2958253339599958}}",-0.012072684454702887,0.8835687238320441,-31.780046940059403
2023-12-06,10967.123832044046,873765.5,884732.6238320441,"{'510300': {'shares': 56900.0, 'price': 3.183, 'value': 181112.69999999998, 'profit_pct': -2.698280911255201}, '159915': {'shares': 98900.0, 'price': 1.834, 'value': 181382.6, 'profit_pct': -2.596074844878659}, '511260': {'shares': 2100.0, 'price': 119.202, 'value': 250324.19999999998, 'profit_pct': -0.18949359820541908}, '518880': {'shares': 57000.0, 'price': 4.578, 'value': 260946.00000000003, 'profit_pct': -0.33936427486219184}}",0.0013172716152198838,0.8847326238320441,-31.690182732301906
2023-12-07,10967.123832044046,873197.5,884164.6238320441,"{'510300': {'shares': 56900.0, 'price': 3.174, 'value': 180600.6, 'profit_pct': -2.9734035853986804}, '159915': {'shares': 98900.0, 'price': 1.829, 'value': 180888.1, 'profit_pct': -2.861625349663619}, '511260': {'shares': 2100.0, 'price': 119.248, 'value': 250420.80000000002, 'profit_pct': -0.15097676715826217}, '518880': {'shares': 57000.0, 'price': 4.584, 'value': 261287.99999999997, 'profit_pct': -0.20874745215560359}}",-0.0006420018711865705,0.8841646238320441,-31.734037762808185
2023-12-08,10967.123832044046,875480.2,886447.323832044,"{'510300': {'shares': 56900.0, 'price': 3.181, 'value': 180998.9, 'profit_pct': -2.75941928328708}, '159915': {'shares': 98900.0, 'price': 1.843, 'value': 182272.7, 'profit_pct': -2.1180839362657458}, '511260': {'shares': 2100.0, 'price': 119.296, 'value': 250521.6, 'profit_pct': -0.11078529128297214}, '518880': {'shares': 57000.0, 'price': 4.591, 'value': 261687.0, 'profit_pct': -0.056361158997888336}}",0.002581759028207342,0.886447323832044,-31.557791498483045
2023-12-11,10967.123832044046,877859.1,888826.223832044,"{'510300': {'shares': 56900.0, 'price': 3.205, 'value': 182364.5, 'profit_pct': -2.0257588189044604}, '159915': {'shares': 98900.0, 'price': 1.868, 'value': 184745.2, 'profit_pct': -0.7903314123409659}, '511260': {'shares': 2100.0, 'price': 119.524, 'value': 251000.4, 'profit_pct': 0.08012421912464357}, '518880': {'shares': 57000.0, 'price': 4.557, 'value': 259749.00000000003, 'profit_pct': -0.7965231543352991}}",0.002683633799824836,0.888826223832044,-31.374117674413714
2023-12-12,10967.123832044046,875977.6000000001,886944.7238320442,"{'510300': {'shares': 56900.0, 'price': 3.213, 'value': 182819.7, 'profit_pct': -1.7812053307769204}, '159915': {'shares': 98900.0, 'price': 1.856, 'value': 183558.40000000002, 'profit_pct': -1.4276526238248575}, '511260': {'shares': 2100.0, 'price': 119.465, 'value': 250876.5, 'profit_pct': 0.030722196694603545}, '518880': {'shares': 57000.0, 'price': 4.539, 'value': 258722.99999999997, 'profit_pct': -1.1883736224551216}}",-0.00211683673315588,0.8869447238320441,-31.519387462965742
2023-12-13,10967.123832044046,869064.0,880031.1238320441,"{'510300': {'shares': 56900.0, 'price': 3.155, 'value': 179519.5, 'profit_pct': -3.554218119701591}, '159915': {'shares': 98900.0, 'price': 1.822, 'value': 180195.80000000002, 'profit_pct': -3.23339605636255}, '511260': {'shares': 2100.0, 'price': 119.617, 'value': 251195.7, 'profit_pct': 0.157995203633018}, '518880': {'shares': 57000.0, 'price': 4.529, 'value': 258153.0, 'profit_pct': -1.4060683269661214}}",-0.007794848781703001,0.8800311238320441,-32.053183482170326
2023-12-14,10967.123832044046,871078.7000000001,882045.8238320441,"{'510300': {'shares': 56900.0, 'price': 3.139, 'value': 178609.09999999998, 'profit_pct': -4.0433250959566704}, '159915': {'shares': 98900.0, 'price': 1.812, 'value': 179206.80000000002, 'profit_pct': -3.7644970659324595}, '511260': {'shares': 2100.0, 'price': 119.608, 'value': 251176.80000000002, 'profit_pct': 0.1504593019064011}, '518880': {'shares': 57000.0, 'price': 4.598, 'value': 262086.0, 'profit_pct': 0.09602513415980762}}",0.00228935084844184,0.8820458238320441,-31.897629380126315
2023-12-15,10967.123832044046,869401.3,880368.4238320441,"{'510300': {'shares': 56900.0, 'price': 3.132, 'value': 178210.80000000002, 'profit_pct': -4.257309398068258}, '159915': {'shares': 98900.0, 'price': 1.802, 'value': 178217.80000000002, 'profit_pct': -4.29559807550237}, '511260': {'shares': 2100.0, 'price': 119.687, 'value': 251342.69999999998, 'profit_pct': 0.216607772617808}, '518880': {'shares': 57000.0, 'price': 4.59, 'value': 261630.0, 'profit_pct': -0.07813062944899604}}",-0.0019017152563712836,0.8803684238320442,-32.02714069732918
2023-12-18,10967.123832044046,865117.1,876084.223832044,"{'510300': {'shares': 56900.0, 'price': 3.118, 'value': 177414.19999999998, 'profit_pct': -4.685278002291459}, '159915': {'shares': 98900.0, 'price': 1.773, 'value': 175349.69999999998, 'profit_pct': -5.835791003255113}, '511260': {'shares': 2100.0, 'price': 119.772, 'value': 251521.2, 'profit_pct': 0.28778017781363807}, '518880': {'shares': 57000.0, 'price': 4.576, 'value': 260831.99999999997, 'profit_pct': -0.3829032157644073}}",-0.004866371718958207,0.8760842238320441,-32.357921897496425
2023-12-19,10967.123832044046,866788.3,877755.4238320441,"{'510300': {'shares': 56900.0, 'price': 3.12, 'value': 177528.0, 'profit_pct': -4.624139630259567}, '159915': {'shares': 98900.0, 'price': 1.781, 'value': 176140.9, 'profit_pct': -5.410910195599185}, '511260': {'shares': 2100.0, 'price': 119.784, 'value': 251546.40000000002, 'profit_pct': 0.29782804678246055}, '518880': {'shares': 57000.0, 'price': 4.589, 'value': 261573.00000000003, 'profit_pct': -0.09990009990008442}}",0.0019075791511118378,0.8777554238320441,-32.228889279570204
2023-12-20,10967.123832044046,863211.3999999999,874178.523832044,"{'510300': {'shares': 56900.0, 'price': 3.089, 'value': 175764.1, 'profit_pct': -5.571784396753787}, '159915': {'shares': 98900.0, 'price': 1.755, 'value': 173569.5, 'profit_pct': -6.79177282048095}, '511260': {'shares': 2100.0, 'price': 119.738, 'value': 251449.8, 'profit_pct': 0.2593112157353037}, '518880': {'shares': 57000.0, 'price': 4.604, 'value': 262428.0, 'profit_pct': 0.22664195686641517}}",-0.004075053144513063,0.874178523832044,-32.50506015741863
2023-12-21,10967.123832044046,868312.6,879279.723832044,"{'510300': {'shares': 56900.0, 'price': 3.12, 'value': 177528.0, 'profit_pct': -4.624139630259567}, '159915': {'shares': 98900.0, 'price': 1.787, 'value': 176734.3, 'profit_pct': -5.092249589857239}, '511260': {'shares': 2100.0, 'price': 119.793, 'value': 251565.30000000002, 'profit_pct': 0.30536394850907744}, '518880': {'shares': 57000.0, 'price': 4.605, 'value': 262485.0, 'profit_pct': 0.2484114273175229}}",0.005835421325198542,0.879279723832044,-32.11119874611824
2023-12-22,10967.123832044046,869408.9,880376.0238320441,"{'510300': {'shares': 56900.0, 'price': 3.126, 'value': 177869.4, 'profit_pct': -4.440724514163919}, '159915': {'shares': 98900.0, 'price': 1.78, 'value': 176042.0, 'profit_pct': -5.46402029655617}, '511260': {'shares': 2100.0, 'price': 119.885, 'value': 251758.5, 'profit_pct': 0.38239761060337935}, '518880': {'shares': 57000.0, 'price': 4.627, 'value': 263739.0, 'profit_pct': 0.7273397772417184}}",0.0012468159679859259,0.880376023832044,-32.02655390466747
2023-12-25,10967.123832044046,870830.8999999999,881798.023832044,"{'510300': {'shares': 56900.0, 'price': 3.135, 'value': 178381.5, 'profit_pct': -4.16560184002044}, '159915': {'shares': 98900.0, 'price': 1.783, 'value': 176338.69999999998, 'profit_pct': -5.304689993685203}, '511260': {'shares': 2100.0, 'price': 119.987, 'value': 251972.69999999998, 'profit_pct': 0.4678044968383588}, '518880': {'shares': 57000.0, 'price': 4.634, 'value': 264138.0, 'profit_pct': 0.8797260703994338}}",0.001615218908177729,0.881798023832044,-31.91676190928029
2023-12-26,10967.123832044046,868379.9,879347.0238320441,"{'510300': {'shares': 56900.0, 'price': 3.115, 'value': 177243.5, 'profit_pct': -4.776985560339276}, '159915': {'shares': 98900.0, 'price': 1.761, 'value': 174162.9, 'profit_pct': -6.473112214739005}, '511260': {'shares': 2100.0, 'price': 120.045, 'value': 252094.5, 'profit_pct': 0.5163691968543381}, '518880': {'shares': 57000.0, 'price': 4.647, 'value': 264879.0, 'profit_pct': 1.1627291862637372}}",-0.0027795480753614044,0.8793470238320441,-32.106002542679725
2023-12-27,10967.123832044046,870093.5,881060.6238320441,"{'510300': {'shares': 56900.0, 'price': 3.125, 'value': 177812.5, 'profit_pct': -4.471293700179858}, '159915': {'shares': 98900.0, 'price': 1.763, 'value': 174360.69999999998, 'profit_pct': -6.366892012825024}, '511260': {'shares': 2100.0, 'price': 120.143, 'value': 252300.3, 'profit_pct': 0.5984267934330514}, '518880': {'shares': 57000.0, 'price': 4.66, 'value': 265620.0, 'profit_pct': 1.4457323021280408}}",0.0019487187123603533,0.8810606238320441,-31.97369623937769
2023-12-28,10967.123832044046,881910.1,892877.223832044,"{'510300': {'shares': 56900.0, 'price': 3.209, 'value': 182592.1, 'profit_pct': -1.9034820748406904}, '159915': {'shares': 98900.0, 'price': 1.833, 'value': 181283.69999999998, 'profit_pct': -2.6491849458356556}, '511260': {'shares': 2100.0, 'price': 120.143, 'value': 252300.3, 'profit_pct': 0.5984267934330514}, '518880': {'shares': 57000.0, 'price': 4.662, 'value': 265734.0, 'profit_pct': 1.4892712430302368}}",0.01341178992724168,0.892877223832044,-31.061341743813486
2023-12-29,10967.123832044046,883045.8,894012.9238320441,"{'510300': {'shares': 56900.0, 'price': 3.219, 'value': 183161.1, 'profit_pct': -1.5977902146812724}, '159915': {'shares': 98900.0, 'price': 1.842, 'value': 182173.80000000002, 'profit_pct': -2.171194037222731}, '511260': {'shares': 2100.0, 'price': 120.369, 'value': 252774.9, 'profit_pct': 0.7876616590125338}, '518880': {'shares': 57000.0, 'price': 4.648, 'value': 264936.0, 'profit_pct': 1.1844986567148255}}",0.0012719553928433047,0.8940129238320441,-30.973654845669152
2024-01-02,2185.2159951339418,884862.5,887047.715995134,"{'510300': {'shares': 58400.0, 'price': 3.173, 'value': 185303.2, 'profit_pct': -0.09990009990009582}, '159915': {'shares': 102700.0, 'price': 1.806, 'value': 185476.2, 'profit_pct': -0.09990009990008619}, '511260': {'shares': 2100.0, 'price': 120.597, 'value': 253253.69999999998, 'profit_pct': -0.09990009990009113}, '518880': {'shares': 55900.0, 'price': 4.666, 'value': 260829.40000000002, 'profit_pct': -0.09990009990008691}}",-0.007790947592854591,0.887047715995134,-31.51143548329284
2024-01-03,2185.2159951339418,881489.6000000001,883674.8159951341,"{'510300': {'shares': 58400.0, 'price': 3.163, 'value': 184719.19999999998, 'profit_pct': -0.41474441096250425}, '159915': {'shares': 102700.0, 'price': 1.787, 'value': 183524.9, 'profit_pct': -1.150897828638686}, '511260': {'shares': 2100.0, 'price': 120.278, 'value': 252583.80000000002, 'profit_pct': -0.3641532062636882}, '518880': {'shares': 55900.0, 'price': 4.663, 'value': 260661.7, 'profit_pct': -0.16413076850281108}}",-0.0038023884613873626,0.8836748159951341,-31.771855610748144
2024-01-04,2185.2159951339418,876198.5,878383.715995134,"{'510300': {'shares': 58400.0, 'price': 3.133, 'value': 182967.2, 'profit_pct': -1.359277344149702}, '159915': {'shares': 102700.0, 'price': 1.754, 'value': 180135.8, 'profit_pct': -2.9763149364478156}, '511260': {'shares': 2100.0, 'price': 120.526, 'value': 253104.6, 'profit_pct': -0.15871505460797683}, '518880': {'shares': 55900.0, 'price': 4.651, 'value': 259990.9, 'profit_pct': -0.42105344291370783}}",-0.005987609813279171,0.878383715995134,-32.18037911763506
2024-01-05,2185.2159951339418,874014.0,876199.215995134,"{'510300': {'shares': 58400.0, 'price': 3.116, 'value': 181974.4, 'profit_pct': -1.894512672955781}, '159915': {'shares': 102700.0, 'price': 1.728, 'value': 177465.6, 'profit_pct': -4.414522354721681}, '511260': {'shares': 2100.0, 'price': 120.884, 'value': 253856.4, 'profit_pct': 0.13784485786278264}, '518880': {'shares': 55900.0, 'price': 4.664, 'value': 260717.59999999998, 'profit_pct': -0.14272054563524905}}",-0.0024869541183663024,0.876199215995134,-32.3490434030945
2024-01-08,2185.2159951339418,867115.6000000001,869300.8159951341,"{'510300': {'shares': 58400.0, 'price': 3.069, 'value': 179229.6, 'profit_pct': -3.374280934949071}, '159915': {'shares': 102700.0, 'price': 1.699, 'value': 174487.30000000002, 'profit_pct': -6.01867678279637}, '511260': {'shares': 2100.0, 'price': 120.697, 'value': 253463.7, 'profit_pct': -0.017062135522777914}, '518880': {'shares': 55900.0, 'price': 4.65, 'value': 259935.00000000003, 'profit_pct': -0.44246366578126994}}",-0.007873095380672268,0.8693008159951341,-32.88166583697565
2024-01-09,2185.2159951339418,868565.0,870750.215995134,"{'510300': {'shares': 58400.0, 'price': 3.077, 'value': 179696.8, 'profit_pct': -3.12240548609915}, '159915': {'shares': 102700.0, 'price': 1.706, 'value': 175206.19999999998, 'profit_pct': -5.631467093261104}, '511260': {'shares': 2100.0, 'price': 120.849, 'value': 253782.9, 'profit_pct': 0.1088515703307283}, '518880': {'shares': 55900.0, 'price': 4.649, 'value': 259879.1, 'profit_pct': -0.463873888648851}}",0.0016673169670740062,0.870750215995134,-32.76975829962391
2024-01-10,2185.2159951339418,865716.7000000001,867901.915995134,"{'510300': {'shares': 58400.0, 'price': 3.061, 'value': 178762.4, 'profit_pct': -3.6261563837989925}, '159915': {'shares': 102700.0, 'price': 1.698, 'value': 174384.6, 'profit_pct': -6.0739924527299864}, '511260': {'shares': 2100.0, 'price': 120.808, 'value': 253696.80000000002, 'profit_pct': 0.07488800493603542}, '518880': {'shares': 55900.0, 'price': 4.631, 'value': 258872.90000000002, 'profit_pct': -0.8492579002651771}}",-0.0032710873309916844,0.867901915995134,-32.98967429150951
2024-01-11,2185.2159951339418,870152.2000000001,872337.415995134,"{'510300': {'shares': 58400.0, 'price': 3.08, 'value': 179872.0, 'profit_pct': -3.0279521927804263}, '159915': {'shares': 102700.0, 'price': 1.732, 'value': 177876.4, 'profit_pct': -4.193259674987241}, '511260': {'shares': 2100.0, 'price': 120.729, 'value': 253530.9, 'profit_pct': 0.00944601307795714}, '518880': {'shares': 55900.0, 'price': 4.631, 'value': 258872.90000000002, 'profit_pct': -0.8492579002651771}}",0.005110600539364185,0.872337415995134,-32.647211284800726
2024-01-12,2185.2159951339418,868220.4,870405.615995134,"{'510300': {'shares': 58400.0, 'price': 3.069, 'value': 179229.6, 'profit_pct': -3.374280934949071}, '159915': {'shares': 102700.0, 'price': 1.714, 'value': 176027.8, 'profit_pct': -5.188941733792223}, '511260': {'shares': 2100.0, 'price': 120.596, 'value': 253251.6, 'profit_pct': -0.10072847954385637}, '518880': {'shares': 55900.0, 'price': 4.646, 'value': 259711.4, 'profit_pct': -0.5281045572515751}}",-0.002214510078988541,0.870405615995134,-32.796364714258516
2024-01-15,2185.2159951339418,867892.8,870078.015995134,"{'510300': {'shares': 58400.0, 'price': 3.065, 'value': 178996.0, 'profit_pct': -3.5002186593740316}, '159915': {'shares': 102700.0, 'price': 1.698, 'value': 174384.6, 'profit_pct': -6.0739924527299864}, '511260': {'shares': 2100.0, 'price': 120.615, 'value': 253291.5, 'profit_pct': -0.08498926631217546}, '518880': {'shares': 55900.0, 'price': 4.673, 'value': 261220.7, 'profit_pct': 0.04997146017292353}}",-0.00037637624801567515,0.870078015995134,-32.82165856636038
2024-01-16,2185.2159951339418,870350.5,872535.715995134,"{'510300': {'shares': 58400.0, 'price': 3.087, 'value': 180280.80000000002, 'profit_pct': -2.8075611750367417}, '159915': {'shares': 102700.0, 'price': 1.708, 'value': 175411.6, 'profit_pct': -5.520835753393884}, '511260': {'shares': 2100.0, 'price': 120.578, 'value': 253213.80000000002, 'profit_pct': -0.11563931313177205}, '518880': {'shares': 55900.0, 'price': 4.677, 'value': 261444.3, 'profit_pct': 0.13561235164320978}}",0.002824689228803301,0.872535715995134,-32.63190062890391
2024-01-17,2185.2159951339418,858367.4,860552.615995134,"{'510300': {'shares': 58400.0, 'price': 3.012, 'value': 175900.8, 'profit_pct': -5.168893508004756}, '159915': {'shares': 102700.0, 'price': 1.656, 'value': 170071.19999999998, 'profit_pct': -8.397250589941613}, '511260': {'shares': 2100.0, 'price': 120.725, 'value': 253522.5, 'profit_pct': 0.006132494502860844}, '518880': {'shares': 55900.0, 'price': 4.631, 'value': 258872.90000000002, 'profit_pct': -0.8492579002651771}}",-0.013733649844159257,0.860552615995134,-33.55711051633307
2024-01-18,2185.2159951339418,863123.0,865308.215995134,"{'510300': {'shares': 58400.0, 'price': 3.057, 'value': 178528.8, 'profit_pct': -3.752094108223953}, '159915': {'shares': 102700.0, 'price': 1.683, 'value': 172844.1, 'profit_pct': -6.903727501734133}, '511260': {'shares': 2100.0, 'price': 120.817, 'value': 253715.69999999998, 'profit_pct': 0.08234342172998148}, '518880': {'shares': 55900.0, 'price': 4.616, 'value': 258034.4, 'profit_pct': -1.170411243278798}}",0.005526216423734409,0.865308215995134,-33.189932729228055
2024-01-19,2185.2159951339418,863741.8999999999,865927.1159951339,"{'510300': {'shares': 58400.0, 'price': 3.064, 'value': 178937.6, 'profit_pct': -3.5317030904802684}, '159915': {'shares': 102700.0, 'price': 1.669, 'value': 171406.30000000002, 'profit_pct': -7.678146880804676}, '511260': {'shares': 2100.0, 'price': 120.883, 'value': 253854.3, 'profit_pct': 0.13701647821900562}, '518880': {'shares': 55900.0, 'price': 4.643, 'value': 259543.69999999998, 'profit_pct': -0.5923352258542993}}",0.0007152364770837139,0.8659271159951338,-33.142147732079586
2024-01-22,2185.2159951339418,854215.0,856400.215995134,"{'510300': {'shares': 58400.0, 'price': 2.995, 'value': 174908.0, 'profit_pct': -5.704128836810836}, '159915': {'shares': 102700.0, 'price': 1.623, 'value': 166682.1, 'profit_pct': -10.222667697750744}, '511260': {'shares': 2100.0, 'price': 120.994, 'value': 254087.4, 'profit_pct': 0.22896661867781892}, '518880': {'shares': 55900.0, 'price': 4.625, 'value': 258537.5, 'profit_pct': -0.9777192374706254}}",-0.011001965204717634,0.8564002159951339,-33.87771549639339
2024-01-23,2185.2159951339418,857714.3,859899.515995134,"{'510300': {'shares': 58400.0, 'price': 3.017, 'value': 176192.8, 'profit_pct': -5.011471352473559}, '159915': {'shares': 102700.0, 'price': 1.642, 'value': 168633.4, 'profit_pct': -9.171669969012157}, '511260': {'shares': 2100.0, 'price': 120.933, 'value': 253959.30000000002, 'profit_pct': 0.1784354604076681}, '518880': {'shares': 55900.0, 'price': 4.632, 'value': 258928.8, 'profit_pct': -0.827847677397615}}",0.004086056886305034,0.859899515995134,-33.60753608045921
2024-01-24,2185.2159951339418,861206.2000000001,863391.415995134,"{'510300': {'shares': 58400.0, 'price': 3.068, 'value': 179171.2, 'profit_pct': -3.4057653660553076}, '159915': {'shares': 102700.0, 'price': 1.65, 'value': 169455.0, 'profit_pct': -8.729144609543276}, '511260': {'shares': 2100.0, 'price': 120.946, 'value': 253986.6, 'profit_pct': 0.18920439577671047}, '518880': {'shares': 55900.0, 'price': 4.626, 'value': 258593.40000000002, 'profit_pct': -0.9563090146030444}}",0.004060823311383022,0.863391415995134,-33.337928015274585
2024-01-25,2185.2159951339418,865891.2,868076.4159951339,"{'510300': {'shares': 58400.0, 'price': 3.124, 'value': 182441.6, 'profit_pct': -1.6426372241058596}, '159915': {'shares': 102700.0, 'price': 1.675, 'value': 172022.5, 'profit_pct': -7.3462528612030145}, '511260': {'shares': 2100.0, 'price': 120.956, 'value': 254007.6, 'profit_pct': 0.19748819221444533}, '518880': {'shares': 55900.0, 'price': 4.605, 'value': 257419.50000000003, 'profit_pct': -1.4059236948220948}}",0.005426275861915908,0.868076415995134,-32.97620122315856
2024-01-26,2185.2159951339418,862947.2999999999,865132.5159951339,"{'510300': {'shares': 58400.0, 'price': 3.118, 'value': 182091.19999999998, 'profit_pct': -1.8315438107433075}, '159915': {'shares': 102700.0, 'price': 1.637, 'value': 168119.9, 'profit_pct': -9.448248318680202}, '511260': {'shares': 2100.0, 'price': 121.047, 'value': 254198.69999999998, 'profit_pct': 0.272870739797789}, '518880': {'shares': 55900.0, 'price': 4.625, 'value': 258537.5, 'profit_pct': -0.9777192374706254}}",-0.0033912913031109992,0.8651325159951339,-33.203498449051914
2024-01-29,2185.2159951339418,855991.5,858176.715995134,"{'510300': {'shares': 58400.0, 'price': 3.088, 'value': 180339.2, 'profit_pct': -2.776076743930505}, '159915': {'shares': 102700.0, 'price': 1.58, 'value': 162266.0, 'profit_pct': -12.601241504895977}, '511260': {'shares': 2100.0, 'price': 121.117, 'value': 254345.7, 'profit_pct': 0.3308573148619094}, '518880': {'shares': 55900.0, 'price': 4.634, 'value': 259040.6, 'profit_pct': -0.7850272316624529}}",-0.008040155550041783,0.858176715995134,-33.74055271172015
2024-01-30,2185.2159951339418,850483.5,852668.715995134,"{'510300': {'shares': 58400.0, 'price': 3.032, 'value': 177068.8, 'profit_pct': -4.539204885879953}, '159915': {'shares': 102700.0, 'price': 1.544, 'value': 158568.80000000002, 'profit_pct': -14.592605622505944}, '511260': {'shares': 2100.0, 'price': 121.466, 'value': 255078.59999999998, 'profit_pct': 0.6199618105386993}, '518880': {'shares': 55900.0, 'price': 4.647, 'value': 259767.30000000002, 'profit_pct': -0.5066943343839941}}",-0.006418258497741913,0.8526687159951339,-34.165822972333835
2024-01-31,2185.2159951339418,848893.2999999999,851078.5159951339,"{'510300': {'shares': 58400.0, 'price': 3.011, 'value': 175842.4, 'profit_pct': -5.200377939110993}, '159915': {'shares': 102700.0, 'price': 1.533, 'value': 157439.1, 'profit_pct': -15.20107799177566}, '511260': {'shares': 2100.0, 'price': 121.671, 'value': 255509.1, 'profit_pct': 0.7897796375121872}, '518880': {'shares': 55900.0, 'price': 4.653, 'value': 260102.69999999998, 'profit_pct': -0.37823299717856473}}",-0.0018649681525423345,0.851078515995134,-34.28860161583926
2024-02-01,6814.329345034115,844233.0,851047.3293450341,"{'510300': {'shares': 58600.0, 'price': 3.007, 'value': 176210.2, 'profit_pct': -0.09990009990009192}, '159915': {'shares': 113900.0, 'price': 1.548, 'value': 176317.2, 'profit_pct': -0.09990009990009233}, '511260': {'shares': 2000.0, 'price': 121.684, 'value': 243368.0, 'profit_pct': -0.09990009990008981}, '518880': {'shares': 53200.0, 'price': 4.668, 'value': 248337.6, 'profit_pct': -0.0999000999000929}}",-3.6643681533110595e-05,0.8510473293450341,-34.291009523394756
2024-02-02,6814.329345034115,838450.2000000001,845264.5293450342,"{'510300': {'shares': 58600.0, 'price': 2.977, 'value': 174452.19999999998, 'profit_pct': -1.0965755229140668}, '159915': {'shares': 113900.0, 'price': 1.508, 'value': 171761.2, 'profit_pct': -2.6812980301352343}, '511260': {'shares': 2000.0, 'price': 121.657, 'value': 243314.0, 'profit_pct': -0.12206655315033471}, '518880': {'shares': 53200.0, 'price': 4.679, 'value': 248922.80000000002, 'profit_pct': 0.13551144656544073}}",-0.006794921740075677,0.8452645293450342,-34.73749697130266
2024-02-05,6814.329345034115,840261.1,847075.4293450341,"{'510300': {'shares': 58600.0, 'price': 2.997, 'value': 175624.19999999998, 'profit_pct': -0.432125240904755}, '159915': {'shares': 113900.0, 'price': 1.527, 'value': 173925.3, 'profit_pct': -1.455134013273549}, '511260': {'shares': 2000.0, 'price': 121.852, 'value': 243704.0, 'profit_pct': 0.03802449810143399}, '518880': {'shares': 53200.0, 'price': 4.643, 'value': 247007.59999999998, 'profit_pct': -0.6349263418672165}}",0.0021424062374924002,0.8470754293450341,-34.59767817773961
2024-02-06,6814.329345034115,856043.2999999999,862857.629345034,"{'510300': {'shares': 58600.0, 'price': 3.1, 'value': 181660.0, 'profit_pct': 2.989793711443203}, '159915': {'shares': 113900.0, 'price': 1.623, 'value': 184859.7, 'profit_pct': 4.740221019290792}, '511260': {'shares': 2000.0, 'price': 121.524, 'value': 243048.0, 'profit_pct': -0.23125685990153327}, '518880': {'shares': 53200.0, 'price': 4.633, 'value': 246475.6, 'profit_pct': -0.8489368386540583}}",0.018631398637312557,0.8628576293450341,-33.37914144806328
2024-02-07,6814.329345034115,862575.8,869390.1293450341,"{'510300': {'shares': 58600.0, 'price': 3.129, 'value': 183359.4, 'profit_pct': 3.953246620356701}, '159915': {'shares': 113900.0, 'price': 1.66, 'value': 189074.0, 'profit_pct': 7.12801410475829}, '511260': {'shares': 2000.0, 'price': 121.594, 'value': 243188.0, 'profit_pct': -0.17378827740090613}, '518880': {'shares': 53200.0, 'price': 4.642, 'value': 246954.40000000002, 'profit_pct': -0.6563273915458894}}",0.007570773877213943,0.8693901293450341,-32.87476999246072
2024-02-08,6814.329345034115,867666.9,874481.2293450341,"{'510300': {'shares': 58600.0, 'price': 3.151, 'value': 184648.59999999998, 'profit_pct': 4.684141930566937}, '159915': {'shares': 113900.0, 'price': 1.681, 'value': 191465.9, 'profit_pct': 8.483248018131748}, '511260': {'shares': 2000.0, 'price': 121.767, 'value': 243534.0, 'profit_pct': -0.03175878064934087}, '518880': {'shares': 53200.0, 'price': 4.662, 'value': 248018.4, 'profit_pct': -0.22830639797220562}}",0.005855944101683663,0.8744812293450341,-32.48168839772391
2024-02-19,6814.329345034115,870159.9,876974.2293450341,"{'510300': {'shares': 58600.0, 'price': 3.178, 'value': 186230.8, 'profit_pct': 5.581149811279511}, '159915': {'shares': 113900.0, 'price': 1.697, 'value': 193288.30000000002, 'profit_pct': 9.515807190225804}, '511260': {'shares': 2000.0, 'price': 121.79, 'value': 243580.0, 'profit_pct': -0.012876246399124477}, '518880': {'shares': 53200.0, 'price': 4.644, 'value': 247060.80000000002, 'profit_pct': -0.6135252921885248}}",0.0028508330611820565,0.8769742293450341,-32.28920496277294
2024-02-20,6814.329345034115,870814.8,877629.1293450341,"{'510300': {'shares': 58600.0, 'price': 3.19, 'value': 186934.0, 'profit_pct': 5.979819980485098}, '159915': {'shares': 113900.0, 'price': 1.696, 'value': 193174.4, 'profit_pct': 9.451272241969919}, '511260': {'shares': 2000.0, 'price': 121.876, 'value': 243752.0, 'profit_pct': 0.05772801210165167}, '518880': {'shares': 53200.0, 'price': 4.642, 'value': 246954.40000000002, 'profit_pct': -0.6563273915458894}}",0.0007467722289731249,0.8776291293450341,-32.238640421437445
2024-02-21,6814.329345034115,874594.9,881409.2293450341,"{'510300': {'shares': 58600.0, 'price': 3.238, 'value': 189746.8, 'profit_pct': 7.574500657307445}, '159915': {'shares': 113900.0, 'price': 1.703, 'value': 193971.7, 'profit_pct': 9.903016879761076}, '511260': {'shares': 2000.0, 'price': 121.961, 'value': 243922.0, 'profit_pct': 0.12751129085241486}, '518880': {'shares': 53200.0, 'price': 4.642, 'value': 246954.40000000002, 'profit_pct': -0.6563273915458894}}",0.004307172441759155,0.8814092293450341,-31.946780560844534
2024-02-22,6814.329345034115,876710.2000000001,883524.5293450342,"{'510300': {'shares': 58600.0, 'price': 3.264, 'value': 191270.4, 'profit_pct': 8.438286023919543}, '159915': {'shares': 113900.0, 'price': 1.71, 'value': 194769.0, 'profit_pct': 10.354761517552218}, '511260': {'shares': 2000.0, 'price': 121.938, 'value': 243876.0, 'profit_pct': 0.10862875660221014}, '518880': {'shares': 53200.0, 'price': 4.639, 'value': 246794.80000000002, 'profit_pct': -0.7205305405819457}}",0.002399906796496598,0.8835245293450341,-31.783459176989027
2024-02-23,6814.329345034115,876655.3,883469.6293450341,"{'510300': {'shares': 58600.0, 'price': 3.267, 'value': 191446.19999999998, 'profit_pct': 8.537953566220944}, '159915': {'shares': 113900.0, 'price': 1.709, 'value': 194655.1, 'profit_pct': 10.290226569296347}, '511260': {'shares': 2000.0, 'price': 122.119, 'value': 244238.0, 'profit_pct': 0.25722609135384406}, '518880': {'shares': 53200.0, 'price': 4.63, 'value': 246316.0, 'profit_pct': -0.9131399876901147}}",-6.213749384043066e-05,0.8834696293450341,-31.78769798187423
2024-02-26,6814.329345034115,875354.0,882168.3293450341,"{'510300': {'shares': 58600.0, 'price': 3.232, 'value': 189395.2, 'profit_pct': 7.375165572704659}, '159915': {'shares': 113900.0, 'price': 1.704, 'value': 194085.6, 'profit_pct': 9.967551828016948}, '511260': {'shares': 2000.0, 'price': 122.22, 'value': 244440.0, 'profit_pct': 0.34014504610475627}, '518880': {'shares': 53200.0, 'price': 4.651, 'value': 247433.19999999998, 'profit_pct': -0.4637179444377392}}",-0.001472942540158173,0.8821683293450341,-31.888170783278845
2024-02-27,6814.329345034115,882648.3999999999,889462.729345034,"{'510300': {'shares': 58600.0, 'price': 3.273, 'value': 191797.80000000002, 'profit_pct': 8.737288650823745}, '159915': {'shares': 113900.0, 'price': 1.746, 'value': 198869.4, 'profit_pct': 12.678019654763844}, '511260': {'shares': 2000.0, 'price': 122.407, 'value': 244814.0, 'profit_pct': 0.49366825935644465}, '518880': {'shares': 53200.0, 'price': 4.646, 'value': 247167.19999999998, 'profit_pct': -0.5707231928311601}}",0.008268716703325296,0.889462729345034,-31.32497336334049
2024-02-28,6814.329345034115,875684.1,882498.4293450341,"{'510300': {'shares': 58600.0, 'price': 3.237, 'value': 189688.2, 'profit_pct': 7.541278143206983}, '159915': {'shares': 113900.0, 'price': 1.701, 'value': 193743.9, 'profit_pct': 9.773946983249319}, '511260': {'shares': 2000.0, 'price': 122.569, 'value': 245138.0, 'profit_pct': 0.626666978857914}, '518880': {'shares': 53200.0, 'price': 4.645, 'value': 247113.99999999997, 'profit_pct': -0.592124242509852}}",-0.007829782823084885,0.8824984293450341,-31.862683907275112
2024-02-29,6814.329345034115,886251.5,893065.8293450341,"{'510300': {'shares': 58600.0, 'price': 3.292, 'value': 192911.19999999998, 'profit_pct': 9.368516418732579}, '159915': {'shares': 113900.0, 'price': 1.761, 'value': 200577.9, 'profit_pct': 13.646043878602018}, '511260': {'shares': 2000.0, 'price': 122.771, 'value': 245542.0, 'profit_pct': 0.7925048883597383}, '518880': {'shares': 53200.0, 'price': 4.647, 'value': 247220.40000000002, 'profit_pct': -0.5493221431524684}}",0.011974412246651633,0.8930658293450341,-31.046779595000405
2024-03-01,8154.115929404332,885912.3999999999,894066.5159294042,"{'510300': {'shares': 55300.0, 'price': 3.319, 'value': 183540.7, 'profit_pct': -0.0999000999000954}, '159915': {'shares': 103500.0, 'price': 1.775, 'value': 183712.5, 'profit_pct': -0.09990009990009203}, '511260': {'shares': 2100.0, 'price': 122.305, 'value': 256840.5, 'profit_pct': -0.09990009990008603}, '518880': {'shares': 56100.0, 'price': 4.667, 'value': 261818.69999999998, 'profit_pct': -0.0999000999000899}}",0.0011205070796449501,0.8940665159294042,-30.969517023372283
2024-03-04,8154.115929404332,890160.1,898314.2159294044,"{'510300': {'shares': 55300.0, 'price': 3.316, 'value': 183374.8, 'profit_pct': -0.19019847281371727}, '159915': {'shares': 103500.0, 'price': 1.783, 'value': 184540.5, 'profit_pct': 0.3503538714806404}, '511260': {'shares': 2100.0, 'price': 122.463, 'value': 257172.3, 'profit_pct': 0.029156077559662062}, '518880': {'shares': 56100.0, 'price': 4.725, 'value': 265072.5, 'profit_pct': 1.1416267469406596}}",0.00475098879593383,0.8983142159294044,-30.64155397217243
2024-03-05,8154.115929404332,895100.3999999999,903254.5159294042,"{'510300': {'shares': 55300.0, 'price': 3.345, 'value': 184978.5, 'profit_pct': 0.6826857986846054}, '159915': {'shares': 103500.0, 'price': 1.78, 'value': 184230.0, 'profit_pct': 0.18150863221287195}, '511260': {'shares': 2100.0, 'price': 122.49, 'value': 257229.0, 'profit_pct': 0.051209981302786214}, '518880': {'shares': 56100.0, 'price': 4.789, 'value': 268662.89999999997, 'profit_pct': 2.511587405523561}}",0.005499523343164059,0.9032545159294042,-30.26011557919681
2024-03-06,8154.115929404332,897345.0999999999,905499.2159294041,"{'510300': {'shares': 55300.0, 'price': 3.331, 'value': 184204.3, 'profit_pct': 0.2612933917543788}, '159915': {'shares': 103500.0, 'price': 1.782, 'value': 184437.0, 'profit_pct': 0.2940721250580551}, '511260': {'shares': 2100.0, 'price': 122.894, 'value': 258077.40000000002, 'profit_pct': 0.38120172619989934}, '518880': {'shares': 56100.0, 'price': 4.824, 'value': 270626.39999999997, 'profit_pct': 3.2607846406860874}}",0.0024851245805179722,0.9054992159294042,-30.086803278180195
2024-03-07,8154.115929404332,895857.9,904012.0159294044,"{'510300': {'shares': 55300.0, 'price': 3.312, 'value': 183153.59999999998, 'profit_pct': -0.3105963033652087}, '159915': {'shares': 103500.0, 'price': 1.742, 'value': 180297.0, 'profit_pct': -1.9571977318456069}, '511260': {'shares': 2100.0, 'price': 123.028, 'value': 258358.80000000002, 'profit_pct': 0.49065443366577094}, '518880': {'shares': 56100.0, 'price': 4.885, 'value': 274048.5, 'profit_pct': 4.566528393397912}}",-0.0016424089318214374,0.9040120159294044,-30.201629336928303
2024-03-08,8154.115929404332,897574.6000000001,905728.7159294044,"{'510300': {'shares': 55300.0, 'price': 3.322, 'value': 183706.6, 'profit_pct': -0.00960172698647349}, '159915': {'shares': 103500.0, 'price': 1.756, 'value': 181746.0, 'profit_pct': -1.169253281929325}, '511260': {'shares': 2100.0, 'price': 122.999, 'value': 258297.9, 'profit_pct': 0.46696690742314834}, '518880': {'shares': 56100.0, 'price': 4.881, 'value': 273824.10000000003, 'profit_pct': 4.480905852236491}}",0.0018989791836285796,0.9057287159294044,-30.06908368398794
2024-03-11,8154.115929404332,909666.1,917820.2159294044,"{'510300': {'shares': 55300.0, 'price': 3.37, 'value': 186361.0, 'profit_pct': 1.4351722396314235}, '159915': {'shares': 103500.0, 'price': 1.84, 'value': 190440.0, 'profit_pct': 3.558413417568365}, '511260': {'shares': 2100.0, 'price': 122.872, 'value': 258031.2, 'profit_pct': 0.363231878705498}, '518880': {'shares': 56100.0, 'price': 4.899, 'value': 274833.9, 'profit_pct': 4.866207287462927}}",0.013350023894949992,0.9178202159294043,-29.13550428017343
2024-03-12,8154.115929404332,908940.5999999999,917094.7159294041,"{'510300': {'shares': 55300.0, 'price': 3.375, 'value': 186637.5, 'profit_pct': 1.5856695278207842}, '159915': {'shares': 103500.0, 'price': 1.851, 'value': 191578.5, 'profit_pct': 4.177512628216866}, '511260': {'shares': 2100.0, 'price': 122.387, 'value': 257012.7, 'profit_pct': -0.03292157742097597}, '518880': {'shares': 56100.0, 'price': 4.879, 'value': 273711.89999999997, 'profit_pct': 4.438094581655761}}",-0.0007904598170846988,0.9170947159294042,-29.191519816497923
2024-03-13,8154.115929404332,906134.4,914288.5159294044,"{'510300': {'shares': 55300.0, 'price': 3.354, 'value': 185476.2, 'profit_pct': 0.9535809174254577}, '159915': {'shares': 103500.0, 'price': 1.841, 'value': 190543.5, 'profit_pct': 3.6146951639909504}, '511260': {'shares': 2100.0, 'price': 122.337, 'value': 256907.7, 'profit_pct': -0.07376213990823906}, '518880': {'shares': 56100.0, 'price': 4.87, 'value': 273207.0, 'profit_pct': 4.245443864042552}}",-0.0030598802405658043,0.9142885159294044,-29.40818528587592
2024-03-14,8154.115929404332,904788.5,912942.6159294043,"{'510300': {'shares': 55300.0, 'price': 3.341, 'value': 184757.30000000002, 'profit_pct': 0.5622879681331141}, '159915': {'shares': 103500.0, 'price': 1.832, 'value': 189612.0, 'profit_pct': 3.1081594461876327}, '511260': {'shares': 2100.0, 'price': 122.295, 'value': 256819.5, 'profit_pct': -0.10806821239754329}, '518880': {'shares': 56100.0, 'price': 4.877, 'value': 273599.7, 'profit_pct': 4.39528331107505}}",-0.0014720736141282664,0.9129426159294043,-29.512101633690012
2024-03-15,8154.115929404332,906930.5,915084.6159294043,"{'510300': {'shares': 55300.0, 'price': 3.35, 'value': 185255.0, 'profit_pct': 0.8331830868739664}, '159915': {'shares': 103500.0, 'price': 1.833, 'value': 189715.5, 'profit_pct': 3.1644411926102176}, '511260': {'shares': 2100.0, 'price': 122.441, 'value': 257126.1, 'profit_pct': 0.011186230065272343}, '518880': {'shares': 56100.0, 'price': 4.899, 'value': 274833.9, 'profit_pct': 4.866207287462927}}",0.0023462591871881155,0.9150846159294043,-29.346718754562474
2024-03-18,8154.115929404332,911028.6,919182.7159294044,"{'510300': {'shares': 55300.0, 'price': 3.381, 'value': 186969.3, 'profit_pct': 1.7662662736480146}, '159915': {'shares': 103500.0, 'price': 1.875, 'value': 194062.5, 'profit_pct': 5.528274542359063}, '511260': {'shares': 2100.0, 'price': 122.548, 'value': 257350.80000000002, 'profit_pct': 0.09858503378801975}, '518880': {'shares': 56100.0, 'price': 4.86, 'value': 272646.0, 'profit_pct': 4.031387511138979}}",0.004478383669293651,0.9191827159294044,-29.030306253650895
2024-03-19,8154.115929404332,908637.1,916791.2159294044,"{'510300': {'shares': 55300.0, 'price': 3.358, 'value': 185697.4, 'profit_pct': 1.0739787479769491}, '159915': {'shares': 103500.0, 'price': 1.853, 'value': 191785.5, 'profit_pct': 4.290076121062049}, '511260': {'shares': 2100.0, 'price': 122.832, 'value': 257947.19999999998, 'profit_pct': 0.33055942871568056}, '518880': {'shares': 56100.0, 'price': 4.87, 'value': 273207.0, 'profit_pct': 4.245443864042552}}",-0.0026017678080270112,0.9167912159294044,-29.214952918185677
2024-03-20,8154.115929404332,909382.6000000001,917536.7159294044,"{'510300': {'shares': 55300.0, 'price': 3.361, 'value': 185863.30000000002, 'profit_pct': 1.1642771208905711}, '159915': {'shares': 103500.0, 'price': 1.856, 'value': 192096.0, 'profit_pct': 4.458921360329829}, '511260': {'shares': 2100.0, 'price': 122.693, 'value': 257655.3, 'profit_pct': 0.2170226650010862}, '518880': {'shares': 56100.0, 'price': 4.88, 'value': 273768.0, 'profit_pct': 4.459500216946126}}",0.000813162241355192,0.9175367159294043,-29.157393190646186
2024-03-21,8154.115929404332,913734.8,921888.9159294043,"{'510300': {'shares': 55300.0, 'price': 3.359, 'value': 185752.7, 'profit_pct': 1.1040782056148188}, '159915': {'shares': 103500.0, 'price': 1.846, 'value': 191061.0, 'profit_pct': 3.896103896103914}, '511260': {'shares': 2100.0, 'price': 122.693, 'value': 257655.3, 'profit_pct': 0.2170226650010862}, '518880': {'shares': 56100.0, 'price': 4.978, 'value': 279265.8, 'profit_pct': 6.557252475401189}}",0.004743352417882818,0.9218889159294044,-28.82136174034793
2024-03-22,8154.115929404332,907211.2,915365.3159294042,"{'510300': {'shares': 55300.0, 'price': 3.328, 'value': 184038.4, 'profit_pct': 0.17099501884075693}, '159915': {'shares': 103500.0, 'price': 1.817, 'value': 188059.5, 'profit_pct': 2.263933249848753}, '511260': {'shares': 2100.0, 'price': 122.687, 'value': 257642.69999999998, 'profit_pct': 0.21212179750261412}, '518880': {'shares': 56100.0, 'price': 4.946, 'value': 277470.6, 'profit_pct': 5.872272146109738}}",-0.007076340638528356,0.9153653159294042,-29.325046030859813
2024-03-25,8154.115929404332,902628.0,910782.1159294043,"{'510300': {'shares': 55300.0, 'price': 3.309, 'value': 182987.7, 'profit_pct': -0.40089467627881725}, '159915': {'shares': 103500.0, 'price': 1.781, 'value': 184333.5, 'profit_pct': 0.2377903786354573}, '511260': {'shares': 2100.0, 'price': 122.512, 'value': 257275.2, 'profit_pct': 0.06917982879718755}, '518880': {'shares': 56100.0, 'price': 4.956, 'value': 278031.60000000003, 'profit_pct': 6.08632849901333}}",-0.005006962706847196,0.9107821159294043,-29.678912889691432
2024-03-26,8154.115929404332,904975.7,913129.8159294042,"{'510300': {'shares': 55300.0, 'price': 3.32, 'value': 183596.0, 'profit_pct': -0.06980064226222588}, '159915': {'shares': 103500.0, 'price': 1.792, 'value': 185472.0, 'profit_pct': 0.8568895892839705}, '511260': {'shares': 2100.0, 'price': 122.531, 'value': 257315.1, 'profit_pct': 0.08469924254235286}, '518880': {'shares': 56100.0, 'price': 4.966, 'value': 278592.60000000003, 'profit_pct': 6.300384851916904}}",0.0025776746808474638,0.9131298159294042,-29.49764800391752
2024-03-27,8154.115929404332,899226.3,907380.4159294043,"{'510300': {'shares': 55300.0, 'price': 3.282, 'value': 181494.6, 'profit_pct': -1.2135800325013875}, '159915': {'shares': 103500.0, 'price': 1.742, 'value': 180297.0, 'profit_pct': -1.9571977318456069}, '511260': {'shares': 2100.0, 'price': 122.617, 'value': 257495.7, 'profit_pct': 0.15494501002044814}, '518880': {'shares': 56100.0, 'price': 4.99, 'value': 279939.0, 'profit_pct': 6.814120098885493}}",-0.006296366518432017,0.9073804159294043,-29.94155665249637
2024-03-28,8154.115929404332,904058.6,912212.7159294044,"{'510300': {'shares': 55300.0, 'price': 3.299, 'value': 182434.69999999998, 'profit_pct': -0.7018892526575524}, '159915': {'shares': 103500.0, 'price': 1.758, 'value': 181953.0, 'profit_pct': -1.0566897890841422}, '511260': {'shares': 2100.0, 'price': 122.64, 'value': 257544.0, 'profit_pct': 0.1737316687645871}, '518880': {'shares': 56100.0, 'price': 5.029, 'value': 282126.9, 'profit_pct': 7.64893987520944}}",0.00532555024901038,0.9122127159294043,-29.568456892081784
2024-03-29,8154.115929404332,911716.2,919870.3159294042,"{'510300': {'shares': 55300.0, 'price': 3.315, 'value': 183319.5, 'profit_pct': -0.2202979304515868}, '159915': {'shares': 103500.0, 'price': 1.768, 'value': 182988.0, 'profit_pct': -0.4938723248582267}, '511260': {'shares': 2100.0, 'price': 122.781, 'value': 257840.1, 'profit_pct': 0.2889020549786799}, '518880': {'shares': 56100.0, 'price': 5.126, 'value': 287568.60000000003, 'profit_pct': 9.725286498374157}}",0.008394533277469085,0.9198703159294043,-28.977216959678863
2024-04-01,20344.52617986442,907252.1000000001,927596.6261798645,"{'510300': {'shares': 56500.0, 'price': 3.373, 'value': 190574.5, 'profit_pct': -0.09990009990010855}, '159915': {'shares': 104600.0, 'price': 1.822, 'value': 190581.2, 'profit_pct': -0.09990009990007505}, '511260': {'shares': 2100.0, 'price': 122.629, 'value': 257520.90000000002, 'profit_pct': -0.09990009990009112}, '518880': {'shares': 52100.0, 'price': 5.155, 'value': 268575.5, 'profit_pct': -0.09990009990008741}}",0.00839934729566072,0.9275966261798645,-28.380671939018843
2024-04-02,20344.52617986442,905431.5,925776.0261798644,"{'510300': {'shares': 56500.0, 'price': 3.361, 'value': 189896.5, 'profit_pct': -0.45531106900808355}, '159915': {'shares': 104600.0, 'price': 1.808, 'value': 189116.80000000002, 'profit_pct': -0.8675188697142354}, '511260': {'shares': 2100.0, 'price': 122.683, 'value': 257634.30000000002, 'profit_pct': -0.05590883034227365}, '518880': {'shares': 52100.0, 'price': 5.159, 'value': 268783.89999999997, 'profit_pct': -0.02238304857121143}}",-0.001962706578071405,0.9257760261798644,-28.521239665321186
2024-04-03,20344.52617986442,907069.6,927414.1261798644,"{'510300': {'shares': 56500.0, 'price': 3.347, 'value': 189105.5, 'profit_pct': -0.869957199634061}, '159915': {'shares': 104600.0, 'price': 1.79, 'value': 187234.0, 'profit_pct': -1.8544572880467274}, '511260': {'shares': 2100.0, 'price': 122.95, 'value': 258195.0, 'profit_pct': 0.16160355802692342}, '518880': {'shares': 52100.0, 'price': 5.231, 'value': 272535.1, 'profit_pct': 1.372923875348711}}",0.0017694344567977804,0.9274141261798644,-28.394762683855813
2024-04-08,20344.52617986442,908601.4,928945.9261798644,"{'510300': {'shares': 56500.0, 'price': 3.318, 'value': 187467.0, 'profit_pct': -1.7288670416449974}, '159915': {'shares': 104600.0, 'price': 1.758, 'value': 183886.8, 'profit_pct': -3.609014476193379}, '511260': {'shares': 2100.0, 'price': 123.002, 'value': 258304.19999999998, 'profit_pct': 0.203965521304814}, '518880': {'shares': 52100.0, 'price': 5.354, 'value': 278943.4, 'profit_pct': 3.756573203711914}}",0.0016516893119902232,0.9289459261798645,-28.276493078698216
2024-04-09,20344.52617986442,911325.2999999998,931669.8261798642,"{'510300': {'shares': 56500.0, 'price': 3.312, 'value': 187128.0, 'profit_pct': -1.9065725261989914}, '159915': {'shares': 104600.0, 'price': 1.777, 'value': 185874.19999999998, 'profit_pct': -2.567246145731311}, '511260': {'shares': 2100.0, 'price': 123.142, 'value': 258598.19999999998, 'profit_pct': 0.31801696089915177}, '518880': {'shares': 52100.0, 'price': 5.369, 'value': 279724.89999999997, 'profit_pct': 4.047262146195225}}",0.002932248178536545,0.9316698261798643,-28.066181956169977
2024-04-10,20344.52617986442,906667.7,927012.2261798644,"{'510300': {'shares': 56500.0, 'price': 3.286, 'value': 185659.0, 'profit_pct': -2.6766296259329305}, '159915': {'shares': 104600.0, 'price': 1.739, 'value': 181899.40000000002, 'profit_pct': -4.650782806655448}, '511260': {'shares': 2100.0, 'price': 123.045, 'value': 258394.5, 'profit_pct': 0.23899560632307995}, '518880': {'shares': 52100.0, 'price': 5.388, 'value': 280714.8, 'profit_pct': 4.4154681400074285}}",-0.004999195926627231,0.9270122261798643,-28.425793206321437
2024-04-11,20344.52617986442,903537.5,923882.0261798644,"{'510300': {'shares': 56500.0, 'price': 3.283, 'value': 185489.5, 'profit_pct': -2.7654823682099274}, '159915': {'shares': 104600.0, 'price': 1.731, 'value': 181062.6, 'profit_pct': -5.089422103692111}, '511260': {'shares': 2100.0, 'price': 123.026, 'value': 258354.6, 'profit_pct': 0.223517196663844}, '518880': {'shares': 52100.0, 'price': 5.348, 'value': 278630.8, 'profit_pct': 3.6402976267185827}}",-0.0033766544945142973,0.9238820261798644,-28.667474573382613
2024-04-12,20344.52617986442,908693.8,929038.3261798645,"{'510300': {'shares': 56500.0, 'price': 3.255, 'value': 183907.5, 'profit_pct': -3.5947746294618694}, '159915': {'shares': 104600.0, 'price': 1.713, 'value': 179179.80000000002, 'profit_pct': -6.076360522024602}, '511260': {'shares': 2100.0, 'price': 123.261, 'value': 258848.09999999998, 'profit_pct': 0.41496068455433827}, '518880': {'shares': 52100.0, 'price': 5.504, 'value': 286758.39999999997, 'profit_pct': 6.663462628545072}}",0.005581123838203306,0.9290383261798645,-28.26935891528487
2024-04-15,20344.52617986442,911981.0,932325.5261798644,"{'510300': {'shares': 56500.0, 'price': 3.328, 'value': 188032.0, 'profit_pct': -1.4326912340550246}, '159915': {'shares': 104600.0, 'price': 1.746, 'value': 182631.6, 'profit_pct': -4.266973421748374}, '511260': {'shares': 2100.0, 'price': 123.377, 'value': 259091.69999999998, 'profit_pct': 0.509460448789646}, '518880': {'shares': 52100.0, 'price': 5.417, 'value': 282225.7, 'profit_pct': 4.977466762141839}}",0.003538282444726093,0.9323255261798644,-28.015555647185863
2024-04-16,20344.52617986442,908567.8,928912.3261798645,"{'510300': {'shares': 56500.0, 'price': 3.296, 'value': 186224.0, 'profit_pct': -2.380453818342958}, '159915': {'shares': 104600.0, 'price': 1.713, 'value': 179179.80000000002, 'profit_pct': -6.076360522024602}, '511260': {'shares': 2100.0, 'price': 123.388, 'value': 259114.80000000002, 'profit_pct': 0.5184216333292091}, '518880': {'shares': 52100.0, 'price': 5.452, 'value': 284049.2, 'profit_pct': 5.655740961269581}}",-0.0036609530728878292,0.9289123261798645,-28.279087319939432
2024-04-17,20344.52617986442,915286.6000000001,935631.1261798645,"{'510300': {'shares': 56500.0, 'price': 3.342, 'value': 188823.0, 'profit_pct': -1.0180451034290474}, '159915': {'shares': 104600.0, 'price': 1.747, 'value': 182736.2, 'profit_pct': -4.212143509618785}, '511260': {'shares': 2100.0, 'price': 123.433, 'value': 259209.30000000002, 'profit_pct': 0.5550810246273904}, '518880': {'shares': 52100.0, 'price': 5.461, 'value': 284518.10000000003, 'profit_pct': 5.830154326759578}}",0.0072329753956770215,0.9356311261798645,-27.760331723169053
2024-04-18,20344.52617986442,914310.5,934655.0261798644,"{'510300': {'shares': 56500.0, 'price': 3.348, 'value': 189162.0, 'profit_pct': -0.8403396188750664}, '159915': {'shares': 104600.0, 'price': 1.738, 'value': 181794.8, 'profit_pct': -4.705612718785037}, '511260': {'shares': 2100.0, 'price': 123.652, 'value': 259669.2, 'profit_pct': 0.7334900622785275}, '518880': {'shares': 52100.0, 'price': 5.445, 'value': 283684.5, 'profit_pct': 5.52008612144404}}",-0.0010432530221450298,0.9346550261798644,-27.835695975417607
2024-04-19,20344.52617986442,910692.2,931036.7261798644,"{'510300': {'shares': 56500.0, 'price': 3.32, 'value': 187580.0, 'profit_pct': -1.669631880127008}, '159915': {'shares': 104600.0, 'price': 1.705, 'value': 178343.0, 'profit_pct': -6.514999819061266}, '511260': {'shares': 2100.0, 'price': 123.681, 'value': 259730.1, 'profit_pct': 0.7571150033373515}, '518880': {'shares': 52100.0, 'price': 5.471, 'value': 285039.1, 'profit_pct': 6.023946955081786}}",-0.0038712678995466154,0.9310367261798643,-28.115063329081103
2024-04-22,20344.52617986442,904697.6000000001,925042.1261798645,"{'510300': {'shares': 56500.0, 'price': 3.313, 'value': 187184.5, 'profit_pct': -1.8769549454399836}, '159915': {'shares': 104600.0, 'price': 1.703, 'value': 178133.80000000002, 'profit_pct': -6.624659643320433}, '511260': {'shares': 2100.0, 'price': 123.769, 'value': 259914.90000000002, 'profit_pct': 0.8288044796537987}, '518880': {'shares': 52100.0, 'price': 5.364, 'value': 279464.39999999997, 'profit_pct': 3.950365832034121}}",-0.006438628929920198,0.9250421261798645,-28.57790376195596
2024-04-23,20344.52617986442,897240.8,917585.3261798645,"{'510300': {'shares': 56500.0, 'price': 3.288, 'value': 185772.0, 'profit_pct': -2.617394464414941}, '159915': {'shares': 104600.0, 'price': 1.705, 'value': 178343.0, 'profit_pct': -6.514999819061266}, '511260': {'shares': 2100.0, 'price': 124.066, 'value': 260538.6, 'profit_pct': 1.0707564622217831}, '518880': {'shares': 52100.0, 'price': 5.232, 'value': 272587.2, 'profit_pct': 1.3923031381809385}}",-0.00806103829108229,0.9175853261798644,-29.1536400145602
2024-04-24,20344.52617986442,901160.5,921505.0261798644,"{'510300': {'shares': 56500.0, 'price': 3.302, 'value': 186563.0, 'profit_pct': -2.202748333788964}, '159915': {'shares': 104600.0, 'price': 1.719, 'value': 179807.40000000002, 'profit_pct': -5.747381049247106}, '511260': {'shares': 2100.0, 'price': 123.494, 'value': 259337.4, 'profit_pct': 0.6047748661649173}, '518880': {'shares': 52100.0, 'price': 5.287, 'value': 275452.7, 'profit_pct': 2.458162593953095}}",0.004271755321457293,0.9215050261798644,-28.851001699286517
2024-04-25,20344.52617986442,901594.0,921938.5261798644,"{'510300': {'shares': 56500.0, 'price': 3.312, 'value': 187128.0, 'profit_pct': -1.9065725261989914}, '159915': {'shares': 104600.0, 'price': 1.716, 'value': 179493.6, 'profit_pct': -5.91187078563586}, '511260': {'shares': 2100.0, 'price': 123.556, 'value': 259467.6, 'profit_pct': 0.6552833608424075}, '518880': {'shares': 52100.0, 'price': 5.288, 'value': 275504.8, 'profit_pct': 2.4775418567853227}}",0.00047042608307523714,0.9219385261798644,-28.817531354701174
2024-04-26,20344.52617986442,912000.3,932344.8261798645,"{'510300': {'shares': 56500.0, 'price': 3.362, 'value': 189953.0, 'profit_pct': -0.42569348824908887}, '159915': {'shares': 104600.0, 'price': 1.774, 'value': 185560.4, 'profit_pct': -2.7317358821200535}, '511260': {'shares': 2100.0, 'price': 123.26, 'value': 258846.0, 'profit_pct': 0.41414603141438644}, '518880': {'shares': 52100.0, 'price': 5.329, 'value': 277640.89999999997, 'profit_pct': 3.2720916329063785}}",0.011287412017718212,0.9323448261798645,-28.014065502663378
2024-04-29,20344.52617986442,917902.5,938247.0261798644,"{'510300': {'shares': 56500.0, 'price': 3.405, 'value': 192382.5, 'profit_pct': 0.8478624843878118}, '159915': {'shares': 104600.0, 'price': 1.837, 'value': 192150.19999999998, 'profit_pct': 0.7225485820436621}, '511260': {'shares': 2100.0, 'price': 122.644, 'value': 257552.40000000002, 'profit_pct': -0.08768030280069739}, '518880': {'shares': 52100.0, 'price': 5.294, 'value': 275817.39999999997, 'profit_pct': 2.5938174337786366}}",0.006330490430437985,0.9382470261798644,-27.558359233201855
2024-04-30,20344.52617986442,915252.7999999999,935597.3261798644,"{'510300': {'shares': 56500.0, 'price': 3.387, 'value': 191365.5, 'profit_pct': 0.3147460307258557}, '159915': {'shares': 104600.0, 'price': 1.816, 'value': 189953.6, 'profit_pct': -0.4288795726775724}, '511260': {'shares': 2100.0, 'price': 123.111, 'value': 258533.1, 'profit_pct': 0.2927627135604124}, '518880': {'shares': 52100.0, 'price': 5.286, 'value': 275400.6, 'profit_pct': 2.4387833311208675}}",-0.002824096347833316,0.9355973261798644,-27.762941406322426
2024-05-06,4483.704614834569,933924.0999999999,938407.8046148345,"{'510300': {'shares': 57000.0, 'price': 3.437, 'value': 195909.0, 'profit_pct': -0.09990009990008446}, '159915': {'shares': 105700.0, 'price': 1.853, 'value': 195862.1, 'profit_pct': -0.09990009990009358}, '511260': {'shares': 2200.0, 'price': 123.203, 'value': 271046.60000000003, 'profit_pct': -0.0999000999000914}, '518880': {'shares': 51600.0, 'price': 5.254, 'value': 271106.39999999997, 'profit_pct': -0.09990009990006368}}",0.003003940216936618,0.9384078046148345,-27.545945600859667
2024-05-07,4483.704614834569,935145.2,939628.9046148346,"{'510300': {'shares': 57000.0, 'price': 3.439, 'value': 196023.0, 'profit_pct': -0.041767949827281964}, '159915': {'shares': 105700.0, 'price': 1.85, 'value': 195545.0, 'profit_pct': -0.26163798424995266}, '511260': {'shares': 2200.0, 'price': 123.522, 'value': 271748.4, 'profit_pct': 0.1587635030002611}, '518880': {'shares': 51600.0, 'price': 5.268, 'value': 271828.8, 'profit_pct': 0.16629734939598173}}",0.0013012466371178366,0.9396289046148346,-27.451665006227245
2024-05-08,4483.704614834569,930342.8999999999,934826.6046148345,"{'510300': {'shares': 57000.0, 'price': 3.41, 'value': 194370.0, 'profit_pct': -0.8846841258828215}, '159915': {'shares': 105700.0, 'price': 1.821, 'value': 192479.69999999998, 'profit_pct': -1.8251041996319877}, '511260': {'shares': 2200.0, 'price': 123.648, 'value': 272025.6, 'profit_pct': 0.2609315718574452}, '518880': {'shares': 51600.0, 'price': 5.261, 'value': 271467.60000000003, 'profit_pct': 0.03319862474796746}}",-0.0051108474594750986,0.9348266046148346,-27.822448479819307
2024-05-09,4483.704614834569,935071.6000000001,939555.3046148347,"{'510300': {'shares': 57000.0, 'price': 3.445, 'value': 196365.0, 'profit_pct': 0.13262850039109975}, '159915': {'shares': 105700.0, 'price': 1.856, 'value': 196179.2, 'profit_pct': 0.06183778444977749}, '511260': {'shares': 2200.0, 'price': 123.467, 'value': 271627.4, 'profit_pct': 0.11416633008640206}, '518880': {'shares': 51600.0, 'price': 5.25, 'value': 270900.0, 'profit_pct': -0.17595651398463846}}",0.005058371228050973,0.9395553046148347,-27.457347629898464
2024-05-10,4483.704614834569,939249.8,943733.5046148347,"{'510300': {'shares': 57000.0, 'price': 3.447, 'value': 196479.0, 'profit_pct': 0.19076065046390223}, '159915': {'shares': 105700.0, 'price': 1.84, 'value': 194488.0, 'profit_pct': -0.8007642654161696}, '511260': {'shares': 2200.0, 'price': 123.292, 'value': 271242.4, 'profit_pct': -0.027733765548584092}, '518880': {'shares': 51600.0, 'price': 5.369, 'value': 277040.39999999997, 'profit_pct': 2.086721805031705}}",0.0044469974034289095,0.9437335046148346,-27.13475064317079
2024-05-13,4483.704614834569,935579.5,940063.2046148346,"{'510300': {'shares': 57000.0, 'price': 3.444, 'value': 196308.0, 'profit_pct': 0.10356242535470495}, '159915': {'shares': 105700.0, 'price': 1.817, 'value': 192056.9, 'profit_pct': -2.0407547120984746}, '511260': {'shares': 2200.0, 'price': 123.557, 'value': 271825.4, 'profit_pct': 0.18714352212725605}, '518880': {'shares': 51600.0, 'price': 5.337, 'value': 275389.2, 'profit_pct': 1.4782704923550398}}",-0.0038891275789747493,0.9400632046148346,-27.41813289399331
2024-05-14,4483.704614834569,934540.5,939024.2046148346,"{'510300': {'shares': 57000.0, 'price': 3.438, 'value': 195966.0, 'profit_pct': -0.07083402486367675}, '159915': {'shares': 105700.0, 'price': 1.813, 'value': 191634.1, 'profit_pct': -2.2564052245649613}, '511260': {'shares': 2200.0, 'price': 123.62, 'value': 271964.0, 'profit_pct': 0.23822755655585381}, '518880': {'shares': 51600.0, 'price': 5.329, 'value': 274976.39999999997, 'profit_pct': 1.3261576641858734}}",-0.0011052448334318843,0.9390242046148346,-27.49835362761306
2024-05-15,4483.704614834569,933287.1000000001,937770.8046148347,"{'510300': {'shares': 57000.0, 'price': 3.412, 'value': 194484.0, 'profit_pct': -0.8265519758100317}, '159915': {'shares': 105700.0, 'price': 1.797, 'value': 189942.9, 'profit_pct': -3.119007274430908}, '511260': {'shares': 2200.0, 'price': 123.531, 'value': 271768.2, 'profit_pct': 0.16606122220434652}, '518880': {'shares': 51600.0, 'price': 5.37, 'value': 277092.0, 'profit_pct': 2.1057359085528575}}",-0.001334789874254616,0.9377708046148348,-27.59512809105771
2024-05-16,4483.704614834569,936634.3,941118.0046148347,"{'510300': {'shares': 57000.0, 'price': 3.424, 'value': 195168.0, 'profit_pct': -0.47775907537325557}, '159915': {'shares': 105700.0, 'price': 1.801, 'value': 190365.69999999998, 'profit_pct': -2.9033567619644214}, '511260': {'shares': 2200.0, 'price': 123.447, 'value': 271583.4, 'profit_pct': 0.09794917629954948}, '518880': {'shares': 51600.0, 'price': 5.417, 'value': 279517.2, 'profit_pct': 2.999398774046704}}",0.003569315640376214,0.9411180046148346,-27.33669224931369
2024-05-17,4483.704614834569,940976.8,945460.5046148347,"{'510300': {'shares': 57000.0, 'price': 3.465, 'value': 197505.0, 'profit_pct': 0.7139500011190603}, '159915': {'shares': 105700.0, 'price': 1.824, 'value': 192796.80000000002, 'profit_pct': -1.6633663152821165}, '511260': {'shares': 2200.0, 'price': 123.277, 'value': 271209.4, 'profit_pct': -0.03989663088872642}, '518880': {'shares': 51600.0, 'price': 5.416, 'value': 279465.60000000003, 'profit_pct': 2.9803846705255688}}",0.004614192884108359,0.9454605046148347,-27.0014097317547
2024-05-20,4483.704614834569,949577.7,954061.4046148346,"{'510300': {'shares': 57000.0, 'price': 3.473, 'value': 197961.0, 'profit_pct': 0.9464786014102444}, '159915': {'shares': 105700.0, 'price': 1.831, 'value': 193536.69999999998, 'profit_pct': -1.2859779184657707}, '511260': {'shares': 2200.0, 'price': 123.5, 'value': 271700.0, 'profit_pct': 0.14092463383471518}, '518880': {'shares': 51600.0, 'price': 5.55, 'value': 286380.0, 'profit_pct': 5.528274542359093}}",0.009097048430916521,0.9540614046148346,-26.33733802069583
2024-05-21,4483.704614834569,943778.7999999999,948262.5046148344,"{'510300': {'shares': 57000.0, 'price': 3.461, 'value': 197277.0, 'profit_pct': 0.5976857009734682}, '159915': {'shares': 105700.0, 'price': 1.818, 'value': 192162.6, 'profit_pct': -1.986842083981847}, '511260': {'shares': 2200.0, 'price': 123.418, 'value': 271519.60000000003, 'profit_pct': 0.07443430330861148}, '518880': {'shares': 51600.0, 'price': 5.481, 'value': 282819.6, 'profit_pct': 4.216301399400035}}",-0.006078120309605417,0.9482625046148344,-26.785068542531842
2024-05-22,4483.704614834569,947233.3,951717.0046148347,"{'510300': {'shares': 57000.0, 'price': 3.469, 'value': 197733.0, 'profit_pct': 0.8302143012646522}, '159915': {'shares': 105700.0, 'price': 1.839, 'value': 194382.3, 'profit_pct': -0.8546768935327973}, '511260': {'shares': 2200.0, 'price': 123.514, 'value': 271730.8, 'profit_pct': 0.15227664148551087}, '518880': {'shares': 51600.0, 'price': 5.492, 'value': 283387.2, 'profit_pct': 4.425456538132641}}",0.0036429785878788756,0.9517170046148347,-26.518348114919277
2024-05-23,4483.704614834569,935979.8999999999,940463.6046148345,"{'510300': {'shares': 57000.0, 'price': 3.432, 'value': 195624.0, 'profit_pct': -0.24523047508207135}, '159915': {'shares': 105700.0, 'price': 1.811, 'value': 191422.69999999998, 'profit_pct': -2.3642304807982044}, '511260': {'shares': 2200.0, 'price': 123.658, 'value': 272047.6, 'profit_pct': 0.26904014875087723}, '518880': {'shares': 51600.0, 'price': 5.366, 'value': 276885.6, 'profit_pct': 2.0296794944682657}}",-0.011824313262695618,0.9404636046148346,-27.38721818586881
2024-05-24,4483.704614834569,927925.7,932409.4046148346,"{'510300': {'shares': 57000.0, 'price': 3.391, 'value': 193287.0, 'profit_pct': -1.4369395515743872}, '159915': {'shares': 105700.0, 'price': 1.781, 'value': 188251.69999999998, 'profit_pct': -3.9816093242968553}, '511260': {'shares': 2200.0, 'price': 123.603, 'value': 271926.6, 'profit_pct': 0.22444297583701817}, '518880': {'shares': 51600.0, 'price': 5.319, 'value': 274460.4, 'profit_pct': 1.1360166289744198}}",-0.008564074101834684,0.9324094046148346,-28.009079430065388
2024-05-27,4483.704614834569,931730.4000000001,936214.1046148348,"{'510300': {'shares': 57000.0, 'price': 3.421, 'value': 194997.0, 'profit_pct': -0.5649573004824529}, '159915': {'shares': 105700.0, 'price': 1.792, 'value': 189414.4, 'profit_pct': -3.3885704150140112}, '511260': {'shares': 2200.0, 'price': 123.581, 'value': 271878.2, 'profit_pct': 0.2066041066714838}, '518880': {'shares': 51600.0, 'price': 5.338, 'value': 275440.8, 'profit_pct': 1.497284595876192}}",0.004080503672710067,0.9362141046148348,-27.715320214277995
2024-05-28,4483.704614834569,928142.7,932626.4046148346,"{'510300': {'shares': 57000.0, 'price': 3.398, 'value': 193686.0, 'profit_pct': -1.2334770263195978}, '159915': {'shares': 105700.0, 'price': 1.769, 'value': 186983.3, 'profit_pct': -4.628560861696316}, '511260': {'shares': 2200.0, 'price': 123.745, 'value': 272239.0, 'profit_pct': 0.3395847677237027}, '518880': {'shares': 51600.0, 'price': 5.334, 'value': 275234.39999999997, 'profit_pct': 1.4212281817916002}}",-0.003832136241395556,0.9326264046148346,-27.99232495538253
2024-05-29,4483.704614834569,930607.6000000001,935091.3046148347,"{'510300': {'shares': 57000.0, 'price': 3.399, 'value': 193743.0, 'profit_pct': -1.2044109512832029}, '159915': {'shares': 105700.0, 'price': 1.772, 'value': 187300.4, 'profit_pct': -4.466822977346445}, '511260': {'shares': 2200.0, 'price': 123.851, 'value': 272472.2, 'profit_pct': 0.42553568279403414}, '518880': {'shares': 51600.0, 'price': 5.37, 'value': 277092.0, 'profit_pct': 2.1057359085528575}}",0.002642966130707025,0.9350913046148347,-27.802011109088642
2024-05-30,4483.704614834569,927618.7,932102.4046148346,"{'510300': {'shares': 57000.0, 'price': 3.385, 'value': 192945.0, 'profit_pct': -1.6113360017927816}, '159915': {'shares': 105700.0, 'price': 1.777, 'value': 187828.9, 'profit_pct': -4.197259836763342}, '511260': {'shares': 2200.0, 'price': 123.858, 'value': 272487.60000000003, 'profit_pct': 0.43121168661943776}, '518880': {'shares': 51600.0, 'price': 5.317, 'value': 274357.2, 'profit_pct': 1.0979884219321323}}",-0.003196372359842714,0.9321024046148346,-28.03278276521578
2024-05-31,4483.704614834569,927209.2,931692.9046148346,"{'510300': {'shares': 57000.0, 'price': 3.371, 'value': 192147.0, 'profit_pct': -2.0182610523023476}, '159915': {'shares': 105700.0, 'price': 1.772, 'value': 187300.4, 'profit_pct': -4.466822977346445}, '511260': {'shares': 2200.0, 'price': 123.665, 'value': 272063.0, 'profit_pct': 0.2747161525762808}, '518880': {'shares': 51600.0, 'price': 5.343, 'value': 275698.8, 'profit_pct': 1.5923551134819187}}",-0.0004393294105589085,0.9316929046148346,-28.06440008034311
2024-06-03,8774.012701834698,919614.2,928388.2127018346,"{'510300': {'shares': 83300.0, 'price': 3.376, 'value': 281220.8, 'profit_pct': -0.09990009990010781}, '159915': {'shares': 157900.0, 'price': 1.782, 'value': 281377.8, 'profit_pct': -0.09990009990008468}, '511260': {'shares': 1400.0, 'price': 123.746, 'value': 173244.4, 'profit_pct': -0.09990009990008604}, '518880': {'shares': 34700.0, 'price': 5.296, 'value': 183771.2, 'profit_pct': -0.09990009990009092}}",-0.003546975507306427,0.9283882127018346,-28.319553891361526
2024-06-04,8774.012701834698,927233.8999999999,936007.9127018346,"{'510300': {'shares': 83300.0, 'price': 3.401, 'value': 283303.3, 'profit_pct': 0.6398814455686388}, '159915': {'shares': 157900.0, 'price': 1.806, 'value': 285167.4, 'profit_pct': 1.245555791010353}, '511260': {'shares': 1400.0, 'price': 123.755, 'value': 173257.0, 'profit_pct': -0.09263440323836823}, '518880': {'shares': 34700.0, 'price': 5.346, 'value': 185506.2, 'profit_pct': 0.8432654958334774}}",0.008207450176284325,0.9360079127018346,-27.731240201311035
2024-06-05,8774.012701834698,924006.0,932780.0127018347,"{'510300': {'shares': 83300.0, 'price': 3.388, 'value': 282220.39999999997, 'profit_pct': 0.2551950419248922}, '159915': {'shares': 157900.0, 'price': 1.796, 'value': 283588.4, 'profit_pct': 0.6849491697976707}, '511260': {'shares': 1400.0, 'price': 123.896, 'value': 173454.4, 'profit_pct': 0.02119484446187762}, '518880': {'shares': 34700.0, 'price': 5.324, 'value': 184742.8, 'profit_pct': 0.4282726337107013}}",-0.0034485819576913768,0.9327800127018346,-27.980464942457527
2024-06-06,8774.012701834698,924888.6999999998,933662.7127018345,"{'510300': {'shares': 83300.0, 'price': 3.388, 'value': 282220.39999999997, 'profit_pct': 0.2551950419248922}, '159915': {'shares': 157900.0, 'price': 1.785, 'value': 281851.5, 'profit_pct': 0.06828188646371382}, '511260': {'shares': 1400.0, 'price': 123.933, 'value': 173506.2, 'profit_pct': 0.05106493073783248}, '518880': {'shares': 34700.0, 'price': 5.398, 'value': 187310.59999999998, 'profit_pct': 1.8241577153963844}}",0.0009463110143657083,0.9336627127018345,-27.912312063183087
2024-06-07,8774.012701834698,917308.0,926082.0127018347,"{'510300': {'shares': 83300.0, 'price': 3.365, 'value': 280304.5, 'profit_pct': -0.4254039799063479}, '159915': {'shares': 157900.0, 'price': 1.748, 'value': 276009.2, 'profit_pct': -2.005962612023205}, '511260': {'shares': 1400.0, 'price': 124.035, 'value': 173649.0, 'profit_pct': 0.1334094929039563}, '518880': {'shares': 34700.0, 'price': 5.399, 'value': 187345.3, 'profit_pct': 1.843021027311062}}",-0.008119313213293955,0.9260820127018347,-28.497614580364296
2024-06-11,8774.012701834698,910260.9,919034.9127018347,"{'510300': {'shares': 83300.0, 'price': 3.34, 'value': 278222.0, 'profit_pct': -1.1651855253751076}, '159915': {'shares': 157900.0, 'price': 1.752, 'value': 276640.8, 'profit_pct': -1.781719963538132}, '511260': {'shares': 1400.0, 'price': 124.053, 'value': 173674.19999999998, 'profit_pct': 0.14794088622739193}, '518880': {'shares': 34700.0, 'price': 5.237, 'value': 181723.9, 'profit_pct': -1.2128355028657083}}",-0.007609585223926518,0.9190349127018347,-29.041718075929047
2024-06-12,8774.012701834698,909480.4,918254.4127018347,"{'510300': {'shares': 83300.0, 'price': 3.336, 'value': 277888.8, 'profit_pct': -1.2835505726501077}, '159915': {'shares': 157900.0, 'price': 1.743, 'value': 275219.7, 'profit_pct': -2.28626592262954}, '511260': {'shares': 1400.0, 'price': 124.005, 'value': 173607.0, 'profit_pct': 0.10919050403156356}, '518880': {'shares': 34700.0, 'price': 5.267, 'value': 182764.90000000002, 'profit_pct': -0.6469361454255609}}",-0.0008492604461624031,0.9182544127018347,-29.101980138094806
2024-06-13,8774.012701834698,908443.4,917217.4127018347,"{'510300': {'shares': 83300.0, 'price': 3.323, 'value': 276805.9, 'profit_pct': -1.668236976293854}, '159915': {'shares': 157900.0, 'price': 1.742, 'value': 275061.8, 'profit_pct': -2.3423265847508143}, '511260': {'shares': 1400.0, 'price': 124.101, 'value': 173741.4, 'profit_pct': 0.1866912684232203}, '518880': {'shares': 34700.0, 'price': 5.269, 'value': 182834.30000000002, 'profit_pct': -0.6092095215962221}}",-0.0011293166530490506,0.9172174127018347,-29.182046452593056
2024-06-14,8774.012701834698,912483.2,921257.2127018346,"{'510300': {'shares': 83300.0, 'price': 3.343, 'value': 278471.9, 'profit_pct': -1.0764117399188544}, '159915': {'shares': 157900.0, 'price': 1.756, 'value': 277272.4, 'profit_pct': -1.557477315053059}, '511260': {'shares': 1400.0, 'price': 124.168, 'value': 173835.2, 'profit_pct': 0.24078034357156794}, '518880': {'shares': 34700.0, 'price': 5.271, 'value': 182903.69999999998, 'profit_pct': -0.5714828977668834}}",0.00440440831590827,0.9212572127018346,-28.87013526907325
2024-06-17,8774.012701834698,913922.0,922696.0127018347,"{'510300': {'shares': 83300.0, 'price': 3.333, 'value': 277638.9, 'profit_pct': -1.3723243581063478}, '159915': {'shares': 157900.0, 'price': 1.768, 'value': 279167.2, 'profit_pct': -0.88474936959784}, '511260': {'shares': 1400.0, 'price': 124.239, 'value': 173934.6, 'profit_pct': 0.2980986172362269}, '518880': {'shares': 34700.0, 'price': 5.279, 'value': 183181.3, 'profit_pct': -0.42057640244951183}}",0.0015617788172104241,0.9226960127018347,-28.759046153065437
2024-06-18,8774.012701834698,916438.8,925212.8127018347,"{'510300': {'shares': 83300.0, 'price': 3.344, 'value': 278555.2, 'profit_pct': -1.0468204781001076}, '159915': {'shares': 157900.0, 'price': 1.776, 'value': 280430.4, 'profit_pct': -0.4362640726276941}, '511260': {'shares': 1400.0, 'price': 124.356, 'value': 174098.4, 'profit_pct': 0.39255267383854703}, '518880': {'shares': 34700.0, 'price': 5.284, 'value': 183354.8, 'profit_pct': -0.32625984287615667}}",0.002727658909710051,0.9252128127018348,-28.564725130568615
2024-06-19,8774.012701834698,912735.0,921509.0127018347,"{'510300': {'shares': 83300.0, 'price': 3.334, 'value': 277722.2, 'profit_pct': -1.3427330962876012}, '159915': {'shares': 157900.0, 'price': 1.753, 'value': 276798.7, 'profit_pct': -1.7256593014168697}, '511260': {'shares': 1400.0, 'price': 124.379, 'value': 174130.6, 'profit_pct': 0.41112056530738916}, '518880': {'shares': 34700.0, 'price': 5.305, 'value': 184083.5, 'profit_pct': 0.06986970733194166}}",-0.004003187103715167,0.9215090127018347,-28.850693901676273
2024-06-20,8774.012701834698,908605.0,917379.0127018347,"{'510300': {'shares': 83300.0, 'price': 3.311, 'value': 275806.3, 'profit_pct': -2.023332118118854}, '159915': {'shares': 157900.0, 'price': 1.728, 'value': 272851.2, 'profit_pct': -3.1271758544485695}, '511260': {'shares': 1400.0, 'price': 124.477, 'value': 174267.80000000002, 'profit_pct': 0.4902359289572016}, '518880': {'shares': 34700.0, 'price': 5.351, 'value': 185679.7, 'profit_pct': 0.9375820554068324}}",-0.004481779280585574,0.9173790127018346,-29.169569387575777
2024-06-21,8774.012701834698,908041.8,916815.8127018347,"{'510300': {'shares': 83300.0, 'price': 3.305, 'value': 275306.5, 'profit_pct': -2.2008796890313476}, '159915': {'shares': 157900.0, 'price': 1.723, 'value': 272061.7, 'profit_pct': -3.4074791650549043}, '511260': {'shares': 1400.0, 'price': 124.376, 'value': 174126.4, 'profit_pct': 0.40869866642014985}, '518880': {'shares': 34700.0, 'price': 5.376, 'value': 186547.2, 'profit_pct': 1.409164853273625}}",-0.0006139229175750049,0.9168158127018348,-29.21305381219045
2024-06-24,8774.012701834698,899539.2,908313.2127018346,"{'510300': {'shares': 83300.0, 'price': 3.288, 'value': 273890.39999999997, 'profit_pct': -2.7039311399501074}, '159915': {'shares': 157900.0, 'price': 1.696, 'value': 267798.39999999997, 'profit_pct': -4.921117042329153}, '511260': {'shares': 1400.0, 'price': 124.491, 'value': 174287.4, 'profit_pct': 0.5015381237643144}, '518880': {'shares': 34700.0, 'price': 5.29, 'value': 183563.0, 'profit_pct': -0.2130799713881238}}",-0.00927405470346665,0.9083132127018346,-29.86953582342755
2024-06-25,8774.012701834698,893665.3,902439.3127018347,"{'510300': {'shares': 83300.0, 'price': 3.267, 'value': 272141.1, 'profit_pct': -3.3253476381438536}, '159915': {'shares': 157900.0, 'price': 1.666, 'value': 263061.39999999997, 'profit_pct': -6.6029369059672005}, '511260': {'shares': 1400.0, 'price': 124.631, 'value': 174483.4, 'profit_pct': 0.6145600718354767}, '518880': {'shares': 34700.0, 'price': 5.302, 'value': 183979.4, 'profit_pct': 0.013279771587925215}}",-0.006466822146655393,0.9024393127018348,-30.323057062319837
2024-06-26,8774.012701834698,899626.6,908400.6127018346,"{'510300': {'shares': 83300.0, 'price': 3.288, 'value': 273890.39999999997, 'profit_pct': -2.7039311399501074}, '159915': {'shares': 157900.0, 'price': 1.699, 'value': 268272.10000000003, 'profit_pct': -4.7529350559653425}, '511260': {'shares': 1400.0, 'price': 124.686, 'value': 174560.40000000002, 'profit_pct': 0.6589615514348671}, '518880': {'shares': 34700.0, 'price': 5.271, 'value': 182903.69999999998, 'profit_pct': -0.5714828977668834}}",0.006605762754452904,0.9084006127018347,-29.86278770781796
2024-06-27,8774.012701834698,892689.5,901463.5127018347,"{'510300': {'shares': 83300.0, 'price': 3.269, 'value': 272307.7, 'profit_pct': -3.2661651145063475}, '159915': {'shares': 157900.0, 'price': 1.67, 'value': 263693.0, 'profit_pct': -6.3786942574821275}, '511260': {'shares': 1400.0, 'price': 124.851, 'value': 174791.4, 'profit_pct': 0.7921659902330156}, '518880': {'shares': 34700.0, 'price': 5.242, 'value': 181897.4, 'profit_pct': -1.1185189432923535}}",-0.007636608675733014,0.9014635127018347,-30.398398151700157
2024-06-28,8774.012701834698,892543.2999999999,901317.3127018346,"{'510300': {'shares': 83300.0, 'price': 3.276, 'value': 272890.8, 'profit_pct': -3.0590262817751075}, '159915': {'shares': 157900.0, 'price': 1.652, 'value': 260850.8, 'profit_pct': -7.387786175664955}, '511260': {'shares': 1400.0, 'price': 124.997, 'value': 174995.8, 'profit_pct': 0.9100317360786566}, '518880': {'shares': 34700.0, 'price': 5.297, 'value': 183805.9, 'profit_pct': -0.08103678798542993}}",-0.00016218071828766334,0.9013173127018346,-30.40968618948189
2024-07-01,1358.3857655847096,897976.6000000001,899334.9857655847,"{'510300': {'shares': 83200.0, 'price': 3.29, 'value': 273728.0, 'profit_pct': -0.09990009990009363}, '159915': {'shares': 166000.0, 'price': 1.65, 'value': 273900.0, 'profit_pct': -0.09990009990009563}, '511260': {'shares': 1400.0, 'price': 124.587, 'value': 174421.80000000002, 'profit_pct': -0.09990009990009278}, '518880': {'shares': 33200.0, 'price': 5.299, 'value': 175926.80000000002, 'profit_pct': -0.09990009990008207}}",-0.0021993663145196685,0.8993349857655848,-30.56274078149359
2024-07-02,1358.3857655847096,895258.0,896616.3857655847,"{'510300': {'shares': 83200.0, 'price': 3.285, 'value': 273312.0, 'profit_pct': -0.2517239599306374}, '159915': {'shares': 166000.0, 'price': 1.633, 'value': 271078.0, 'profit_pct': -1.1291738564465736}, '511260': {'shares': 1400.0, 'price': 124.792, 'value': 174708.8, 'profit_pct': 0.06447917305390972}, '518880': {'shares': 33200.0, 'price': 5.306, 'value': 176159.2, 'profit_pct': 0.032068327973227354}}",-0.0030229003019223155,0.8966163857655847,-30.772642693349884
2024-07-03,1358.3857655847096,895379.0,896737.3857655847,"{'510300': {'shares': 83200.0, 'price': 3.279, 'value': 272812.8, 'profit_pct': -0.43391259196730064}, '159915': {'shares': 166000.0, 'price': 1.629, 'value': 270414.0, 'profit_pct': -1.3713559168104525}, '511260': {'shares': 1400.0, 'price': 124.903, 'value': 174864.2, 'profit_pct': 0.1534845354826664}, '518880': {'shares': 33200.0, 'price': 5.34, 'value': 177288.0, 'profit_pct': 0.673057834786471}}",0.00013495180538858342,0.8967373857655847,-30.763300336499068
2024-07-04,1358.3857655847096,892878.6000000001,894236.9857655847,"{'510300': {'shares': 83200.0, 'price': 3.264, 'value': 271564.8, 'profit_pct': -0.8893841720589453}, '159915': {'shares': 166000.0, 'price': 1.616, 'value': 268256.0, 'profit_pct': -2.158447612993052}, '511260': {'shares': 1400.0, 'price': 124.957, 'value': 174939.8, 'profit_pct': 0.19678444152907718}, '518880': {'shares': 33200.0, 'price': 5.365, 'value': 178118.0, 'profit_pct': 1.1443736486197476}}",-0.0027883302733778814,0.8942369857655847,-30.956355122199575
2024-07-05,1358.3857655847096,892821.3999999999,894179.7857655846,"{'510300': {'shares': 83200.0, 'price': 3.247, 'value': 270150.39999999997, 'profit_pct': -1.4055852961628021}, '159915': {'shares': 166000.0, 'price': 1.623, 'value': 269418.0, 'profit_pct': -1.734629007356271}, '511260': {'shares': 1400.0, 'price': 124.717, 'value': 174603.8, 'profit_pct': 0.0043404146561011455}, '518880': {'shares': 33200.0, 'price': 5.381, 'value': 178649.2, 'profit_pct': 1.4460157694730407}}",-6.39651467235769e-05,0.8941797857655845,-30.960771509074526
2024-07-08,1358.3857655847096,885915.8,887274.1857655847,"{'510300': {'shares': 83200.0, 'price': 3.223, 'value': 268153.6, 'profit_pct': -2.134339824309428}, '159915': {'shares': 166000.0, 'price': 1.596, 'value': 264936.0, 'profit_pct': -3.3693579148124457}, '511260': {'shares': 1400.0, 'price': 124.341, 'value': 174077.4, 'profit_pct': -0.2971552274449049}, '518880': {'shares': 33200.0, 'price': 5.384, 'value': 178748.80000000002, 'profit_pct': 1.5025736671330352}}",-0.007722831705580746,0.8872741857655847,-31.49394985179308
2024-07-09,1358.3857655847096,892693.0,894051.3857655847,"{'510300': {'shares': 83200.0, 'price': 3.26, 'value': 271232.0, 'profit_pct': -1.010843260083383}, '159915': {'shares': 166000.0, 'price': 1.62, 'value': 268920.0, 'profit_pct': -1.916265552629173}, '511260': {'shares': 1400.0, 'price': 124.659, 'value': 174522.6, 'profit_pct': -0.04216689183819656}, '518880': {'shares': 33200.0, 'price': 5.362, 'value': 178018.4, 'profit_pct': 1.087815750959753}}",0.007638225149255495,0.8940513857655846,-30.970685216674877
2024-07-10,1358.3857655847096,892850.3999999999,894208.7857655846,"{'510300': {'shares': 83200.0, 'price': 3.252, 'value': 270566.39999999997, 'profit_pct': -1.2537614361322584}, '159915': {'shares': 166000.0, 'price': 1.618, 'value': 268588.0, 'profit_pct': -2.0373565828111126}, '511260': {'shares': 1400.0, 'price': 124.654, 'value': 174515.6, 'profit_pct': -0.046176142398058055}, '518880': {'shares': 33200.0, 'price': 5.397, 'value': 179180.4, 'profit_pct': 1.7476578903263338}}",0.0001760525205887209,0.8942087857655846,-30.958532431812756
2024-07-11,1358.3857655847096,903436.6,904794.9857655847,"{'510300': {'shares': 83200.0, 'price': 3.298, 'value': 274393.6, 'profit_pct': 0.14301807614878173}, '159915': {'shares': 166000.0, 'price': 1.654, 'value': 274564.0, 'profit_pct': 0.14228196046378316}, '511260': {'shares': 1400.0, 'price': 124.739, 'value': 174634.6, 'profit_pct': 0.021981117119462126}, '518880': {'shares': 33200.0, 'price': 5.417, 'value': 179844.4, 'profit_pct': 2.124710541392942}}",0.011838622219459305,0.9047949857655847,-30.141176579795935
2024-07-12,1358.3857655847096,905290.7999999999,906649.1857655847,"{'510300': {'shares': 83200.0, 'price': 3.308, 'value': 275225.6, 'profit_pct': 0.44666579620986924}, '159915': {'shares': 166000.0, 'price': 1.653, 'value': 274398.0, 'profit_pct': 0.08173644537282018}, '511260': {'shares': 1400.0, 'price': 124.9, 'value': 174860.0, 'profit_pct': 0.15107898514675405}, '518880': {'shares': 33200.0, 'price': 5.446, 'value': 180807.19999999998, 'profit_pct': 2.6714368854395336}}",0.0020493040182256728,0.9066491857655847,-29.998014612252387
2024-07-15,1358.3857655847096,903732.2000000001,905090.5857655848,"{'510300': {'shares': 83200.0, 'price': 3.315, 'value': 275808.0, 'profit_pct': 0.6592192002526386}, '159915': {'shares': 166000.0, 'price': 1.64, 'value': 272240.0, 'profit_pct': -0.7053552508097926}, '511260': {'shares': 1400.0, 'price': 125.007, 'value': 175009.80000000002, 'profit_pct': 0.23687694712762383}, '518880': {'shares': 33200.0, 'price': 5.442, 'value': 180674.4, 'profit_pct': 2.5960263552262184}}",-0.001719077262153812,0.9050905857655849,-30.11835343363809
2024-07-16,1358.3857655847096,911850.0,913208.3857655847,"{'510300': {'shares': 83200.0, 'price': 3.34, 'value': 277888.0, 'profit_pct': 1.4183385004053706}, '159915': {'shares': 166000.0, 'price': 1.664, 'value': 276224.0, 'profit_pct': 0.7477371113734801}, '511260': {'shares': 1400.0, 'price': 124.98, 'value': 174972.0, 'profit_pct': 0.21522699410441276}, '518880': {'shares': 33200.0, 'price': 5.505, 'value': 182766.0, 'profit_pct': 3.7837422060860533}}",0.008969046996697205,0.9132083857655846,-29.491581661377797
2024-07-17,1358.3857655847096,914656.0,916014.3857655847,"{'510300': {'shares': 83200.0, 'price': 3.345, 'value': 278304.0, 'profit_pct': 1.5701623604359278}, '159915': {'shares': 166000.0, 'price': 1.663, 'value': 276058.0, 'profit_pct': 0.6871915962825171}, '511260': {'shares': 1400.0, 'price': 125.122, 'value': 175170.8, 'profit_pct': 0.3290897100042561}, '518880': {'shares': 33200.0, 'price': 5.576, 'value': 185123.19999999998, 'profit_pct': 5.1222791173725355}}",0.003072683128777509,0.9160143857655847,-29.274931633911926
2024-07-18,1358.3857655847096,920015.2,921373.5857655846,"{'510300': {'shares': 83200.0, 'price': 3.366, 'value': 280051.2, 'profit_pct': 2.2078225725642224}, '159915': {'shares': 166000.0, 'price': 1.686, 'value': 279876.0, 'profit_pct': 2.079738443374813}, '511260': {'shares': 1400.0, 'price': 125.046, 'value': 175064.40000000002, 'profit_pct': 0.2681491014944843}, '518880': {'shares': 33200.0, 'price': 5.573, 'value': 185023.6, 'profit_pct': 5.065721219712557}}",0.005850563138831921,0.9213735857655846,-28.86115015593792
2024-07-19,1358.3857655847096,918053.2000000001,919411.5857655848,"{'510300': {'shares': 83200.0, 'price': 3.389, 'value': 281964.8, 'profit_pct': 2.906212328704729}, '159915': {'shares': 166000.0, 'price': 1.692, 'value': 280872.0, 'profit_pct': 2.4430115339206315}, '511260': {'shares': 1400.0, 'price': 125.076, 'value': 175106.4, 'profit_pct': 0.29220460485359634}, '518880': {'shares': 33200.0, 'price': 5.425, 'value': 180110.0, 'profit_pct': 2.2755316018195884}}",-0.002129429397923821,0.9194115857655848,-29.012635314130364
2024-07-22,1358.3857655847096,916041.8,917400.1857655847,"{'510300': {'shares': 83200.0, 'price': 3.36, 'value': 279552.0, 'profit_pct': 2.0256339405275594}, '159915': {'shares': 166000.0, 'price': 1.693, 'value': 281038.0, 'profit_pct': 2.503557049011608}, '511260': {'shares': 1400.0, 'price': 125.339, 'value': 175474.6, 'profit_pct': 0.5030911843019079}, '518880': {'shares': 33200.0, 'price': 5.421, 'value': 179977.2, 'profit_pct': 2.2001210716062736}}",-0.0021877035607782425,0.9174001857655847,-29.167934624623904
2024-07-23,1358.3857655847096,900851.0,902209.3857655847,"{'510300': {'shares': 83200.0, 'price': 3.29, 'value': 273728.0, 'profit_pct': -0.09990009990009363}, '159915': {'shares': 166000.0, 'price': 1.64, 'value': 272240.0, 'profit_pct': -0.7053552508097926}, '511260': {'shares': 1400.0, 'price': 125.573, 'value': 175802.19999999998, 'profit_pct': 0.6907241105030593}, '518880': {'shares': 33200.0, 'price': 5.394, 'value': 179080.80000000002, 'profit_pct': 1.691099992666339}}",-0.01655853163722998,0.9022093857655846,-30.340809620072406
2024-07-24,1358.3857655847096,898050.0,899408.3857655847,"{'510300': {'shares': 83200.0, 'price': 3.268, 'value': 271897.6, 'profit_pct': -0.7679250840345075}, '159915': {'shares': 166000.0, 'price': 1.619, 'value': 268754.0, 'profit_pct': -1.9768110677201496}, '511260': {'shares': 1400.0, 'price': 125.686, 'value': 175960.40000000002, 'profit_pct': 0.7813331731557651}, '518880': {'shares': 33200.0, 'price': 5.465, 'value': 181438.0, 'profit_pct': 3.029636903952821}}",-0.0031046008212640697,0.8994083857655847,-30.55707359973452
2024-07-25,1358.3857655847096,890998.2000000001,892356.5857655848,"{'510300': {'shares': 83200.0, 'price': 3.248, 'value': 270233.60000000003, 'profit_pct': -1.3752205241566826}, '159915': {'shares': 166000.0, 'price': 1.614, 'value': 267924.0, 'profit_pct': -2.279538643174991}, '511260': {'shares': 1400.0, 'price': 125.703, 'value': 175984.2, 'profit_pct': 0.7949646250592647}, '518880': {'shares': 33200.0, 'price': 5.327, 'value': 176856.4, 'profit_pct': 0.42797361159317243}}",-0.007840487270971197,0.8923565857655849,-31.101539980234794
2024-07-26,1358.3857655847096,895457.6,896815.9857655847,"{'510300': {'shares': 83200.0, 'price': 3.263, 'value': 271481.6, 'profit_pct': -0.9197489440650514}, '159915': {'shares': 166000.0, 'price': 1.627, 'value': 270082.0, 'profit_pct': -1.4924469469923918}, '511260': {'shares': 1400.0, 'price': 125.91, 'value': 176274.0, 'profit_pct': 0.9609475982372049}, '518880': {'shares': 33200.0, 'price': 5.35, 'value': 177620.0, 'profit_pct': 0.8615841603197749}}",0.004997329622635105,0.8968159857655847,-30.757231665024076
2024-07-29,1358.3857655847096,891338.4,892696.7857655848,"{'510300': {'shares': 83200.0, 'price': 3.243, 'value': 269817.6, 'profit_pct': -1.5270443841872399}, '159915': {'shares': 166000.0, 'price': 1.604, 'value': 266264.0, 'profit_pct': -2.8849937940846884}, '511260': {'shares': 1400.0, 'price': 126.006, 'value': 176408.4, 'profit_pct': 1.0379252089864}, '518880': {'shares': 33200.0, 'price': 5.387, 'value': 178848.4, 'profit_pct': 1.559131564793013}}",-0.004593138464724755,0.8926967857655848,-31.075273287667482
2024-07-30,1358.3857655847096,889248.8,890607.1857655847,"{'510300': {'shares': 83200.0, 'price': 3.22, 'value': 267904.0, 'profit_pct': -2.2254341403277462}, '159915': {'shares': 166000.0, 'price': 1.601, 'value': 265766.0, 'profit_pct': -3.0666303393576038}, '511260': {'shares': 1400.0, 'price': 126.07, 'value': 176498.0, 'profit_pct': 1.0892436161525223}, '518880': {'shares': 33200.0, 'price': 5.394, 'value': 179080.80000000002, 'profit_pct': 1.691099992666339}}",-0.0023407724025891197,0.8906071857655847,-31.2366103858117
2024-07-31,1358.3857655847096,906725.8,908084.1857655847,"{'510300': {'shares': 83200.0, 'price': 3.297, 'value': 274310.4, 'profit_pct': 0.11265330414267569}, '159915': {'shares': 166000.0, 'price': 1.658, 'value': 275228.0, 'profit_pct': 0.38446402082766196}, '511260': {'shares': 1400.0, 'price': 126.223, 'value': 176712.2, 'profit_pct': 1.2119266832840516}, '518880': {'shares': 33200.0, 'price': 5.436, 'value': 180475.2, 'profit_pct': 2.4829105599062293}}",0.019623690757644585,0.9080841857655847,-29.88721889257544
2024-08-01,7820.97255507487,893953.1,901774.0725550748,"{'510300': {'shares': 84500.0, 'price': 3.272, 'value': 276484.0, 'profit_pct': -0.0999000999000846}, '159915': {'shares': 169100.0, 'price': 1.636, 'value': 276647.6, 'profit_pct': -0.0999000999000846}, '511260': {'shares': 1300.0, 'price': 126.435, 'value': 164365.5, 'profit_pct': -0.09990009990008927}, '518880': {'shares': 32200.0, 'price': 5.48, 'value': 176456.0, 'profit_pct': -0.09990009990009051}}",-0.006948819624239988,0.9017740725550748,-30.374419961844758
2024-08-02,7820.97255507487,887172.5,894993.4725550748,"{'510300': {'shares': 84500.0, 'price': 3.236, 'value': 273442.0, 'profit_pct': -1.1990454533241541}, '159915': {'shares': 169100.0, 'price': 1.609, 'value': 272081.9, 'profit_pct': -1.7486181300362027}, '511260': {'shares': 1300.0, 'price': 126.452, 'value': 164387.6, 'profit_pct': -0.08646788810508559}, '518880': {'shares': 32200.0, 'price': 5.505, 'value': 177261.0, 'profit_pct': 0.35584853103101244}}",-0.0075191782580175115,0.8949934725550749,-30.897947109469502
2024-08-05,7820.97255507487,874294.1000000001,882115.0725550749,"{'510300': {'shares': 84500.0, 'price': 3.197, 'value': 270146.5, 'profit_pct': -2.3897862528669145}, '159915': {'shares': 169100.0, 'price': 1.576, 'value': 266501.60000000003, 'profit_pct': -3.763717944647015}, '511260': {'shares': 1300.0, 'price': 126.816, 'value': 164860.80000000002, 'profit_pct': 0.20113947032918336}, '518880': {'shares': 32200.0, 'price': 5.366, 'value': 172785.19999999998, 'profit_pct': -2.1781138569459784}}",-0.014389378688130505,0.8821150725550749,-31.892282716638565
2024-08-06,7820.97255507487,876023.9,883844.8725550749,"{'510300': {'shares': 84500.0, 'price': 3.197, 'value': 270146.5, 'profit_pct': -2.3897862528669145}, '159915': {'shares': 169100.0, 'price': 1.597, 'value': 270052.7, 'profit_pct': -2.4813816989855915}, '511260': {'shares': 1300.0, 'price': 126.381, 'value': 164295.3, 'profit_pct': -0.14256712560187754}, '518880': {'shares': 32200.0, 'price': 5.327, 'value': 171529.4, 'profit_pct': -2.889081721198509}}",0.001960968646629535,0.8838448725550748,-31.758725618452388
2024-08-07,7820.97255507487,875325.3,883146.2725550749,"{'510300': {'shares': 84500.0, 'price': 3.19, 'value': 269555.0, 'profit_pct': -2.603508960477156}, '159915': {'shares': 169100.0, 'price': 1.589, 'value': 268699.9, 'profit_pct': -2.969890744951851}, '511260': {'shares': 1300.0, 'price': 126.72, 'value': 164736.0, 'profit_pct': 0.1252869801926709}, '518880': {'shares': 32200.0, 'price': 5.352, 'value': 172334.40000000002, 'profit_pct': -2.4333330902673893}}",-0.0007904101971881738,0.8831462725550749,-31.81266421759267
2024-08-08,7820.97255507487,873826.6,881647.5725550748,"{'510300': {'shares': 84500.0, 'price': 3.194, 'value': 269893.0, 'profit_pct': -2.4813816989855915}, '159915': {'shares': 169100.0, 'price': 1.582, 'value': 267516.2, 'profit_pct': -3.397336160172321}, '511260': {'shares': 1300.0, 'price': 126.292, 'value': 164179.6, 'profit_pct': -0.21288870499926557}, '518880': {'shares': 32200.0, 'price': 5.349, 'value': 172237.80000000002, 'profit_pct': -2.4880229259791253}}",-0.0016970008780811119,0.8816475725550749,-31.92837818628943
2024-08-09,7820.97255507487,871277.2000000001,879098.1725550749,"{'510300': {'shares': 84500.0, 'price': 3.182, 'value': 268879.0, 'profit_pct': -2.847763483460286}, '159915': {'shares': 169100.0, 'price': 1.566, 'value': 264810.60000000003, 'profit_pct': -4.3743542521048395}, '511260': {'shares': 1300.0, 'price': 126.028, 'value': 163836.4, 'profit_pct': -0.4214830528746636}, '518880': {'shares': 32200.0, 'price': 5.396, 'value': 173751.19999999998, 'profit_pct': -1.6312154998286386}}",-0.0028916316217052485,0.8790981725550749,-32.12521624046671
2024-08-12,7820.97255507487,870648.4,878469.3725550749,"{'510300': {'shares': 84500.0, 'price': 3.178, 'value': 268541.0, 'profit_pct': -2.969890744951851}, '159915': {'shares': 169100.0, 'price': 1.563, 'value': 264303.3, 'profit_pct': -4.5575451443421935}, '511260': {'shares': 1300.0, 'price': 125.179, 'value': 162732.7, 'profit_pct': -1.0923035125194234}, '518880': {'shares': 32200.0, 'price': 5.437, 'value': 175071.40000000002, 'profit_pct': -0.8837877451016071}}",-0.0007152784747265217,0.8784693725550748,-32.17376561226663
2024-08-13,7820.97255507487,875309.7000000001,883130.6725550749,"{'510300': {'shares': 84500.0, 'price': 3.183, 'value': 268963.5, 'profit_pct': -2.8172316680873983}, '159915': {'shares': 169100.0, 'price': 1.578, 'value': 266839.8, 'profit_pct': -3.6415906831554503}, '511260': {'shares': 1300.0, 'price': 125.572, 'value': 163243.6, 'profit_pct': -0.7817823810230866}, '518880': {'shares': 32200.0, 'price': 5.474, 'value': 176262.80000000002, 'profit_pct': -0.20927977132356174}}",0.0053061610861200315,0.8831306725550749,-31.813868686740378
2024-08-14,7820.97255507487,869364.0,877184.9725550748,"{'510300': {'shares': 84500.0, 'price': 3.159, 'value': 266935.5, 'profit_pct': -3.549995237036787}, '159915': {'shares': 169100.0, 'price': 1.555, 'value': 262950.5, 'profit_pct': -5.046054190308452}, '511260': {'shares': 1300.0, 'price': 125.996, 'value': 163794.8, 'profit_pct': -0.44676721625350857}, '518880': {'shares': 32200.0, 'price': 5.456, 'value': 175683.2, 'profit_pct': -0.5374187855939591}}",-0.006732525757256247,0.8771849725550749,-32.27293357209455
2024-08-15,7820.97255507487,873642.0,881462.9725550748,"{'510300': {'shares': 84500.0, 'price': 3.197, 'value': 270146.5, 'profit_pct': -2.3897862528669145}, '159915': {'shares': 169100.0, 'price': 1.565, 'value': 264641.5, 'profit_pct': -4.435417882850628}, '511260': {'shares': 1300.0, 'price': 125.838, 'value': 163589.4, 'profit_pct': -0.571607772936515}, '518880': {'shares': 32200.0, 'price': 5.443, 'value': 175264.59999999998, 'profit_pct': -0.7744080736781521}}",0.004876964532963823,0.8814629725550749,-31.942631071203976
2024-08-16,7820.97255507487,873608.7,881429.6725550748,"{'510300': {'shares': 84500.0, 'price': 3.199, 'value': 270315.5, 'profit_pct': -2.3287226221211386}, '159915': {'shares': 169100.0, 'price': 1.561, 'value': 263965.1, 'profit_pct': -4.679672405833759}, '511260': {'shares': 1300.0, 'price': 125.955, 'value': 163741.5, 'profit_pct': -0.4791625505826404}, '518880': {'shares': 32200.0, 'price': 5.453, 'value': 175586.6, 'profit_pct': -0.5921086213056947}}",-3.7778104170937965e-05,0.8814296725550748,-31.945202149576968
2024-08-19,7820.97255507487,876219.0999999999,884040.0725550747,"{'510300': {'shares': 84500.0, 'price': 3.208, 'value': 271076.0, 'profit_pct': -2.053936283765108}, '159915': {'shares': 169100.0, 'price': 1.559, 'value': 263626.89999999997, 'profit_pct': -4.801799667325323}, '511260': {'shares': 1300.0, 'price': 126.152, 'value': 163997.6, 'profit_pct': -0.32350691978167584}, '518880': {'shares': 32200.0, 'price': 5.513, 'value': 177518.6, 'profit_pct': 0.5016880929289687}}",0.0029615522159958108,0.8840400725550747,-31.743654312193904
2024-08-20,7820.97255507487,871416.2000000001,879237.1725550749,"{'510300': {'shares': 84500.0, 'price': 3.192, 'value': 269724.0, 'profit_pct': -2.542445329731367}, '159915': {'shares': 169100.0, 'price': 1.539, 'value': 260244.9, 'profit_pct': -6.023072282240971}, '511260': {'shares': 1300.0, 'price': 126.099, 'value': 163928.7, 'profit_pct': -0.36538381537787173}, '518880': {'shares': 32200.0, 'price': 5.513, 'value': 177518.6, 'profit_pct': 0.5016880929289687}}",-0.005432898517957807,0.8792371725550749,-32.1144841115224
2024-08-21,7820.97255507487,869047.2000000001,876868.1725550749,"{'510300': {'shares': 84500.0, 'price': 3.177, 'value': 268456.5, 'profit_pct': -3.0004225603247385}, '159915': {'shares': 169100.0, 'price': 1.529, 'value': 258553.9, 'profit_pct': -6.633708589698795}, '511260': {'shares': 1300.0, 'price': 125.958, 'value': 163745.4, 'profit_pct': -0.47679216026587434}, '518880': {'shares': 32200.0, 'price': 5.537, 'value': 178291.4, 'profit_pct': 0.9392067786228373}}",-0.0026943810770826415,0.8768681725550749,-32.2973935609403
2024-08-22,7820.97255507487,865982.1,873803.0725550748,"{'510300': {'shares': 84500.0, 'price': 3.168, 'value': 267696.0, 'profit_pct': -3.2752088986807557}, '159915': {'shares': 169100.0, 'price': 1.516, 'value': 256355.6, 'profit_pct': -7.427535789393959}, '511260': {'shares': 1300.0, 'price': 126.223, 'value': 164089.9, 'profit_pct': -0.26740768228488393}, '518880': {'shares': 32200.0, 'price': 5.523, 'value': 177840.59999999998, 'profit_pct': 0.6839875453014098}}",-0.003495508328314356,0.8738030725550748,-32.53404858559663
2024-08-23,7820.97255507487,866795.2,874616.1725550748,"{'510300': {'shares': 84500.0, 'price': 3.182, 'value': 268879.0, 'profit_pct': -2.847763483460286}, '159915': {'shares': 169100.0, 'price': 1.517, 'value': 256524.69999999998, 'profit_pct': -7.366472158648183}, '511260': {'shares': 1300.0, 'price': 126.279, 'value': 164162.69999999998, 'profit_pct': -0.22316039637192203}, '518880': {'shares': 32200.0, 'price': 5.504, 'value': 177228.8, 'profit_pct': 0.33761858579376186}}",0.0009305300307795861,0.8746161725550748,-32.47126949175041
2024-08-26,7820.97255507487,867648.0,875468.9725550748,"{'510300': {'shares': 84500.0, 'price': 3.183, 'value': 268963.5, 'profit_pct': -2.8172316680873983}, '159915': {'shares': 169100.0, 'price': 1.515, 'value': 256186.49999999997, 'profit_pct': -7.488599420139748}, '511260': {'shares': 1300.0, 'price': 126.288, 'value': 164174.4, 'profit_pct': -0.216049225421624}, '518880': {'shares': 32200.0, 'price': 5.538, 'value': 178323.6, 'profit_pct': 0.9574367238600879}}",0.0009750562895591841,0.8754689725550748,-32.405425178342384
2024-08-27,7820.97255507487,863203.0,871023.9725550748,"{'510300': {'shares': 84500.0, 'price': 3.166, 'value': 267527.0, 'profit_pct': -3.336272529426545}, '159915': {'shares': 169100.0, 'price': 1.5, 'value': 253650.0, 'profit_pct': -8.404553881326478}, '511260': {'shares': 1300.0, 'price': 126.024, 'value': 163831.2, 'profit_pct': -0.42464357329702207}, '518880': {'shares': 32200.0, 'price': 5.534, 'value': 178194.8, 'profit_pct': 0.8845169429111016}}",-0.005077278737848578,0.8710239725550748,-32.74862167587831
2024-08-28,7820.97255507487,861691.7,869512.6725550748,"{'510300': {'shares': 84500.0, 'price': 3.146, 'value': 265837.0, 'profit_pct': -3.946908836884369}, '159915': {'shares': 169100.0, 'price': 1.501, 'value': 253819.09999999998, 'profit_pct': -8.343490250580702}, '511260': {'shares': 1300.0, 'price': 126.18, 'value': 164034.0, 'profit_pct': -0.3013832768251893}, '518880': {'shares': 32200.0, 'price': 5.528, 'value': 178001.59999999998, 'profit_pct': 0.7751372714876305}}",-0.0017350842773784514,0.8695126725550748,-32.86530848504052
2024-08-29,7820.97255507487,862899.8,870720.7725550749,"{'510300': {'shares': 84500.0, 'price': 3.136, 'value': 264992.0, 'profit_pct': -4.252226990613274}, '159915': {'shares': 169100.0, 'price': 1.513, 'value': 255848.3, 'profit_pct': -7.610726681631314}, '511260': {'shares': 1300.0, 'price': 126.025, 'value': 163832.5, 'profit_pct': -0.42385344319142965}, '518880': {'shares': 32200.0, 'price': 5.535, 'value': 178227.0, 'profit_pct': 0.9027468881483522}}",0.0013893989566018394,0.8707207725550749,-32.77203161469785
2024-08-30,7820.97255507487,872857.7999999999,880678.7725550748,"{'510300': {'shares': 84500.0, 'price': 3.181, 'value': 268794.5, 'profit_pct': -2.878295298833174}, '159915': {'shares': 169100.0, 'price': 1.552, 'value': 262443.2, 'profit_pct': -5.229245082545793}, '511260': {'shares': 1300.0, 'price': 126.009, 'value': 163811.7, 'profit_pct': -0.4364955248808522}, '518880': {'shares': 32200.0, 'price': 5.522, 'value': 177808.4, 'profit_pct': 0.6657576000641754}}",0.01143650216449843,0.8806787725550748,-32.0031788087445
2024-09-02,427.1934293548111,864644.5,865071.6934293548,"{'510300': {'shares': 85900.0, 'price': 3.121, 'value': 268093.9, 'profit_pct': -0.09990009990010473}, '159915': {'shares': 178000.0, 'price': 1.507, 'value': 268246.0, 'profit_pct': -0.09990009990009494}, '511260': {'shares': 1300.0, 'price': 126.249, 'value': 164123.69999999998, 'profit_pct': -0.09990009990008977}, '518880': {'shares': 29900.0, 'price': 5.491, 'value': 164180.9, 'profit_pct': -0.09990009990008622}}",-0.017721647906239202,0.8650716934293549,-33.208194532639446
2024-09-03,427.1934293548111,869392.7999999999,869819.9934293547,"{'510300': {'shares': 85900.0, 'price': 3.133, 'value': 269124.7, 'profit_pct': 0.28420794200992405}, '159915': {'shares': 178000.0, 'price': 1.525, 'value': 271450.0, 'profit_pct': 1.0933326792650013}, '511260': {'shares': 1300.0, 'price': 126.414, 'value': 164338.2, 'profit_pct': 0.030663441066706883}, '518880': {'shares': 29900.0, 'price': 5.501, 'value': 164479.90000000002, 'profit_pct': 0.08203415597335517}}",0.005488909226906369,0.8698199934293548,-32.84158037532791
2024-09-04,427.1934293548111,866556.7,866983.8934293548,"{'510300': {'shares': 85900.0, 'price': 3.112, 'value': 267320.8, 'profit_pct': -0.3879811313326228}, '159915': {'shares': 178000.0, 'price': 1.525, 'value': 271450.0, 'profit_pct': 1.0933326792650013}, '511260': {'shares': 1300.0, 'price': 126.494, 'value': 164442.2, 'profit_pct': 0.09396697608090758}, '518880': {'shares': 29900.0, 'price': 5.463, 'value': 163343.7, 'profit_pct': -0.60931601634568}}",-0.0032605596806510873,0.8669838934293548,-33.060554410572365
2024-09-05,427.1934293548111,870468.0,870895.1934293548,"{'510300': {'shares': 85900.0, 'price': 3.119, 'value': 267922.10000000003, 'profit_pct': -0.16391810688510242}, '159915': {'shares': 178000.0, 'price': 1.536, 'value': 273408.0, 'profit_pct': 1.8225304887547897}, '511260': {'shares': 1300.0, 'price': 126.637, 'value': 164628.1, 'profit_pct': 0.20712204491879424}, '518880': {'shares': 29900.0, 'price': 5.502, 'value': 164509.8, 'profit_pct': 0.10022758156068799}}",0.004511387154528146,0.8708951934293548,-32.75856465560898
2024-09-06,427.1934293548111,863529.9,863957.0934293548,"{'510300': {'shares': 85900.0, 'price': 3.091, 'value': 265516.9, 'profit_pct': -1.0601702046751695}, '159915': {'shares': 178000.0, 'price': 1.508, 'value': 268424.0, 'profit_pct': -0.03360938994647113}, '511260': {'shares': 1300.0, 'price': 126.639, 'value': 164630.69999999998, 'profit_pct': 0.2087046332941456}, '518880': {'shares': 29900.0, 'price': 5.517, 'value': 164958.30000000002, 'profit_pct': 0.373128965370842}}",-0.007966630258549934,0.8639570934293548,-33.29425230905193
2024-09-09,427.1934293548111,859832.0,860259.1934293548,"{'510300': {'shares': 85900.0, 'price': 3.05, 'value': 261994.99999999997, 'profit_pct': -2.3725393478677788}, '159915': {'shares': 178000.0, 'price': 1.513, 'value': 269314.0, 'profit_pct': 0.2978441598216038}, '511260': {'shares': 1300.0, 'price': 126.739, 'value': 164760.7, 'profit_pct': 0.28783405206190493}, '518880': {'shares': 29900.0, 'price': 5.477, 'value': 163762.30000000002, 'profit_pct': -0.35460805812287505}}",-0.004280189407695811,0.8602591934293549,-33.57976554375116
2024-09-10,427.1934293548111,860925.3999999999,861352.5934293547,"{'510300': {'shares': 85900.0, 'price': 3.05, 'value': 261994.99999999997, 'profit_pct': -2.3725393478677788}, '159915': {'shares': 178000.0, 'price': 1.512, 'value': 269136.0, 'profit_pct': 0.2315534498679947}, '511260': {'shares': 1300.0, 'price': 126.889, 'value': 164955.69999999998, 'profit_pct': 0.406528180213527}, '518880': {'shares': 29900.0, 'price': 5.513, 'value': 164838.69999999998, 'profit_pct': 0.3003552630214622}}",0.0012710122813581748,0.8613525934293547,-33.49534461002659
2024-09-11,427.1934293548111,864269.3,864696.4934293549,"{'510300': {'shares': 85900.0, 'price': 3.043, 'value': 261393.7, 'profit_pct': -2.5966023723152847}, '159915': {'shares': 178000.0, 'price': 1.528, 'value': 271984.0, 'profit_pct': 1.292204809125858}, '511260': {'shares': 1300.0, 'price': 127.066, 'value': 165185.80000000002, 'profit_pct': 0.5465872514324543}, '518880': {'shares': 29900.0, 'price': 5.542, 'value': 165705.8, 'profit_pct': 0.827964605054405}}",0.0038821500341537085,0.8646964934293548,-33.237163559833014
2024-09-12,427.1934293548111,862323.7000000001,862750.8934293549,"{'510300': {'shares': 85900.0, 'price': 3.032, 'value': 260448.8, 'profit_pct': -2.9487014107328147}, '159915': {'shares': 178000.0, 'price': 1.525, 'value': 271450.0, 'profit_pct': 1.0933326792650013}, '511260': {'shares': 1300.0, 'price': 126.96, 'value': 165048.0, 'profit_pct': 0.46271006753862964}, '518880': {'shares': 29900.0, 'price': 5.531, 'value': 165376.9, 'profit_pct': 0.6278369235936309}}",-0.0022500380362174832,0.8627508934293548,-33.38738248122917
2024-09-13,427.1934293548111,860909.4,861336.5934293548,"{'510300': {'shares': 85900.0, 'price': 3.017, 'value': 259160.3, 'profit_pct': -3.428836463120354}, '159915': {'shares': 178000.0, 'price': 1.509, 'value': 268602.0, 'profit_pct': 0.03268132000713797}, '511260': {'shares': 1300.0, 'price': 127.214, 'value': 165378.2, 'profit_pct': 0.663698791208725}, '518880': {'shares': 29900.0, 'price': 5.611, 'value': 167768.9, 'profit_pct': 2.083310970581065}}",-0.0016392912609783927,0.8613365934293549,-33.49657996299859
2024-09-18,427.1934293548111,861098.1,861525.2934293548,"{'510300': {'shares': 85900.0, 'price': 3.027, 'value': 260019.30000000002, 'profit_pct': -3.108746428195323}, '159915': {'shares': 178000.0, 'price': 1.504, 'value': 267712.0, 'profit_pct': -0.2987722297609369}, '511260': {'shares': 1300.0, 'price': 127.429, 'value': 165657.7, 'profit_pct': 0.8338270415593957}, '518880': {'shares': 29900.0, 'price': 5.609, 'value': 167709.1, 'profit_pct': 2.046924119406383}}",0.0002190781181705681,0.8615252934293548,-33.48201051888498
2024-09-19,427.1934293548111,865716.8999999999,866144.0934293547,"{'510300': {'shares': 85900.0, 'price': 3.054, 'value': 262338.6, 'profit_pct': -2.244503333897769}, '159915': {'shares': 178000.0, 'price': 1.519, 'value': 270382.0, 'profit_pct': 0.6955884195433025}, '511260': {'shares': 1300.0, 'price': 127.351, 'value': 165556.3, 'profit_pct': 0.7721060949205464}, '518880': {'shares': 29900.0, 'price': 5.6, 'value': 167440.0, 'profit_pct': 1.8831832891202906}}",0.005361189085481666,0.8661440934293547,-33.12539499969063
2024-09-20,427.1934293548111,866687.3999999999,867114.5934293547,"{'510300': {'shares': 85900.0, 'price': 3.063, 'value': 263111.7, 'profit_pct': -1.9564223024652365}, '159915': {'shares': 178000.0, 'price': 1.508, 'value': 268424.0, 'profit_pct': -0.03360938994647113}, '511260': {'shares': 1300.0, 'price': 127.56, 'value': 165828.0, 'profit_pct': 0.9374865801451517}, '518880': {'shares': 29900.0, 'price': 5.663, 'value': 169323.7, 'profit_pct': 3.029369101122905}}",0.0011204833091424948,0.8671145934293547,-33.05046312098228
2024-09-23,427.1934293548111,867734.2000000001,868161.3934293549,"{'510300': {'shares': 85900.0, 'price': 3.072, 'value': 263884.8, 'profit_pct': -1.6683412710327188}, '159915': {'shares': 178000.0, 'price': 1.501, 'value': 267178.0, 'profit_pct': -0.49764435962179365}, '511260': {'shares': 1300.0, 'price': 127.625, 'value': 165912.5, 'profit_pct': 0.9889207023441892}, '518880': {'shares': 29900.0, 'price': 5.711, 'value': 170758.90000000002, 'profit_pct': 3.9026535293153657}}",0.0012072222148402645,0.8681613934293548,-32.96964015278866
2024-09-24,427.1934293548111,894383.5,894810.6934293548,"{'510300': {'shares': 85900.0, 'price': 3.216, 'value': 276254.4, 'profit_pct': 2.9409552318876266}, '159915': {'shares': 178000.0, 'price': 1.587, 'value': 282486.0, 'profit_pct': 5.203356696389222}, '511260': {'shares': 1300.0, 'price': 127.156, 'value': 165302.80000000002, 'profit_pct': 0.6178037283234343}, '518880': {'shares': 29900.0, 'price': 5.697, 'value': 170340.3, 'profit_pct': 3.6479455710925603}}",0.030696250952523485,0.8948106934293548,-30.912059405480708
2024-09-25,427.1934293548111,904342.6,904769.7934293548,"{'510300': {'shares': 85900.0, 'price': 3.263, 'value': 280291.7, 'profit_pct': 4.445378396035228}, '159915': {'shares': 178000.0, 'price': 1.61, 'value': 286580.0, 'profit_pct': 6.728043025322407}, '511260': {'shares': 1300.0, 'price': 127.573, 'value': 165844.9, 'profit_pct': 0.9477734045849524}, '518880': {'shares': 29900.0, 'price': 5.74, 'value': 171626.0, 'profit_pct': 4.430262871348308}}",0.011129840169691985,0.9047697934293548,-30.14312166901053
2024-09-26,427.1934293548111,931990.9,932418.0934293548,"{'510300': {'shares': 85900.0, 'price': 3.429, 'value': 294551.1, 'profit_pct': 9.75887297579062}, '159915': {'shares': 178000.0, 'price': 1.686, 'value': 300108.0, 'profit_pct': 11.766136981797244}, '511260': {'shares': 1300.0, 'price': 127.213, 'value': 165376.9, 'profit_pct': 0.6629074970210437}, '518880': {'shares': 29900.0, 'price': 5.751, 'value': 171954.90000000002, 'profit_pct': 4.630390552809082}}",0.030558380928263018,0.9324180934293549,-28.008408570512835
2024-09-27,427.1934293548111,979940.3999999999,980367.5934293547,"{'510300': {'shares': 85900.0, 'price': 3.658, 'value': 314222.2, 'profit_pct': 17.088934775573666}, '159915': {'shares': 178000.0, 'price': 1.86, 'value': 331080.0, 'profit_pct': 23.300720513726507}, '511260': {'shares': 1300.0, 'price': 126.13, 'value': 163969.0, 'profit_pct': -0.19406410823371512}, '518880': {'shares': 29900.0, 'price': 5.708, 'value': 170669.2, 'profit_pct': 3.848073252553335}}",0.051424892264419375,0.9803675934293548,-24.306248737307357
2024-09-30,427.1934293548111,1076749.3,1077176.4934293549,"{'510300': {'shares': 85900.0, 'price': 4.022, 'value': 345489.80000000005, 'profit_pct': 28.740212046844537}, '159915': {'shares': 178000.0, 'price': 2.232, 'value': 397296.00000000006, 'profit_pct': 47.96086461647182}, '511260': {'shares': 1300.0, 'price': 125.634, 'value': 163324.2, 'profit_pct': -0.5865460253217639}, '518880': {'shares': 29900.0, 'price': 5.707, 'value': 170639.3, 'profit_pct': 3.829879826965986}}",0.09874755209049679,1.0771764934293548,-16.831676091569513
2024-10-08,106539.28161457475,1062931.5,1169470.7816145748,"{'510300': {'shares': 77100.0, 'price': 4.201, 'value': 323897.1, 'profit_pct': -0.09990009990008168}, '159915': {'shares': 121000.0, 'price': 2.678, 'value': 324038.0, 'profit_pct': -0.09990009990008179}, '511260': {'shares': 1600.0, 'price': 125.808, 'value': 201292.80000000002, 'profit_pct': -0.0999000999000824}, '518880': {'shares': 37400.0, 'price': 5.714, 'value': 213703.6, 'profit_pct': -0.09990009990008822}}",0.08568167681731254,1.1694707816145749,-9.705674641009809
2024-10-09,106539.28161457475,977748.5,1084287.7816145748,"{'510300': {'shares': 77100.0, 'price': 3.811, 'value': 293828.1, 'profit_pct': -9.374129797838416}, '159915': {'shares': 121000.0, 'price': 2.242, 'value': 271282.0, 'profit_pct': -16.36444212993875}, '511260': {'shares': 1600.0, 'price': 126.064, 'value': 201702.4, 'profit_pct': 0.10338129376664928}, '518880': {'shares': 37400.0, 'price': 5.64, 'value': 210936.0, 'profit_pct': -1.3936710821555076}}",-0.07283892965876082,1.0842877816145748,-16.282616654418547
2024-10-10,106539.28161457475,976710.1,1083249.3816145747,"{'510300': {'shares': 77100.0, 'price': 3.875, 'value': 298762.5, 'profit_pct': -7.852204924330583}, '159915': {'shares': 121000.0, 'price': 2.174, 'value': 263054.0, 'profit_pct': -18.90111382269708}, '511260': {'shares': 1600.0, 'price': 126.632, 'value': 202611.2, 'profit_pct': 0.5544118859647444}, '518880': {'shares': 37400.0, 'price': 5.676, 'value': 212282.4, 'profit_pct': -0.7642689826798961}}",-0.000957679333482786,1.0832493816145747,-16.362791062301863
2024-10-11,106539.28161457475,956722.7999999999,1063262.0816145747,"{'510300': {'shares': 77100.0, 'price': 3.766, 'value': 290358.6, 'profit_pct': -10.444233224523607}, '159915': {'shares': 121000.0, 'price': 2.06, 'value': 249260.0, 'profit_pct': -23.153769307615445}, '511260': {'shares': 1600.0, 'price': 126.541, 'value': 202465.6, 'profit_pct': 0.48215170305976296}, '518880': {'shares': 37400.0, 'price': 5.739, 'value': 214638.6, 'profit_pct': 0.3371846914024047}}",-0.018451245243462866,1.0632620816145746,-17.906001715890085
2024-10-14,106539.28161457475,970616.1,1077155.3816145747,"{'510300': {'shares': 77100.0, 'price': 3.829, 'value': 295215.9, 'profit_pct': -8.946088427164332}, '159915': {'shares': 121000.0, 'price': 2.116, 'value': 256036.0, 'profit_pct': -21.064745560638}, '511260': {'shares': 1600.0, 'price': 126.551, 'value': 202481.6, 'profit_pct': 0.4900923824998742}, '518880': {'shares': 37400.0, 'price': 5.799, 'value': 216882.6, 'profit_pct': 1.3861881905284188}}",0.01306667494330549,1.0771553816145747,-16.833306125515335
2024-10-15,106539.28161457475,953902.7999999999,1060442.0816145747,"{'510300': {'shares': 77100.0, 'price': 3.72, 'value': 286812.0, 'profit_pct': -11.538116727357355}, '159915': {'shares': 121000.0, 'price': 2.045, 'value': 247445.0, 'profit_pct': -23.71332923984155}, '511260': {'shares': 1600.0, 'price': 126.727, 'value': 202763.2, 'profit_pct': 0.6298483406457613}, '518880': {'shares': 37400.0, 'price': 5.799, 'value': 216882.6, 'profit_pct': 1.3861881905284188}}",-0.01551614584605987,1.0604420816145748,-18.123732677206462
2024-10-16,106539.28161457475,949704.5,1056243.7816145748,"{'510300': {'shares': 77100.0, 'price': 3.695, 'value': 284884.5, 'profit_pct': -12.132618631071361}, '159915': {'shares': 121000.0, 'price': 2.0, 'value': 242000.0, 'profit_pct': -25.392009036519852}, '511260': {'shares': 1600.0, 'price': 126.724, 'value': 202758.4, 'profit_pct': 0.6274661368137291}, '518880': {'shares': 37400.0, 'price': 5.884, 'value': 220061.6, 'profit_pct': 2.8722764809569257}}",-0.0039590092403799515,1.0562437816145749,-18.447881576105207
2024-10-17,106539.28161457475,946894.4,1053433.6816145747,"{'510300': {'shares': 77100.0, 'price': 3.652, 'value': 281569.2, 'profit_pct': -13.155161905459428}, '159915': {'shares': 121000.0, 'price': 1.995, 'value': 241395.0, 'profit_pct': -25.57852901392855}, '511260': {'shares': 1600.0, 'price': 126.927, 'value': 203083.2, 'profit_pct': 0.7886619294479064}, '518880': {'shares': 37400.0, 'price': 5.905, 'value': 220847.0, 'profit_pct': 3.239427705651026}}",-0.002660465366910447,1.0534336816145748,-18.664848162770163
2024-10-18,106539.28161457475,979573.3,1086112.5816145749,"{'510300': {'shares': 77100.0, 'price': 3.805, 'value': 293365.5, 'profit_pct': -9.51681025472977}, '159915': {'shares': 121000.0, 'price': 2.156, 'value': 260876.00000000003, 'profit_pct': -19.572585741368393}, '511260': {'shares': 1600.0, 'price': 126.868, 'value': 202988.8, 'profit_pct': 0.741811920751265}, '518880': {'shares': 37400.0, 'price': 5.945, 'value': 222343.0, 'profit_pct': 3.93876337173503}}",0.03102131683307663,1.086112581614575,-16.141724647961052
2024-10-21,106539.28161457475,983726.9,1090266.1816145747,"{'510300': {'shares': 77100.0, 'price': 3.805, 'value': 293365.5, 'profit_pct': -9.51681025472977}, '159915': {'shares': 121000.0, 'price': 2.167, 'value': 262207.0, 'profit_pct': -19.162241791069263}, '511260': {'shares': 1600.0, 'price': 126.879, 'value': 203006.4, 'profit_pct': 0.7505466681353907}, '518880': {'shares': 37400.0, 'price': 6.02, 'value': 225147.99999999997, 'profit_pct': 5.250017745642524}}",0.003824281267256202,1.0902661816145747,-15.821027016427847
2024-10-22,106539.28161457475,986337.7,1092876.9816145748,"{'510300': {'shares': 77100.0, 'price': 3.829, 'value': 295215.9, 'profit_pct': -8.946088427164332}, '159915': {'shares': 121000.0, 'price': 2.175, 'value': 263175.0, 'profit_pct': -18.863809827215345}, '511260': {'shares': 1600.0, 'price': 126.796, 'value': 202873.6, 'profit_pct': 0.6846390287825027}, '518880': {'shares': 37400.0, 'price': 6.018, 'value': 225073.19999999998, 'profit_pct': 5.215050962338328}}",0.0023946445776514835,1.0928769816145747,-15.619448295220472
2024-10-23,106539.28161457475,986948.7999999999,1093488.0816145747,"{'510300': {'shares': 77100.0, 'price': 3.844, 'value': 296372.39999999997, 'profit_pct': -8.589387284935942}, '159915': {'shares': 121000.0, 'price': 2.162, 'value': 261602.0, 'profit_pct': -19.348761768477964}, '511260': {'shares': 1600.0, 'price': 126.55, 'value': 202480.0, 'profit_pct': 0.48929831455585965}, '518880': {'shares': 37400.0, 'price': 6.056, 'value': 226494.4, 'profit_pct': 5.879419845118136}}",0.0005591663199795427,1.0934880816145747,-15.572265532645858
2024-10-24,106539.28161457475,977576.2,1084115.4816145748,"{'510300': {'shares': 77100.0, 'price': 3.8, 'value': 292980.0, 'profit_pct': -9.635710635472575}, '159915': {'shares': 121000.0, 'price': 2.132, 'value': 257972.0, 'profit_pct': -20.46788163293016}, '511260': {'shares': 1600.0, 'price': 126.507, 'value': 202411.2, 'profit_pct': 0.4551533929634052}, '518880': {'shares': 37400.0, 'price': 5.995, 'value': 224213.0, 'profit_pct': 4.812932954340031}}",-0.008571286836671188,1.0841154816145748,-16.295919861735864
2024-10-25,106539.28161457475,987541.8999999999,1094081.1816145747,"{'510300': {'shares': 77100.0, 'price': 3.829, 'value': 295215.9, 'profit_pct': -8.946088427164332}, '159915': {'shares': 121000.0, 'price': 2.196, 'value': 265716.0, 'profit_pct': -18.08042592209879}, '511260': {'shares': 1600.0, 'price': 126.428, 'value': 202284.8, 'profit_pct': 0.3924220253865527}, '518880': {'shares': 37400.0, 'price': 5.998, 'value': 224325.2, 'profit_pct': 4.865383129296333}}",0.009192470884336057,1.0940811816145748,-15.526472542164738
2024-10-28,106539.28161457475,987659.1000000001,1094198.381614575,"{'510300': {'shares': 77100.0, 'price': 3.835, 'value': 295678.5, 'profit_pct': -8.803407970272978}, '159915': {'shares': 121000.0, 'price': 2.188, 'value': 264748.0, 'profit_pct': -18.37885788595271}, '511260': {'shares': 1600.0, 'price': 126.373, 'value': 202196.80000000002, 'profit_pct': 0.3487482884659692}, '518880': {'shares': 37400.0, 'price': 6.017, 'value': 225035.80000000002, 'profit_pct': 5.197567570686237}}",0.0001071218497947779,1.0941983816145748,-15.517423581644763
2024-10-29,106539.28161457475,980911.5999999999,1087450.8816145747,"{'510300': {'shares': 77100.0, 'price': 3.802, 'value': 293134.2, 'profit_pct': -9.588150483175452}, '159915': {'shares': 121000.0, 'price': 2.135, 'value': 258334.99999999997, 'profit_pct': -20.355969646484947}, '511260': {'shares': 1600.0, 'price': 126.562, 'value': 202499.19999999998, 'profit_pct': 0.4988271298839886}, '518880': {'shares': 37400.0, 'price': 6.068, 'value': 226943.19999999998, 'profit_pct': 6.08922054494333}}",-0.0061666148601351445,1.0874508816145747,-16.0383950928087
2024-10-30,106539.28161457475,977447.8,1083987.0816145749,"{'510300': {'shares': 77100.0, 'price': 3.76, 'value': 289896.0, 'profit_pct': -10.586913681414972}, '159915': {'shares': 121000.0, 'price': 2.111, 'value': 255431.00000000003, 'profit_pct': -21.25126553804669}, '511260': {'shares': 1600.0, 'price': 126.553, 'value': 202484.8, 'profit_pct': 0.4916805183878919}, '518880': {'shares': 37400.0, 'price': 6.14, 'value': 229636.0, 'profit_pct': 7.348024743894537}}",-0.003185247314211548,1.083987081614575,-16.305833569336215
2024-10-31,106539.28161457475,977443.0,1083982.2816145748,"{'510300': {'shares': 77100.0, 'price': 3.76, 'value': 289896.0, 'profit_pct': -10.586913681414972}, '159915': {'shares': 121000.0, 'price': 2.122, 'value': 256762.0, 'profit_pct': -20.840921587747566}, '511260': {'shares': 1600.0, 'price': 126.583, 'value': 202532.8, 'profit_pct': 0.5155025567082142}, '518880': {'shares': 37400.0, 'price': 6.103, 'value': 228252.19999999998, 'profit_pct': 6.7011392527668345}}",-4.428097051589752e-06,1.0839822816145748,-16.306204175227823
2024-11-01,516.7922361848468,1075203.0999999999,1075719.8922361848,"{'510300': {'shares': 86200.0, 'price': 3.768, 'value': 324801.6, 'profit_pct': -0.09990009990008797}, '159915': {'shares': 155900.0, 'price': 2.084, 'value': 324895.60000000003, 'profit_pct': -0.09990009990009868}, '511260': {'shares': 1700.0, 'price': 126.786, 'value': 215536.2, 'profit_pct': -0.09990009990009645}, '518880': {'shares': 34700.0, 'price': 6.051, 'value': 209969.7, 'profit_pct': -0.09990009990008938}}",-0.007622255011477952,1.0757198922361848,-16.944139629882816
2024-11-04,516.7922361848468,1087752.4,1088269.1922361848,"{'510300': {'shares': 86200.0, 'price': 3.821, 'value': 329370.2, 'profit_pct': 1.3052764645121555}, '159915': {'shares': 155900.0, 'price': 2.145, 'value': 334405.5, 'profit_pct': 2.8242391006306535}, '511260': {'shares': 1700.0, 'price': 126.805, 'value': 215568.5, 'profit_pct': -0.08492918908894662}, '518880': {'shares': 34700.0, 'price': 6.006, 'value': 208408.2, 'profit_pct': -0.8428358948933944}}",0.011665955134391837,1.088269192236185,-15.97521368915672
2024-11-05,516.7922361848468,1113112.2,1113628.992236185,"{'510300': {'shares': 86200.0, 'price': 3.926, 'value': 338421.2, 'profit_pct': 4.089116827970353}, '159915': {'shares': 155900.0, 'price': 2.249, 'value': 350619.10000000003, 'profit_pct': 7.809656753994569}, '511260': {'shares': 1700.0, 'price': 126.861, 'value': 215663.7, 'profit_pct': -0.04080439932978289}, '518880': {'shares': 34700.0, 'price': 6.006, 'value': 208408.2, 'profit_pct': -0.8428358948933944}}",0.023302874124269346,1.1136289922361848,-14.017194670436506
2024-11-06,516.7922361848468,1106544.0,1107060.792236185,"{'510300': {'shares': 86200.0, 'price': 3.9, 'value': 336180.0, 'profit_pct': 3.3997849284473642}, '159915': {'shares': 155900.0, 'price': 2.223, 'value': 346565.69999999995, 'profit_pct': 6.563302340653579}, '511260': {'shares': 1700.0, 'price': 126.945, 'value': 215806.5, 'profit_pct': 0.025382785308957125}, '518880': {'shares': 34700.0, 'price': 5.994, 'value': 207991.8, 'profit_pct': -1.040952106891617}}",-0.005898014550439146,1.107060792236185,-14.524322507357857
2024-11-07,516.7922361848468,1126690.9,1127207.6922361848,"{'510300': {'shares': 86200.0, 'price': 4.037, 'value': 347989.39999999997, 'profit_pct': 7.032033783626157}, '159915': {'shares': 155900.0, 'price': 2.306, 'value': 359505.4, 'profit_pct': 10.542049121703633}, '511260': {'shares': 1700.0, 'price': 126.973, 'value': 215854.1, 'profit_pct': 0.047445180188544586}, '518880': {'shares': 34700.0, 'price': 5.86, 'value': 203342.0, 'profit_pct': -3.2532498075383423}}",0.01819854893361783,1.1272076922361849,-12.968789207873876
2024-11-08,516.7922361848468,1119915.7,1120432.492236185,"{'510300': {'shares': 86200.0, 'price': 3.983, 'value': 343334.60000000003, 'profit_pct': 5.60034445384766}, '159915': {'shares': 155900.0, 'price': 2.282, 'value': 355763.8, 'profit_pct': 9.391568124773498}, '511260': {'shares': 1700.0, 'price': 127.151, 'value': 216156.69999999998, 'profit_pct': 0.187698976208748}, '518880': {'shares': 34700.0, 'price': 5.898, 'value': 204660.59999999998, 'profit_pct': -2.625881802877338}}",-0.006010604830560706,1.1204324922361848,-13.491899423870567
2024-11-11,516.7922361848468,1132482.1,1132998.892236185,"{'510300': {'shares': 86200.0, 'price': 4.004, 'value': 345144.8, 'profit_pct': 6.157112526539285}, '159915': {'shares': 155900.0, 'price': 2.349, 'value': 366209.10000000003, 'profit_pct': 12.603327574536793}, '511260': {'shares': 1700.0, 'price': 127.191, 'value': 216224.7, 'profit_pct': 0.21921668317958562}, '518880': {'shares': 34700.0, 'price': 5.905, 'value': 204903.5, 'profit_pct': -2.5103140125450367}}",0.011215669026984232,1.132998892236185,-12.521653199655635
2024-11-12,516.7922361848468,1124961.9000000001,1125478.692236185,"{'510300': {'shares': 86200.0, 'price': 3.958, 'value': 341179.60000000003, 'profit_pct': 4.937525319690948}, '159915': {'shares': 155900.0, 'price': 2.345, 'value': 365585.50000000006, 'profit_pct': 12.411580741715106}, '511260': {'shares': 1700.0, 'price': 127.467, 'value': 216693.9, 'profit_pct': 0.43668886127832834}, '518880': {'shares': 34700.0, 'price': 5.807, 'value': 201502.90000000002, 'profit_pct': -4.128263077197124}}",-0.006637429260991978,1.125478692236185,-13.102284538411446
2024-11-13,516.7922361848468,1131010.3,1131527.092236185,"{'510300': {'shares': 86200.0, 'price': 3.984, 'value': 343420.8, 'profit_pct': 5.6268572192139255}, '159915': {'shares': 155900.0, 'price': 2.372, 'value': 369794.8, 'profit_pct': 13.70587186326149}, '511260': {'shares': 1700.0, 'price': 127.455, 'value': 216673.5, 'profit_pct': 0.42723354918707823}, '518880': {'shares': 34700.0, 'price': 5.796, 'value': 201121.2, 'profit_pct': -4.309869604862157}}",0.005374068866628168,1.131527092236185,-12.635290231168206
2024-11-14,516.7922361848468,1107725.1,1108241.892236185,"{'510300': {'shares': 86200.0, 'price': 3.913, 'value': 337300.6, 'profit_pct': 3.744450878208853}, '159915': {'shares': 155900.0, 'price': 2.288, 'value': 356699.19999999995, 'profit_pct': 9.67918837400602}, '511260': {'shares': 1700.0, 'price': 127.429, 'value': 216629.30000000002, 'profit_pct': 0.4067470396560399}, '518880': {'shares': 34700.0, 'price': 5.68, 'value': 197096.0, 'profit_pct': -6.224992987511577}}",-0.020578561626821035,1.108241892236185,-14.43313029515545
2024-11-15,516.7922361848468,1088892.9000000001,1089409.692236185,"{'510300': {'shares': 86200.0, 'price': 3.844, 'value': 331352.8, 'profit_pct': 1.915070067936324}, '159915': {'shares': 155900.0, 'price': 2.204, 'value': 343603.60000000003, 'profit_pct': 5.652504884750572}, '511260': {'shares': 1700.0, 'price': 127.492, 'value': 216736.4, 'profit_pct': 0.45638742813510336}, '518880': {'shares': 34700.0, 'price': 5.683, 'value': 197200.1, 'profit_pct': -6.175463934512021}}",-0.016992860612768168,1.0894096922361851,-15.887156185120766
2024-11-18,516.7922361848468,1081090.0,1081606.792236185,"{'510300': {'shares': 86200.0, 'price': 3.827, 'value': 329887.4, 'profit_pct': 1.4643530567097611}, '159915': {'shares': 155900.0, 'price': 2.149, 'value': 335029.1, 'profit_pct': 3.0159859334523427}, '511260': {'shares': 1700.0, 'price': 127.277, 'value': 216370.9, 'profit_pct': 0.2869797531668748}, '518880': {'shares': 34700.0, 'price': 5.758, 'value': 199802.6, 'profit_pct': -4.937237609523174}}",-0.007162502826630335,1.081606792236185,-16.48961466670076
2024-11-19,516.7922361848468,1096670.3,1097187.092236185,"{'510300': {'shares': 86200.0, 'price': 3.847, 'value': 331611.4, 'profit_pct': 1.9946083640351326}, '159915': {'shares': 155900.0, 'price': 2.215, 'value': 345318.5, 'profit_pct': 6.179808675010201}, '511260': {'shares': 1700.0, 'price': 127.334, 'value': 216467.80000000002, 'profit_pct': 0.33189248560031315}, '518880': {'shares': 34700.0, 'price': 5.858, 'value': 203272.59999999998, 'profit_pct': -3.2862691762047223}}",0.014404772706528846,1.097187092236185,-15.286666547339934
2024-11-20,516.7922361848468,1098855.2999999998,1099372.0922361847,"{'510300': {'shares': 86200.0, 'price': 3.857, 'value': 332473.4, 'profit_pct': 2.2597360176978243}, '159915': {'shares': 155900.0, 'price': 2.223, 'value': 346565.69999999995, 'profit_pct': 6.563302340653579}, '511260': {'shares': 1700.0, 'price': 127.399, 'value': 216578.3, 'profit_pct': 0.3831087594279145}, '518880': {'shares': 34700.0, 'price': 5.857, 'value': 203237.9, 'profit_pct': -3.302778860537898}}",0.001991456165918448,1.0993720922361847,-15.117963657100141
2024-11-21,516.7922361848468,1102180.2,1102696.992236185,"{'510300': {'shares': 86200.0, 'price': 3.862, 'value': 332904.4, 'profit_pct': 2.3922998445291643}, '159915': {'shares': 155900.0, 'price': 2.223, 'value': 346565.69999999995, 'profit_pct': 6.563302340653579}, '511260': {'shares': 1700.0, 'price': 127.55, 'value': 216835.0, 'profit_pct': 0.5020881032428051}, '518880': {'shares': 34700.0, 'price': 5.933, 'value': 205875.1, 'profit_pct': -2.0480428512158753}}",0.0030243627462265277,1.102696992236185,-14.861249588560831
2024-11-22,516.7922361848468,1081079.1,1081595.892236185,"{'510300': {'shares': 86200.0, 'price': 3.742, 'value': 322560.4, 'profit_pct': -0.7892319994230651}, '159915': {'shares': 155900.0, 'price': 2.136, 'value': 333002.4, 'profit_pct': 2.3928087267818587}, '511260': {'shares': 1700.0, 'price': 127.629, 'value': 216969.30000000002, 'profit_pct': 0.5643355745102058}, '518880': {'shares': 34700.0, 'price': 6.01, 'value': 208547.0, 'profit_pct': -0.7767971575606634}}",-0.019135900567941566,1.081595892236185,-16.49045625091293
2024-11-25,516.7922361848468,1075576.1,1076092.892236185,"{'510300': {'shares': 86200.0, 'price': 3.72, 'value': 320664.0, 'profit_pct': -1.3725128374809679}, '159915': {'shares': 155900.0, 'price': 2.132, 'value': 332378.80000000005, 'profit_pct': 2.2010618939601696}, '511260': {'shares': 1700.0, 'price': 127.793, 'value': 217248.1, 'profit_pct': 0.6935581730906211}, '518880': {'shares': 34700.0, 'price': 5.916, 'value': 205285.2, 'profit_pct': -2.3287074848800047}}",-0.005087852163179529,1.076092892236185,-16.91534046372286
2024-11-26,516.7922361848468,1069098.2,1069614.992236185,"{'510300': {'shares': 86200.0, 'price': 3.712, 'value': 319974.4, 'profit_pct': -1.5846149604111168}, '159915': {'shares': 155900.0, 'price': 2.109, 'value': 328793.1, 'profit_pct': 1.0985176052354524}, '511260': {'shares': 1700.0, 'price': 127.967, 'value': 217543.9, 'profit_pct': 0.8306601984137373}, '518880': {'shares': 34700.0, 'price': 5.844, 'value': 202786.80000000002, 'profit_pct': -3.517404756869295}}",-0.006019833461160307,1.0696149922361848,-17.41549627730845
2024-11-27,516.7922361848468,1085041.4,1085558.1922361848,"{'510300': {'shares': 86200.0, 'price': 3.776, 'value': 325491.2, 'profit_pct': 0.11220202303006066}, '159915': {'shares': 155900.0, 'price': 2.165, 'value': 337523.5, 'profit_pct': 3.782973264739099}, '511260': {'shares': 1700.0, 'price': 127.842, 'value': 217331.4, 'profit_pct': 0.732167364129885}, '518880': {'shares': 34700.0, 'price': 5.899, 'value': 204695.3, 'profit_pct': -2.6093721185441483}}",0.014905550236041787,1.0855581922361848,-16.184528808351285
2024-11-28,516.7922361848468,1076053.6,1076570.392236185,"{'510300': {'shares': 86200.0, 'price': 3.747, 'value': 322991.39999999997, 'profit_pct': -0.6566681725917252}, '159915': {'shares': 155900.0, 'price': 2.128, 'value': 331755.2, 'profit_pct': 2.009315061138481}, '511260': {'shares': 1700.0, 'price': 128.031, 'value': 217652.7, 'profit_pct': 0.8810885295670753}, '518880': {'shares': 34700.0, 'price': 5.869, 'value': 203654.3, 'profit_pct': -3.1046626485396898}}",-0.008279427177906973,1.0765703922361851,-16.8784728984645
2024-11-29,516.7922361848468,1089831.4,1090348.1922361848,"{'510300': {'shares': 86200.0, 'price': 3.79, 'value': 326698.0, 'profit_pct': 0.4833807381578266}, '159915': {'shares': 155900.0, 'price': 2.179, 'value': 339706.1, 'profit_pct': 4.454087179615}, '511260': {'shares': 1700.0, 'price': 128.176, 'value': 217899.19999999998, 'profit_pct': 0.9953402173363294}, '518880': {'shares': 34700.0, 'price': 5.923, 'value': 205528.1, 'profit_pct': -2.2131396945477175}}",0.012797862638021629,1.0903481922361848,-15.81469501235645
2024-12-02,14381.935444205097,1079446.3,1093828.235444205,"{'510300': {'shares': 86400.0, 'price': 3.82, 'value': 330048.0, 'profit_pct': -0.0999000999000924}, '159915': {'shares': 149300.0, 'price': 2.211, 'value': 330102.3, 'profit_pct': -0.09990009990009822}, '511260': {'shares': 1600.0, 'price': 128.472, 'value': 205555.2, 'profit_pct': -0.09990009990009051}, '518880': {'shares': 36400.0, 'price': 5.872, 'value': 213740.8, 'profit_pct': -0.0999000999000865}}",0.0031916806326639513,1.093828235444205,-15.546002404872494
2024-12-03,14381.935444205097,1080176.2,1094558.135444205,"{'510300': {'shares': 86400.0, 'price': 3.824, 'value': 330393.6, 'profit_pct': 0.004707334550274099}, '159915': {'shares': 149300.0, 'price': 2.198, 'value': 328161.39999999997, 'profit_pct': -0.6872819627229336}, '511260': {'shares': 1600.0, 'price': 128.583, 'value': 205732.8, 'profit_pct': -0.013586264286804433}, '518880': {'shares': 36400.0, 'price': 5.931, 'value': 215888.4, 'profit_pct': 0.9038645278427457}}",0.0006672894119463813,1.094558135444205,-15.489647146480722
2024-12-04,14381.935444205097,1074567.8,1088949.735444205,"{'510300': {'shares': 86400.0, 'price': 3.803, 'value': 328579.2, 'profit_pct': -0.5444816963141471}, '159915': {'shares': 149300.0, 'price': 2.17, 'value': 323981.0, 'profit_pct': -1.9524121288028975}, '511260': {'shares': 1600.0, 'price': 128.87, 'value': 206192.0, 'profit_pct': 0.2095855449115367}, '518880': {'shares': 36400.0, 'price': 5.929, 'value': 215815.6, 'profit_pct': 0.8698386082582469}}",-0.005123894125298234,1.088949735444205,-15.922669246993749
2024-12-05,14381.935444205097,1075140.1,1089522.0354442052,"{'510300': {'shares': 86400.0, 'price': 3.796, 'value': 327974.39999999997, 'profit_pct': -0.7275447066022913}, '159915': {'shares': 149300.0, 'price': 2.177, 'value': 325026.10000000003, 'profit_pct': -1.6361295872829016}, '511260': {'shares': 1600.0, 'price': 128.998, 'value': 206396.8, 'profit_pct': 0.3091186166097385}, '518880': {'shares': 36400.0, 'price': 5.927, 'value': 215742.8, 'profit_pct': 0.8358126886737328}}",0.0005255522650606803,1.0895220354442052,-15.878482215376232
2024-12-06,14381.935444205097,1085349.2000000002,1099731.1354442053,"{'510300': {'shares': 86400.0, 'price': 3.846, 'value': 332294.4, 'profit_pct': 0.5800482240272956}, '159915': {'shares': 149300.0, 'price': 2.224, 'value': 332043.2, 'profit_pct': 0.48748176292275713}, '511260': {'shares': 1600.0, 'price': 128.839, 'value': 206142.4, 'profit_pct': 0.18547987910962124}, '518880': {'shares': 36400.0, 'price': 5.903, 'value': 214869.19999999998, 'profit_pct': 0.42750165365970005}}",0.009370255642271452,1.0997311354442052,-15.09024208871843
2024-12-09,14381.935444205097,1083869.4,1098251.335444205,"{'510300': {'shares': 86400.0, 'price': 3.843, 'value': 332035.2, 'profit_pct': 0.5015926481895179}, '159915': {'shares': 149300.0, 'price': 2.206, 'value': 329355.8, 'profit_pct': -0.32581620098580105}, '511260': {'shares': 1600.0, 'price': 129.005, 'value': 206408.0, 'profit_pct': 0.3145618314682384}, '518880': {'shares': 36400.0, 'price': 5.936, 'value': 216070.4, 'profit_pct': 0.9889293268040007}}",-0.0013456016223479805,1.098251335444205,-15.204496796717027
2024-12-10,14381.935444205097,1090927.7000000002,1105309.6354442053,"{'510300': {'shares': 86400.0, 'price': 3.874, 'value': 334713.60000000003, 'profit_pct': 1.312300265179861}, '159915': {'shares': 149300.0, 'price': 2.221, 'value': 331595.3, 'profit_pct': 0.35193210227132743}, '511260': {'shares': 1600.0, 'price': 129.774, 'value': 207638.4, 'profit_pct': 0.9125378637801613}, '518880': {'shares': 36400.0, 'price': 5.961, 'value': 216980.40000000002, 'profit_pct': 1.4142533216102906}}",0.006426853100201635,1.1053096354442054,-14.659528554071844
2024-12-11,14381.935444205097,1091789.4,1106171.335444205,"{'510300': {'shares': 86400.0, 'price': 3.864, 'value': 333849.6, 'profit_pct': 1.050781679053939}, '159915': {'shares': 149300.0, 'price': 2.218, 'value': 331147.4, 'profit_pct': 0.21638244161989773}, '511260': {'shares': 1600.0, 'price': 129.995, 'value': 207992.0, 'profit_pct': 1.0843879328841097}, '518880': {'shares': 36400.0, 'price': 6.011, 'value': 218800.4, 'profit_pct': 2.2649013112228547}}",0.0007796005502598291,1.1061713354442049,-14.592997075573166
2024-12-12,14381.935444205097,1101829.6,1116211.5354442052,"{'510300': {'shares': 86400.0, 'price': 3.906, 'value': 337478.4, 'profit_pct': 2.149159740782793}, '159915': {'shares': 149300.0, 'price': 2.248, 'value': 335626.4, 'profit_pct': 1.5718790481341547}, '511260': {'shares': 1600.0, 'price': 130.27, 'value': 208432.00000000003, 'profit_pct': 1.298228516610743}, '518880': {'shares': 36400.0, 'price': 6.052, 'value': 220292.8, 'profit_pct': 2.9624326627051514}}",0.009076532430636775,1.1162115354442053,-13.817797643726115
2024-12-13,14381.935444205097,1084139.3,1098521.235444205,"{'510300': {'shares': 86400.0, 'price': 3.809, 'value': 329097.60000000003, 'profit_pct': -0.38757054463859153}, '159915': {'shares': 149300.0, 'price': 2.193, 'value': 327414.9, 'profit_pct': -0.9131980638086363}, '511260': {'shares': 1600.0, 'price': 130.744, 'value': 209190.4, 'profit_pct': 1.666811922743179}, '518880': {'shares': 36400.0, 'price': 6.001, 'value': 218436.40000000002, 'profit_pct': 2.094771713300345}}",-0.01584851924412345,1.098521235444205,-15.183657936270457
2024-12-16,14381.935444205097,1075703.4,1090085.335444205,"{'510300': {'shares': 86400.0, 'price': 3.785, 'value': 327024.0, 'profit_pct': -1.0152151513407905}, '159915': {'shares': 149300.0, 'price': 2.158, 'value': 322189.39999999997, 'profit_pct': -2.4946107714085963}, '511260': {'shares': 1600.0, 'price': 131.262, 'value': 210019.2, 'profit_pct': 2.069609822271884}, '518880': {'shares': 36400.0, 'price': 5.947, 'value': 216470.8, 'profit_pct': 1.1760718845187677}}",-0.007679323555897399,1.090085335444205,-15.8349900698055
2024-12-17,14381.935444205097,1076087.5,1090469.435444205,"{'510300': {'shares': 86400.0, 'price': 3.796, 'value': 327974.39999999997, 'profit_pct': -0.7275447066022913}, '159915': {'shares': 149300.0, 'price': 2.159, 'value': 322338.69999999995, 'profit_pct': -2.4494275511914596}, '511260': {'shares': 1600.0, 'price': 130.974, 'value': 209558.4, 'profit_pct': 1.845660410950897}, '518880': {'shares': 36400.0, 'price': 5.94, 'value': 216216.0, 'profit_pct': 1.0569811659730137}}",0.00035235773522601654,1.090469435444205,-15.805333877521232
2024-12-18,14381.935444205097,1076658.2,1091040.135444205,"{'510300': {'shares': 86400.0, 'price': 3.813, 'value': 329443.2, 'profit_pct': -0.28296311018822506}, '159915': {'shares': 149300.0, 'price': 2.158, 'value': 322189.39999999997, 'profit_pct': -2.4946107714085963}, '511260': {'shares': 1600.0, 'price': 130.688, 'value': 209100.8, 'profit_pct': 1.6232662038752017}, '518880': {'shares': 36400.0, 'price': 5.932, 'value': 215924.80000000002, 'profit_pct': 0.9208774876350029}}",0.0005233525869228206,1.091040135444205,-15.761270381200932
2024-12-19,14381.935444205097,1077192.2999999998,1091574.2354442049,"{'510300': {'shares': 86400.0, 'price': 3.819, 'value': 329961.6, 'profit_pct': -0.1260519585126811}, '159915': {'shares': 149300.0, 'price': 2.171, 'value': 324130.3, 'profit_pct': -1.9072289085857608}, '511260': {'shares': 1600.0, 'price': 130.554, 'value': 208886.4, 'profit_pct': 1.5190675194411463}, '518880': {'shares': 36400.0, 'price': 5.885, 'value': 214214.0, 'profit_pct': 0.12126837739917934}}",0.0004895328619440864,1.0915742354442048,-15.720032754804114
2024-12-20,14381.935444205097,1077124.5,1091506.435444205,"{'510300': {'shares': 86400.0, 'price': 3.807, 'value': 328924.8, 'profit_pct': -0.4398742618637806}, '159915': {'shares': 149300.0, 'price': 2.169, 'value': 323831.7, 'profit_pct': -1.997595349020034}, '511260': {'shares': 1600.0, 'price': 131.187, 'value': 209899.2, 'profit_pct': 2.0112896630737214}, '518880': {'shares': 36400.0, 'price': 5.892, 'value': 214468.80000000002, 'profit_pct': 0.2403590959449483}}",-6.2112129251779e-05,1.091506435444205,-15.725267563022982
2024-12-23,14381.935444205097,1076619.5,1091001.435444205,"{'510300': {'shares': 86400.0, 'price': 3.811, 'value': 329270.4, 'profit_pct': -0.33526682741341407}, '159915': {'shares': 149300.0, 'price': 2.147, 'value': 320547.1, 'profit_pct': -2.991626193797158}, '511260': {'shares': 1600.0, 'price': 131.366, 'value': 210185.60000000003, 'profit_pct': 2.1504804430266926}, '518880': {'shares': 36400.0, 'price': 5.951, 'value': 216616.4, 'profit_pct': 1.2441237236877656}}",-0.0004626633280402359,1.091001435444205,-15.76425839120198
2024-12-24,14381.935444205097,1082580.6,1096962.5354442052,"{'510300': {'shares': 86400.0, 'price': 3.858, 'value': 333331.2, 'profit_pct': 0.893870527378395}, '159915': {'shares': 149300.0, 'price': 2.17, 'value': 323981.0, 'profit_pct': -1.9524121288028975}, '511260': {'shares': 1600.0, 'price': 131.09, 'value': 209744.0, 'profit_pct': 1.9358622571774131}, '518880': {'shares': 36400.0, 'price': 5.921, 'value': 215524.40000000002, 'profit_pct': 0.733734929920236}}",0.005463879153901452,1.0969625354442052,-15.304004478612242
2024-12-25,14381.935444205097,1081055.6,1095437.5354442052,"{'510300': {'shares': 86400.0, 'price': 3.861, 'value': 333590.4, 'profit_pct': 0.9723261032161729}, '159915': {'shares': 149300.0, 'price': 2.156, 'value': 321890.80000000005, 'profit_pct': -2.584977211842869}, '511260': {'shares': 1600.0, 'price': 130.94, 'value': 209504.0, 'profit_pct': 1.8192219387810658}, '518880': {'shares': 36400.0, 'price': 5.936, 'value': 216070.4, 'profit_pct': 0.9889293268040007}}",-0.0013902024460502593,1.0954375354442052,-15.421749058756728
2024-12-26,14381.935444205097,1082713.4,1097095.335444205,"{'510300': {'shares': 86400.0, 'price': 3.862, 'value': 333676.8, 'profit_pct': 0.9984779618287617}, '159915': {'shares': 149300.0, 'price': 2.166, 'value': 323383.8, 'profit_pct': -2.1331450096714635}, '511260': {'shares': 1600.0, 'price': 130.898, 'value': 209436.8, 'profit_pct': 1.7865626496300884}, '518880': {'shares': 36400.0, 'price': 5.94, 'value': 216216.0, 'profit_pct': 1.0569811659730137}}",0.0015133678976295695,1.097095335444205,-15.293751048944593
2024-12-27,14381.935444205097,1082689.0999999999,1097071.035444205,"{'510300': {'shares': 86400.0, 'price': 3.856, 'value': 333158.39999999997, 'profit_pct': 0.841566810153206}, '159915': {'shares': 149300.0, 'price': 2.163, 'value': 322935.89999999997, 'profit_pct': -2.268694670322893}, '511260': {'shares': 1600.0, 'price': 131.373, 'value': 210196.8, 'profit_pct': 2.1559236578851704}, '518880': {'shares': 36400.0, 'price': 5.945, 'value': 216398.0, 'profit_pct': 1.1420459649342687}}",-2.2149396880055683e-05,1.097071035444205,-15.295627241270825
2024-12-30,14381.935444205097,1083503.7,1097885.635444205,"{'510300': {'shares': 86400.0, 'price': 3.875, 'value': 334800.0, 'profit_pct': 1.3384521237924498}, '159915': {'shares': 149300.0, 'price': 2.165, 'value': 323234.5, 'profit_pct': -2.1783282298886}, '511260': {'shares': 1600.0, 'price': 131.17, 'value': 209871.99999999997, 'profit_pct': 1.9980704269887837}, '518880': {'shares': 36400.0, 'price': 5.923, 'value': 215597.2, 'profit_pct': 0.7677608495047349}}",0.0007425225657062828,1.097885635444205,-15.232732333083476
2024-12-31,14381.935444205097,1069151.8,1083533.735444205,"{'510300': {'shares': 86400.0, 'price': 3.811, 'value': 329270.4, 'profit_pct': -0.33526682741341407}, '159915': {'shares': 149300.0, 'price': 2.102, 'value': 313828.6, 'profit_pct': -5.024871103568524}, '511260': {'shares': 1600.0, 'price': 131.421, 'value': 210273.59999999998, 'profit_pct': 2.1932485597720013}, '518880': {'shares': 36400.0, 'price': 5.928, 'value': 215779.2, 'profit_pct': 0.8528256484659898}}",-0.013072308751168937,1.0835337354442052,-16.340836228018386
2025-01-02,591.7563803752128,1060936.8,1061528.5563803753,"{'510300': {'shares': 89300.0, 'price': 3.698, 'value': 330231.4, 'profit_pct': -0.09990009990008734}, '159915': {'shares': 163700.0, 'price': 2.019, 'value': 330510.30000000005, 'profit_pct': -0.09990009990008858}, '511260': {'shares': 1500.0, 'price': 132.115, 'value': 198172.5, 'profit_pct': -0.09990009990009903}, '518880': {'shares': 33800.0, 'price': 5.977, 'value': 202022.6, 'profit_pct': -0.0999000999000945}}",-0.020308716142380723,1.0615285563803754,-18.0398464377725
2025-01-03,591.7563803752128,1052892.2,1053483.9563803752,"{'510300': {'shares': 89300.0, 'price': 3.658, 'value': 326659.39999999997, 'profit_pct': -1.180485279998519}, '159915': {'shares': 163700.0, 'price': 1.978, 'value': 323798.6, 'profit_pct': -2.128579691729762}, '511260': {'shares': 1500.0, 'price': 132.436, 'value': 198654.0, 'profit_pct': 0.14282731233872215}, '518880': {'shares': 33800.0, 'price': 6.029, 'value': 203780.2, 'profit_pct': 0.7692324406394998}}",-0.007578317089679376,1.0534839563803753,-18.66096647018588
2025-01-06,591.7563803752128,1049945.3,1050537.0563803753,"{'510300': {'shares': 89300.0, 'price': 3.642, 'value': 325230.6, 'profit_pct': -1.6127193520378915}, '159915': {'shares': 163700.0, 'price': 1.976, 'value': 323471.2, 'profit_pct': -2.2275396718190144}, '511260': {'shares': 1500.0, 'price': 132.521, 'value': 198781.49999999997, 'profit_pct': 0.20710092617141676}, '518880': {'shares': 33800.0, 'price': 5.99, 'value': 202462.0, 'profit_pct': 0.11738303523480408}}",-0.00279728987057859,1.0505370563803753,-18.88849532476148
2025-01-07,591.7563803752128,1054720.7,1055312.4563803752,"{'510300': {'shares': 89300.0, 'price': 3.669, 'value': 327641.7, 'profit_pct': -0.8833243554714474}, '159915': {'shares': 163700.0, 'price': 1.99, 'value': 325763.0, 'profit_pct': -1.5348198111942495}, '511260': {'shares': 1500.0, 'price': 132.344, 'value': 198516.0, 'profit_pct': 0.07326057736683791}, '518880': {'shares': 33800.0, 'price': 6.0, 'value': 202800.0, 'profit_pct': 0.28452390841549297}}",0.00454567496786229,1.0553124563803753,-18.51978878835361
2025-01-08,591.7563803752128,1051576.5,1052168.2563803752,"{'510300': {'shares': 89300.0, 'price': 3.663, 'value': 327105.89999999997, 'profit_pct': -1.045412132486218}, '159915': {'shares': 163700.0, 'price': 1.968, 'value': 322161.6, 'profit_pct': -2.6233795921760223}, '511260': {'shares': 1500.0, 'price': 132.33, 'value': 198495.00000000003, 'profit_pct': 0.06267433508852313}, '518880': {'shares': 33800.0, 'price': 6.03, 'value': 203814.0, 'profit_pct': 0.7859465279575746}}",-0.0029794019590977383,1.0521682563803751,-18.76255108926529
2025-01-09,591.7563803752128,1052261.7,1052853.4563803752,"{'510300': {'shares': 89300.0, 'price': 3.655, 'value': 326391.5, 'profit_pct': -1.2615291685059042}, '159915': {'shares': 163700.0, 'price': 1.971, 'value': 322652.7, 'profit_pct': -2.474939622042139}, '511260': {'shares': 1500.0, 'price': 132.147, 'value': 198220.5, 'profit_pct': -0.07570297469250395}, '518880': {'shares': 33800.0, 'price': 6.065, 'value': 204997.0, 'profit_pct': 1.3709395840900007}}",0.0006512266415992229,1.052853456380375,-18.709647098239056
2025-01-10,591.7563803752128,1044145.2,1044736.9563803752,"{'510300': {'shares': 89300.0, 'price': 3.612, 'value': 322551.60000000003, 'profit_pct': -2.4231582371117093}, '159915': {'shares': 163700.0, 'price': 1.938, 'value': 317250.6, 'profit_pct': -4.107779293514803}, '511260': {'shares': 1500.0, 'price': 131.996, 'value': 197994.0, 'profit_pct': -0.18988315926589297}, '518880': {'shares': 33800.0, 'price': 6.105, 'value': 206349.0, 'profit_pct': 2.039503076812771}}",-0.007709050058973932,1.0447369563803752,-19.336318498070383
2025-01-13,591.7563803752128,1043859.5,1044451.2563803752,"{'510300': {'shares': 89300.0, 'price': 3.597, 'value': 321212.1, 'profit_pct': -2.828377679648624}, '159915': {'shares': 163700.0, 'price': 1.942, 'value': 317905.39999999997, 'profit_pct': -3.9098593333363}, '511260': {'shares': 1500.0, 'price': 131.924, 'value': 197886.0, 'profit_pct': -0.24432669098301418}, '518880': {'shares': 33800.0, 'price': 6.12, 'value': 206856.0, 'profit_pct': 2.2902143865838047}}",-0.0002734659650499571,1.0444512563803752,-19.3583772695768
2025-01-14,591.7563803752128,1066449.5999999999,1067041.356380375,"{'510300': {'shares': 89300.0, 'price': 3.695, 'value': 329963.5, 'profit_pct': -0.18094398840747272}, '159915': {'shares': 163700.0, 'price': 2.036, 'value': 333293.2, 'profit_pct': 0.7412597308585488}, '511260': {'shares': 1500.0, 'price': 132.063, 'value': 198094.49999999997, 'profit_pct': -0.13922042836247867}, '518880': {'shares': 33800.0, 'price': 6.068, 'value': 205098.4, 'profit_pct': 1.4210818460441956}}",0.021628678085263253,1.0670413563803751,-17.614205571267227
2025-01-15,591.7563803752128,1059858.5000000002,1060450.2563803755,"{'510300': {'shares': 89300.0, 'price': 3.672, 'value': 327909.60000000003, 'profit_pct': -0.8022804669640619}, '159915': {'shares': 163700.0, 'price': 1.999, 'value': 327236.30000000005, 'profit_pct': -1.0894999007926096}, '511260': {'shares': 1500.0, 'price': 132.31, 'value': 198465.0, 'profit_pct': 0.047551131833760085}, '518880': {'shares': 33800.0, 'price': 6.102, 'value': 206247.6, 'profit_pct': 1.9893608148585615}}",-0.006176986450045385,1.0604502563803755,-18.123101507129736
2025-01-16,591.7563803752128,1062260.3,1062852.0563803753,"{'510300': {'shares': 89300.0, 'price': 3.674, 'value': 328088.2, 'profit_pct': -0.7482512079591463}, '159915': {'shares': 163700.0, 'price': 2.01, 'value': 329036.99999999994, 'profit_pct': -0.5452200103017395}, '511260': {'shares': 1500.0, 'price': 132.141, 'value': 198211.5, 'profit_pct': -0.08023993566893071}, '518880': {'shares': 33800.0, 'price': 6.122, 'value': 206923.6, 'profit_pct': 2.3236425612199394}}",0.0022648870001671373,1.0628520563803754,-17.937659584119224
2025-01-17,591.7563803752128,1066483.0,1067074.7563803752,"{'510300': {'shares': 89300.0, 'price': 3.687, 'value': 329249.1, 'profit_pct': -0.397061024427159}, '159915': {'shares': 163700.0, 'price': 2.026, 'value': 331656.19999999995, 'profit_pct': 0.24645983041227731}, '511260': {'shares': 1500.0, 'price': 132.053, 'value': 198079.5, 'profit_pct': -0.14678202998984943}, '518880': {'shares': 33800.0, 'price': 6.139, 'value': 207498.2, 'profit_pct': 2.6077820456271223}}",0.0039729894434985535,1.0670747563803753,-17.61162677193815
2025-01-20,591.7563803752128,1073454.3,1074046.0563803753,"{'510300': {'shares': 89300.0, 'price': 3.706, 'value': 330945.8, 'profit_pct': 0.11621693611959898}, '159915': {'shares': 163700.0, 'price': 2.062, 'value': 337549.39999999997, 'profit_pct': 2.027739472018815}, '511260': {'shares': 1500.0, 'price': 131.911, 'value': 197866.5, 'profit_pct': -0.25415677309860907}, '518880': {'shares': 33800.0, 'price': 6.127, 'value': 207092.6, 'profit_pct': 2.407212997810284}}",0.006533094291957031,1.0740460563803753,-17.07337576107828
2025-01-21,591.7563803752128,1075382.9000000001,1075974.6563803754,"{'510300': {'shares': 89300.0, 'price': 3.711, 'value': 331392.3, 'profit_pct': 0.2512900836318999}, '159915': {'shares': 163700.0, 'price': 2.07, 'value': 338859.0, 'profit_pct': 2.4235793923758235}, '511260': {'shares': 1500.0, 'price': 132.026, 'value': 198039.00000000003, 'profit_pct': -0.16719835438375913}, '518880': {'shares': 33800.0, 'price': 6.127, 'value': 207092.6, 'profit_pct': 2.407212997810284}}",0.0017956399435044013,1.0759746563803754,-16.924469402214882
2025-01-22,591.7563803752128,1072282.6,1072874.3563803753,"{'510300': {'shares': 89300.0, 'price': 3.675, 'value': 328177.5, 'profit_pct': -0.7212365784566885}, '159915': {'shares': 163700.0, 'price': 2.059, 'value': 337058.30000000005, 'profit_pct': 1.8792995018849532}, '511260': {'shares': 1500.0, 'price': 132.086, 'value': 198129.00000000003, 'profit_pct': -0.1218287446194915}, '518880': {'shares': 33800.0, 'price': 6.181, 'value': 208917.8, 'profit_pct': 3.309773712986028}}",-0.002881387569507954,1.0728743563803753,-17.16384220340962
2025-01-23,591.7563803752128,1072219.8,1072811.5563803753,"{'510300': {'shares': 89300.0, 'price': 3.686, 'value': 329159.8, 'profit_pct': -0.4240756539296169}, '159915': {'shares': 163700.0, 'price': 2.052, 'value': 335912.4, 'profit_pct': 1.5329395715725656}, '511260': {'shares': 1500.0, 'price': 132.018, 'value': 198027.0, 'profit_pct': -0.17324763568566864}, '518880': {'shares': 33800.0, 'price': 6.187, 'value': 209120.6, 'profit_pct': 3.410058236894447}}",-5.853434712699279e-05,1.0728115563803753,-17.16869096382475
2025-01-24,591.7563803752128,1081144.5999999999,1081736.356380375,"{'510300': {'shares': 89300.0, 'price': 3.718, 'value': 332017.4, 'profit_pct': 0.44039249014912846}, '159915': {'shares': 163700.0, 'price': 2.084, 'value': 341150.8, 'profit_pct': 3.1162992530005993}, '511260': {'shares': 1500.0, 'price': 131.872, 'value': 197808.00000000003, 'profit_pct': -0.2836470194453723}, '518880': {'shares': 33800.0, 'price': 6.218, 'value': 210168.4, 'profit_pct': 3.9281949437545887}}",0.008319075187921854,1.081736356380375,-16.479611076038825
2025-01-27,591.7563803752128,1070235.5,1070827.2563803752,"{'510300': {'shares': 89300.0, 'price': 3.696, 'value': 330052.8, 'profit_pct': -0.15392935890500295}, '159915': {'shares': 163700.0, 'price': 2.028, 'value': 331983.6, 'profit_pct': 0.34541981050154036}, '511260': {'shares': 1500.0, 'price': 132.381, 'value': 198571.5, 'profit_pct': 0.1012385033881399}, '518880': {'shares': 33800.0, 'price': 6.202, 'value': 209627.6, 'profit_pct': 3.6607695466654806}}",-0.010084804800777003,1.0708272563803753,-17.321897895221948
2025-02-05,15642.590847875428,1058076.3,1073718.8908478755,"{'510300': {'shares': 88500.0, 'price': 3.676, 'value': 325326.0, 'profit_pct': -0.09990009990010025}, '159915': {'shares': 160800.0, 'price': 2.024, 'value': 325459.2, 'profit_pct': -0.09990009990007928}, '511260': {'shares': 1500.0, 'price': 132.445, 'value': 198667.5, 'profit_pct': -0.09990009990009231}, '518880': {'shares': 32400.0, 'price': 6.439, 'value': 208623.6, 'profit_pct': -0.09990009990007712}}",0.0027003743603564168,1.0737188908478754,-17.098636068135285
2025-02-06,15642.590847875428,1069986.3,1085628.8908478755,"{'510300': {'shares': 88500.0, 'price': 3.721, 'value': 329308.5, 'profit_pct': 1.1230336583981826}, '159915': {'shares': 160800.0, 'price': 2.08, 'value': 334464.0, 'profit_pct': 2.664134284687668}, '511260': {'shares': 1500.0, 'price': 132.526, 'value': 198789.00000000003, 'profit_pct': -0.03880373467747297}, '518880': {'shares': 32400.0, 'price': 6.402, 'value': 207424.80000000002, 'profit_pct': -0.6739494392856478}}",0.011092288774574133,1.0856288908478755,-16.17907019959698
2025-02-07,15642.590847875428,1083645.3,1099287.8908478755,"{'510300': {'shares': 88500.0, 'price': 3.777, 'value': 334264.5, 'profit_pct': 2.6449067798360497}, '159915': {'shares': 160800.0, 'price': 2.131, 'value': 342664.8, 'profit_pct': 5.181379884937208}, '511260': {'shares': 1500.0, 'price': 132.472, 'value': 198708.0, 'profit_pct': -0.07953464482587873}, '518880': {'shares': 32400.0, 'price': 6.42, 'value': 208008.0, 'profit_pct': -0.3946821930980755}}",0.012581647481150204,1.0992878908478756,-15.124464809306081
2025-02-10,15642.590847875428,1088746.8,1104389.3908478755,"{'510300': {'shares': 88500.0, 'price': 3.781, 'value': 334618.5, 'profit_pct': 2.7536120027958972}, '159915': {'shares': 160800.0, 'price': 2.142, 'value': 344433.6, 'profit_pct': 5.724315210481235}, '511260': {'shares': 1500.0, 'price': 132.341, 'value': 198511.5, 'profit_pct': -0.17834481574145206}, '518880': {'shares': 32400.0, 'price': 6.518, 'value': 211183.19999999998, 'profit_pct': 1.1257728139231669}}",0.00464073155219169,1.1043893908478755,-14.73058023513747
2025-02-11,15642.590847875428,1084863.0,1100505.5908478755,"{'510300': {'shares': 88500.0, 'price': 3.765, 'value': 333202.5, 'profit_pct': 2.3187911109565067}, '159915': {'shares': 160800.0, 'price': 2.113, 'value': 339770.4, 'profit_pct': 4.292940261319727}, '511260': {'shares': 1500.0, 'price': 132.379, 'value': 198568.5, 'profit_pct': -0.14968232341481044}, '518880': {'shares': 32400.0, 'price': 6.584, 'value': 213321.59999999998, 'profit_pct': 2.149752716610941}}",-0.0035166944124828126,1.1005055908478754,-15.030446727180212
2025-02-12,15642.590847875428,1092682.2,1108324.7908478754,"{'510300': {'shares': 88500.0, 'price': 3.803, 'value': 336565.5, 'profit_pct': 3.3514907290750533}, '159915': {'shares': 160800.0, 'price': 2.15, 'value': 345720.0, 'profit_pct': 6.119177265422341}, '511260': {'shares': 1500.0, 'price': 132.377, 'value': 198565.5, 'profit_pct': -0.1511908756425149}, '518880': {'shares': 32400.0, 'price': 6.538, 'value': 211831.2, 'profit_pct': 1.4360697541315912}}",0.00710509793410119,1.1083247908478755,-14.426729729760012
2025-02-13,15642.590847875428,1090371.0,1106013.5908478755,"{'510300': {'shares': 88500.0, 'price': 3.793, 'value': 335680.5, 'profit_pct': 3.0797276716754403}, '159915': {'shares': 160800.0, 'price': 2.135, 'value': 343307.99999999994, 'profit_pct': 5.3788109124077605}, '511260': {'shares': 1500.0, 'price': 132.343, 'value': 198514.49999999997, 'profit_pct': -0.17683626351374765}, '518880': {'shares': 32400.0, 'price': 6.57, 'value': 212868.0, 'profit_pct': 1.932544858465059}}",-0.002085309305616012,1.1060135908478754,-14.605176466566528
2025-02-14,15642.590847875428,1100110.2,1115752.7908478754,"{'510300': {'shares': 88500.0, 'price': 3.823, 'value': 338335.5, 'profit_pct': 3.895016843874292}, '159915': {'shares': 160800.0, 'price': 2.174, 'value': 349579.2, 'profit_pct': 7.303763430245662}, '511260': {'shares': 1500.0, 'price': 132.129, 'value': 198193.5, 'profit_pct': -0.3382513518796447}, '518880': {'shares': 32400.0, 'price': 6.605, 'value': 214002.0, 'profit_pct': 2.4755645038297915}}",0.00880567841172164,1.1157527908478755,-13.853217112505389
2025-02-17,15642.590847875428,1097860.2,1113502.7908478754,"{'510300': {'shares': 88500.0, 'price': 3.83, 'value': 338955.0, 'profit_pct': 4.085250984054028}, '159915': {'shares': 160800.0, 'price': 2.182, 'value': 350865.6, 'profit_pct': 7.698625485186768}, '511260': {'shares': 1500.0, 'price': 131.756, 'value': 197634.0, 'profit_pct': -0.6195963423491703}, '518880': {'shares': 32400.0, 'price': 6.494, 'value': 210405.6, 'profit_pct': 0.7534164856730658}}",-0.0020165757311618737,1.1135027908478754,-14.026938624193985
2025-02-18,15642.590847875428,1090324.5,1105967.0908478755,"{'510300': {'shares': 88500.0, 'price': 3.801, 'value': 336388.5, 'profit_pct': 3.2971381175951358}, '159915': {'shares': 160800.0, 'price': 2.14, 'value': 344112.0, 'profit_pct': 5.625599696745969}, '511260': {'shares': 1500.0, 'price': 131.628, 'value': 197441.99999999997, 'profit_pct': -0.7161436849231764}, '518880': {'shares': 32400.0, 'price': 6.555, 'value': 212382.0, 'profit_pct': 1.6998221533087374}}",-0.006767562741591293,1.1059670908478754,-14.60876671114143
2025-02-19,15642.590847875428,1101019.2,1116661.7908478754,"{'510300': {'shares': 88500.0, 'price': 3.822, 'value': 338247.0, 'profit_pct': 3.8678405381343324}, '159915': {'shares': 160800.0, 'price': 2.185, 'value': 351348.0, 'profit_pct': 7.846698755789689}, '511260': {'shares': 1500.0, 'price': 131.766, 'value': 197649.0, 'profit_pct': -0.6120535812105838}, '518880': {'shares': 32400.0, 'price': 6.598, 'value': 213775.19999999998, 'profit_pct': 2.366960574756837}}",0.009669998400947843,1.1166617908478753,-13.783033621783202
2025-02-20,15642.590847875428,1100274.3,1115916.8908478755,"{'510300': {'shares': 88500.0, 'price': 3.81, 'value': 337185.0, 'profit_pct': 3.54172486925479}, '159915': {'shares': 160800.0, 'price': 2.184, 'value': 351187.2, 'profit_pct': 7.797340998922056}, '511260': {'shares': 1500.0, 'price': 131.631, 'value': 197446.5, 'profit_pct': -0.7138808565815875}, '518880': {'shares': 32400.0, 'price': 6.619, 'value': 214455.6, 'profit_pct': 2.692772361975673}}",-0.0006670775395962725,1.1159168908478756,-13.840547023586225
2025-02-21,15642.590847875428,1111829.4,1127471.9908478754,"{'510300': {'shares': 88500.0, 'price': 3.864, 'value': 341964.0, 'profit_pct': 5.009245379212727}, '159915': {'shares': 160800.0, 'price': 2.239, 'value': 360031.19999999995, 'profit_pct': 10.512017626642148}, '511260': {'shares': 1500.0, 'price': 131.354, 'value': 197031.00000000003, 'profit_pct': -0.9228153401206138}, '518880': {'shares': 32400.0, 'price': 6.568, 'value': 212803.19999999998, 'profit_pct': 1.901515164444207}}",0.010354803386137812,1.1274719908478754,-12.94838282815829
2025-02-24,15642.590847875428,1107310.2000000002,1122952.7908478756,"{'510300': {'shares': 88500.0, 'price': 3.851, 'value': 340813.5, 'profit_pct': 4.655953404593225}, '159915': {'shares': 160800.0, 'price': 2.221, 'value': 357136.8, 'profit_pct': 9.623578003024669}, '511260': {'shares': 1500.0, 'price': 130.757, 'value': 196135.5, 'profit_pct': -1.3731181800946446}, '518880': {'shares': 32400.0, 'price': 6.581, 'value': 213224.40000000002, 'profit_pct': 2.1032081755796908}}",-0.0040082592176868825,1.1229527908478756,-13.29730827510186
2025-02-25,15642.590847875428,1100015.4000000001,1115657.9908478756,"{'510300': {'shares': 88500.0, 'price': 3.81, 'value': 337185.0, 'profit_pct': 3.54172486925479}, '159915': {'shares': 160800.0, 'price': 2.197, 'value': 353277.60000000003, 'profit_pct': 8.438991838201348}, '511260': {'shares': 1500.0, 'price': 130.864, 'value': 196296.0, 'profit_pct': -1.292410635911696}, '518880': {'shares': 32400.0, 'price': 6.582, 'value': 213256.8, 'profit_pct': 2.118723022590103}}",-0.006496087867141953,1.1156579908478756,-13.860536578864524
2025-02-26,15642.590847875428,1105599.0,1121241.5908478755,"{'510300': {'shares': 88500.0, 'price': 3.843, 'value': 340105.5, 'profit_pct': 4.43854295867353}, '159915': {'shares': 160800.0, 'price': 2.223, 'value': 357458.39999999997, 'profit_pct': 9.722293516759935}, '511260': {'shares': 1500.0, 'price': 131.213, 'value': 196819.5, 'profit_pct': -1.0291682721747952}, '518880': {'shares': 32400.0, 'price': 6.519, 'value': 211215.6, 'profit_pct': 1.1412876609335927}}",0.005004759564135375,1.1212415908478754,-13.429429275458116
2025-02-27,15642.590847875428,1103748.9000000001,1119391.4908478756,"{'510300': {'shares': 88500.0, 'price': 3.856, 'value': 341256.0, 'profit_pct': 4.791834933293031}, '159915': {'shares': 160800.0, 'price': 2.212, 'value': 355689.60000000003, 'profit_pct': 9.179358191215929}, '511260': {'shares': 1500.0, 'price': 130.975, 'value': 196462.5, 'profit_pct': -1.208685987273317}, '518880': {'shares': 32400.0, 'price': 6.492, 'value': 210340.8, 'profit_pct': 0.7223867916522275}}",-0.001650045819831636,1.1193914908478757,-13.572274683802576
2025-02-28,15642.590847875428,1082536.5,1098179.0908478755,"{'510300': {'shares': 88500.0, 'price': 3.783, 'value': 334795.5, 'profit_pct': 2.8079646142758152}, '159915': {'shares': 160800.0, 'price': 2.128, 'value': 342182.4, 'profit_pct': 5.033306614334308}, '511260': {'shares': 1500.0, 'price': 131.182, 'value': 196772.99999999997, 'profit_pct': -1.0525508317044392}, '518880': {'shares': 32400.0, 'price': 6.444, 'value': 208785.6, 'profit_pct': -0.022325864847974452}}",-0.018949938581302783,1.0981790908478755,-15.210074770266225
2025-03-03,15838.859022705816,1083043.0,1098881.8590227058,"{'510300': {'shares': 89700.0, 'price': 3.77, 'value': 338169.0, 'profit_pct': -0.09990009990008361}, '159915': {'shares': 157000.0, 'price': 2.154, 'value': 338178.0, 'profit_pct': -0.09990009990007882}, '511260': {'shares': 1500.0, 'price': 131.359, 'value': 197038.5, 'profit_pct': -0.09990009990008084}, '518880': {'shares': 32500.0, 'price': 6.451, 'value': 209657.5, 'profit_pct': -0.09990009990008936}}",0.000639939496833497,1.0988818590227059,-15.155814348178154
2025-03-04,15838.859022705816,1083388.7,1099227.5590227058,"{'510300': {'shares': 89700.0, 'price': 3.766, 'value': 337810.2, 'profit_pct': -0.2058949008550969}, '159915': {'shares': 157000.0, 'price': 2.149, 'value': 337393.0, 'profit_pct': -0.3317944822122836}, '511260': {'shares': 1500.0, 'price': 131.312, 'value': 196968.00000000003, 'profit_pct': -0.13564416536422413}, '518880': {'shares': 32500.0, 'price': 6.499, 'value': 211217.5, 'profit_pct': 0.6434272594557935}}",0.00031459250797660765,1.0992275590227059,-15.129123003026713
2025-03-05,15838.859022705816,1086508.1,1102346.959022706,"{'510300': {'shares': 89700.0, 'price': 3.783, 'value': 339335.1, 'profit_pct': 0.24458300320370657}, '159915': {'shares': 157000.0, 'price': 2.149, 'value': 337393.0, 'profit_pct': -0.3317944822122836}, '511260': {'shares': 1500.0, 'price': 131.335, 'value': 197002.5, 'profit_pct': -0.11815238864773031}, '518880': {'shares': 32500.0, 'price': 6.547, 'value': 212777.5, 'profit_pct': 1.3867546188116764}}",0.002837810946783037,1.102346959022706,-14.888275499221626
2025-03-06,15838.859022705816,1097137.1,1112975.959022706,"{'510300': {'shares': 89700.0, 'price': 3.838, 'value': 344268.60000000003, 'profit_pct': 1.702011516335142}, '159915': {'shares': 157000.0, 'price': 2.191, 'value': 343987.0, 'profit_pct': 1.6161183292102692}, '511260': {'shares': 1500.0, 'price': 130.996, 'value': 196494.0, 'profit_pct': -0.37596596720826847}, '518880': {'shares': 32500.0, 'price': 6.535, 'value': 212387.5, 'profit_pct': 1.2009227789727124}}",0.009642154779855527,1.112975959022706,-14.067615078004703
2025-03-07,15838.859022705816,1090512.1,1106350.959022706,"{'510300': {'shares': 89700.0, 'price': 3.828, 'value': 343371.6, 'profit_pct': 1.4370245139476028}, '159915': {'shares': 157000.0, 'price': 2.16, 'value': 339120.0, 'profit_pct': 0.1783731588745833}, '511260': {'shares': 1500.0, 'price': 130.617, 'value': 195925.49999999997, 'profit_pct': -0.6642000270149035}, '518880': {'shares': 32500.0, 'price': 6.526, 'value': 212095.0, 'profit_pct': 1.0615488990934794}}",-0.005952509527534899,1.1063509590227059,-14.579128417976683
2025-03-10,15838.859022705816,1089062.4,1104901.2590227057,"{'510300': {'shares': 89700.0, 'price': 3.812, 'value': 341936.39999999997, 'profit_pct': 1.0130453101275498}, '159915': {'shares': 157000.0, 'price': 2.159, 'value': 338962.99999999994, 'profit_pct': 0.1319942824121259}, '511260': {'shares': 1500.0, 'price': 130.322, 'value': 195483.0, 'profit_pct': -0.8885510762047438}, '518880': {'shares': 32500.0, 'price': 6.544, 'value': 212680.0, 'profit_pct': 1.3402966588519318}}",-0.0013103436917348832,1.1049012590227056,-14.69105911819667
2025-03-11,15838.859022705816,1088094.2999999998,1103933.1590227056,"{'510300': {'shares': 89700.0, 'price': 3.824, 'value': 343012.8, 'profit_pct': 1.3310297129925897}, '159915': {'shares': 157000.0, 'price': 2.159, 'value': 338962.99999999994, 'profit_pct': 0.1319942824121259}, '511260': {'shares': 1500.0, 'price': 129.804, 'value': 194706.0, 'profit_pct': -1.2824963083414975}, '518880': {'shares': 32500.0, 'price': 6.505, 'value': 211412.5, 'profit_pct': 0.7363431793752823}}",-0.0008761868919004989,1.1039331590227057,-14.765805693959233
2025-03-12,15838.859022705816,1087073.3,1102912.1590227059,"{'510300': {'shares': 89700.0, 'price': 3.814, 'value': 342115.8, 'profit_pct': 1.0660427106050623}, '159915': {'shares': 157000.0, 'price': 2.149, 'value': 337393.0, 'profit_pct': -0.3317944822122836}, '511260': {'shares': 1500.0, 'price': 130.313, 'value': 195469.49999999997, 'profit_pct': -0.8953956844851232}, '518880': {'shares': 32500.0, 'price': 6.526, 'value': 212095.0, 'profit_pct': 1.0615488990934794}}",-0.0009248748365378034,1.1029121590227058,-14.844636655485456
2025-03-13,15838.859022705816,1082896.8,1098735.6590227059,"{'510300': {'shares': 89700.0, 'price': 3.794, 'value': 340321.8, 'profit_pct': 0.536068705829996}, '159915': {'shares': 157000.0, 'price': 2.125, 'value': 333625.0, 'profit_pct': -1.4448875173108908}, '511260': {'shares': 1500.0, 'price': 130.175, 'value': 195262.50000000003, 'profit_pct': -1.0003463447840861}, '518880': {'shares': 32500.0, 'price': 6.575, 'value': 213687.5, 'profit_pct': 1.820362245102615}}",-0.003786792960647767,1.0987356590227058,-15.167102385959863
2025-03-14,15838.859022705816,1104408.0,1120246.8590227058,"{'510300': {'shares': 89700.0, 'price': 3.895, 'value': 349381.5, 'profit_pct': 3.212437429944078}, '159915': {'shares': 157000.0, 'price': 2.186, 'value': 343202.0, 'profit_pct': 1.3842239468980644}, '511260': {'shares': 1500.0, 'price': 129.968, 'value': 194951.99999999997, 'profit_pct': -1.1577723352325737}, '518880': {'shares': 32500.0, 'price': 6.673, 'value': 216872.5, 'profit_pct': 3.3379889371208717}}",0.01957813949456555,1.1202468590227057,-13.506232082743995
2025-03-17,15838.859022705816,1100817.6,1116656.459022706,"{'510300': {'shares': 89700.0, 'price': 3.883, 'value': 348305.1, 'profit_pct': 2.894453027079038}, '159915': {'shares': 157000.0, 'price': 2.173, 'value': 341161.0, 'profit_pct': 0.7812985528863238}, '511260': {'shares': 1500.0, 'price': 129.566, 'value': 194349.0, 'profit_pct': -1.463498171755681}, '518880': {'shares': 32500.0, 'price': 6.677, 'value': 217002.5, 'profit_pct': 3.3999328837338556}}",-0.003205007870436871,1.116656459022706,-13.783445289662533
2025-03-18,15838.859022705816,1105108.4,1120947.2590227057,"{'510300': {'shares': 89700.0, 'price': 3.892, 'value': 349112.39999999997, 'profit_pct': 3.1329413292278154}, '159915': {'shares': 157000.0, 'price': 2.185, 'value': 343045.0, 'profit_pct': 1.3378450704356275}, '511260': {'shares': 1500.0, 'price': 129.549, 'value': 194323.5, 'profit_pct': -1.4764268762852624}, '518880': {'shares': 32500.0, 'price': 6.727, 'value': 218627.5, 'profit_pct': 4.174232216396244}}",0.0038425425880357356,1.1209472590227056,-13.452154506394354
2025-03-19,15838.859022705816,1107092.6,1122931.459022706,"{'510300': {'shares': 89700.0, 'price': 3.898, 'value': 349650.60000000003, 'profit_pct': 3.2919335306603412}, '159915': {'shares': 157000.0, 'price': 2.178, 'value': 341946.0, 'profit_pct': 1.0131929351985285}, '511260': {'shares': 1500.0, 'price': 129.664, 'value': 194495.99999999997, 'profit_pct': -1.3889679927027934}, '518880': {'shares': 32500.0, 'price': 6.8, 'value': 221000.0, 'profit_pct': 5.304709242083307}}",0.001770110042224493,1.122931459022706,-13.29895529595323
2025-03-20,15838.859022705816,1102051.0,1117889.8590227058,"{'510300': {'shares': 89700.0, 'price': 3.865, 'value': 346690.5, 'profit_pct': 2.4174764227814847}, '159915': {'shares': 157000.0, 'price': 2.158, 'value': 338806.0, 'profit_pct': 0.08561540594968907}, '511260': {'shares': 1500.0, 'price': 130.218, 'value': 195326.99999999997, 'profit_pct': -0.9676443274445654}, '518880': {'shares': 32500.0, 'price': 6.807, 'value': 221227.5, 'profit_pct': 5.413111148656049}}",-0.004489677405945858,1.1178898590227058,-13.688215017432892
2025-03-21,15838.859022705816,1087833.3,1103672.1590227059,"{'510300': {'shares': 89700.0, 'price': 3.799, 'value': 340770.3, 'profit_pct': 0.6685622070237597}, '159915': {'shares': 157000.0, 'price': 2.112, 'value': 331584.0, 'profit_pct': -2.0478129113226315}, '511260': {'shares': 1500.0, 'price': 130.216, 'value': 195324.0, 'profit_pct': -0.9691653515068552}, '518880': {'shares': 32500.0, 'price': 6.774, 'value': 220155.0, 'profit_pct': 4.902073589098873}}",-0.012718337039419492,1.1036721590227059,-14.785957389315085
2025-03-24,15838.859022705816,1089332.7,1105171.5590227058,"{'510300': {'shares': 89700.0, 'price': 3.816, 'value': 342295.2, 'profit_pct': 1.1190401110825632}, '159915': {'shares': 157000.0, 'price': 2.112, 'value': 331584.0, 'profit_pct': -2.0478129113226315}, '511260': {'shares': 1500.0, 'price': 130.069, 'value': 195103.49999999997, 'profit_pct': -1.0809606200862192}, '518880': {'shares': 32500.0, 'price': 6.78, 'value': 220350.0, 'profit_pct': 4.994989509018363}}",0.0013585556070632165,1.1051715590227058,-14.670189373925812
2025-03-25,15838.859022705816,1088698.1,1104536.959022706,"{'510300': {'shares': 89700.0, 'price': 3.818, 'value': 342474.6, 'profit_pct': 1.1720375115600756}, '159915': {'shares': 157000.0, 'price': 2.105, 'value': 330485.0, 'profit_pct': -2.3724650465597303}, '511260': {'shares': 1500.0, 'price': 130.389, 'value': 195583.50000000003, 'profit_pct': -0.8375967701175521}, '518880': {'shares': 32500.0, 'price': 6.774, 'value': 220155.0, 'profit_pct': 4.902073589098873}}",-0.0005742094924710006,1.1045369590227059,-14.719186561178066
2025-03-26,15838.859022705816,1087011.4,1102850.2590227057,"{'510300': {'shares': 89700.0, 'price': 3.802, 'value': 341039.4, 'profit_pct': 0.7480583077400225}, '159915': {'shares': 157000.0, 'price': 2.098, 'value': 329386.0, 'profit_pct': -2.6971171817968296}, '511260': {'shares': 1500.0, 'price': 130.499, 'value': 195748.5, 'profit_pct': -0.7539404466908397}, '518880': {'shares': 32500.0, 'price': 6.795, 'value': 220837.5, 'profit_pct': 5.227279308817071}}",-0.0015270652432423093,1.1028502590227056,-14.849415927295928
2025-03-27,15838.859022705816,1089685.7000000002,1105524.559022706,"{'510300': {'shares': 89700.0, 'price': 3.816, 'value': 342295.2, 'profit_pct': 1.1190401110825632}, '159915': {'shares': 157000.0, 'price': 2.103, 'value': 330171.00000000006, 'profit_pct': -2.465222799484604}, '511260': {'shares': 1500.0, 'price': 130.553, 'value': 195829.5, 'profit_pct': -0.7128727970086284}, '518880': {'shares': 32500.0, 'price': 6.812, 'value': 221390.0, 'profit_pct': 5.490541081922284}}",0.0024248985554666813,1.105524559022706,-14.642934398980877
2025-03-28,15838.859022705816,1089609.9,1105448.7590227057,"{'510300': {'shares': 89700.0, 'price': 3.797, 'value': 340590.9, 'profit_pct': 0.6155648065462589}, '159915': {'shares': 157000.0, 'price': 2.089, 'value': 327973.0, 'profit_pct': -3.114527069958802}, '511260': {'shares': 1500.0, 'price': 130.374, 'value': 195561.0, 'profit_pct': -0.8490044505848439}, '518880': {'shares': 32500.0, 'price': 6.938, 'value': 225485.0, 'profit_pct': 7.441775400231466}}",-6.856473642458116e-05,1.1054487590227058,-14.648786883685784
2025-03-31,15838.859022705816,1085910.1,1101748.959022706,"{'510300': {'shares': 89700.0, 'price': 3.773, 'value': 338438.10000000003, 'profit_pct': -0.020403999183820725}, '159915': {'shares': 157000.0, 'price': 2.064, 'value': 324048.0, 'profit_pct': -4.2739989815198465}, '511260': {'shares': 1500.0, 'price': 130.356, 'value': 195534.0, 'profit_pct': -0.8626936671455809}, '518880': {'shares': 32500.0, 'price': 7.012, 'value': 227890.0, 'profit_pct': 8.587738412571783}}",-0.003346876071642302,1.1017489590227059,-14.934446816550418
2025-04-01,12556.987446085928,1087332.0999999999,1099889.0874460859,"{'510300': {'shares': 90700.0, 'price': 3.771, 'value': 342029.7, 'profit_pct': -0.09990009990008733}, '159915': {'shares': 166000.0, 'price': 2.062, 'value': 342292.0, 'profit_pct': -0.09990009990007882}, '511260': {'shares': 1500.0, 'price': 130.376, 'value': 195564.0, 'profit_pct': -0.09990009990008769}, '518880': {'shares': 29400.0, 'price': 7.056, 'value': 207446.4, 'profit_pct': -0.09990009990009292}}",-0.0016881083130496632,1.0998890874460858,-15.078046684033575
2025-04-02,12556.987446085928,1086887.7,1099444.687446086,"{'510300': {'shares': 90700.0, 'price': 3.768, 'value': 341757.6, 'profit_pct': -0.17937511970923903}, '159915': {'shares': 166000.0, 'price': 2.064, 'value': 342624.0, 'profit_pct': -0.003003785738962317}, '511260': {'shares': 1500.0, 'price': 130.569, 'value': 195853.49999999997, 'profit_pct': 0.04798539498177436}, '518880': {'shares': 29400.0, 'price': 7.029, 'value': 206652.6, 'profit_pct': -0.48217089033415056}}",-0.00040404073926381123,1.099444687446086,-15.112358612831079
2025-04-03,12556.987446085928,1082066.7000000002,1094623.6874460862,"{'510300': {'shares': 90700.0, 'price': 3.748, 'value': 339943.60000000003, 'profit_pct': -0.7092085851035523}, '159915': {'shares': 166000.0, 'price': 2.027, 'value': 336482.0, 'profit_pct': -1.795585597719413}, '511260': {'shares': 1500.0, 'price': 131.385, 'value': 197077.5, 'profit_pct': 0.6732422023579921}, '518880': {'shares': 29400.0, 'price': 7.094, 'value': 208563.6, 'profit_pct': 0.43811064219228546}}",-0.004384940920673763,1.0946236874460862,-15.484585905209158
2025-04-07,12556.987446085928,1011230.1000000001,1023787.087446086,"{'510300': {'shares': 90700.0, 'price': 3.484, 'value': 315998.8, 'profit_pct': -7.703010328308644}, '159915': {'shares': 166000.0, 'price': 1.775, 'value': 294650.0, 'profit_pct': -14.004521182018737}, '511260': {'shares': 1500.0, 'price': 132.265, 'value': 198397.49999999997, 'profit_pct': 1.3475387593323391}, '518880': {'shares': 29400.0, 'price': 6.877, 'value': 202183.8, 'profit_pct': -2.6342138587036517}}",-0.06471319852877666,1.023787087446086,-20.95384867626713
2025-04-08,12556.987446085928,1020022.3,1032579.287446086,"{'510300': {'shares': 90700.0, 'price': 3.519, 'value': 319173.3, 'profit_pct': -6.7758017638685715}, '159915': {'shares': 166000.0, 'price': 1.804, 'value': 299464.0, 'profit_pct': -12.599524626682697}, '511260': {'shares': 1500.0, 'price': 131.86, 'value': 197790.00000000003, 'profit_pct': 1.0372090939066647}, '518880': {'shares': 29400.0, 'price': 6.925, 'value': 203595.0, 'profit_pct': -1.954621342376441}}",0.008587918433248465,1.032579287446086,-20.275006776236705
2025-04-09,12556.987446085928,1029147.8,1041704.787446086,"{'510300': {'shares': 90700.0, 'price': 3.555, 'value': 322438.5, 'profit_pct': -5.822101526158787}, '159915': {'shares': 166000.0, 'price': 1.823, 'value': 302618.0, 'profit_pct': -11.679009642152199}, '511260': {'shares': 1500.0, 'price': 131.959, 'value': 197938.5, 'profit_pct': 1.113067456566271}, '518880': {'shares': 29400.0, 'price': 7.012, 'value': 206152.8, 'profit_pct': -0.7228599065333758}}",0.00883757800582119,1.0417047874460859,-19.57043092960813
2025-04-10,12556.987446085928,1045993.2,1058550.187446086,"{'510300': {'shares': 90700.0, 'price': 3.618, 'value': 328152.6, 'profit_pct': -4.153126110166672}, '159915': {'shares': 166000.0, 'price': 1.863, 'value': 309258.0, 'profit_pct': -9.741083358930084}, '511260': {'shares': 1500.0, 'price': 131.974, 'value': 197960.99999999997, 'profit_pct': 1.1245611478783235}, '518880': {'shares': 29400.0, 'price': 7.164, 'value': 210621.59999999998, 'profit_pct': 1.4291830618361252}}",0.016170992207206192,1.0585501874460859,-18.269804994941875
2025-04-11,12556.987446085928,1054975.0,1067531.987446086,"{'510300': {'shares': 90700.0, 'price': 3.629, 'value': 329150.3, 'profit_pct': -3.86171770419979}, '159915': {'shares': 166000.0, 'price': 1.892, 'value': 314072.0, 'profit_pct': -8.336086803594057}, '511260': {'shares': 1500.0, 'price': 131.951, 'value': 197926.5, 'profit_pct': 1.1069374878664968}, '518880': {'shares': 29400.0, 'price': 7.273, 'value': 213826.19999999998, 'profit_pct': 2.9724244009958314}}",0.008485001567729133,1.067531987446086,-17.576324162193146
2025-04-14,12556.987446085928,1057786.2,1070343.187446086,"{'510300': {'shares': 90700.0, 'price': 3.637, 'value': 329875.9, 'profit_pct': -3.6497843180420597}, '159915': {'shares': 166000.0, 'price': 1.895, 'value': 314570.0, 'profit_pct': -8.190742332352393}, '511260': {'shares': 1500.0, 'price': 131.951, 'value': 197926.5, 'profit_pct': 1.1069374878664968}, '518880': {'shares': 29400.0, 'price': 7.327, 'value': 215413.8, 'profit_pct': 3.7369659818639467}}",0.002633363714679149,1.070343187446086,-17.35927264501138
2025-04-15,12556.987446085928,1057807.0,1070363.987446086,"{'510300': {'shares': 90700.0, 'price': 3.64, 'value': 330148.0, 'profit_pct': -3.5703092982329077}, '159915': {'shares': 166000.0, 'price': 1.893, 'value': 314238.0, 'profit_pct': -8.287638646513498}, '511260': {'shares': 1500.0, 'price': 132.044, 'value': 198066.00000000003, 'profit_pct': 1.1781983740012996}, '518880': {'shares': 29400.0, 'price': 7.325, 'value': 215355.0, 'profit_pct': 3.7086496270169826}}",1.9433019468939605e-05,1.070363987446086,-17.357666686147766
2025-04-16,12556.987446085928,1060311.5,1072868.487446086,"{'510300': {'shares': 90700.0, 'price': 3.649, 'value': 330964.3, 'profit_pct': -3.3318842388054644}, '159915': {'shares': 166000.0, 'price': 1.87, 'value': 310420.0, 'profit_pct': -9.401946259366209}, '511260': {'shares': 1500.0, 'price': 132.226, 'value': 198339.0, 'profit_pct': 1.3176551619209858}, '518880': {'shares': 29400.0, 'price': 7.503, 'value': 220588.2, 'profit_pct': 6.228805208397054}}",0.0023398582439004834,1.072868487446086,-17.16429534124817
2025-04-17,12556.987446085928,1062853.4,1075410.387446086,"{'510300': {'shares': 90700.0, 'price': 3.652, 'value': 331236.4, 'profit_pct': -3.252409218996313}, '159915': {'shares': 166000.0, 'price': 1.873, 'value': 310918.0, 'profit_pct': -9.256601788124556}, '511260': {'shares': 1500.0, 'price': 132.192, 'value': 198288.0, 'profit_pct': 1.2916027949469828}, '518880': {'shares': 29400.0, 'price': 7.565, 'value': 222411.0, 'profit_pct': 7.106612208653037}}",0.0023692559057735263,1.0754103874460859,-16.968036358776516
2025-04-18,12556.987446085928,1065004.0999999999,1077561.0874460859,"{'510300': {'shares': 90700.0, 'price': 3.662, 'value': 332143.39999999997, 'profit_pct': -2.9874924862991565}, '159915': {'shares': 166000.0, 'price': 1.878, 'value': 311748.0, 'profit_pct': -9.014361002721797}, '511260': {'shares': 1500.0, 'price': 132.115, 'value': 198172.5, 'profit_pct': 1.2326018462117287}, '518880': {'shares': 29400.0, 'price': 7.583, 'value': 222940.2, 'profit_pct': 7.361459402275738}}",0.001999887694136504,1.077561087446086,-16.80198175647044
2025-04-21,12556.987446085928,1074099.4000000001,1086656.3874460862,"{'510300': {'shares': 90700.0, 'price': 3.664, 'value': 332324.8, 'profit_pct': -2.9345091397597183}, '159915': {'shares': 166000.0, 'price': 1.908, 'value': 316728.0, 'profit_pct': -7.56091629030521}, '511260': {'shares': 1500.0, 'price': 131.974, 'value': 197960.99999999997, 'profit_pct': 1.1245611478783235}, '518880': {'shares': 29400.0, 'price': 7.724, 'value': 227085.6, 'profit_pct': 9.357762418986919}}",0.00844063515838056,1.0866563874460862,-16.099737638576517
2025-04-22,12556.987446085928,1080660.7,1093217.687446086,"{'510300': {'shares': 90700.0, 'price': 3.667, 'value': 332596.89999999997, 'profit_pct': -2.855034119950578}, '159915': {'shares': 166000.0, 'price': 1.899, 'value': 315234.0, 'profit_pct': -7.996949704030181}, '511260': {'shares': 1500.0, 'price': 132.106, 'value': 198159.0, 'profit_pct': 1.2257056314244799}, '518880': {'shares': 29400.0, 'price': 7.982, 'value': 234670.80000000002, 'profit_pct': 13.010572194245674}}",0.006038063251457615,1.093217687446086,-15.59314254762436
2025-04-23,12556.987446085928,1069964.2,1082521.187446086,"{'510300': {'shares': 90700.0, 'price': 3.671, 'value': 332959.7, 'profit_pct': -2.7490674268717132}, '159915': {'shares': 166000.0, 'price': 1.919, 'value': 318554.0, 'profit_pct': -7.027986562419124}, '511260': {'shares': 1500.0, 'price': 131.967, 'value': 197950.50000000003, 'profit_pct': 1.1191974252660453}, '518880': {'shares': 29400.0, 'price': 7.5, 'value': 220500.0, 'profit_pct': 6.186330676126601}}",-0.009784419080328455,1.082521187446086,-16.41901461419195
2025-04-24,12556.987446085928,1070260.0,1082816.987446086,"{'510300': {'shares': 90700.0, 'price': 3.671, 'value': 332959.7, 'profit_pct': -2.7490674268717132}, '159915': {'shares': 166000.0, 'price': 1.907, 'value': 316562.0, 'profit_pct': -7.609364447385758}, '511260': {'shares': 1500.0, 'price': 131.885, 'value': 197827.5, 'profit_pct': 1.0563652460934185}, '518880': {'shares': 29400.0, 'price': 7.582, 'value': 222910.8, 'profit_pct': 7.34730122485225}}",0.0002732510027798618,1.082816987446086,-16.396176026121946
2025-04-25,12556.987446085928,1071006.2,1083563.187446086,"{'510300': {'shares': 90700.0, 'price': 3.671, 'value': 332959.7, 'profit_pct': -2.7490674268717132}, '159915': {'shares': 166000.0, 'price': 1.92, 'value': 318720.0, 'profit_pct': -6.979538405338576}, '511260': {'shares': 1500.0, 'price': 131.963, 'value': 197944.5, 'profit_pct': 1.1161324409161475}, '518880': {'shares': 29400.0, 'price': 7.53, 'value': 221382.0, 'profit_pct': 6.611075998831111}}",0.000689128457210364,1.083563187446086,-16.338562251889943
2025-04-28,12556.987446085928,1066362.0,1078918.987446086,"{'510300': {'shares': 90700.0, 'price': 3.665, 'value': 332415.5, 'profit_pct': -2.9080174664900045}, '159915': {'shares': 166000.0, 'price': 1.906, 'value': 316396.0, 'profit_pct': -7.657812604466316}, '511260': {'shares': 1500.0, 'price': 132.053, 'value': 198079.5, 'profit_pct': 1.1850945887885267}, '518880': {'shares': 29400.0, 'price': 7.465, 'value': 219471.0, 'profit_pct': 5.690794466304675}}",-0.004286044463125527,1.078918987446086,-16.697138893927345
2025-04-29,12556.987446085928,1067231.9,1079788.887446086,"{'510300': {'shares': 90700.0, 'price': 3.658, 'value': 331780.6, 'profit_pct': -3.093459179378021}, '159915': {'shares': 166000.0, 'price': 1.903, 'value': 315898.0, 'profit_pct': -7.8031570757079685}, '511260': {'shares': 1500.0, 'price': 132.369, 'value': 198553.5, 'profit_pct': 1.4272283524293181}, '518880': {'shares': 29400.0, 'price': 7.517, 'value': 220999.80000000002, 'profit_pct': 6.4270196923258265}}",0.000806269988870012,1.079788887446086,-16.629974297030504
2025-04-30,12556.987446085928,1068661.4,1081218.387446086,"{'510300': {'shares': 90700.0, 'price': 3.655, 'value': 331508.5, 'profit_pct': -3.172934199187173}, '159915': {'shares': 166000.0, 'price': 1.921, 'value': 318886.0, 'profit_pct': -6.931090248258018}, '511260': {'shares': 1500.0, 'price': 132.413, 'value': 198619.50000000003, 'profit_pct': 1.4609431802780442}, '518880': {'shares': 29400.0, 'price': 7.471, 'value': 219647.4, 'profit_pct': 5.77574353084558}}",0.0013238698940318816,1.081218387446086,-16.519603229937687
2025-05-06,18225.790247566183,1073764.1,1091989.8902475662,"{'510300': {'shares': 62200.0, 'price': 3.692, 'value': 229642.40000000002, 'profit_pct': -0.09990009990008866}, '159915': {'shares': 117400.0, 'price': 1.958, 'value': 229869.19999999998, 'profit_pct': -0.09990009990008371}, '511260': {'shares': 2300.0, 'price': 132.367, 'value': 304444.1, 'profit_pct': -0.0999000999000908}, '518880': {'shares': 40700.0, 'price': 7.612, 'value': 309808.4, 'profit_pct': -0.09990009990007598}}",0.00996237478621076,1.0919898902475662,-15.687940230012753
2025-05-07,18225.790247566183,1078452.5999999999,1096678.3902475662,"{'510300': {'shares': 62200.0, 'price': 3.716, 'value': 231135.2, 'profit_pct': 0.5495046665144292}, '159915': {'shares': 117400.0, 'price': 1.967, 'value': 230925.80000000002, 'profit_pct': 0.3592934134303101}, '511260': {'shares': 2300.0, 'price': 132.253, 'value': 304181.89999999997, 'profit_pct': -0.1859382467842222}, '518880': {'shares': 40700.0, 'price': 7.671, 'value': 312209.7, 'profit_pct': 0.6744175425205641}}",0.004293537918136803,1.096678390247566,-15.3259432044341
2025-05-08,18225.790247566183,1079483.4,1097709.190247566,"{'510300': {'shares': 62200.0, 'price': 3.739, 'value': 232565.8, 'profit_pct': 1.1718509009949998}, '159915': {'shares': 117400.0, 'price': 2.001, 'value': 234917.4, 'profit_pct': 2.0940244637895433}, '511260': {'shares': 2300.0, 'price': 132.361, 'value': 304430.3, 'profit_pct': -0.10442842342030824}, '518880': {'shares': 40700.0, 'price': 7.557, 'value': 307569.9, 'profit_pct': -0.8217216309701583}}",0.0009399291616998262,1.097709190247566,-15.246355589212513
2025-05-09,18225.790247566183,1076343.8,1094569.5902475663,"{'510300': {'shares': 62200.0, 'price': 3.734, 'value': 232254.8, 'profit_pct': 1.0365582413253116}, '159915': {'shares': 117400.0, 'price': 1.984, 'value': 232921.6, 'profit_pct': 1.2266589386099267}, '511260': {'shares': 2300.0, 'price': 132.459, 'value': 304655.7, 'profit_pct': -0.030465805923416193}, '518880': {'shares': 40700.0, 'price': 7.531, 'value': 306511.7, 'profit_pct': -1.1629463547487535}}",-0.0028601382113705442,1.0945695902475663,-15.488762726144712
2025-05-12,18225.790247566183,1078739.0999999999,1096964.8902475662,"{'510300': {'shares': 62200.0, 'price': 3.779, 'value': 235053.8, 'profit_pct': 2.25419217835253}, '159915': {'shares': 117400.0, 'price': 2.037, 'value': 239143.8, 'profit_pct': 3.9307985171110955}, '511260': {'shares': 2300.0, 'price': 132.321, 'value': 304338.3, 'profit_pct': -0.13461724688841736}, '518880': {'shares': 40700.0, 'price': 7.376, 'value': 300203.2, 'profit_pct': -3.1971706695826247}}",0.0021883487549274605,1.0969648902475662,-15.303822665279077
2025-05-13,18225.790247566183,1075984.3,1094210.0902475663,"{'510300': {'shares': 62200.0, 'price': 3.783, 'value': 235302.6, 'profit_pct': 2.3624263060882824}, '159915': {'shares': 117400.0, 'price': 2.03, 'value': 238321.99999999997, 'profit_pct': 3.5736480067430105}, '511260': {'shares': 2300.0, 'price': 132.151, 'value': 303947.30000000005, 'profit_pct': -0.26291974662789724}, '518880': {'shares': 40700.0, 'price': 7.332, 'value': 298412.39999999997, 'profit_pct': -3.7746278944386993}}",-0.0025112927719848077,1.0942100902475664,-15.51651956323451
2025-05-14,18225.790247566183,1079484.9,1097710.690247566,"{'510300': {'shares': 62200.0, 'price': 3.834, 'value': 238474.80000000002, 'profit_pct': 3.742411434719136}, '159915': {'shares': 117400.0, 'price': 2.054, 'value': 241139.59999999998, 'profit_pct': 4.798164042290712}, '511260': {'shares': 2300.0, 'price': 132.042, 'value': 303696.6, 'profit_pct': -0.3451842905785177}, '518880': {'shares': 40700.0, 'price': 7.277, 'value': 296173.9, 'profit_pct': -4.496449425508782}}",0.0031992028141576423,1.097710690247566,-15.246239774871384
2025-05-15,18225.790247566183,1063629.0,1081854.790247566,"{'510300': {'shares': 62200.0, 'price': 3.8, 'value': 236360.0, 'profit_pct': 2.8224213489652294}, '159915': {'shares': 117400.0, 'price': 2.012, 'value': 236208.8, 'profit_pct': 2.6552609800822453}, '511260': {'shares': 2300.0, 'price': 132.016, 'value': 303636.8, 'profit_pct': -0.36480702583280045}, '518880': {'shares': 40700.0, 'price': 7.062, 'value': 287423.4, 'profit_pct': -7.318115410600935}}",-0.014444516338293023,1.0818547902475661,-16.470466849175025
2025-05-16,18225.790247566183,1066239.2,1084464.9902475663,"{'510300': {'shares': 62200.0, 'price': 3.778, 'value': 234991.6, 'profit_pct': 2.2271336464185945}, '159915': {'shares': 117400.0, 'price': 2.008, 'value': 235739.2, 'profit_pct': 2.4511749741576287}, '511260': {'shares': 2300.0, 'price': 131.915, 'value': 303404.5, 'profit_pct': -0.44103380508979045}, '518880': {'shares': 40700.0, 'price': 7.177, 'value': 292103.89999999997, 'profit_pct': -5.808852209272582}}",0.0024127082705831526,1.0844649902475663,-16.268934453704087
2025-05-19,18225.790247566183,1067167.9,1085393.690247566,"{'510300': {'shares': 62200.0, 'price': 3.772, 'value': 234618.4, 'profit_pct': 2.0647824548149587}, '159915': {'shares': 117400.0, 'price': 2.002, 'value': 235034.8, 'profit_pct': 2.145045965270692}, '511260': {'shares': 2300.0, 'price': 131.991, 'value': 303579.30000000005, 'profit_pct': -0.3836750405003553}, '518880': {'shares': 40700.0, 'price': 7.222, 'value': 293935.4, 'profit_pct': -5.2182709565788645}}",0.0008563669720567102,1.085393690247566,-16.19722993463514
2025-05-20,18225.790247566183,1069947.5,1088173.290247566,"{'510300': {'shares': 62200.0, 'price': 3.792, 'value': 235862.4, 'profit_pct': 2.6059530934937234}, '159915': {'shares': 117400.0, 'price': 2.018, 'value': 236913.19999999998, 'profit_pct': 2.9613899889691595}, '511260': {'shares': 2300.0, 'price': 132.072, 'value': 303765.60000000003, 'profit_pct': -0.3225426729774305}, '518880': {'shares': 40700.0, 'price': 7.209, 'value': 293406.3, 'profit_pct': -5.388883318468167}}",0.002560914095019351,1.088173290247566,-15.982618239573076
2025-05-21,18225.790247566183,1082283.3,1100509.0902475663,"{'510300': {'shares': 62200.0, 'price': 3.808, 'value': 236857.59999999998, 'profit_pct': 3.0388896044367355}, '159915': {'shares': 117400.0, 'price': 2.034, 'value': 238791.59999999998, 'profit_pct': 3.7777340126676275}, '511260': {'shares': 2300.0, 'price': 132.116, 'value': 303866.80000000005, 'profit_pct': -0.28933496716249546}, '518880': {'shares': 40700.0, 'price': 7.439, 'value': 302767.3, 'profit_pct': -2.3703569158114384}}",0.011336245899946418,1.1005090902475663,-15.030176540067187
2025-05-22,18225.790247566183,1080403.7,1098629.4902475663,"{'510300': {'shares': 62200.0, 'price': 3.806, 'value': 236733.2, 'profit_pct': 2.984772540568865}, '159915': {'shares': 117400.0, 'price': 2.016, 'value': 236678.4, 'profit_pct': 2.8593469860068623}, '511260': {'shares': 2300.0, 'price': 132.077, 'value': 303777.1, 'profit_pct': -0.3187690700439195}, '518880': {'shares': 40700.0, 'price': 7.45, 'value': 303215.0, 'profit_pct': -2.22599260959742}}",-0.0017079368236543324,1.0986294902475662,-15.175299630453809
2025-05-23,18225.790247566183,1076163.8,1094389.5902475663,"{'510300': {'shares': 62200.0, 'price': 3.777, 'value': 234929.4, 'profit_pct': 2.200075114484659}, '159915': {'shares': 117400.0, 'price': 1.994, 'value': 234095.6, 'profit_pct': 1.736873953421469}, '511260': {'shares': 2300.0, 'price': 132.07, 'value': 303761.0, 'profit_pct': -0.3240521141508435}, '518880': {'shares': 40700.0, 'price': 7.454, 'value': 303377.8, 'profit_pct': -2.1734964982468736}}",-0.0038592628703645326,1.0943895902475664,-15.502660447079798
2025-05-26,18225.790247566183,1071739.0,1089964.790247566,"{'510300': {'shares': 62200.0, 'price': 3.756, 'value': 233623.19999999998, 'profit_pct': 1.6318459438719468}, '159915': {'shares': 117400.0, 'price': 1.977, 'value': 232099.80000000002, 'profit_pct': 0.8695084282418525}, '511260': {'shares': 2300.0, 'price': 132.095, 'value': 303818.5, 'profit_pct': -0.3051840994832672}, '518880': {'shares': 40700.0, 'price': 7.425, 'value': 302197.5, 'profit_pct': -2.5540933055383723}}",-0.004043167112910195,1.089964790247566,-15.844297311488575
2025-05-27,18225.790247566183,1066760.9,1084986.690247566,"{'510300': {'shares': 62200.0, 'price': 3.735, 'value': 232317.0, 'profit_pct': 1.0636167732592468}, '159915': {'shares': 117400.0, 'price': 1.967, 'value': 230925.80000000002, 'profit_pct': 0.3592934134303101}, '511260': {'shares': 2300.0, 'price': 132.053, 'value': 303721.89999999997, 'profit_pct': -0.33688236412478934}, '518880': {'shares': 40700.0, 'price': 7.366, 'value': 299796.2, 'profit_pct': -3.3284109479590125}}",-0.004567211752656175,1.084986690247566,-16.228654225860584
2025-05-28,18225.790247566183,1065844.9,1084070.690247566,"{'510300': {'shares': 62200.0, 'price': 3.731, 'value': 232068.19999999998, 'profit_pct': 0.9553826455234938}, '159915': {'shares': 117400.0, 'price': 1.959, 'value': 229986.6, 'profit_pct': -0.048878598418923794}, '511260': {'shares': 2300.0, 'price': 132.012, 'value': 303627.6, 'profit_pct': -0.3678259081796049}, '518880': {'shares': 40700.0, 'price': 7.375, 'value': 300162.5, 'profit_pct': -3.210294697420267}}",-0.0008442499877956422,1.084070690247566,-16.29937818350803
2025-05-29,18225.790247566183,1067492.1,1085717.8902475662,"{'510300': {'shares': 62200.0, 'price': 3.755, 'value': 233561.0, 'profit_pct': 1.6047874119380117}, '159915': {'shares': 117400.0, 'price': 1.989, 'value': 233508.6, 'profit_pct': 1.4817664460157036}, '511260': {'shares': 2300.0, 'price': 131.875, 'value': 303312.5, 'profit_pct': -0.4712226285578996}, '518880': {'shares': 40700.0, 'price': 7.3, 'value': 297110.0, 'profit_pct': -4.194596785243114}}",0.0015194581080537617,1.0857178902475662,-16.17219859503981
2025-05-30,18225.790247566183,1068136.0,1086361.790247566,"{'510300': {'shares': 62200.0, 'price': 3.748, 'value': 233125.6, 'profit_pct': 1.415377688400453}, '159915': {'shares': 117400.0, 'price': 1.972, 'value': 231512.8, 'profit_pct': 0.6144009208360757}, '511260': {'shares': 2300.0, 'price': 131.991, 'value': 303579.30000000005, 'profit_pct': -0.3836750405003553}, '518880': {'shares': 40700.0, 'price': 7.369, 'value': 299918.3, 'profit_pct': -3.289038864446097}}",0.0005930638205224881,1.086361790247566,-16.122483358872575
2025-06-03,13941.727769936202,1074577.6,1088519.3277699363,"{'510300': {'shares': 61100.0, 'price': 3.746, 'value': 228880.6, 'profit_pct': -0.0999000999000888}, '159915': {'shares': 115700.0, 'price': 1.977, 'value': 228738.90000000002, 'profit_pct': -0.09990009990008342}, '511260': {'shares': 2300.0, 'price': 132.013, 'value': 303629.9, 'profit_pct': -0.09990009990007886}, '518880': {'shares': 41900.0, 'price': 7.478, 'value': 313328.2, 'profit_pct': -0.09990009990008637}}",0.0019860211779709758,1.0885193277699363,-15.955900834467684
2025-06-04,13941.727769936202,1078227.1,1092168.8277699363,"{'510300': {'shares': 61100.0, 'price': 3.763, 'value': 229919.3, 'profit_pct': 0.3534639412909654}, '159915': {'shares': 115700.0, 'price': 2.0, 'value': 231400.0, 'profit_pct': 1.0623165403135175}, '511260': {'shares': 2300.0, 'price': 132.064, 'value': 303747.2, 'profit_pct': -0.061306134950385505}, '518880': {'shares': 41900.0, 'price': 7.474, 'value': 313160.60000000003, 'profit_pct': -0.1533369011304094}}",0.0033527195217348815,1.0921688277699364,-15.674124542508771
2025-06-05,13941.727769936202,1081952.2,1095893.9277699362,"{'510300': {'shares': 61100.0, 'price': 3.773, 'value': 230530.30000000002, 'profit_pct': 0.6201486714033578}, '159915': {'shares': 115700.0, 'price': 2.023, 'value': 234061.1, 'profit_pct': 2.2245331805271293}, '511260': {'shares': 2300.0, 'price': 132.097, 'value': 303823.10000000003, 'profit_pct': -0.03633356939468386}, '518880': {'shares': 41900.0, 'price': 7.483, 'value': 313537.7, 'profit_pct': -0.033104098362176634}}",0.0034107364221391823,1.0958939277699362,-15.386511207757147
2025-06-06,13941.727769936202,1081547.1,1095488.8277699363,"{'510300': {'shares': 61100.0, 'price': 3.775, 'value': 230652.5, 'profit_pct': 0.6734856174258292}, '159915': {'shares': 115700.0, 'price': 2.017, 'value': 233366.9, 'profit_pct': 1.9213462309061777}, '511260': {'shares': 2300.0, 'price': 132.206, 'value': 304073.8, 'profit_pct': 0.04615157138015603}, '518880': {'shares': 41900.0, 'price': 7.481, 'value': 313453.9, 'profit_pct': -0.05982249897733816}}",-0.00036965256375154354,1.0954888277699364,-15.417788800817156
2025-06-09,13941.727769936202,1081033.4,1094975.127769936,"{'510300': {'shares': 61100.0, 'price': 3.784, 'value': 231202.4, 'profit_pct': 0.9135018745269742}, '159915': {'shares': 115700.0, 'price': 2.034, 'value': 235333.8, 'profit_pct': 2.7803759214988375}, '511260': {'shares': 2300.0, 'price': 132.364, 'value': 304437.2, 'profit_pct': 0.1657171882831681}, '518880': {'shares': 41900.0, 'price': 7.4, 'value': 310060.0, 'profit_pct': -1.1419177238914924}}",-0.0004689230843603065,1.0949751277699362,-15.4574513521747
2025-06-10,13941.727769936202,1077416.4,1091358.127769936,"{'510300': {'shares': 61100.0, 'price': 3.761, 'value': 229797.1, 'profit_pct': 0.300126995268494}, '159915': {'shares': 115700.0, 'price': 2.012, 'value': 232788.4, 'profit_pct': 1.6686904395553992}, '511260': {'shares': 2300.0, 'price': 132.418, 'value': 304561.4, 'profit_pct': 0.20658138646520774}, '518880': {'shares': 41900.0, 'price': 7.405, 'value': 310269.5, 'profit_pct': -1.0751217223535825}}",-0.0033032713787449763,1.091358127769936,-15.736718333409206
2025-06-11,13941.727769936202,1083598.8,1097540.5277699362,"{'510300': {'shares': 61100.0, 'price': 3.793, 'value': 231752.30000000002, 'profit_pct': 1.1535181316281309}, '159915': {'shares': 115700.0, 'price': 2.038, 'value': 235796.59999999998, 'profit_pct': 2.982500554579465}, '511260': {'shares': 2300.0, 'price': 132.529, 'value': 304816.7, 'profit_pct': 0.2905800160616118}, '518880': {'shares': 41900.0, 'price': 7.428, 'value': 311233.2, 'profit_pct': -0.7678601152791955}}",0.005664868243234755,1.0975405277699362,-15.259377945025388
2025-06-12,13941.727769936202,1086822.8,1100764.5277699362,"{'510300': {'shares': 61100.0, 'price': 3.795, 'value': 231874.5, 'profit_pct': 1.2068550776506024}, '159915': {'shares': 115700.0, 'price': 2.04, 'value': 236028.0, 'profit_pct': 3.0835628711197898}, '511260': {'shares': 2300.0, 'price': 132.52, 'value': 304796.0, 'profit_pct': 0.28376931636461594}, '518880': {'shares': 41900.0, 'price': 7.497, 'value': 314124.3, 'profit_pct': 0.15392470594397772}}",0.0029374769481640417,1.1007645277699363,-15.010454321165822
2025-06-13,13941.727769936202,1086719.3,1100661.0277699362,"{'510300': {'shares': 61100.0, 'price': 3.769, 'value': 230285.9, 'profit_pct': 0.5134747793584032}, '159915': {'shares': 115700.0, 'price': 2.02, 'value': 233714.0, 'profit_pct': 2.0729397057166534}, '511260': {'shares': 2300.0, 'price': 132.514, 'value': 304782.2, 'profit_pct': 0.2792288498999449}, '518880': {'shares': 41900.0, 'price': 7.588, 'value': 317937.2, 'profit_pct': 1.3696119339339632}}",-9.402555895376974e-05,1.1006610277699362,-15.018445510703494
2025-06-16,13941.727769936202,1088325.5999999999,1102267.327769936,"{'510300': {'shares': 61100.0, 'price': 3.779, 'value': 230896.9, 'profit_pct': 0.7801595094707838}, '159915': {'shares': 115700.0, 'price': 2.037, 'value': 235680.9, 'profit_pct': 2.931969396309314}, '511260': {'shares': 2300.0, 'price': 132.547, 'value': 304858.1, 'profit_pct': 0.304201415455625}, '518880': {'shares': 41900.0, 'price': 7.563, 'value': 316889.7, 'profit_pct': 1.0356319262444027}}",0.0014593957262702961,1.102267327769936,-14.894423793269995
2025-06-17,13941.727769936202,1084842.9,1098784.627769936,"{'510300': {'shares': 61100.0, 'price': 3.778, 'value': 230835.8, 'profit_pct': 0.7534910364595482}, '159915': {'shares': 115700.0, 'price': 2.028, 'value': 234639.6, 'profit_pct': 2.477188971877908}, '511260': {'shares': 2300.0, 'price': 132.678, 'value': 305159.39999999997, 'profit_pct': 0.4033349332676065}, '518880': {'shares': 41900.0, 'price': 7.499, 'value': 314208.1, 'profit_pct': 0.18064310655913923}}",-0.0031595783638493913,1.098784627769936,-15.163321530495722
2025-06-18,13941.727769936202,1085869.6,1099811.3277699363,"{'510300': {'shares': 61100.0, 'price': 3.781, 'value': 231019.1, 'profit_pct': 0.8334964554932671}, '159915': {'shares': 115700.0, 'price': 2.034, 'value': 235333.8, 'profit_pct': 2.7803759214988375}, '511260': {'shares': 2300.0, 'price': 132.67, 'value': 305141.0, 'profit_pct': 0.39728097798137124}, '518880': {'shares': 41900.0, 'price': 7.503, 'value': 314375.7, 'profit_pct': 0.23407990778947413}}",0.000934396035448648,1.0998113277699364,-15.084050474473177
2025-06-19,13941.727769936202,1079087.8,1093029.5277699362,"{'510300': {'shares': 61100.0, 'price': 3.75, 'value': 229125.0, 'profit_pct': 0.006773792144865828}, '159915': {'shares': 115700.0, 'price': 2.005, 'value': 231978.5, 'profit_pct': 1.3149723316642958}, '511260': {'shares': 2300.0, 'price': 132.696, 'value': 305200.8, 'profit_pct': 0.4169563326616197}, '518880': {'shares': 41900.0, 'price': 7.465, 'value': 312783.5, 'profit_pct': -0.27356970389865404}}",-0.006166330377548768,1.0930295277699362,-15.60767027357084
2025-06-20,13941.727769936202,1076289.5,1090231.2277699362,"{'510300': {'shares': 61100.0, 'price': 3.755, 'value': 229430.5, 'profit_pct': 0.14011615720105614}, '159915': {'shares': 115700.0, 'price': 1.988, 'value': 230011.6, 'profit_pct': 0.45594264107163585}, '511260': {'shares': 2300.0, 'price': 132.73, 'value': 305279.0, 'profit_pct': 0.44268564262808197}, '518880': {'shares': 41900.0, 'price': 7.436, 'value': 311568.4, 'profit_pct': -0.6609865128185376}}",-0.0025601321180309666,1.0902312277699362,-15.82372578741893
2025-06-23,13941.727769936202,1079342.7000000002,1093284.4277699364,"{'510300': {'shares': 61100.0, 'price': 3.768, 'value': 230224.8, 'profit_pct': 0.48680630634715566}, '159915': {'shares': 115700.0, 'price': 1.998, 'value': 231168.6, 'profit_pct': 0.9612542237732039}, '511260': {'shares': 2300.0, 'price': 132.699, 'value': 305207.7, 'profit_pct': 0.419226565893966}, '518880': {'shares': 41900.0, 'price': 7.464, 'value': 312741.60000000003, 'profit_pct': -0.28692890420622885}}",0.0028005068303220693,1.0932844277699363,-15.58798955653553
2025-06-24,13941.727769936202,1083423.9,1097365.627769936,"{'510300': {'shares': 61100.0, 'price': 3.813, 'value': 232974.30000000002, 'profit_pct': 1.686887591852904}, '159915': {'shares': 115700.0, 'price': 2.044, 'value': 236490.80000000002, 'profit_pct': 3.285687504200417}, '511260': {'shares': 2300.0, 'price': 132.64, 'value': 305071.99999999994, 'profit_pct': 0.37457864565801585}, '518880': {'shares': 41900.0, 'price': 7.372, 'value': 308886.8, 'profit_pct': -1.515975332503801}}",0.0037329718564862446,1.0973656277699362,-15.272881897200662
2025-06-25,13941.727769936202,1095471.0,1109412.7277699362,"{'510300': {'shares': 61100.0, 'price': 3.878, 'value': 236945.80000000002, 'profit_pct': 3.4203383375834138}, '159915': {'shares': 115700.0, 'price': 2.109, 'value': 244011.3, 'profit_pct': 6.5702127917606035}, '511260': {'shares': 2300.0, 'price': 132.517, 'value': 304789.1, 'profit_pct': 0.2814990831322697}, '518880': {'shares': 41900.0, 'price': 7.392, 'value': 309724.8, 'profit_pct': -1.2487913263521504}}",0.010978200606193811,1.1094127277699362,-14.342730597883458
2025-06-26,13941.727769936202,1093250.3,1107192.0277699362,"{'510300': {'shares': 61100.0, 'price': 3.863, 'value': 236029.3, 'profit_pct': 3.020311242414831}, '159915': {'shares': 115700.0, 'price': 2.093, 'value': 242160.1, 'profit_pct': 5.761714259438095}, '511260': {'shares': 2300.0, 'price': 132.518, 'value': 304791.4, 'profit_pct': 0.28225582754305173}, '518880': {'shares': 41900.0, 'price': 7.405, 'value': 310269.5, 'profit_pct': -1.0751217223535825}}",-0.002001689672754936,1.1071920277699363,-14.514189869442063
2025-06-27,13941.727769936202,1089766.4,1103708.127769936,"{'510300': {'shares': 61100.0, 'price': 3.84, 'value': 234624.0, 'profit_pct': 2.4069363631563387}, '159915': {'shares': 115700.0, 'price': 2.101, 'value': 243085.7, 'profit_pct': 6.165963525599349}, '511260': {'shares': 2300.0, 'price': 132.651, 'value': 305097.30000000005, 'profit_pct': 0.38290283417659743}, '518880': {'shares': 41900.0, 'price': 7.326, 'value': 306959.39999999997, 'profit_pct': -2.1304985466525874}}",-0.0031466086393497905,1.103708127769936,-14.783180258140693
2025-06-30,13941.727769936202,1093786.5,1107728.2277699362,"{'510300': {'shares': 61100.0, 'price': 3.859, 'value': 235784.9, 'profit_pct': 2.9136373503698763}, '159915': {'shares': 115700.0, 'price': 2.133, 'value': 246788.1, 'profit_pct': 7.782960590244367}, '511260': {'shares': 2300.0, 'price': 132.503, 'value': 304756.89999999997, 'profit_pct': 0.2709046613813633}, '518880': {'shares': 41900.0, 'price': 7.314, 'value': 306456.6, 'profit_pct': -2.290808950343568}}",0.003642357883259173,1.1077282277699363,-14.472790102967659
2025-07-01,5150.430800546368,1102963.8,1108114.2308005465,"{'510300': {'shares': 60100.0, 'price': 3.865, 'value': 232286.5, 'profit_pct': -0.09990009990009435}, '159915': {'shares': 109200.0, 'price': 2.126, 'value': 232159.19999999998, 'profit_pct': -0.09990009990008245}, '511260': {'shares': 2400.0, 'price': 132.595, 'value': 318228.0, 'profit_pct': -0.09990009990008537}, '518880': {'shares': 43300.0, 'price': 7.397, 'value': 320290.10000000003, 'profit_pct': -0.09990009990008923}}",0.0003484636582633538,1.1081142308005465,-14.442986978525873
2025-07-02,5150.430800546368,1101036.7000000002,1106187.1308005466,"{'510300': {'shares': 60100.0, 'price': 3.869, 'value': 232526.90000000002, 'profit_pct': 0.0034893954687025336}, '159915': {'shares': 109200.0, 'price': 2.104, 'value': 229756.80000000002, 'profit_pct': -1.1336734761005425}, '511260': {'shares': 2400.0, 'price': 132.747, 'value': 318592.80000000005, 'profit_pct': 0.014620169980503705}, '518880': {'shares': 43300.0, 'price': 7.394, 'value': 320160.2, 'profit_pct': -0.14041656599449387}}",-0.0017390806348616117,1.1061871308005466,-14.591777523048133
2025-07-03,5150.430800546368,1108725.3,1113875.7308005465,"{'510300': {'shares': 60100.0, 'price': 3.892, 'value': 233909.19999999998, 'profit_pct': 0.597978993839276}, '159915': {'shares': 109200.0, 'price': 2.141, 'value': 233797.2, 'profit_pct': 0.6049453838729708}, '511260': {'shares': 2400.0, 'price': 132.771, 'value': 318650.39999999997, 'profit_pct': 0.03270231785636365}, '518880': {'shares': 43300.0, 'price': 7.445, 'value': 322368.5, 'profit_pct': 0.5483633576103609}}",0.006950541898309348,1.1138757308005465,-13.998144094261944
2025-07-04,5150.430800546368,1107273.6,1112424.0308005465,"{'510300': {'shares': 60100.0, 'price': 3.909, 'value': 234930.9, 'profit_pct': 1.03738434915666}, '159915': {'shares': 109200.0, 'price': 2.133, 'value': 232923.6, 'profit_pct': 0.22902779252734518}, '511260': {'shares': 2400.0, 'price': 132.79, 'value': 318696.0, 'profit_pct': 0.047017351591439965}, '518880': {'shares': 43300.0, 'price': 7.407, 'value': 320723.1, 'profit_pct': 0.03515478708125155}}",-0.0013032872158518227,1.1124240308005464,-14.11022921360342
2025-07-07,5150.430800546368,1101464.6,1106615.0308005465,"{'510300': {'shares': 60100.0, 'price': 3.891, 'value': 233849.1, 'profit_pct': 0.5721316199970796}, '159915': {'shares': 109200.0, 'price': 2.11, 'value': 230412.0, 'profit_pct': -0.8517352825913337}, '511260': {'shares': 2400.0, 'price': 132.805, 'value': 318732.0, 'profit_pct': 0.05831869401387652}, '518880': {'shares': 43300.0, 'price': 7.355, 'value': 318471.5, 'profit_pct': -0.6671306252217301}}",-0.005221929623202781,1.1066150308005465,-14.558739552003008
2025-07-08,5150.430800546368,1110550.3,1115700.7308005465,"{'510300': {'shares': 60100.0, 'price': 3.925, 'value': 235892.5, 'profit_pct': 1.4509423306318474}, '159915': {'shares': 109200.0, 'price': 2.159, 'value': 235762.8, 'profit_pct': 1.4507599644006182}, '511260': {'shares': 2400.0, 'price': 132.734, 'value': 318561.60000000003, 'profit_pct': 0.004825673214397733}, '518880': {'shares': 43300.0, 'price': 7.398, 'value': 320333.39999999997, 'profit_pct': -0.08639461120196235}}",0.008210352965680512,1.1157007308005464,-13.857236645892312
2025-07-09,5150.430800546368,1107085.6,1112236.0308005465,"{'510300': {'shares': 60100.0, 'price': 3.922, 'value': 235712.2, 'profit_pct': 1.3734002091052584}, '159915': {'shares': 109200.0, 'price': 2.163, 'value': 236199.59999999998, 'profit_pct': 1.6387187600734308}, '511260': {'shares': 2400.0, 'price': 132.699, 'value': 318477.60000000003, 'profit_pct': -0.021544125771259016}, '518880': {'shares': 43300.0, 'price': 7.314, 'value': 316696.2, 'profit_pct': -1.2208556618452442}}",-0.0031054026445908045,1.1122360308005466,-14.12474461102452
2025-07-10,5150.430800546368,1110998.1,1116148.5308005465,"{'510300': {'shares': 60100.0, 'price': 3.942, 'value': 236914.2, 'profit_pct': 1.8903476859492427}, '159915': {'shares': 109200.0, 'price': 2.169, 'value': 236854.80000000002, 'profit_pct': 1.9206569535826605}, '511260': {'shares': 2400.0, 'price': 132.527, 'value': 318064.8, 'profit_pct': -0.15113285221508968}, '518880': {'shares': 43300.0, 'price': 7.371, 'value': 319164.30000000005, 'profit_pct': -0.4510428060515801}}",0.003517688594554924,1.1161485308005465,-13.822662204588232
2025-07-11,5150.430800546368,1113678.4,1118828.8308005463,"{'510300': {'shares': 60100.0, 'price': 3.956, 'value': 237755.6, 'profit_pct': 2.252210919740026}, '159915': {'shares': 109200.0, 'price': 2.185, 'value': 238602.0, 'profit_pct': 2.672492136273912}, '511260': {'shares': 2400.0, 'price': 132.475, 'value': 317940.0, 'profit_pct': -0.19031083927949216}, '518880': {'shares': 43300.0, 'price': 7.376, 'value': 319380.8, 'profit_pct': -0.3835153625609097}}",0.002401382903830296,1.1188288308005463,-13.615717418908723
2025-07-14,5150.430800546368,1115268.7000000002,1120419.1308005466,"{'510300': {'shares': 60100.0, 'price': 3.955, 'value': 237695.5, 'profit_pct': 2.2263635458978297}, '159915': {'shares': 109200.0, 'price': 2.177, 'value': 237728.4, 'profit_pct': 2.296574544928286}, '511260': {'shares': 2400.0, 'price': 132.372, 'value': 317692.80000000005, 'profit_pct': -0.2679133905801318}, '518880': {'shares': 43300.0, 'price': 7.44, 'value': 322152.0, 'profit_pct': 0.48083591411969057}}",0.001421397050398232,1.1204191308005467,-13.4929310544472
2025-07-15,5150.430800546368,1119474.3,1124624.7308005465,"{'510300': {'shares': 60100.0, 'price': 3.955, 'value': 237695.5, 'profit_pct': 2.2263635458978297}, '159915': {'shares': 109200.0, 'price': 2.212, 'value': 241550.40000000002, 'profit_pct': 3.941214007065404}, '511260': {'shares': 2400.0, 'price': 132.604, 'value': 318249.60000000003, 'profit_pct': -0.09311929444661916}, '518880': {'shares': 43300.0, 'price': 7.436, 'value': 321978.8, 'profit_pct': 0.426813959327147}}",0.0037535953148131185,1.1246247308005464,-13.168218525754959
2025-07-16,5150.430800546368,1116832.4000000001,1121982.8308005466,"{'510300': {'shares': 60100.0, 'price': 3.946, 'value': 237154.6, 'profit_pct': 1.9937371813180398}, '159915': {'shares': 109200.0, 'price': 2.206, 'value': 240895.19999999998, 'profit_pct': 3.659275813556174}, '511260': {'shares': 2400.0, 'price': 132.615, 'value': 318276.0, 'profit_pct': -0.08483164333684377}, '518880': {'shares': 43300.0, 'price': 7.402, 'value': 320506.60000000003, 'profit_pct': -0.032372656409418846}}",-0.002349139164065206,1.1219828308005466,-13.372198464301665
2025-07-17,5150.430800546368,1123074.0,1128224.4308005464,"{'510300': {'shares': 60100.0, 'price': 3.979, 'value': 239137.9, 'profit_pct': 2.846700518110611}, '159915': {'shares': 109200.0, 'price': 2.247, 'value': 245372.4, 'profit_pct': 5.5858534692025}, '511260': {'shares': 2400.0, 'price': 132.614, 'value': 318273.60000000003, 'profit_pct': -0.08558506616500906}, '518880': {'shares': 43300.0, 'price': 7.397, 'value': 320290.10000000003, 'profit_pct': -0.09990009990008923}}",0.00556300847807667,1.1282244308005465,-12.89028726992143
2025-07-18,5150.430800546368,1125488.4,1130638.8308005463,"{'510300': {'shares': 60100.0, 'price': 4.009, 'value': 240940.90000000002, 'profit_pct': 3.622121733376593}, '159915': {'shares': 109200.0, 'price': 2.252, 'value': 245918.39999999997, 'profit_pct': 5.820801963793511}, '511260': {'shares': 2400.0, 'price': 132.533, 'value': 318079.19999999995, 'profit_pct': -0.14661231524611937}, '518880': {'shares': 43300.0, 'price': 7.403, 'value': 320549.89999999997, 'profit_pct': -0.01886716771129196}}",0.0021399997501265755,1.1306388308005464,-12.703872506445467
2025-07-21,5150.430800546368,1131062.0,1136212.4308005464,"{'510300': {'shares': 60100.0, 'price': 4.034, 'value': 242443.4, 'profit_pct': 4.268306079431559}, '159915': {'shares': 109200.0, 'price': 2.275, 'value': 248430.0, 'profit_pct': 6.90156503891219}, '511260': {'shares': 2400.0, 'price': 132.407, 'value': 317776.80000000005, 'profit_pct': -0.24154359159447505}, '518880': {'shares': 43300.0, 'price': 7.446, 'value': 322411.8, 'profit_pct': 0.5618688463084878}}",0.004929602493887186,1.1362124308005463,-12.273537298646541
2025-07-22,5150.430800546368,1136133.2,1141283.6308005464,"{'510300': {'shares': 60100.0, 'price': 4.078, 'value': 245087.80000000002, 'profit_pct': 5.405590528488337}, '159915': {'shares': 109200.0, 'price': 2.289, 'value': 249958.80000000002, 'profit_pct': 7.559420823767045}, '511260': {'shares': 2400.0, 'price': 132.276, 'value': 317462.4, 'profit_pct': -0.34024198208365725}, '518880': {'shares': 43300.0, 'price': 7.474, 'value': 323624.2, 'profit_pct': 0.9400225298562563}}",0.004463249884026466,1.1412836308005463,-11.881992174168676
2025-07-23,5150.430800546368,1138842.8,1143993.2308005465,"{'510300': {'shares': 60100.0, 'price': 4.076, 'value': 244967.59999999998, 'profit_pct': 5.353895780803921}, '159915': {'shares': 109200.0, 'price': 2.287, 'value': 249740.4, 'profit_pct': 7.465441425930629}, '511260': {'shares': 2400.0, 'price': 132.211, 'value': 317306.4, 'profit_pct': -0.3892144659141657}, '518880': {'shares': 43300.0, 'price': 7.548, 'value': 326828.4, 'profit_pct': 1.9394286935181975}}",0.0023741688103415814,1.1439932308005465,-11.672785148359155
2025-07-24,5150.430800546368,1138357.8,1143508.2308005465,"{'510300': {'shares': 60100.0, 'price': 4.102, 'value': 246530.2, 'profit_pct': 6.025927500701118}, '159915': {'shares': 109200.0, 'price': 2.325, 'value': 253890.00000000003, 'profit_pct': 9.25104998482236}, '511260': {'shares': 2400.0, 'price': 131.866, 'value': 316478.4, 'profit_pct': -0.6491453416299495}, '518880': {'shares': 43300.0, 'price': 7.424, 'value': 321459.2, 'profit_pct': 0.2647480949495405}}",-0.00042395355754032416,1.1435082308005464,-11.710231785323133
2025-07-25,5150.430800546368,1135201.7,1140352.1308005464,"{'510300': {'shares': 60100.0, 'price': 4.08, 'value': 245208.0, 'profit_pct': 5.45728527617273}, '159915': {'shares': 109200.0, 'price': 2.318, 'value': 253125.6, 'profit_pct': 8.922122092394932}, '511260': {'shares': 2400.0, 'price': 131.691, 'value': 316058.4, 'profit_pct': -0.7809943365582547}, '518880': {'shares': 43300.0, 'price': 7.409, 'value': 320809.7, 'profit_pct': 0.06216576447751731}}",-0.0027600151140062534,1.1403521308005464,-11.953912880007756
2025-07-28,5150.430800546368,1138411.9,1143562.3308005463,"{'510300': {'shares': 60100.0, 'price': 4.091, 'value': 245869.1, 'profit_pct': 5.741606388436924}, '159915': {'shares': 109200.0, 'price': 2.342, 'value': 255746.40000000002, 'profit_pct': 10.04987486643181}, '511260': {'shares': 2400.0, 'price': 132.04, 'value': 316896.0, 'profit_pct': -0.5180497695298312}, '518880': {'shares': 43300.0, 'price': 7.388, 'value': 319900.4, 'profit_pct': -0.22144949818330315}}",0.0028150953668550915,1.1435623308005463,-11.706054748086547
2025-07-29,5150.430800546368,1142310.3,1147460.7308005465,"{'510300': {'shares': 60100.0, 'price': 4.112, 'value': 247131.2, 'profit_pct': 6.284401239123105}, '159915': {'shares': 109200.0, 'price': 2.383, 'value': 260223.6, 'profit_pct': 11.976452522078135}, '511260': {'shares': 2400.0, 'price': 131.724, 'value': 316137.6, 'profit_pct': -0.7561313832289285}, '518880': {'shares': 43300.0, 'price': 7.363, 'value': 318817.9, 'profit_pct': -0.5590867156366551}}",0.0034089965146639756,1.1474607308005464,-11.40506099645684
2025-07-30,5150.430800546368,1139129.0,1144279.4308005464,"{'510300': {'shares': 60100.0, 'price': 4.109, 'value': 246950.9, 'profit_pct': 6.206859117596504}, '159915': {'shares': 109200.0, 'price': 2.345, 'value': 256074.00000000003, 'profit_pct': 10.190843963186424}, '511260': {'shares': 2400.0, 'price': 131.95, 'value': 316680.0, 'profit_pct': -0.5858578240643862}, '518880': {'shares': 43300.0, 'price': 7.377, 'value': 319424.1, 'profit_pct': -0.3700098738627828}}",-0.002772469605805683,1.1442794308005464,-11.650687772072366
2025-07-31,5150.430800546368,1129158.6,1134309.0308005465,"{'510300': {'shares': 60100.0, 'price': 4.032, 'value': 242323.2, 'profit_pct': 4.216611331747167}, '159915': {'shares': 109200.0, 'price': 2.301, 'value': 251269.2, 'profit_pct': 8.123297210785484}, '511260': {'shares': 2400.0, 'price': 132.213, 'value': 317311.2, 'profit_pct': -0.38770762025785654}, '518880': {'shares': 43300.0, 'price': 7.35, 'value': 318255.0, 'profit_pct': -0.7346580687124125}}",-0.008713256335495356,1.1343090308005466,-12.420497976579014
2025-08-01,8602.079483496665,1121755.3,1130357.3794834968,"{'510300': {'shares': 59400.0, 'price': 4.01, 'value': 238194.0, 'profit_pct': -0.09990009990007952}, '159915': {'shares': 103500.0, 'price': 2.303, 'value': 238360.5, 'profit_pct': -0.09990009990009747}, '511260': {'shares': 2400.0, 'price': 132.209, 'value': 317301.60000000003, 'profit_pct': -0.09990009990009154}, '518880': {'shares': 44600.0, 'price': 7.352, 'value': 327899.2, 'profit_pct': -0.09990009990010025}}",-0.003483751966834703,1.1303573794834967,-12.72560323900751
2025-08-04,8602.079483496665,1128118.5,1136720.5794834967,"{'510300': {'shares': 59400.0, 'price': 4.029, 'value': 239322.6, 'profit_pct': 0.3734420193273298}, '159915': {'shares': 103500.0, 'price': 2.313, 'value': 239395.50000000003, 'profit_pct': 0.33388235733004673}, '511260': {'shares': 2400.0, 'price': 132.212, 'value': 317308.8, 'profit_pct': -0.0976332322912382}, '518880': {'shares': 44600.0, 'price': 7.446, 'value': 332091.6, 'profit_pct': 1.1773862698781006}}",0.0056293700695859705,1.1367205794834967,-12.234303362040011
2025-08-05,8602.079483496665,1131124.2,1139726.2794834967,"{'510300': {'shares': 59400.0, 'price': 4.06, 'value': 241163.99999999997, 'profit_pct': 1.145737055961511}, '159915': {'shares': 103500.0, 'price': 2.32, 'value': 240119.99999999997, 'profit_pct': 0.6375300773911265}, '511260': {'shares': 2400.0, 'price': 132.228, 'value': 317347.2, 'profit_pct': -0.08554327171061545}, '518880': {'shares': 44600.0, 'price': 7.455, 'value': 332493.0, 'profit_pct': 1.2996796457079336}}",0.002644185435057178,1.1397262794834966,-12.002234585292282
2025-08-06,8602.079483496665,1134200.6,1142802.6794834968,"{'510300': {'shares': 59400.0, 'price': 4.071, 'value': 241817.4, 'profit_pct': 1.4197772302510652}, '159915': {'shares': 103500.0, 'price': 2.336, 'value': 241775.99999999997, 'profit_pct': 1.3315820089593418}, '511260': {'shares': 2400.0, 'price': 132.306, 'value': 317534.4, 'profit_pct': -0.026604713880149383}, '518880': {'shares': 44600.0, 'price': 7.468, 'value': 333072.8, 'profit_pct': 1.4763256330176844}}",0.002699244595284922,1.142802679483497,-11.764707092599469
2025-08-07,8602.079483496665,1133292.4,1141894.4794834966,"{'510300': {'shares': 59400.0, 'price': 4.07, 'value': 241758.00000000003, 'profit_pct': 1.394864487133847}, '159915': {'shares': 103500.0, 'price': 2.32, 'value': 240119.99999999997, 'profit_pct': 0.6375300773911265}, '511260': {'shares': 2400.0, 'price': 132.345, 'value': 317628.0, 'profit_pct': 0.002864565035072909}, '518880': {'shares': 44600.0, 'price': 7.484, 'value': 333786.4, 'profit_pct': 1.6937360789373797}}",-0.0007947128724012931,1.1418944794834966,-11.83482881567307
2025-08-08,8602.079483496665,1133068.0,1141670.0794834967,"{'510300': {'shares': 59400.0, 'price': 4.06, 'value': 241163.99999999997, 'profit_pct': 1.145737055961511}, '159915': {'shares': 103500.0, 'price': 2.312, 'value': 239291.99999999997, 'profit_pct': 0.29050411160701883}, '511260': {'shares': 2400.0, 'price': 132.398, 'value': 317755.2, 'profit_pct': 0.042912559458334734}, '518880': {'shares': 44600.0, 'price': 7.508, 'value': 334856.8, 'profit_pct': 2.019851747816923}}",-0.00019651553101596164,1.1416700794834966,-11.852154641105471
2025-08-11,8602.079483496665,1134685.1,1143287.1794834968,"{'510300': {'shares': 59400.0, 'price': 4.079, 'value': 242292.59999999998, 'profit_pct': 1.6190791751889204}, '159915': {'shares': 103500.0, 'price': 2.357, 'value': 243949.50000000003, 'profit_pct': 2.2425251691426387}, '511260': {'shares': 2400.0, 'price': 132.129, 'value': 317109.6, 'profit_pct': -0.16034990280314082}, '518880': {'shares': 44600.0, 'price': 7.429, 'value': 331333.4, 'profit_pct': 0.9463876710884318}}",0.0014164337220186063,1.143287179483497,-11.727299060415852
2025-08-12,8602.079483496665,1137530.2999999998,1146132.3794834965,"{'510300': {'shares': 59400.0, 'price': 4.105, 'value': 243837.00000000003, 'profit_pct': 2.266810496236967}, '159915': {'shares': 103500.0, 'price': 2.385, 'value': 246847.49999999997, 'profit_pct': 3.4571160493869963}, '511260': {'shares': 2400.0, 'price': 132.021, 'value': 316850.39999999997, 'profit_pct': -0.24195713672224764}, '518880': {'shares': 44600.0, 'price': 7.399, 'value': 329995.4, 'profit_pct': 0.5387430849890001}}",0.002488613579385346,1.1461323794834966,-11.507622418168594
2025-08-13,8602.079483496665,1149589.3,1158191.3794834968,"{'510300': {'shares': 59400.0, 'price': 4.14, 'value': 245915.99999999997, 'profit_pct': 3.1387565053400652}, '159915': {'shares': 103500.0, 'price': 2.473, 'value': 255955.5, 'profit_pct': 7.27440167301218}, '511260': {'shares': 2400.0, 'price': 132.087, 'value': 317008.8, 'profit_pct': -0.1920860493272379}, '518880': {'shares': 44600.0, 'price': 7.415, 'value': 330709.0, 'profit_pct': 0.7561535309086954}}",0.010521472227697393,1.1581913794834968,-10.576552325078447
2025-08-14,8602.079483496665,1146425.2000000002,1155027.279483497,"{'510300': {'shares': 59400.0, 'price': 4.133, 'value': 245500.2, 'profit_pct': 2.9643673035194498}, '159915': {'shares': 103500.0, 'price': 2.446, 'value': 253161.00000000003, 'profit_pct': 6.103189038490832}, '511260': {'shares': 2400.0, 'price': 131.939, 'value': 316653.6, 'profit_pct': -0.3039181846978587}, '518880': {'shares': 44600.0, 'price': 7.424, 'value': 331110.4, 'profit_pct': 0.8784469067385287}}",-0.0027319319207943504,1.1550272794834968,-10.82085109624905
2025-08-15,8602.079483496665,1154174.1,1162776.1794834968,"{'510300': {'shares': 59400.0, 'price': 4.172, 'value': 247816.8, 'profit_pct': 3.9359642850914867}, '159915': {'shares': 103500.0, 'price': 2.509, 'value': 259681.5, 'profit_pct': 8.836018519040666}, '511260': {'shares': 2400.0, 'price': 131.913, 'value': 316591.2, 'profit_pct': -0.32356437064133303}, '518880': {'shares': 44600.0, 'price': 7.401, 'value': 330084.6, 'profit_pct': 0.565919390728959}}",0.006708845875454061,1.1627761794834968,-10.222561930949613
2025-08-18,8602.079483496665,1163006.4,1171608.4794834966,"{'510300': {'shares': 59400.0, 'price': 4.204, 'value': 249717.59999999998, 'profit_pct': 4.7331720648429085}, '159915': {'shares': 103500.0, 'price': 2.582, 'value': 267237.0, 'profit_pct': 12.002630456820643}, '511260': {'shares': 2400.0, 'price': 131.43, 'value': 315432.0, 'profit_pct': -0.6885300556684391}, '518880': {'shares': 44600.0, 'price': 7.413, 'value': 330619.8, 'profit_pct': 0.7289772251687365}}",0.0075958728393654695,1.1716084794834967,-9.540623927533098
2025-08-19,8602.079483496665,1160133.1,1168735.1794834968,"{'510300': {'shares': 59400.0, 'price': 4.182, 'value': 248410.80000000002, 'profit_pct': 4.185091716263822}, '159915': {'shares': 103500.0, 'price': 2.575, 'value': 266512.5, 'profit_pct': 11.698982736759563}, '511260': {'shares': 2400.0, 'price': 131.488, 'value': 315571.2, 'profit_pct': -0.6447039485637407}, '518880': {'shares': 44600.0, 'price': 7.391, 'value': 329638.6, 'profit_pct': 0.4300378620291525}}",-0.0024524404272547873,1.1687351794834968,-9.762470158437464
2025-08-20,8602.079483496665,1163908.2,1172510.2794834967,"{'510300': {'shares': 59400.0, 'price': 4.241, 'value': 251915.4, 'profit_pct': 5.654943560180486}, '159915': {'shares': 103500.0, 'price': 2.588, 'value': 267858.0, 'profit_pct': 12.262899931158733}, '511260': {'shares': 2400.0, 'price': 131.356, 'value': 315254.39999999997, 'profit_pct': -0.7444461233537601}, '518880': {'shares': 44600.0, 'price': 7.374, 'value': 328880.39999999997, 'profit_pct': 0.19903926323947174}}",0.003230073045005888,1.1725102794834967,-9.470996345648308
2025-08-21,8602.079483496665,1164050.2000000002,1172652.279483497,"{'510300': {'shares': 59400.0, 'price': 4.255, 'value': 252747.0, 'profit_pct': 6.003721963821739}, '159915': {'shares': 103500.0, 'price': 2.572, 'value': 266202.0, 'profit_pct': 11.568847999590517}, '511260': {'shares': 2400.0, 'price': 131.387, 'value': 315328.8, 'profit_pct': -0.7210218247288278}, '518880': {'shares': 44600.0, 'price': 7.394, 'value': 329772.4, 'profit_pct': 0.4708023206390969}}",0.00012110768023521068,1.1726522794834968,-9.460032588021717
2025-08-22,8602.079483496665,1178528.6,1187130.6794834968,"{'510300': {'shares': 59400.0, 'price': 4.356, 'value': 258746.4, 'profit_pct': 8.519909018662162}, '159915': {'shares': 103500.0, 'price': 2.662, 'value': 275517.0, 'profit_pct': 15.47289011466172}, '511260': {'shares': 2400.0, 'price': 131.336, 'value': 315206.4, 'profit_pct': -0.7595585740795064}, '518880': {'shares': 44600.0, 'price': 7.378, 'value': 329058.8, 'profit_pct': 0.2533918747194016}}",0.012346712024793094,1.1871306794834968,-8.342161683651872
2025-08-25,8602.079483496665,1194100.9,1202702.9794834966,"{'510300': {'shares': 59400.0, 'price': 4.442, 'value': 263854.8, 'profit_pct': 10.662404926744111}, '159915': {'shares': 103500.0, 'price': 2.737, 'value': 283279.5, 'profit_pct': 18.726258543887734}, '511260': {'shares': 2400.0, 'price': 131.551, 'value': 315722.39999999997, 'profit_pct': -0.5970997287776058}, '518880': {'shares': 44600.0, 'price': 7.427, 'value': 331244.19999999995, 'profit_pct': 0.9192113653484608}}",0.013117595450212072,1.2027029794834967,-7.139831240777072
2025-08-26,8602.079483496665,1191701.4,1200303.4794834966,"{'510300': {'shares': 59400.0, 'price': 4.418, 'value': 262429.2, 'profit_pct': 10.064499091930546}, '159915': {'shares': 103500.0, 'price': 2.716, 'value': 281106.0, 'profit_pct': 17.815315383704455}, '511260': {'shares': 2400.0, 'price': 131.642, 'value': 315940.8, 'profit_pct': -0.5283380779753919}, '518880': {'shares': 44600.0, 'price': 7.449, 'value': 332225.39999999997, 'profit_pct': 1.2181507284880448}}",-0.001995089428505792,1.2003034794834966,-7.32509558179787
2025-08-27,8602.079483496665,1185971.6,1194573.6794834968,"{'510300': {'shares': 59400.0, 'price': 4.352, 'value': 258508.80000000002, 'profit_pct': 8.420258046193243}, '159915': {'shares': 103500.0, 'price': 2.696, 'value': 279036.0, 'profit_pct': 16.947750469244184}, '511260': {'shares': 2400.0, 'price': 131.732, 'value': 316156.8, 'profit_pct': -0.46033204970946945}, '518880': {'shares': 44600.0, 'price': 7.45, 'value': 332270.0, 'profit_pct': 1.2317388813580303}}",-0.004773626085350813,1.194573679483497,-7.767490922985997
2025-08-28,8602.079483496665,1202436.2,1211038.2794834967,"{'510300': {'shares': 59400.0, 'price': 4.436, 'value': 263498.4, 'profit_pct': 10.512928468040714}, '159915': {'shares': 103500.0, 'price': 2.806, 'value': 290421.0, 'profit_pct': 21.719357498775658}, '511260': {'shares': 2400.0, 'price': 131.435, 'value': 315444.0, 'profit_pct': -0.6847519429870026}, '518880': {'shares': 44600.0, 'price': 7.468, 'value': 333072.8, 'profit_pct': 1.4763256330176844}}",0.013782825021825929,1.2110382794834966,-6.49626638905354
2025-08-29,8602.079483496665,1211945.9,1220547.9794834966,"{'510300': {'shares': 59400.0, 'price': 4.478, 'value': 265993.2, 'profit_pct': 11.55926367896445}, '159915': {'shares': 103500.0, 'price': 2.865, 'value': 296527.5, 'profit_pct': 24.278673996433454}, '511260': {'shares': 2400.0, 'price': 131.479, 'value': 315549.60000000003, 'profit_pct': -0.6515045513903223}, '518880': {'shares': 44600.0, 'price': 7.486, 'value': 333875.6, 'profit_pct': 1.7209123846773386}}",0.00785251809220755,1.2205479794834966,-5.762026629184636
2025-09-01,14094.155964556616,1218021.1,1232115.2559645567,"{'510300': {'shares': 56500.0, 'price': 4.493, 'value': 253854.50000000003, 'profit_pct': -0.09990009990008195}, '159915': {'shares': 86800.0, 'price': 2.927, 'value': 254063.6, 'profit_pct': -0.099900099900089}, '511260': {'shares': 2700.0, 'price': 131.586, 'value': 355282.2, 'profit_pct': -0.09990009990009886}, '518880': {'shares': 46400.0, 'price': 7.647, 'value': 354820.8, 'profit_pct': -0.09990009990009358}}",0.00947711738948187,1.2321152559645567,-4.868922293002543
2025-09-02,14094.155964556616,1210781.0,1224875.1559645566,"{'510300': {'shares': 56500.0, 'price': 4.467, 'value': 252385.49999999997, 'profit_pct': -0.6779999435240897}, '159915': {'shares': 86800.0, 'price': 2.848, 'value': 247206.4, 'profit_pct': -2.7962130114504515}, '511260': {'shares': 2700.0, 'price': 131.593, 'value': 355301.1, 'profit_pct': -0.09458569943729614}, '518880': {'shares': 46400.0, 'price': 7.67, 'value': 355888.0, 'profit_pct': 0.20057097342307453}}",-0.005876154819893231,1.2248751559645565,-5.427927233792151
2025-09-03,14094.155964556616,1215229.0999999999,1229323.2559645565,"{'510300': {'shares': 56500.0, 'price': 4.426, 'value': 250069.0, 'profit_pct': -1.5896189277003738}, '159915': {'shares': 86800.0, 'price': 2.87, 'value': 249116.0, 'profit_pct': -2.045341061398445}, '511260': {'shares': 2700.0, 'price': 131.707, 'value': 355608.89999999997, 'profit_pct': -0.008036891899930315}, '518880': {'shares': 46400.0, 'price': 7.768, 'value': 360435.2, 'profit_pct': 1.4808390249739805}}",0.0036314721368457814,1.2293232559645564,-5.084491386617929
2025-09-04,14094.155964556616,1199566.2,1213660.3559645566,"{'510300': {'shares': 56500.0, 'price': 4.333, 'value': 244814.5, 'profit_pct': -3.6574375991246537}, '159915': {'shares': 86800.0, 'price': 2.751, 'value': 238786.8, 'profit_pct': -6.106875700316078}, '511260': {'shares': 2700.0, 'price': 131.987, 'value': 356364.89999999997, 'profit_pct': 0.2045391266128908}, '518880': {'shares': 46400.0, 'price': 7.75, 'value': 359600.0, 'profit_pct': 1.2456877501993266}}",-0.012741075159853232,1.2136603559645565,-6.293817015696723
2025-09-05,14094.155964556616,1221965.3,1236059.4559645567,"{'510300': {'shares': 56500.0, 'price': 4.431, 'value': 250351.5, 'profit_pct': -1.4784458808496084}, '159915': {'shares': 86800.0, 'price': 2.944, 'value': 255539.19999999998, 'profit_pct': 0.48031913423099704}, '511260': {'shares': 2700.0, 'price': 131.598, 'value': 355314.60000000003, 'profit_pct': -0.09078969910669193}, '518880': {'shares': 46400.0, 'price': 7.775, 'value': 360760.0, 'profit_pct': 1.5722867429419096}}",0.018455822413510736,1.2360594559645566,-4.564392343490475
2025-09-08,14094.155964556616,1221876.0,1235970.1559645566,"{'510300': {'shares': 56500.0, 'price': 4.432, 'value': 250408.00000000003, 'profit_pct': -1.4562112714794473}, '159915': {'shares': 86800.0, 'price': 2.908, 'value': 252414.4, 'profit_pct': -0.7483804203995461}, '511260': {'shares': 2700.0, 'price': 131.464, 'value': 354952.8, 'profit_pct': -0.19252250796640982}, '518880': {'shares': 46400.0, 'price': 7.847, 'value': 364100.80000000005, 'profit_pct': 2.5128918420405366}}",-7.224571566455396e-05,1.2359701559645566,-4.571287157265502
2025-09-09,14094.155964556616,1220225.5,1234319.6559645566,"{'510300': {'shares': 56500.0, 'price': 4.405, 'value': 248882.5, 'profit_pct': -2.0565457244735965}, '159915': {'shares': 86800.0, 'price': 2.845, 'value': 246946.00000000003, 'profit_pct': -2.898604641002985}, '511260': {'shares': 2700.0, 'price': 131.398, 'value': 354774.6, 'profit_pct': -0.24262971233014793}, '518880': {'shares': 46400.0, 'price': 7.966, 'value': 369622.4, 'profit_pct': 4.067503047495207}}",-0.0013353882308848597,1.2343196559645566,-4.698721537284179
2025-09-10,14094.155964556616,1221697.5,1235791.6559645566,"{'510300': {'shares': 56500.0, 'price': 4.415, 'value': 249447.5, 'profit_pct': -1.8341996307720654}, '159915': {'shares': 86800.0, 'price': 2.875, 'value': 249550.0, 'profit_pct': -1.8746883454775403}, '511260': {'shares': 2700.0, 'price': 131.096, 'value': 353959.2, 'profit_pct': -0.4719081322975413}, '518880': {'shares': 46400.0, 'price': 7.947, 'value': 368740.8, 'profit_pct': 3.819287813010846}}",0.0011925597983366565,1.2357916559645565,-4.585069063859459
2025-09-11,14094.155964556616,1240691.3,1254785.4559645567,"{'510300': {'shares': 56500.0, 'price': 4.537, 'value': 256340.5, 'profit_pct': 0.8784227123866654}, '159915': {'shares': 86800.0, 'price': 3.025, 'value': 262570.0, 'profit_pct': 3.2448931321497154}, '511260': {'shares': 2700.0, 'price': 131.168, 'value': 354153.60000000003, 'profit_pct': -0.4172457275370997}, '518880': {'shares': 46400.0, 'price': 7.923, 'value': 367627.2, 'profit_pct': 3.50575277997797}}",0.015369742875610326,1.2547854559645566,-3.1185661088768524
2025-09-12,14094.155964556616,1237927.0,1252021.1559645566,"{'510300': {'shares': 56500.0, 'price': 4.498, 'value': 254137.0, 'profit_pct': 0.011272946950683444}, '159915': {'shares': 86800.0, 'price': 2.995, 'value': 259966.0, 'profit_pct': 2.2209768366242706}, '511260': {'shares': 2700.0, 'price': 131.392, 'value': 354758.39999999997, 'profit_pct': -0.24718491272685142}, '518880': {'shares': 46400.0, 'price': 7.954, 'value': 369065.6, 'profit_pct': 3.9107355309787635}}",-0.0022030060890968484,1.2520211559645567,-3.3319964976594285
2025-09-15,14094.155964556616,1241222.0,1255316.1559645566,"{'510300': {'shares': 56500.0, 'price': 4.506, 'value': 254589.0, 'profit_pct': 0.18914982191191201}, '159915': {'shares': 86800.0, 'price': 3.037, 'value': 263611.6, 'profit_pct': 3.6544596503598967}, '511260': {'shares': 2700.0, 'price': 131.49, 'value': 355023.0, 'profit_pct': -0.17278330624735427}, '518880': {'shares': 46400.0, 'price': 7.931, 'value': 367998.4, 'profit_pct': 3.610264457655595}}",0.002631744666855562,1.2553161559645567,-3.0775909949865787
2025-09-16,14094.155964556616,1247482.3,1261576.4559645567,"{'510300': {'shares': 56500.0, 'price': 4.497, 'value': 254080.5, 'profit_pct': -0.010961662419477533}, '159915': {'shares': 86800.0, 'price': 3.059, 'value': 265521.2, 'profit_pct': 4.405331600411903}, '511260': {'shares': 2700.0, 'price': 131.554, 'value': 355195.8, 'profit_pct': -0.12419450201585787}, '518880': {'shares': 46400.0, 'price': 8.032, 'value': 372684.8, 'profit_pct': 4.929724388335612}}",0.004987030534303827,1.2615764559645566,-2.594235981820292
2025-09-17,14094.155964556616,1251882.9000000001,1265977.0559645568,"{'510300': {'shares': 56500.0, 'price': 4.53, 'value': 255945.0, 'profit_pct': 0.7227804467955978}, '159915': {'shares': 86800.0, 'price': 3.119, 'value': 270729.2, 'profit_pct': 6.453164191462808}, '511260': {'shares': 2700.0, 'price': 131.733, 'value': 355679.10000000003, 'profit_pct': 0.011702309819125224}, '518880': {'shares': 46400.0, 'price': 7.964, 'value': 369529.60000000003, 'profit_pct': 4.041375128075804}}",0.0034881754325666314,1.2659770559645567,-2.2544675887816945
2025-09-18,14094.155964556616,1239227.4000000001,1253321.5559645568,"{'510300': {'shares': 56500.0, 'price': 4.471, 'value': 252611.5, 'profit_pct': -0.5890615060434655}, '159915': {'shares': 86800.0, 'price': 3.067, 'value': 266215.60000000003, 'profit_pct': 4.678375945885357}, '511260': {'shares': 2700.0, 'price': 131.705, 'value': 355603.50000000006, 'profit_pct': -0.009555292032150418}, '518880': {'shares': 46400.0, 'price': 7.862, 'value': 364796.8, 'profit_pct': 2.7088512376860794}}",-0.009996626669002029,1.2533215559645567,-3.2315931848594825
2025-09-19,14094.155964556616,1240523.9,1254618.0559645565,"{'510300': {'shares': 56500.0, 'price': 4.481, 'value': 253176.5, 'profit_pct': -0.3667154123419347}, '159915': {'shares': 86800.0, 'price': 3.062, 'value': 265781.6, 'profit_pct': 4.507723229964436}, '511260': {'shares': 2700.0, 'price': 131.518, 'value': 355098.6, 'profit_pct': -0.15152570439607865}, '518880': {'shares': 46400.0, 'price': 7.898, 'value': 366467.2, 'profit_pct': 3.179153787235387}}",0.0010344512099307313,1.2546180559645566,-3.131490989346497
2025-09-22,14094.155964556616,1250091.7,1264185.8559645566,"{'510300': {'shares': 56500.0, 'price': 4.496, 'value': 254024.00000000003, 'profit_pct': -0.033196271789618766}, '159915': {'shares': 86800.0, 'price': 3.082, 'value': 267517.6, 'profit_pct': 5.1903340936480715}, '511260': {'shares': 2700.0, 'price': 131.527, 'value': 355122.89999999997, 'profit_pct': -0.14469290380103425}, '518880': {'shares': 46400.0, 'price': 8.048, 'value': 373427.2, 'profit_pct': 5.138747743690863}}",0.007626065920631309,1.2641858559645565,-2.392765353997983
2025-09-23,14094.155964556616,1255151.5,1269245.6559645566,"{'510300': {'shares': 56500.0, 'price': 4.499, 'value': 254193.49999999997, 'profit_pct': 0.03350755632082467}, '159915': {'shares': 86800.0, 'price': 3.093, 'value': 268472.4, 'profit_pct': 5.565770068674074}, '511260': {'shares': 2700.0, 'price': 131.352, 'value': 354650.4, 'profit_pct': -0.277552915371534}, '518880': {'shares': 46400.0, 'price': 8.143, 'value': 377835.2, 'profit_pct': 6.379823916112668}}",0.0040024178218158735,1.2692456559645566,-2.0021004185126645
2025-09-24,14094.155964556616,1264878.5,1278972.6559645566,"{'510300': {'shares': 56500.0, 'price': 4.54, 'value': 256510.0, 'profit_pct': 0.9451265404971286}, '159915': {'shares': 86800.0, 'price': 3.16, 'value': 274288.0, 'profit_pct': 7.852516462014256}, '511260': {'shares': 2700.0, 'price': 131.135, 'value': 354064.5, 'profit_pct': -0.44229932971897956}, '518880': {'shares': 46400.0, 'price': 8.19, 'value': 380016.0, 'profit_pct': 6.993830022468702}}",0.007663607083695734,1.2789726559645567,-1.2510830210926804
2025-09-25,14094.155964556616,1268958.3,1283052.4559645567,"{'510300': {'shares': 56500.0, 'price': 4.572, 'value': 258318.0, 'profit_pct': 1.6566340403420428}, '159915': {'shares': 86800.0, 'price': 3.211, 'value': 278714.8, 'profit_pct': 9.593174164407515}, '511260': {'shares': 2700.0, 'price': 131.093, 'value': 353951.1, 'profit_pct': -0.47418573249590373}, '518880': {'shares': 46400.0, 'price': 8.146, 'value': 377974.4, 'profit_pct': 6.41901579524178}}",0.0031899040069180984,1.2830524559645566,-0.9360834551428332
2025-09-26,14094.155964556616,1260525.4,1274619.5559645565,"{'510300': {'shares': 56500.0, 'price': 4.528, 'value': 255831.99999999997, 'profit_pct': 0.6783112280552758}, '159915': {'shares': 86800.0, 'price': 3.129, 'value': 271597.2, 'profit_pct': 6.794469623304618}, '511260': {'shares': 2700.0, 'price': 131.286, 'value': 354472.2, 'profit_pct': -0.3276601197352721}, '518880': {'shares': 46400.0, 'price': 8.16, 'value': 378624.0, 'profit_pct': 6.601911231177615}}",-0.006572529408909178,1.2746195559645566,-1.5871839599956306
2025-09-29,14094.155964556616,1276585.2000000002,1290679.3559645568,"{'510300': {'shares': 56500.0, 'price': 4.605, 'value': 260182.50000000003, 'profit_pct': 2.390376149557118}, '159915': {'shares': 86800.0, 'price': 3.213, 'value': 278888.4, 'profit_pct': 9.661435250775884}, '511260': {'shares': 2700.0, 'price': 131.221, 'value': 354296.7, 'profit_pct': -0.37700812403288936}, '518880': {'shares': 46400.0, 'price': 8.259, 'value': 383217.60000000003, 'profit_pct': 7.895243242438228}}",0.012599681155721187,1.2906793559645569,-0.3472138562549354
2025-09-30,14094.155964556616,1282080.9000000001,1296175.0559645568,"{'510300': {'shares': 56500.0, 'price': 4.618, 'value': 260917.00000000003, 'profit_pct': 2.679426071369112}, '159915': {'shares': 86800.0, 'price': 3.217, 'value': 279235.60000000003, 'profit_pct': 9.797957423512612}, '511260': {'shares': 2700.0, 'price': 131.481, 'value': 354998.7, 'profit_pct': -0.17961610684242027}, '518880': {'shares': 46400.0, 'price': 8.339, 'value': 386929.60000000003, 'profit_pct': 8.94036001921448}}",0.00425799016200501,1.2961750559645568,0.0
2025-10-09,34671.73663742683,1282384.9,1317056.6366374267,"{'510300': {'shares': 57000.0, 'price': 4.693, 'value': 267501.0, 'profit_pct': -0.0999000999000917}, '159915': {'shares': 82700.0, 'price': 3.235, 'value': 267534.5, 'profit_pct': -0.09990009990008926}, '511260': {'shares': 2800.0, 'price': 131.611, 'value': 368510.8, 'profit_pct': -0.09990009990009413}, '518880': {'shares': 43400.0, 'price': 8.729, 'value': 378838.6, 'profit_pct': -0.09990009990008707}}",0.01611015470231436,1.3170566366374268,0.0
2025-10-10,34671.73663742683,1259572.9,1294244.6366374267,"{'510300': {'shares': 57000.0, 'price': 4.596, 'value': 261972.0, 'profit_pct': -2.1647434176732956}, '159915': {'shares': 82700.0, 'price': 3.095, 'value': 255956.50000000003, 'profit_pct': -4.423242908559736}, '511260': {'shares': 2800.0, 'price': 131.542, 'value': 368317.6, 'profit_pct': -0.1522749537732942}, '518880': {'shares': 43400.0, 'price': 8.602, 'value': 373326.8, 'profit_pct': -1.5533670133280375}}",-0.01732043965720509,1.2942446366374267,-1.732043965720509
2025-10-13,34671.73663742683,1266166.6,1300838.3366374269,"{'510300': {'shares': 57000.0, 'price': 4.569, 'value': 260433.0, 'profit_pct': -2.739493619527698}, '159915': {'shares': 82700.0, 'price': 3.054, 'value': 252565.8, 'profit_pct': -5.689364731095789}, '511260': {'shares': 2800.0, 'price': 131.674, 'value': 368687.2, 'profit_pct': -0.05207958114628211}, '518880': {'shares': 43400.0, 'price': 8.859, 'value': 384480.6, 'profit_pct': 1.3879006776246086}}",0.005094631890560697,1.3008383366374268,-1.2314049030880514
2025-10-14,34671.73663742683,1259291.0,1293962.7366374268,"{'510300': {'shares': 57000.0, 'price': 4.522, 'value': 257754.0, 'profit_pct': -3.7399847116446097}, '159915': {'shares': 82700.0, 'price': 2.934, 'value': 242641.80000000002, 'profit_pct': -9.395087138518342}, '511260': {'shares': 2800.0, 'price': 131.906, 'value': 369336.8, 'profit_pct': 0.1240213768042168}, '518880': {'shares': 43400.0, 'price': 8.976, 'value': 389558.4, 'profit_pct': 2.7269213773968364}}",-0.005285514584212669,1.2939627366374267,-1.753447752934978
2025-10-15,34671.73663742683,1277435.7,1312107.4366374267,"{'510300': {'shares': 57000.0, 'price': 4.583, 'value': 261231.0, 'profit_pct': -2.4414749963439304}, '159915': {'shares': 82700.0, 'price': 3.003, 'value': 248348.1, 'profit_pct': -7.26429675425037}, '511260': {'shares': 2800.0, 'price': 131.836, 'value': 369140.80000000005, 'profit_pct': 0.07088746707777818}, '518880': {'shares': 43400.0, 'price': 9.187, 'value': 398715.8, 'profit_pct': 5.141736485533042}}",0.014022583097834662,1.3121074366374268,-0.37577730997474523
2025-10-16,34671.73663742683,1281968.2,1316639.9366374267,"{'510300': {'shares': 57000.0, 'price': 4.598, 'value': 262086.0, 'profit_pct': -2.122169328647048}, '159915': {'shares': 82700.0, 'price': 3.014, 'value': 249257.8, 'profit_pct': -6.924605533569977}, '511260': {'shares': 2800.0, 'price': 131.941, 'value': 369434.8, 'profit_pct': 0.1505883316674361}, '518880': {'shares': 43400.0, 'price': 9.244, 'value': 401189.6, 'profit_pct': 5.794079903370793}}",0.0034543665201802742,1.3166399366374266,-0.03163873051532651
2025-10-17,34671.73663742683,1282907.0999999999,1317578.8366374266,"{'510300': {'shares': 57000.0, 'price': 4.501, 'value': 256557.00000000003, 'profit_pct': -4.187012646420252}, '159915': {'shares': 82700.0, 'price': 2.915, 'value': 241070.5, 'profit_pct': -9.981826519693584}, '511260': {'shares': 2800.0, 'price': 132.153, 'value': 370028.39999999997, 'profit_pct': 0.311508172553229}, '518880': {'shares': 43400.0, 'price': 9.568, 'value': 415251.2, 'profit_pct': 9.502137225816934}}",0.000713103084506006,1.3175788366374266,0.0
2025-10-20,34671.73663742683,1274738.7,1309410.4366374267,"{'510300': {'shares': 57000.0, 'price': 4.517, 'value': 257469.00000000003, 'profit_pct': -3.846419934210237}, '159915': {'shares': 82700.0, 'price': 2.971, 'value': 245701.7, 'profit_pct': -8.25248939622972}, '511260': {'shares': 2800.0, 'price': 131.906, 'value': 369336.8, 'profit_pct': 0.1240213768042168}, '518880': {'shares': 43400.0, 'price': 9.268, 'value': 402231.2, 'profit_pct': 6.068750816144592}}",-0.006199553129470736,1.3094104366374266,-0.6199553129470736
2025-10-21,34671.73663742683,1295866.7999999998,1330538.5366374266,"{'510300': {'shares': 57000.0, 'price': 4.587, 'value': 261458.99999999997, 'profit_pct': -2.356326818291436}, '159915': {'shares': 82700.0, 'price': 3.062, 'value': 253227.4, 'profit_pct': -5.442316570600951}, '511260': {'shares': 2800.0, 'price': 131.898, 'value': 369314.39999999997, 'profit_pct': 0.11794892997833008}, '518880': {'shares': 43400.0, 'price': 9.49, 'value': 411866.0, 'profit_pct': 8.609456759302129}}",0.016135582403220328,1.3305385366374265,0.0
2025-10-22,34671.73663742683,1276269.1,1310940.8366374269,"{'510300': {'shares': 57000.0, 'price': 4.572, 'value': 260604.0, 'profit_pct': -2.675632485988318}, '159915': {'shares': 82700.0, 'price': 3.039, 'value': 251325.30000000002, 'profit_pct': -6.152580032023599}, '511260': {'shares': 2800.0, 'price': 131.913, 'value': 369356.4, 'profit_pct': 0.12933476777686498}, '518880': {'shares': 43400.0, 'price': 9.101, 'value': 394983.4, 'profit_pct': 4.1574990480936505}}",-0.01472914873215736,1.3109408366374269,-1.472914873215736
2025-10-23,34671.73663742683,1272288.6,1306960.3366374269,"{'510300': {'shares': 57000.0, 'price': 4.59, 'value': 261630.0, 'profit_pct': -2.292465684752056}, '159915': {'shares': 82700.0, 'price': 3.038, 'value': 251242.59999999998, 'profit_pct': -6.183461052085465}, '511260': {'shares': 2800.0, 'price': 131.813, 'value': 369076.39999999997, 'profit_pct': 0.05342918245335658}, '518880': {'shares': 43400.0, 'price': 8.994, 'value': 390339.6, 'profit_pct': 2.9329245619771656}}",-0.0030363689105985525,1.306960336637427,-1.7720794513466087
2025-10-24,34671.73663742683,1282463.1,1317134.8366374269,"{'510300': {'shares': 57000.0, 'price': 4.647, 'value': 264879.0, 'profit_pct': -1.0791041475038705}, '159915': {'shares': 82700.0, 'price': 3.147, 'value': 260256.9, 'profit_pct': -2.817429865343304}, '511260': {'shares': 2800.0, 'price': 131.749, 'value': 368897.2, 'profit_pct': 0.0048496078463276075}, '518880': {'shares': 43400.0, 'price': 8.95, 'value': 388429.99999999994, 'profit_pct': 2.4293612218918814}}",0.007784857516163868,1.317134836637427,-1.0073890857662748
2025-10-27,34671.73663742683,1289640.1,1324311.8366374269,"{'510300': {'shares': 57000.0, 'price': 4.703, 'value': 268071.0, 'profit_pct': 0.11297034523118181}, '159915': {'shares': 82700.0, 'price': 3.209, 'value': 265384.3, 'profit_pct': -0.902806621508305}, '511260': {'shares': 2800.0, 'price': 131.899, 'value': 369317.2, 'profit_pct': 0.11870798583156862}, '518880': {'shares': 43400.0, 'price': 8.914, 'value': 386867.6, 'profit_pct': 2.0173548527312035}}",0.0054489485816975325,1.324311836637427,-0.4679834389266224
2025-10-28,34671.73663742683,1275267.1,1309938.8366374269,"{'510300': {'shares': 57000.0, 'price': 4.679, 'value': 266703.0, 'profit_pct': -0.3979187230838406}, '159915': {'shares': 82700.0, 'price': 3.205, 'value': 265053.5, 'profit_pct': -1.0263307017557237}, '511260': {'shares': 2800.0, 'price': 132.286, 'value': 370400.8, 'profit_pct': 0.41246260103347965}, '518880': {'shares': 43400.0, 'price': 8.597, 'value': 373109.8, 'profit_pct': -1.6105901201559192}}",-0.010853183972511005,1.309938836637427,-1.5482227258189596
2025-10-29,34671.73663742683,1290666.6,1325338.3366374269,"{'510300': {'shares': 57000.0, 'price': 4.739, 'value': 270123.0, 'profit_pct': 0.879303947703706}, '159915': {'shares': 82700.0, 'price': 3.3, 'value': 272910.0, 'profit_pct': 1.9073662041204638}, '511260': {'shares': 2800.0, 'price': 132.286, 'value': 370400.8, 'profit_pct': 0.41246260103347965}, '518880': {'shares': 43400.0, 'price': 8.692, 'value': 377232.8, 'profit_pct': -0.523351090426333}}",0.011755892389243128,1.325338336637427,-0.39083422665395773
2025-10-30,34671.73663742683,1284328.5,1319000.2366374268,"{'510300': {'shares': 57000.0, 'price': 4.7, 'value': 267900.0, 'profit_pct': 0.049109211691801644}, '159915': {'shares': 82700.0, 'price': 3.239, 'value': 267865.3, 'profit_pct': 0.023623980347329605}, '511260': {'shares': 2800.0, 'price': 132.432, 'value': 370809.6, 'profit_pct': 0.5232847556057665}, '518880': {'shares': 43400.0, 'price': 8.704, 'value': 377753.60000000003, 'profit_pct': -0.3860156340394336}}",-0.004782250558058032,1.3190002366374267,-0.8671902152612376
2025-10-31,34671.73663742683,1278608.0,1313279.7366374268,"{'510300': {'shares': 57000.0, 'price': 4.633, 'value': 264081.0, 'profit_pct': -1.3771227706876383}, '159915': {'shares': 82700.0, 'price': 3.166, 'value': 261828.19999999998, 'profit_pct': -2.2306904841680613}, '511260': {'shares': 2800.0, 'price': 132.514, 'value': 371039.2, 'profit_pct': 0.585527335571046}, '518880': {'shares': 43400.0, 'price': 8.794, 'value': 381659.60000000003, 'profit_pct': 0.6440002888622709}}",-0.004336996947463367,1.3132797366374267,-1.2971289086911142
2025-11-03,657.8424036267679,1310663.4,1311321.2424036267,"{'510300': {'shares': 58400.0, 'price': 4.64, 'value': 270976.0, 'profit_pct': -0.0999000999000851}, '159915': {'shares': 85300.0, 'price': 3.176, 'value': 270912.8, 'profit_pct': -0.0999000999000811}, '511260': {'shares': 2900.0, 'price': 132.533, 'value': 384345.69999999995, 'profit_pct': -0.09990009990009624}, '518880': {'shares': 43700.0, 'price': 8.797, 'value': 384428.9, 'profit_pct': -0.09990009990009421}}",-0.0014913001237761847,1.3113212424036267,-1.4443245125666526
2025-11-04,657.8424036267679,1300735.7999999998,1301393.6424036266,"{'510300': {'shares': 58400.0, 'price': 4.606, 'value': 268990.39999999997, 'profit_pct': -0.8319266939956407}, '159915': {'shares': 85300.0, 'price': 3.112, 'value': 265453.60000000003, 'profit_pct': -2.1130003497761516}, '511260': {'shares': 2900.0, 'price': 132.581, 'value': 384484.89999999997, 'profit_pct': -0.06371888620082906}, '518880': {'shares': 43700.0, 'price': 8.737, 'value': 381806.9, 'profit_pct': -0.7812694296722942}}",-0.007570684954209206,1.3013936424036265,-2.1904584821312856
2025-11-05,657.8424036267679,1302284.7,1302942.5424036267,"{'510300': {'shares': 58400.0, 'price': 4.612, 'value': 269340.8, 'profit_pct': -0.7027455303317135}, '159915': {'shares': 85300.0, 'price': 3.142, 'value': 268012.6, 'profit_pct': -1.1693596076467507}, '511260': {'shares': 2900.0, 'price': 132.579, 'value': 384479.10000000003, 'profit_pct': -0.06522643677161757}, '518880': {'shares': 43700.0, 'price': 8.706, 'value': 380452.19999999995, 'profit_pct': -1.1333102500546013}}",0.001190185620654649,1.3029425424036267,-2.0740469722538957
2025-11-06,657.8424036267679,1313140.7000000002,1313798.542403627,"{'510300': {'shares': 58400.0, 'price': 4.682, 'value': 273428.80000000005, 'profit_pct': 0.8043680457473862}, '159915': {'shares': 85300.0, 'price': 3.201, 'value': 273045.3, 'profit_pct': 0.6864671852077554}, '511260': {'shares': 2900.0, 'price': 132.439, 'value': 384073.1, 'profit_pct': -0.17075497672782067}, '518880': {'shares': 43700.0, 'price': 8.755, 'value': 382593.50000000006, 'profit_pct': -0.5768586307406282}}",0.008331910001168064,1.313798542403627,-1.258136744848093
2025-11-07,657.8424036267679,1312777.1,1313434.9424036269,"{'510300': {'shares': 58400.0, 'price': 4.672, 'value': 272844.8, 'profit_pct': 0.5890661063075011}, '159915': {'shares': 85300.0, 'price': 3.185, 'value': 271680.5, 'profit_pct': 0.18319212273873786}, '511260': {'shares': 2900.0, 'price': 132.413, 'value': 383997.7, 'profit_pct': -0.1903531341482428}, '518880': {'shares': 43700.0, 'price': 8.793, 'value': 384254.1, 'profit_pct': -0.14532472188492235}}",-0.00027675475977839703,1.313434942403627,-1.2854640254933436
2025-11-10,657.8424036267679,1317270.2,1317928.0424036267,"{'510300': {'shares': 58400.0, 'price': 4.684, 'value': 273545.60000000003, 'profit_pct': 0.8474284336353557}, '159915': {'shares': 85300.0, 'price': 3.158, 'value': 269377.39999999997, 'profit_pct': -0.666084545177733}, '511260': {'shares': 2900.0, 'price': 132.36, 'value': 383844.00000000006, 'profit_pct': -0.23030322427451339}, '518880': {'shares': 43700.0, 'price': 8.936, 'value': 390503.2, 'profit_pct': 1.4786055140721486}}",0.003420877467883887,1.3179280424036268,-0.9477736936255532
2025-11-11,657.8424036267679,1316150.8,1316808.6424036268,"{'510300': {'shares': 58400.0, 'price': 4.64, 'value': 270976.0, 'profit_pct': -0.0999000999000851}, '159915': {'shares': 85300.0, 'price': 3.113, 'value': 265538.9, 'profit_pct': -2.0815456583718417}, '511260': {'shares': 2900.0, 'price': 132.285, 'value': 383626.5, 'profit_pct': -0.2868363706796291}, '518880': {'shares': 43700.0, 'price': 9.062, 'value': 396009.39999999997, 'profit_pct': 2.9094811065937507}}",-0.0008493635190873761,1.3168086424036267,-1.0319050411345732
2025-11-12,657.8424036267679,1314697.7000000002,1315355.542403627,"{'510300': {'shares': 58400.0, 'price': 4.642, 'value': 271092.80000000005, 'profit_pct': -0.056839712012096616}, '159915': {'shares': 85300.0, 'price': 3.108, 'value': 265112.4, 'profit_pct': -2.2388191153934063}, '511260': {'shares': 2900.0, 'price': 132.388, 'value': 383925.2, 'profit_pct': -0.20919751628328134}, '518880': {'shares': 43700.0, 'price': 9.029, 'value': 394567.3, 'profit_pct': 2.5347279752190497}}",-0.0011035012629834196,1.315355542403627,-1.1411164589167466
2025-11-13,657.8424036267679,1329862.3,1330520.1424036268,"{'510300': {'shares': 58400.0, 'price': 4.689, 'value': 273837.6, 'profit_pct': 0.9550794033552886}, '159915': {'shares': 85300.0, 'price': 3.182, 'value': 271424.6, 'profit_pct': 0.08882804852579355}, '511260': {'shares': 2900.0, 'price': 132.294, 'value': 383652.60000000003, 'profit_pct': -0.28005239311100577}, '518880': {'shares': 43700.0, 'price': 9.175, 'value': 400947.50000000006, 'profit_pct': 4.192726677664731}}",0.01152889808962887,1.3305201424036268,-0.0013824653171123913
2025-11-14,657.8424036267679,1314886.5,1315544.3424036268,"{'510300': {'shares': 58400.0, 'price': 4.618, 'value': 269691.2, 'profit_pct': -0.5735643666677863}, '159915': {'shares': 85300.0, 'price': 3.093, 'value': 263832.9, 'profit_pct': -2.7106394864581134}, '511260': {'shares': 2900.0, 'price': 132.368, 'value': 383867.2, 'profit_pct': -0.22427302199131646}, '518880': {'shares': 43700.0, 'price': 9.096, 'value': 397495.2, 'profit_pct': 3.2955903934646686}}",-0.011255598109883413,1.3155443424036268,-1.1269267158314333
2025-11-17,657.8424036267679,1303281.4,1303939.2424036267,"{'510300': {'shares': 58400.0, 'price': 4.587, 'value': 267880.8, 'profit_pct': -1.2410003789313975}, '159915': {'shares': 85300.0, 'price': 3.084, 'value': 263065.2, 'profit_pct': -2.993731709096932}, '511260': {'shares': 2900.0, 'price': 132.48, 'value': 384191.99999999994, 'profit_pct': -0.13985019002636684}, '518880': {'shares': 43700.0, 'price': 8.882, 'value': 388143.39999999997, 'profit_pct': 0.8653731172771706}}",-0.008821519447072768,1.3039392424036267,-1.9991374545995755
2025-11-18,657.8424036267679,1294388.2,1295046.0424036267,"{'510300': {'shares': 58400.0, 'price': 4.56, 'value': 266304.0, 'profit_pct': -1.8223156154190507}, '159915': {'shares': 85300.0, 'price': 3.051, 'value': 260250.30000000002, 'profit_pct': -4.031736525439278}, '511260': {'shares': 2900.0, 'price': 132.51, 'value': 384279.0, 'profit_pct': -0.11723693146432487}, '518880': {'shares': 43700.0, 'price': 8.777, 'value': 383554.89999999997, 'profit_pct': -0.3270232098241743}}",-0.006820256428211047,1.2950460424036268,-2.6675284673450705
2025-11-19,657.8424036267679,1303293.0,1303950.8424036268,"{'510300': {'shares': 58400.0, 'price': 4.574, 'value': 267121.6, 'profit_pct': -1.520892900203227}, '159915': {'shares': 85300.0, 'price': 3.057, 'value': 260762.1, 'profit_pct': -3.843008377013403}, '511260': {'shares': 2900.0, 'price': 132.455, 'value': 384119.50000000006, 'profit_pct': -0.158694572161384}, '518880': {'shares': 43700.0, 'price': 8.954, 'value': 391289.80000000005, 'profit_pct': 1.6830163130038145}}",0.006876048965388515,1.3039508424036268,-1.9982656271642418
2025-11-20,657.8424036267679,1297298.0,1297955.8424036268,"{'510300': {'shares': 58400.0, 'price': 4.553, 'value': 265895.2, 'profit_pct': -1.973026973026953}, '159915': {'shares': 85300.0, 'price': 3.026, 'value': 258117.8, 'profit_pct': -4.818103810547129}, '511260': {'shares': 2900.0, 'price': 132.491, 'value': 384223.9, 'profit_pct': -0.1315586618869336}, '518880': {'shares': 43700.0, 'price': 8.903, 'value': 389061.10000000003, 'profit_pct': 1.1038523826974476}}",-0.004597565954978178,1.2979558424036268,-2.4488350646456047
2025-11-21,657.8424036267679,1276994.7999999998,1277652.6424036266,"{'510300': {'shares': 58400.0, 'price': 4.441, 'value': 259354.4, 'profit_pct': -4.384408694753505}, '159915': {'shares': 85300.0, 'price': 2.904, 'value': 247711.19999999998, 'profit_pct': -8.65557616187338}, '511260': {'shares': 2900.0, 'price': 132.464, 'value': 384145.6, 'profit_pct': -0.1519105945927821}, '518880': {'shares': 43700.0, 'price': 8.828, 'value': 385783.6, 'profit_pct': 0.25214072048219266}}",-0.015642442783262656,1.2776526424036265,-3.9747735805874984
2025-11-24,657.8424036267679,1278235.0999999999,1278892.9424036266,"{'510300': {'shares': 58400.0, 'price': 4.434, 'value': 258945.6, 'profit_pct': -4.535120052361408}, '159915': {'shares': 85300.0, 'price': 2.908, 'value': 248052.4, 'profit_pct': -8.529757396256127}, '511260': {'shares': 2900.0, 'price': 132.478, 'value': 384186.2, 'profit_pct': -0.14135774059715536}, '518880': {'shares': 43700.0, 'price': 8.857, 'value': 387050.89999999997, 'profit_pct': 0.5814692298720856}}",0.0009707646341705622,1.2788929424036266,-3.881555686791316
2025-11-25,657.8424036267679,1291430.1,1292087.9424036269,"{'510300': {'shares': 58400.0, 'price': 4.474, 'value': 261281.6, 'profit_pct': -3.6739122946019247}, '159915': {'shares': 85300.0, 'price': 2.961, 'value': 252573.3, 'profit_pct': -6.862658751827509}, '511260': {'shares': 2900.0, 'price': 132.358, 'value': 383838.2, 'profit_pct': -0.2318107748453233}, '518880': {'shares': 43700.0, 'price': 9.01, 'value': 393737.0, 'profit_pct': 2.318961020791187}}",0.010317517254572417,1.292087942403627,-2.8898519791071275
2025-11-26,657.8424036267679,1297909.8,1298567.6424036268,"{'510300': {'shares': 58400.0, 'price': 4.503, 'value': 262975.2, 'profit_pct': -3.049536670226302}, '159915': {'shares': 85300.0, 'price': 3.027, 'value': 258203.1, 'profit_pct': -4.786649119142805}, '511260': {'shares': 2900.0, 'price': 132.052, 'value': 382950.8, 'profit_pct': -0.46246601217815164}, '518880': {'shares': 43700.0, 'price': 9.011, 'value': 393780.69999999995, 'profit_pct': 2.3303171762873833}}",0.0050149063290119145,1.2985676424036268,-2.4028536831858682
2025-11-27,657.8424036267679,1296396.5,1297054.3424036268,"{'510300': {'shares': 58400.0, 'price': 4.499, 'value': 262741.6, 'profit_pct': -3.1356574460022593}, '159915': {'shares': 85300.0, 'price': 3.012, 'value': 256923.6, 'profit_pct': -5.258469490207512}, '511260': {'shares': 2900.0, 'price': 132.067, 'value': 382994.30000000005, 'profit_pct': -0.45115938289711993}, '518880': {'shares': 43700.0, 'price': 9.01, 'value': 393737.0, 'profit_pct': 2.318961020791187}}",-0.0011653609335274817,1.2970543424036267,-2.516589584727247
2025-11-28,657.8424036267679,1301669.4,1302327.2424036267,"{'510300': {'shares': 58400.0, 'price': 4.512, 'value': 263500.8, 'profit_pct': -2.85576492473043}, '159915': {'shares': 85300.0, 'price': 3.035, 'value': 258885.5, 'profit_pct': -4.535011587908295}, '511260': {'shares': 2900.0, 'price': 132.088, 'value': 383055.19999999995, 'profit_pct': -0.4353301019037012}, '518880': {'shares': 43700.0, 'price': 9.067, 'value': 396227.9, 'profit_pct': 2.966261884074776}}",0.00406528842132281,1.3023272424036267,-2.1202914050949873
2025-12-01,10858.070882066677,1298808.6,1309666.6708820667,"{'510300': {'shares': 84400.0, 'price': 4.564, 'value': 385201.6, 'profit_pct': -0.09990009990008561}, '159915': {'shares': 125400.0, 'price': 3.073, 'value': 385354.2, 'profit_pct': -0.09990009990008884}, '511260': {'shares': 2000.0, 'price': 132.208, 'value': 264416.0, 'profit_pct': -0.09990009990009344}, '518880': {'shares': 28800.0, 'price': 9.161, 'value': 263836.8, 'profit_pct': -0.09990009990008754}}",0.005635625393886512,1.3096666708820668,-1.5686780337913264
2025-12-02,10858.070882066677,1292837.6,1303695.6708820667,"{'510300': {'shares': 84400.0, 'price': 4.543, 'value': 383429.2, 'profit_pct': -0.5595631362502366}, '159915': {'shares': 125400.0, 'price': 3.052, 'value': 382720.8, 'profit_pct': -0.7825887096957572}, '511260': {'shares': 2000.0, 'price': 132.131, 'value': 264262.0, 'profit_pct': -0.15808347528061134}, '518880': {'shares': 28800.0, 'price': 9.112, 'value': 262425.6, 'profit_pct': -0.6342418633653036}}",-0.0045591753480132,1.3036956708820666,-2.0174436903720117
2025-12-03,10858.070882066677,1286596.2000000002,1297454.2708820668,"{'510300': {'shares': 84400.0, 'price': 4.522, 'value': 381656.80000000005, 'profit_pct': -1.0192261726003875}, '159915': {'shares': 125400.0, 'price': 3.019, 'value': 378582.60000000003, 'profit_pct': -1.8553850965175238}, '511260': {'shares': 2000.0, 'price': 132.196, 'value': 264392.0, 'profit_pct': -0.10896763892043444}, '518880': {'shares': 28800.0, 'price': 9.096, 'value': 261964.8, 'profit_pct': -0.8087208065376211}}",-0.004787466998166123,1.2974542708820669,-2.486531945100312
2025-12-04,10858.070882066677,1289858.2,1300716.2708820666,"{'510300': {'shares': 84400.0, 'price': 4.534, 'value': 382669.6, 'profit_pct': -0.7565615804003096}, '159915': {'shares': 125400.0, 'price': 3.051, 'value': 382595.4, 'profit_pct': -0.8150976911145951}, '511260': {'shares': 2000.0, 'price': 131.775, 'value': 263550.0, 'profit_pct': -0.42708713288404704}, '518880': {'shares': 28800.0, 'price': 9.064, 'value': 261043.2, 'profit_pct': -1.157678692882256}}",0.002514154119499068,1.3007162708820665,-2.241368057683446
2025-12-05,10858.070882066677,1300627.4,1311485.4708820665,"{'510300': {'shares': 84400.0, 'price': 4.575, 'value': 386130.0, 'profit_pct': 0.1408757762833305}, '159915': {'shares': 125400.0, 'price': 3.089, 'value': 387360.6, 'profit_pct': 0.42024360280137557}, '511260': {'shares': 2000.0, 'price': 132.01, 'value': 264020.0, 'profit_pct': -0.24951449373572013}, '518880': {'shares': 28800.0, 'price': 9.136, 'value': 263116.8, 'profit_pct': -0.37252344860683717}}",0.008279438214989776,1.3114854708820665,-1.431981504535107
2025-12-08,10858.070882066677,1313019.0,1323877.0708820666,"{'510300': {'shares': 84400.0, 'price': 4.609, 'value': 388999.6, 'profit_pct': 0.8850921208502406}, '159915': {'shares': 125400.0, 'price': 3.171, 'value': 397643.39999999997, 'profit_pct': 3.085980079146373}, '511260': {'shares': 2000.0, 'price': 132.004, 'value': 264008.0, 'profit_pct': -0.25404826324589064}, '518880': {'shares': 28800.0, 'price': 9.11, 'value': 262368.0, 'profit_pct': -0.6560517312618506}}",0.009448522515210112,1.3238770708820666,-0.5006593625010658
2025-12-09,10858.070882066677,1311686.0,1322544.0708820666,"{'510300': {'shares': 84400.0, 'price': 4.585, 'value': 386974.0, 'profit_pct': 0.35976293645006535}, '159915': {'shares': 125400.0, 'price': 3.188, 'value': 399775.2, 'profit_pct': 3.63863276326669}, '511260': {'shares': 2000.0, 'price': 132.206, 'value': 264412.0, 'profit_pct': -0.10141135640349076}, '518880': {'shares': 28800.0, 'price': 9.046, 'value': 260524.8, 'profit_pct': -1.3539675039511205}}",-0.001006891069660898,1.3225440708820666,-0.6008443600261093
2025-12-10,10858.070882066677,1313078.4,1323936.4708820665,"{'510300': {'shares': 84400.0, 'price': 4.579, 'value': 386467.6, 'profit_pct': 0.22843064035001667}, '159915': {'shares': 125400.0, 'price': 3.192, 'value': 400276.80000000005, 'profit_pct': 3.768668688942056}, '511260': {'shares': 2000.0, 'price': 132.199, 'value': 264398.0, 'profit_pct': -0.10670075416533847}, '518880': {'shares': 28800.0, 'price': 9.095, 'value': 261936.00000000003, 'profit_pct': -0.8196257404858848}}",0.0010528193582775014,1.3239364708820665,-0.49619500477190437
2025-12-11,10858.070882066677,1305138.4,1315996.4708820665,"{'510300': {'shares': 84400.0, 'price': 4.545, 'value': 383598.0, 'profit_pct': -0.5157857042168935}, '159915': {'shares': 125400.0, 'price': 3.146, 'value': 394508.39999999997, 'profit_pct': 2.2732555436753388}, '511260': {'shares': 2000.0, 'price': 132.332, 'value': 264664.0, 'profit_pct': -0.0062021966899101595}, '518880': {'shares': 28800.0, 'price': 9.11, 'value': 262368.0, 'profit_pct': -0.6560517312618506}}",-0.005997266617113417,1.3159964708820666,-1.0929458527455527
2025-12-12,10858.070882066677,1314027.6,1324885.6708820667,"{'510300': {'shares': 84400.0, 'price': 4.571, 'value': 385792.39999999997, 'profit_pct': 0.0533209122166249}, '159915': {'shares': 125400.0, 'price': 3.174, 'value': 398019.6, 'profit_pct': 3.183507023402901}, '511260': {'shares': 2000.0, 'price': 132.239, 'value': 264478.0, 'profit_pct': -0.07647562409754226}, '518880': {'shares': 28800.0, 'price': 9.227, 'value': 265737.60000000003, 'profit_pct': 0.6198255406857291}}",0.006754729360362255,1.3248856708820667,-0.4248554701501539
2025-12-15,10858.070882066677,1308002.4,1318860.4708820665,"{'510300': {'shares': 84400.0, 'price': 4.544, 'value': 383513.6, 'profit_pct': -0.5376744202335747}, '159915': {'shares': 125400.0, 'price': 3.12, 'value': 391248.0, 'profit_pct': 1.4280220267854664}, '511260': {'shares': 2000.0, 'price': 131.966, 'value': 263932.0, 'profit_pct': -0.2827621368102895}, '518880': {'shares': 28800.0, 'price': 9.351, 'value': 269308.80000000005, 'profit_pct': 1.972037350271194}}",-0.004547713159271161,1.3188604708820666,-0.877694665264872
2025-12-16,10858.070882066677,1293354.8,1304212.8708820667,"{'510300': {'shares': 84400.0, 'price': 4.497, 'value': 379546.8, 'profit_pct': -1.5664440730172442}, '159915': {'shares': 125400.0, 'price': 3.06, 'value': 383724.0, 'profit_pct': -0.522516858345025}, '511260': {'shares': 2000.0, 'price': 131.986, 'value': 263972.0, 'profit_pct': -0.26764957177640214}, '518880': {'shares': 28800.0, 'price': 9.24, 'value': 266112.0, 'profit_pct': 0.761589682013236}}",-0.011106254469969379,1.3042128708820666,-1.9785722119624483
2025-12-17,10858.070882066677,1315384.0,1326242.0708820666,"{'510300': {'shares': 84400.0, 'price': 4.576, 'value': 386214.39999999997, 'profit_pct': 0.16276449229999232}, '159915': {'shares': 125400.0, 'price': 3.164, 'value': 396765.60000000003, 'profit_pct': 2.8584172092144935}, '511260': {'shares': 2000.0, 'price': 132.138, 'value': 264276.0, 'profit_pct': -0.1527940775187422}, '518880': {'shares': 28800.0, 'price': 9.31, 'value': 268128.0, 'profit_pct': 1.524935058392127}}",0.016890800951152363,1.3262420708820666,-0.32291178624694883
2025-12-18,10858.070882066677,1304029.2,1314887.2708820666,"{'510300': {'shares': 84400.0, 'price': 4.545, 'value': 383598.0, 'profit_pct': -0.5157857042168935}, '159915': {'shares': 125400.0, 'price': 3.092, 'value': 387736.8, 'profit_pct': 0.5177705470579037}, '511260': {'shares': 2000.0, 'price': 132.168, 'value': 264336.0, 'profit_pct': -0.13012522996788964}, '518880': {'shares': 28800.0, 'price': 9.318, 'value': 268358.39999999997, 'profit_pct': 1.6121745299782761}}",-0.008561634598462153,1.3148872708820665,-1.1763105933717877
2025-12-19,10858.070882066677,1307622.2000000002,1318480.2708820668,"{'510300': {'shares': 84400.0, 'price': 4.565, 'value': 385286.00000000006, 'profit_pct': -0.07801138388340435}, '159915': {'shares': 125400.0, 'price': 3.107, 'value': 389617.80000000005, 'profit_pct': 1.0054052683405301}, '511260': {'shares': 2000.0, 'price': 132.252, 'value': 264504.0, 'profit_pct': -0.06665245682550258}, '518880': {'shares': 28800.0, 'price': 9.313, 'value': 268214.4, 'profit_pct': 1.5576498602369377}}",0.002732553641339841,1.3184802708820669,-0.9062695610330684
2025-12-22,10858.070882066677,1325132.6,1335990.6708820667,"{'510300': {'shares': 84400.0, 'price': 4.607, 'value': 388830.8, 'profit_pct': 0.8413146888168975}, '159915': {'shares': 125400.0, 'price': 3.175, 'value': 398145.0, 'profit_pct': 3.2160160048217397}, '511260': {'shares': 2000.0, 'price': 132.12, 'value': 264240.0, 'profit_pct': -0.1663953860492537}, '518880': {'shares': 28800.0, 'price': 9.511, 'value': 273916.8, 'profit_pct': 3.7168267819943495}}",0.01328074479892316,1.3359906708820668,0.0
2025-12-23,10858.070882066677,1331559.0,1342417.0708820666,"{'510300': {'shares': 84400.0, 'price': 4.617, 'value': 389674.8, 'profit_pct': 1.0602018489836325}, '159915': {'shares': 125400.0, 'price': 3.185, 'value': 399399.0, 'profit_pct': 3.541105819010162}, '511260': {'shares': 2000.0, 'price': 132.441, 'value': 264882.0, 'profit_pct': 0.0761612827448576}, '518880': {'shares': 28800.0, 'price': 9.639, 'value': 277603.19999999995, 'profit_pct': 5.112658327372889}}",0.004810213229825111,1.3424170708820666,0.0
2025-12-24,10858.070882066677,1336306.0,1347164.0708820666,"{'510300': {'shares': 84400.0, 'price': 4.634, 'value': 391109.60000000003, 'profit_pct': 1.4323100212670972}, '159915': {'shares': 125400.0, 'price': 3.212, 'value': 402784.80000000005, 'profit_pct': 4.418848317318886}, '511260': {'shares': 2000.0, 'price': 132.361, 'value': 264722.0, 'profit_pct': 0.015711022609243706}, '518880': {'shares': 28800.0, 'price': 9.642, 'value': 277689.6, 'profit_pct': 5.145373129217699}}",0.0035361588458353577,1.3471640708820667,0.0
2025-12-25,10858.070882066677,1336214.8,1347072.8708820667,"{'510300': {'shares': 84400.0, 'price': 4.643, 'value': 391869.2, 'profit_pct': 1.6293084654171508}, '159915': {'shares': 125400.0, 'price': 3.222, 'value': 404038.8, 'profit_pct': 4.743938131507294}, '511260': {'shares': 2000.0, 'price': 132.403, 'value': 264806.0, 'profit_pct': 0.04744740918043724}, '518880': {'shares': 28800.0, 'price': 9.566, 'value': 275500.80000000005, 'profit_pct': 4.316598149149206}}",-6.769776745918499e-05,1.3470728708820667,-0.006769776745918499
2025-12-26,10858.070882066677,1340518.8,1351376.8708820667,"{'510300': {'shares': 84400.0, 'price': 4.661, 'value': 393388.39999999997, 'profit_pct': 2.0233053537172774}, '159915': {'shares': 125400.0, 'price': 3.226, 'value': 404540.4, 'profit_pct': 4.87397405718266}, '511260': {'shares': 2000.0, 'price': 132.335, 'value': 264670.0, 'profit_pct': -0.003935311934814168}, '518880': {'shares': 28800.0, 'price': 9.65, 'value': 277920.0, 'profit_pct': 5.2326126008038685}}",0.00319507585152512,1.3513768708820666,0.0
2025-12-29,10858.070882066677,1332793.4,1343651.4708820665,"{'510300': {'shares': 84400.0, 'price': 4.64, 'value': 391616.0, 'profit_pct': 1.5636423173671266}, '159915': {'shares': 125400.0, 'price': 3.205, 'value': 401907.0, 'profit_pct': 4.191285447386992}, '511260': {'shares': 2000.0, 'price': 131.928, 'value': 263856.0, 'profit_pct': -0.31147601037470984}, '518880': {'shares': 28800.0, 'price': 9.563, 'value': 275414.4, 'profit_pct': 4.283883347304396}}",-0.005716688043475027,1.3436514708820666,-0.5716688043475027
2025-12-30,10858.070882066677,1330777.0,1341635.0708820666,"{'510300': {'shares': 84400.0, 'price': 4.65, 'value': 392460.00000000006, 'profit_pct': 1.782529477533881}, '159915': {'shares': 125400.0, 'price': 3.229, 'value': 404916.60000000003, 'profit_pct': 4.971501001439189}, '511260': {'shares': 2000.0, 'price': 131.873, 'value': 263746.0, 'profit_pct': -0.3530355642179431}, '518880': {'shares': 28800.0, 'price': 9.363, 'value': 269654.39999999997, 'profit_pct': 2.1028965576504177}}",-0.0015006867805356094,1.3416350708820666,-0.7208795865835227
2025-12-31,10858.070882066677,1321941.2,1332799.2708820666,"{'510300': {'shares': 84400.0, 'price': 4.63, 'value': 390772.0, 'profit_pct': 1.3447551572003917}, '159915': {'shares': 125400.0, 'price': 3.186, 'value': 399524.39999999997, 'profit_pct': 3.5736148004289996}, '511260': {'shares': 2000.0, 'price': 131.888, 'value': 263776.0, 'profit_pct': -0.3417011404425061}, '518880': {'shares': 28800.0, 'price': 9.301, 'value': 267868.8, 'profit_pct': 1.426790652857695}}",-0.006585844535348162,1.3327992708820666,-1.374716439232393
2026-01-05,29112.74977061717,1325223.3,1354336.0497706172,"{'510300': {'shares': 84000.0, 'price': 4.721, 'value': 396564.0, 'profit_pct': -0.0999000999000806}, '159915': {'shares': 120800.0, 'price': 3.281, 'value': 396344.8, 'profit_pct': -0.09990009990008236}, '511260': {'shares': 2000.0, 'price': 131.803, 'value': 263606.0, 'profit_pct': -0.09990009990009292}, '518880': {'shares': 28300.0, 'price': 9.495, 'value': 268708.5, 'profit_pct': -0.09990009990009324}}",0.01615905662545658,1.3543360497706172,0.0
2026-01-06,29112.74977061717,1336137.5,1365250.249770617,"{'510300': {'shares': 84000.0, 'price': 4.796, 'value': 402864.0, 'profit_pct': 1.4871593138909618}, '159915': {'shares': 120800.0, 'price': 3.303, 'value': 399002.39999999997, 'profit_pct': 0.5699573209478841}, '511260': {'shares': 2000.0, 'price': 131.621, 'value': 263242.0, 'profit_pct': -0.23784702206284322}, '518880': {'shares': 28300.0, 'price': 9.577, 'value': 271029.1, 'profit_pct': 0.7628495780154694}}",0.008058708916334645,1.3652502497706172,0.0
2026-01-07,29112.74977061717,1333856.1999999997,1362968.9497706168,"{'510300': {'shares': 84000.0, 'price': 4.778, 'value': 401351.99999999994, 'profit_pct': 1.1062650545810981}, '159915': {'shares': 120800.0, 'price': 3.311, 'value': 399968.8, 'profit_pct': 0.8135418376198742}, '511260': {'shares': 2000.0, 'price': 131.588, 'value': 263176.0, 'profit_pct': -0.26285937608137727}, '518880': {'shares': 28300.0, 'price': 9.518, 'value': 269359.4, 'profit_pct': 0.14209066341769974}}",-0.0016709757060169306,1.3629689497706168,-0.16709757060169306
2026-01-08,29112.74977061717,1327978.9000000001,1357091.6497706173,"{'510300': {'shares': 84000.0, 'price': 4.74, 'value': 398160.0, 'profit_pct': 0.3021549515936519}, '159915': {'shares': 120800.0, 'price': 3.287, 'value': 397069.6, 'profit_pct': 0.08278828760390357}, '511260': {'shares': 2000.0, 'price': 131.794, 'value': 263588.0, 'profit_pct': -0.10672165099604304}, '518880': {'shares': 28300.0, 'price': 9.511, 'value': 269161.3, 'profit_pct': 0.06844130066879567}}",-0.004312130515510826,1.3570916497706174,-0.597590075619514
2026-01-09,29112.74977061717,1335632.8,1364745.5497706172,"{'510300': {'shares': 84000.0, 'price': 4.762, 'value': 400007.99999999994, 'profit_pct': 0.7676923796390096}, '159915': {'shares': 120800.0, 'price': 3.314, 'value': 400331.2, 'profit_pct': 0.9048860313718741}, '511260': {'shares': 2000.0, 'price': 131.92, 'value': 263840.0, 'profit_pct': -0.011219935652612123}, '518880': {'shares': 28300.0, 'price': 9.592, 'value': 271453.60000000003, 'profit_pct': 0.9206696410488084}}",0.005639928593837773,1.3647455497706171,-0.03696758159060787
2026-01-12,29112.74977061717,1350131.9,1379244.649770617,"{'510300': {'shares': 84000.0, 'price': 4.79, 'value': 402360.0, 'profit_pct': 1.360194560787674}, '159915': {'shares': 120800.0, 'price': 3.371, 'value': 407216.8, 'profit_pct': 2.6404257126598014}, '511260': {'shares': 2000.0, 'price': 131.933, 'value': 263866.0, 'profit_pct': -0.0013665840695539116}, '518880': {'shares': 28300.0, 'price': 9.777, 'value': 276689.1, 'profit_pct': 2.8671170851265715}}",0.010624031712312076,1.379244649770617,0.0
2026-01-13,29112.74977061717,1341530.7,1370643.449770617,"{'510300': {'shares': 84000.0, 'price': 4.773, 'value': 400932.0, 'profit_pct': 1.000461093661698}, '159915': {'shares': 120800.0, 'price': 3.306, 'value': 399364.8, 'profit_pct': 0.6613015146998839}, '511260': {'shares': 2000.0, 'price': 132.046, 'value': 264092.0, 'profit_pct': 0.08428177969084034}, '518880': {'shares': 28300.0, 'price': 9.793, 'value': 277141.89999999997, 'profit_pct': 3.03545848569546}}",-0.006236167021877126,1.370643449770617,-0.6236167021877126
2026-01-14,29112.74977061717,1345918.2000000002,1375030.9497706173,"{'510300': {'shares': 84000.0, 'price': 4.743, 'value': 398412.0, 'profit_pct': 0.36563732814529587}, '159915': {'shares': 120800.0, 'price': 3.332, 'value': 402505.6, 'profit_pct': 1.4529511938838453}, '511260': {'shares': 2000.0, 'price': 132.104, 'value': 264208.0, 'profit_pct': 0.1282428867537138}, '518880': {'shares': 28300.0, 'price': 9.922, 'value': 280792.60000000003, 'profit_pct': 4.3927110277821395}}",0.003201051302389679,1.3750309497706172,-0.3055078010054668
2026-01-15,29112.74977061717,1347739.7000000002,1376852.4497706173,"{'510300': {'shares': 84000.0, 'price': 4.752, 'value': 399168.0, 'profit_pct': 0.556084457800209}, '159915': {'shares': 120800.0, 'price': 3.352, 'value': 404921.6, 'profit_pct': 2.0619124855638207}, '511260': {'shares': 2000.0, 'price': 132.207, 'value': 264414.0, 'profit_pct': 0.20631174929635937}, '518880': {'shares': 28300.0, 'price': 9.867, 'value': 279236.10000000003, 'profit_pct': 3.8140374633265877}}",0.0013246974552127977,1.3768524497706174,-0.17344276089071853
2026-01-16,29112.74977061717,1345557.9,1374670.649770617,"{'510300': {'shares': 84000.0, 'price': 4.736, 'value': 397824.0, 'profit_pct': 0.2175117828581204}, '159915': {'shares': 120800.0, 'price': 3.346, 'value': 404196.8, 'profit_pct': 1.8792240980598351}, '511260': {'shares': 2000.0, 'price': 132.292, 'value': 264584.0, 'profit_pct': 0.2707375096471047}, '518880': {'shares': 28300.0, 'price': 9.857, 'value': 278953.1, 'profit_pct': 3.7088240879710153}}",-0.0015846287671302806,1.374670649770617,-0.3316307952153874
2026-01-19,29112.74977061717,1346628.2000000002,1375740.9497706173,"{'510300': {'shares': 84000.0, 'price': 4.738, 'value': 397992.00000000006, 'profit_pct': 0.25983336722589556}, '159915': {'shares': 120800.0, 'price': 3.318, 'value': 400814.4, 'profit_pct': 1.0266782897078692}, '511260': {'shares': 2000.0, 'price': 132.326, 'value': 264652.0, 'profit_pct': 0.2965078137873942}, '518880': {'shares': 28300.0, 'price': 10.006, 'value': 283169.8, 'profit_pct': 5.276503380768801}}",0.0007785864928293584,1.3757409497706172,-0.25403034919021517
2026-01-20,29112.74977061717,1341481.0,1370593.749770617,"{'510300': {'shares': 84000.0, 'price': 4.724, 'value': 396816.0, 'profit_pct': -0.03641772334843664}, '159915': {'shares': 120800.0, 'price': 3.263, 'value': 394170.39999999997, 'profit_pct': -0.6479652624120672}, '511260': {'shares': 2000.0, 'price': 132.587, 'value': 265174.0, 'profit_pct': 0.4943327955702493}, '518880': {'shares': 28300.0, 'price': 10.082, 'value': 285320.60000000003, 'profit_pct': 6.076125033471028}}",-0.003741402042919728,1.370593749770617,-0.6272201238147757
2026-01-21,29112.74977061717,1352753.9000000001,1381866.6497706173,"{'510300': {'shares': 84000.0, 'price': 4.73, 'value': 397320.00000000006, 'profit_pct': 0.09054702975485127}, '159915': {'shares': 120800.0, 'price': 3.281, 'value': 396344.8, 'profit_pct': -0.09990009990008236}, '511260': {'shares': 2000.0, 'price': 132.71, 'value': 265420.0, 'profit_pct': 0.5875606605483922}, '518880': {'shares': 28300.0, 'price': 10.377, 'value': 293669.10000000003, 'profit_pct': 9.179919606459915}}",0.008224829568854286,1.3818666497706174,0.0
2026-01-22,29112.74977061717,1355442.3,1384555.0497706172,"{'510300': {'shares': 84000.0, 'price': 4.727, 'value': 397068.0, 'profit_pct': 0.02706465320320731}, '159915': {'shares': 120800.0, 'price': 3.315, 'value': 400452.0, 'profit_pct': 0.9353340959558695}, '511260': {'shares': 2000.0, 'price': 132.636, 'value': 265272.0, 'profit_pct': 0.5314723515371511}, '518880': {'shares': 28300.0, 'price': 10.341, 'value': 292650.3, 'profit_pct': 8.8011514551799}}",0.00194548439275688,1.3845550497706172,0.0
2026-01-23,29112.74977061717,1363980.7000000002,1393093.4497706173,"{'510300': {'shares': 84000.0, 'price': 4.704, 'value': 395136.0, 'profit_pct': -0.45963356702605673}, '159915': {'shares': 120800.0, 'price': 3.337, 'value': 403109.60000000003, 'profit_pct': 1.6051915168038493}, '511260': {'shares': 2000.0, 'price': 132.637, 'value': 265274.0, 'profit_pct': 0.532230301658928}, '518880': {'shares': 28300.0, 'price': 10.617, 'value': 300461.10000000003, 'profit_pct': 11.705040614993248}}",0.006166890945516812,1.3930934497706173,0.0
2026-01-26,29112.74977061717,1369589.2,1398701.949770617,"{'510300': {'shares': 84000.0, 'price': 4.712, 'value': 395808.0, 'profit_pct': -0.29034722955501246}, '159915': {'shares': 120800.0, 'price': 3.305, 'value': 399244.0, 'profit_pct': 0.6308534501158883}, '511260': {'shares': 2000.0, 'price': 132.694, 'value': 265388.0, 'profit_pct': 0.575433458600003}, '518880': {'shares': 28300.0, 'price': 10.924, 'value': 309149.2, 'profit_pct': 14.935091238408784}}",0.004025932360046003,1.398701949770617,0.0
2026-01-27,29112.74977061717,1372263.8,1401376.5497706172,"{'510300': {'shares': 84000.0, 'price': 4.71, 'value': 395640.0, 'profit_pct': -0.3326688139227688}, '159915': {'shares': 120800.0, 'price': 3.327, 'value': 401901.6, 'profit_pct': 1.3007108709638548}, '511260': {'shares': 2000.0, 'price': 132.645, 'value': 265290.0, 'profit_pct': 0.5382939026331227}, '518880': {'shares': 28300.0, 'price': 10.934, 'value': 309432.19999999995, 'profit_pct': 15.040304613764338}}",0.0019122015240191637,1.4013765497706172,0.0
2026-01-28,29112.74977061717,1381069.5999999999,1410182.349770617,"{'510300': {'shares': 84000.0, 'price': 4.725, 'value': 396899.99999999994, 'profit_pct': -0.015256931164567855}, '159915': {'shares': 120800.0, 'price': 3.307, 'value': 399485.6, 'profit_pct': 0.6917495792838793}, '511260': {'shares': 2000.0, 'price': 132.73, 'value': 265460.0, 'profit_pct': 0.6027196629838465}, '518880': {'shares': 28300.0, 'price': 11.28, 'value': 319224.0, 'profit_pct': 18.68068740106656}}",0.006283678716788366,1.410182349770617,0.0
2026-01-29,29112.74977061717,1400648.8,1429761.5497706172,"{'510300': {'shares': 84000.0, 'price': 4.768, 'value': 400512.0, 'profit_pct': 0.8946571327422974}, '159915': {'shares': 120800.0, 'price': 3.292, 'value': 397673.6, 'profit_pct': 0.2350286105238941}, '511260': {'shares': 2000.0, 'price': 132.79, 'value': 265580.0, 'profit_pct': 0.6481966702902524}, '518880': {'shares': 28300.0, 'price': 11.904, 'value': 336883.2, 'profit_pct': 25.24600202325323}}",0.01388416186260244,1.429761549770617,0.0
2026-01-30,29112.74977061717,1375852.7,1404965.449770617,"{'510300': {'shares': 84000.0, 'price': 4.711, 'value': 395724.0, 'profit_pct': -0.31150802173888126}, '159915': {'shares': 120800.0, 'price': 3.335, 'value': 402868.0, 'profit_pct': 1.5442953876358452}, '511260': {'shares': 2000.0, 'price': 132.853, 'value': 265706.0, 'profit_pct': 0.6959475279619894}, '518880': {'shares': 28300.0, 'price': 11.009, 'value': 311554.7, 'profit_pct': 15.829404928931016}}",-0.01734282195795389,1.404965449770617,-1.7342821957953891
2026-02-02,613.8849444972293,1350378.4,1350992.284944497,"{'510300': {'shares': 90800.0, 'price': 4.6, 'value': 417679.99999999994, 'profit_pct': -0.09990009990007928}, '159915': {'shares': 128500.0, 'price': 3.252, 'value': 417882.0, 'profit_pct': -0.09990009990009409}, '511260': {'shares': 2100.0, 'price': 132.86, 'value': 279006.0, 'profit_pct': -0.0999000999000952}, '518880': {'shares': 23800.0, 'price': 9.908, 'value': 235810.4, 'profit_pct': -0.09990009990009348}}",-0.0384160086178148,1.350992284944497,-5.509258857797472
2026-02-03,613.8849444972293,1376219.3,1376833.1849444972,"{'510300': {'shares': 90800.0, 'price': 4.664, 'value': 423491.19999999995, 'profit_pct': 1.2900143334926166}, '159915': {'shares': 128500.0, 'price': 3.313, 'value': 425720.5, 'profit_pct': 1.7739947629246702}, '511260': {'shares': 2100.0, 'price': 132.84, 'value': 278964.0, 'profit_pct': -0.1149385012097672}, '518880': {'shares': 23800.0, 'price': 10.422, 'value': 248043.6, 'profit_pct': 5.082644444776074}}",0.019127348311290815,1.3768331849444972,-3.7019015397785404
2026-02-04,613.8849444972293,1388557.9000000001,1389171.7849444973,"{'510300': {'shares': 90800.0, 'price': 4.707, 'value': 427395.6, 'profit_pct': 2.2238630934283363}, '159915': {'shares': 128500.0, 'price': 3.297, 'value': 423664.5, 'profit_pct': 1.2824813562821118}, '511260': {'shares': 2100.0, 'price': 132.792, 'value': 278863.2, 'profit_pct': -0.15103066435296286}, '518880': {'shares': 23800.0, 'price': 10.867, 'value': 258634.60000000003, 'profit_pct': 9.569477756801154}}",0.008961579467230418,1.3891717849444973,-2.838918477884078
2026-02-05,613.8849444972293,1370633.1999999997,1371247.0849444969,"{'510300': {'shares': 90800.0, 'price': 4.679, 'value': 424853.2, 'profit_pct': 1.6157755288190419}, '159915': {'shares': 128500.0, 'price': 3.238, 'value': 416083.0, 'profit_pct': -0.5299743307123259}, '511260': {'shares': 2100.0, 'price': 132.976, 'value': 279249.6, 'profit_pct': -0.01267737230405325}, '518880': {'shares': 23800.0, 'price': 10.523, 'value': 250447.4, 'profit_pct': 6.101004365033442}}",-0.012903155818642431,1.3712470849444969,-4.092603052271759
2026-02-06,613.8849444972293,1363035.0,1363648.8849444971,"{'510300': {'shares': 90800.0, 'price': 4.649, 'value': 422129.2, 'profit_pct': 0.9642531381662107}, '159915': {'shares': 128500.0, 'price': 3.229, 'value': 414926.5, 'profit_pct': -0.8064506219487616}, '511260': {'shares': 2100.0, 'price': 133.087, 'value': 279482.69999999995, 'profit_pct': 0.07078575496457605}, '518880': {'shares': 23800.0, 'price': 10.357, 'value': 246496.59999999998, 'profit_pct': 4.4272642980757695}}",-0.00554108744034798,1.3636488849444972,-4.624034324935289
2026-02-09,613.8849444972293,1390676.8,1391290.6849444972,"{'510300': {'shares': 90800.0, 'price': 4.727, 'value': 429211.60000000003, 'profit_pct': 2.658211353863564}, '159915': {'shares': 128500.0, 'price': 3.321, 'value': 426748.5, 'profit_pct': 2.0197514662459493}, '511260': {'shares': 2100.0, 'price': 133.145, 'value': 279604.5, 'profit_pct': 0.1143971187626184}, '518880': {'shares': 23800.0, 'price': 10.719, 'value': 255112.19999999998, 'profit_pct': 8.077227576622011}}",0.020270467203971743,1.3912906849444973,-2.6907189406717547
2026-02-10,613.8849444972293,1388811.7,1389425.584944497,"{'510300': {'shares': 90800.0, 'price': 4.733, 'value': 429756.39999999997, 'profit_pct': 2.7885158319941143}, '159915': {'shares': 128500.0, 'price': 3.311, 'value': 425463.5, 'profit_pct': 1.7125555870943436}, '511260': {'shares': 2100.0, 'price': 133.176, 'value': 279669.6, 'profit_pct': 0.13770664079258113}, '518880': {'shares': 23800.0, 'price': 10.669, 'value': 253922.2, 'profit_pct': 7.573089002237182}}",-0.0013405537895012642,1.3894255849444972,-2.8211672661494713
2026-02-11,613.8849444972293,1385323.6999999997,1385937.5849444969,"{'510300': {'shares': 90800.0, 'price': 4.723, 'value': 428848.39999999997, 'profit_pct': 2.5713417017765106}, '159915': {'shares': 128500.0, 'price': 3.273, 'value': 420580.5, 'profit_pct': 0.5452112463182741}, '511260': {'shares': 2100.0, 'price': 133.264, 'value': 279854.4, 'profit_pct': 0.20387560655512077}, '518880': {'shares': 23800.0, 'price': 10.758, 'value': 256040.39999999997, 'profit_pct': 8.470455664642184}}",-0.0025103899322104217,1.3859375849444968,-3.065124029468491
2026-02-12,613.8849444972293,1390911.9000000001,1391525.7849444973,"{'510300': {'shares': 90800.0, 'price': 4.727, 'value': 429211.60000000003, 'profit_pct': 2.658211353863564}, '159915': {'shares': 128500.0, 'price': 3.319, 'value': 426491.5, 'profit_pct': 1.9583122904156227}, '511260': {'shares': 2100.0, 'price': 133.368, 'value': 280072.8, 'profit_pct': 0.2820752933653638}, '518880': {'shares': 23800.0, 'price': 10.72, 'value': 255136.00000000003, 'profit_pct': 8.087310348109721}}",0.004032071906199253,1.3915257849444973,-2.6742756393367983
2026-02-13,613.8849444972293,1375332.1,1375945.9849444972,"{'510300': {'shares': 90800.0, 'price': 4.671, 'value': 424126.80000000005, 'profit_pct': 1.4420362246449547}, '159915': {'shares': 128500.0, 'price': 3.265, 'value': 419552.5, 'profit_pct': 0.29945454299699487}, '511260': {'shares': 2100.0, 'price': 133.318, 'value': 279967.80000000005, 'profit_pct': 0.2444792900912159}, '518880': {'shares': 23800.0, 'price': 10.575, 'value': 251684.99999999997, 'profit_pct': 6.625308482393671}}",-0.011196199286110597,1.3759459849444973,-3.763953844943846
2026-02-24,613.8849444972293,1392175.0,1392788.8849444971,"{'510300': {'shares': 90800.0, 'price': 4.716, 'value': 428212.8, 'profit_pct': 2.4193198106241915}, '159915': {'shares': 128500.0, 'price': 3.295, 'value': 423407.5, 'profit_pct': 1.221042180451785}, '511260': {'shares': 2100.0, 'price': 133.307, 'value': 279944.69999999995, 'profit_pct': 0.2362081693708824}, '518880': {'shares': 23800.0, 'price': 10.95, 'value': 260609.99999999997, 'profit_pct': 10.406347790279973}}",0.012240960171615578,1.3927888849444972,-2.585932236886057
2026-02-25,613.8849444972293,1401319.3,1401933.1849444972,"{'510300': {'shares': 90800.0, 'price': 4.75, 'value': 431300.0, 'profit_pct': 3.1577118533640562}, '159915': {'shares': 128500.0, 'price': 3.344, 'value': 429704.0, 'profit_pct': 2.726301988294617}, '511260': {'shares': 2100.0, 'price': 133.091, 'value': 279491.10000000003, 'profit_pct': 0.07379343522652328}, '518880': {'shares': 23800.0, 'price': 10.959, 'value': 260824.19999999998, 'profit_pct': 10.497092733669247}}",0.006565460206386264,1.4019331849444971,-1.9463640514451264
2026-02-26,613.8849444972293,1397456.5,1398070.3849444971,"{'510300': {'shares': 90800.0, 'price': 4.735, 'value': 429938.0, 'profit_pct': 2.8319506580376506}, '159915': {'shares': 128500.0, 'price': 3.336, 'value': 428676.0, 'profit_pct': 2.4805452849733376}, '511260': {'shares': 2100.0, 'price': 132.911, 'value': 279113.1, 'profit_pct': -0.0615521765604605}, '518880': {'shares': 23800.0, 'price': 10.913, 'value': 259729.4, 'profit_pct': 10.0332852452352}}",-0.0027553381583965697,1.398070384944497,-2.2165349761437025
2026-02-27,613.8849444972293,1392842.0,1393455.8849444971,"{'510300': {'shares': 90800.0, 'price': 4.725, 'value': 429029.99999999994, 'profit_pct': 2.6147765278200277}, '159915': {'shares': 128500.0, 'price': 3.301, 'value': 424178.5, 'profit_pct': 1.4053597079427513}, '511260': {'shares': 2100.0, 'price': 133.061, 'value': 279428.10000000003, 'profit_pct': 0.05123583326202598}, '518880': {'shares': 23800.0, 'price': 10.933, 'value': 260205.4, 'profit_pct': 10.234940674989131}}",-0.0033006206623733547,1.3934558849444971,-2.5392811012398986
2026-03-02,12765.991098737519,1387762.9,1400528.8910987375,"{'510300': {'shares': 87000.0, 'price': 4.739, 'value': 412293.0, 'profit_pct': -0.09990009990009625}, '159915': {'shares': 125700.0, 'price': 3.282, 'value': 412547.4, 'profit_pct': -0.09990009990008661}, '511260': {'shares': 2100.0, 'price': 133.229, 'value': 279780.9, 'profit_pct': -0.09990009990007863}, '518880': {'shares': 24800.0, 'price': 11.417, 'value': 283141.6, 'profit_pct': -0.09990009990008253}}",0.005075873754354365,1.4005288910987375,-2.0445827961011798
2026-03-03,12765.991098737519,1368993.0,1381758.9910987376,"{'510300': {'shares': 87000.0, 'price': 4.678, 'value': 406986.0, 'profit_pct': -1.3858055850037232}, '159915': {'shares': 125700.0, 'price': 3.205, 'value': 402868.5, 'profit_pct': -2.443686721566049}, '511260': {'shares': 2100.0, 'price': 133.293, 'value': 279915.3, 'profit_pct': -0.05191050008618158}, '518880': {'shares': 24800.0, 'price': 11.259, 'value': 279223.2, 'profit_pct': -1.482418781183759}}",-0.01340200842645567,1.3817589910987376,-3.357382122884811
2026-03-04,12765.991098737519,1349770.2000000002,1362536.1910987378,"{'510300': {'shares': 87000.0, 'price': 4.61, 'value': 401070.0, 'profit_pct': -2.819273994627432}, '159915': {'shares': 125700.0, 'price': 3.154, 'value': 396457.8, 'profit_pct': -3.9960648735785753}, '511260': {'shares': 2100.0, 'price': 133.304, 'value': 279938.4, 'profit_pct': -0.043662287618170356}, '518880': {'shares': 24800.0, 'price': 10.98, 'value': 272304.0, 'profit_pct': -3.923701769020132}}",-0.013911832760874154,1.3625361910987377,-4.701858060364305
2026-03-05,12765.991098737519,1359735.7,1372501.6910987375,"{'510300': {'shares': 87000.0, 'price': 4.654, 'value': 404898.0, 'profit_pct': -1.8917356119297415}, '159915': {'shares': 125700.0, 'price': 3.206, 'value': 402994.2, 'profit_pct': -2.4132479342716895}, '511260': {'shares': 2100.0, 'price': 133.303, 'value': 279936.3, 'profit_pct': -0.04441212511526616}, '518880': {'shares': 24800.0, 'price': 10.964, 'value': 271907.2, 'profit_pct': -4.063703660795694}}",0.007313934165641189,1.3725016910987375,-4.00485372410988
2026-03-06,12765.991098737519,1361090.5999999999,1373856.5910987374,"{'510300': {'shares': 87000.0, 'price': 4.667, 'value': 406029.0, 'profit_pct': -1.6176901806781507}, '159915': {'shares': 125700.0, 'price': 3.225, 'value': 405382.5, 'profit_pct': -1.8349109756787854}, '511260': {'shares': 2100.0, 'price': 133.347, 'value': 280028.7, 'profit_pct': -0.01141927524319995}, '518880': {'shares': 24800.0, 'price': 10.873, 'value': 269650.39999999997, 'profit_pct': -4.8599644202692165}}",0.00098717546855287,1.3738565910987375,-3.910089670606176
2026-03-09,12765.991098737519,1353963.4,1366729.3910987375,"{'510300': {'shares': 87000.0, 'price': 4.629, 'value': 402722.99999999994, 'profit_pct': -2.4187460566443506}, '159915': {'shares': 125700.0, 'price': 3.201, 'value': 402365.7, 'profit_pct': -2.565441870743502}, '511260': {'shares': 2100.0, 'price': 133.023, 'value': 279348.3, 'profit_pct': -0.25436662430108975}, '518880': {'shares': 24800.0, 'price': 10.868, 'value': 269526.4, 'profit_pct': -4.903715011449071}}",-0.005187732144808499,1.3667293910987375,-4.408578387213746
2026-03-10,12765.991098737519,1372854.6,1385620.5910987377,"{'510300': {'shares': 87000.0, 'price': 4.683, 'value': 407421.0, 'profit_pct': -1.2804034960608053}, '159915': {'shares': 125700.0, 'price': 3.296, 'value': 414307.19999999995, 'profit_pct': 0.3262429222209913}, '511260': {'shares': 2100.0, 'price': 133.056, 'value': 279417.60000000003, 'profit_pct': -0.22962198689703475}, '518880': {'shares': 24800.0, 'price': 10.956, 'value': 271708.8, 'profit_pct': -4.133704606683484}}",0.013822194885860561,1.3856205910987376,-3.087295128265355
2026-03-11,12765.991098737519,1380626.7,1393392.6910987375,"{'510300': {'shares': 87000.0, 'price': 4.711, 'value': 409857.0, 'profit_pct': -0.6901517979804415}, '159915': {'shares': 125700.0, 'price': 3.335, 'value': 419209.5, 'profit_pct': 1.5133556267011592}, '511260': {'shares': 2100.0, 'price': 133.05, 'value': 279405.0, 'profit_pct': -0.23412101187958828}, '518880': {'shares': 24800.0, 'price': 10.974, 'value': 272155.2, 'profit_pct': -3.97620247843597}}",0.0056091112169724955,1.3933926910987375,-2.5437009883021666
2026-03-12,12765.991098737519,1374984.9,1387750.8910987375,"{'510300': {'shares': 87000.0, 'price': 4.694, 'value': 408378.0, 'profit_pct': -1.048518900386378}, '159915': {'shares': 125700.0, 'price': 3.308, 'value': 415815.6, 'profit_pct': 0.6915083697533497}, '511260': {'shares': 2100.0, 'price': 133.109, 'value': 279528.9, 'profit_pct': -0.18988059955114892}, '518880': {'shares': 24800.0, 'price': 10.938, 'value': 271262.4, 'profit_pct': -4.291206734930983}}",-0.004048966264887821,1.3877508910987375,-2.9382982553013526
2026-03-13,12765.991098737519,1369093.9,1381859.8910987375,"{'510300': {'shares': 87000.0, 'price': 4.677, 'value': 406898.99999999994, 'profit_pct': -1.4068860027923145}, '159915': {'shares': 125700.0, 'price': 3.3, 'value': 414810.0, 'profit_pct': 0.44799807139844405}, '511260': {'shares': 2100.0, 'price': 133.093, 'value': 279495.3, 'profit_pct': -0.20187799950463917}, '518880': {'shares': 24800.0, 'price': 10.802, 'value': 267889.6, 'profit_pct': -5.481222815023274}}",-0.004244998174950498,1.3818598910987374,-3.350325002065191
2026-03-16,12765.991098737519,1371564.7,1384330.6910987375,"{'510300': {'shares': 87000.0, 'price': 4.68, 'value': 407160.0, 'profit_pct': -1.3436447494265598}, '159915': {'shares': 125700.0, 'price': 3.349, 'value': 420969.30000000005, 'profit_pct': 1.9394986488222508}, '511260': {'shares': 2100.0, 'price': 132.842, 'value': 278968.2, 'profit_pct': -0.3900872112747697}, '518880': {'shares': 24800.0, 'price': 10.664, 'value': 264467.2, 'profit_pct': -6.688739131587501}}",0.0017880249770008128,1.3843306910987376,-3.177512969149876
2026-03-17,12765.991098737519,1358522.5000000002,1371288.4910987378,"{'510300': {'shares': 87000.0, 'price': 4.646, 'value': 404202.0, 'profit_pct': -2.060378954238414}, '159915': {'shares': 125700.0, 'price': 3.273, 'value': 411416.10000000003, 'profit_pct': -0.373849185549352}, '511260': {'shares': 2100.0, 'price': 132.908, 'value': 279106.8, 'profit_pct': -0.34059793646670233}, '518880': {'shares': 24800.0, 'price': 10.637, 'value': 263797.60000000003, 'profit_pct': -6.924992323958756}}",-0.009421303799634906,1.3712884910987377,-4.0897070341037285
2026-03-18,12765.991098737519,1367711.0000000002,1380476.9910987378,"{'510300': {'shares': 87000.0, 'price': 4.662, 'value': 405594.0, 'profit_pct': -1.7230922696210687}, '159915': {'shares': 125700.0, 'price': 3.338, 'value': 419586.60000000003, 'profit_pct': 1.6046719885842522}, '511260': {'shares': 2100.0, 'price': 133.096, 'value': 279501.60000000003, 'profit_pct': -0.19962848701335173}, '518880': {'shares': 24800.0, 'price': 10.606, 'value': 263028.8, 'profit_pct': -7.196245989273914}}",0.006700632332032219,1.3804769910987378,-3.4470474240817506
2026-03-19,12765.991098737519,1346031.5,1358797.4910987376,"{'510300': {'shares': 87000.0, 'price': 4.599, 'value': 400113.0, 'profit_pct': -3.051158590301859}, '159915': {'shares': 125700.0, 'price': 3.303, 'value': 415187.1, 'profit_pct': 0.539314433281537}, '511260': {'shares': 2100.0, 'price': 133.146, 'value': 279606.6, 'profit_pct': -0.16213661215875333}, '518880': {'shares': 24800.0, 'price': 10.126, 'value': 251124.8, 'profit_pct': -11.396302742540797}}",-0.01570435446573093,1.3587974910987375,-4.9633492160468755
2026-03-20,12765.991098737519,1342796.5,1355562.4910987376,"{'510300': {'shares': 87000.0, 'price': 4.576, 'value': 398111.99999999994, 'profit_pct': -3.536008199439305}, '159915': {'shares': 125700.0, 'price': 3.341, 'value': 419963.7, 'profit_pct': 1.6959883504673452}, '511260': {'shares': 2100.0, 'price': 133.0, 'value': 279300.0, 'profit_pct': -0.271612886734208}, '518880': {'shares': 24800.0, 'price': 9.896, 'value': 245420.80000000002, 'profit_pct': -13.408829936814499}}",-0.002380781552212108,1.3555624910987376,-5.189610721017335
2026-03-23,12765.991098737519,1291920.8,1304686.7910987376,"{'510300': {'shares': 87000.0, 'price': 4.43, 'value': 385410.0, 'profit_pct': -6.613749196572577}, '159915': {'shares': 125700.0, 'price': 3.228, 'value': 405759.60000000003, 'profit_pct': -1.7435946137956924}, '511260': {'shares': 2100.0, 'price': 132.864, 'value': 279014.4, 'profit_pct': -0.3735907863387472}, '518880': {'shares': 24800.0, 'price': 8.941, 'value': 221736.80000000002, 'profit_pct': -21.765192852168394}}",-0.037531062075023325,1.3046867910987376,-8.747945326403961
2026-03-24,12765.991098737519,1306418.2,1319184.1910987375,"{'510300': {'shares': 87000.0, 'price': 4.479, 'value': 389673.0, 'profit_pct': -5.58080872493195}, '159915': {'shares': 125700.0, 'price': 3.237, 'value': 406890.9, 'profit_pct': -1.469645528146427}, '511260': {'shares': 2100.0, 'price': 132.971, 'value': 279239.10000000003, 'profit_pct': -0.29335817414987975}, '518880': {'shares': 24800.0, 'price': 9.299, 'value': 230615.19999999998, 'profit_pct': -18.632650523690188}}",0.0111117856783014,1.3191841910987376,-7.733972052166327
2026-03-25,12765.991098737519,1329521.8,1342287.7910987376,"{'510300': {'shares': 87000.0, 'price': 4.544, 'value': 395327.99999999994, 'profit_pct': -4.210581568673996}, '159915': {'shares': 125700.0, 'price': 3.307, 'value': 415689.89999999997, 'profit_pct': 0.6610695824589898}, '511260': {'shares': 2100.0, 'price': 133.051, 'value': 279407.1, 'profit_pct': -0.23337117438251379}, '518880': {'shares': 24800.0, 'price': 9.641, 'value': 239096.8, 'profit_pct': -15.640110086987535}}",0.017513551296242547,1.3422877910987376,-6.1180662388013785
2026-03-26,12765.991098737519,1314581.7000000002,1327347.6910987378,"{'510300': {'shares': 87000.0, 'price': 4.488, 'value': 390456.00000000006, 'profit_pct': -5.391084964834686}, '159915': {'shares': 125700.0, 'price': 3.263, 'value': 410159.1, 'profit_pct': -0.6782370584929907}, '511260': {'shares': 2100.0, 'price': 133.146, 'value': 279606.6, 'profit_pct': -0.16213661215875333}, '518880': {'shares': 24800.0, 'price': 9.45, 'value': 234359.99999999997, 'profit_pct': -17.31138267005832}}",-0.011130325477944347,1.3273476910987378,-7.163002718062328
2026-03-27,12765.991098737519,1321165.0,1333930.9910987376,"{'510300': {'shares': 87000.0, 'price': 4.508, 'value': 392196.0, 'profit_pct': -4.969476609063014}, '159915': {'shares': 125700.0, 'price': 3.293, 'value': 413930.10000000003, 'profit_pct': 0.2349265603379119}, '511260': {'shares': 2100.0, 'price': 133.137, 'value': 279587.7, 'profit_pct': -0.16888514963257295}, '518880': {'shares': 24800.0, 'price': 9.494, 'value': 235451.19999999998, 'profit_pct': -16.92637746767552}}",0.004959740423814862,1.3339309910987376,-6.7025553098175035
2026-03-30,12765.991098737519,1321175.2,1333941.1910987375,"{'510300': {'shares': 87000.0, 'price': 4.5, 'value': 391500.0, 'profit_pct': -5.138119951371686}, '159915': {'shares': 125700.0, 'price': 3.264, 'value': 410284.8, 'profit_pct': -0.6477982711986309}, '511260': {'shares': 2100.0, 'price': 133.296, 'value': 279921.6, 'profit_pct': -0.049660987594915475}, '518880': {'shares': 24800.0, 'price': 9.656, 'value': 239468.80000000002, 'profit_pct': -15.50885831344794}}",7.646572474984126e-06,1.3339411910987375,-6.701841904144956
2026-03-31,12765.991098737519,1308776.0999999999,1321542.0910987374,"{'510300': {'shares': 87000.0, 'price': 4.463, 'value': 388281.0, 'profit_pct': -5.918095409549295}, '159915': {'shares': 125700.0, 'price': 3.182, 'value': 399977.39999999997, 'profit_pct': -3.1437788293364055}, '511260': {'shares': 2100.0, 'price': 133.325, 'value': 279982.5, 'profit_pct': -0.027915700179243712}, '518880': {'shares': 24800.0, 'price': 9.699, 'value': 240535.19999999998, 'profit_pct': -15.13260322930112}}",-0.009295087431693494,1.3215420910987374,-7.569056440861899
2026-04-01,31667.895697197877,1306644.4,1338312.2956971978,"{'510300': {'shares': 86900.0, 'price': 4.534, 'value': 394004.6, 'profit_pct': -0.09990009990009097}, '159915': {'shares': 121900.0, 'price': 3.232, 'value': 393980.80000000005, 'profit_pct': -0.09990009990009}, '511260': {'shares': 1900.0, 'price': 133.17, 'value': 253022.99999999997, 'profit_pct': -0.09990009990008376}, '518880': {'shares': 26500.0, 'price': 10.024, 'value': 265636.0, 'profit_pct': -0.09990009990007813}}",0.012689875495768277,1.3383122956971978,-6.396119275140033
2026-04-02,31667.895697197877,1286989.2,1318657.0956971978,"{'510300': {'shares': 86900.0, 'price': 4.489, 'value': 390094.1, 'profit_pct': -1.091409693085907}, '159915': {'shares': 121900.0, 'price': 3.164, 'value': 385691.60000000003, 'profit_pct': -2.2017586374021936}, '511260': {'shares': 1900.0, 'price': 133.235, 'value': 253146.50000000003, 'profit_pct': -0.05113906893583427}, '518880': {'shares': 26500.0, 'price': 9.738, 'value': 258057.0, 'profit_pct': -2.95020223192607}}",-0.01468655713856426,1.318657095697198,-7.770838017797043
2026-04-03,31667.895697197877,1283540.4,1315208.2956971978,"{'510300': {'shares': 86900.0, 'price': 4.454, 'value': 387052.6, 'profit_pct': -1.8625838211193235}, '159915': {'shares': 121900.0, 'price': 3.141, 'value': 382887.9, 'profit_pct': -2.912681378027909}, '511260': {'shares': 1900.0, 'price': 133.241, 'value': 253157.90000000002, 'profit_pct': -0.0466380506929821}, '518880': {'shares': 26500.0, 'price': 9.828, 'value': 260441.99999999997, 'profit_pct': -2.053254008561247}}",-0.00261538804231487,1.3152082956971978,-8.01205306519801
2026-04-07,31667.895697197877,1284403.4,1316071.2956971978,"{'510300': {'shares': 86900.0, 'price': 4.446, 'value': 386357.39999999997, 'profit_pct': -2.0388521932412464}, '159915': {'shares': 121900.0, 'price': 3.151, 'value': 384106.89999999997, 'profit_pct': -2.6035845342776063}, '511260': {'shares': 1900.0, 'price': 133.294, 'value': 253258.60000000003, 'profit_pct': -0.006879056214458237}, '518880': {'shares': 26500.0, 'price': 9.837, 'value': 260680.5, 'profit_pct': -1.9635591862247614}}",0.0006561698271090322,1.3160712956971978,-7.951693349961686
2026-04-08,31667.895697197877,1328899.6,1360567.495697198,"{'510300': {'shares': 86900.0, 'price': 4.602, 'value': 399913.80000000005, 'profit_pct': 1.3983810631362665}, '159915': {'shares': 121900.0, 'price': 3.345, 'value': 407755.5, 'profit_pct': 3.3928942344784025}, '511260': {'shares': 1900.0, 'price': 133.282, 'value': 253235.80000000002, 'profit_pct': -0.01588109270016256}, '518880': {'shares': 26500.0, 'price': 10.113, 'value': 267994.5, 'profit_pct': 0.7870820320940296}}",0.03380987044203265,1.360567495697198,-4.83955202771541
2026-04-09,31667.895697197877,1317953.2,1349621.0956971978,"{'510300': {'shares': 86900.0, 'price': 4.572, 'value': 397306.8, 'profit_pct': 0.7373746676790494}, '159915': {'shares': 121900.0, 'price': 3.32, 'value': 404708.0, 'profit_pct': 2.620152125102619}, '511260': {'shares': 1900.0, 'price': 133.356, 'value': 253376.4, 'profit_pct': 0.039631465628333216}, '518880': {'shares': 26500.0, 'price': 9.908, 'value': 262562.0, 'profit_pct': -1.2559666989036256}}",-0.008045466347401553,1.349621095697198,-5.605162209480074
2026-04-10,31667.895697197877,1340024.9000000001,1371692.795697198,"{'510300': {'shares': 86900.0, 'price': 4.642, 'value': 403389.80000000005, 'profit_pct': 2.2797229237458825}, '159915': {'shares': 121900.0, 'price': 3.437, 'value': 418970.3, 'profit_pct': 6.236585196981235}, '511260': {'shares': 1900.0, 'price': 133.372, 'value': 253406.80000000002, 'profit_pct': 0.05163418094261985}, '518880': {'shares': 26500.0, 'price': 9.972, 'value': 264258.0, 'profit_pct': -0.6181368511775279}}",0.01635399748149191,1.371692795697198,-4.061429269988093
2026-04-13,31667.895697197877,1343575.6,1375243.495697198,"{'510300': {'shares': 86900.0, 'price': 4.652, 'value': 404258.8, 'profit_pct': 2.5000583888982817}, '159915': {'shares': 121900.0, 'price': 3.468, 'value': 422749.2, 'profit_pct': 7.194785412607198}, '511260': {'shares': 1900.0, 'price': 133.464, 'value': 253581.6, 'profit_pct': 0.1206497939996721}, '518880': {'shares': 26500.0, 'price': 9.924, 'value': 262986.0, 'profit_pct': -1.096509236972101}}",0.002588553363506829,1.375243495697198,-3.8130871600348892
2026-04-14,31667.895697197877,1361495.6,1393163.495697198,"{'510300': {'shares': 86900.0, 'price': 4.712, 'value': 409472.8, 'profit_pct': 3.8220711798126965}, '159915': {'shares': 121900.0, 'price': 3.55, 'value': 432745.0, 'profit_pct': 9.729379531359728}, '511260': {'shares': 1900.0, 'price': 133.677, 'value': 253986.3, 'profit_pct': 0.2804359416209132}, '518880': {'shares': 26500.0, 'price': 10.011, 'value': 265291.5, 'profit_pct': -0.2294592877194406}}",0.013030419744625155,1.3931634956971979,-2.5597313117904696
2026-04-15,31667.895697197877,1356617.9,1388285.7956971978,"{'510300': {'shares': 86900.0, 'price': 4.694, 'value': 407908.6, 'profit_pct': 3.425467342538374}, '159915': {'shares': 121900.0, 'price': 3.511, 'value': 427990.9, 'profit_pct': 8.523901840733531}, '511260': {'shares': 1900.0, 'price': 133.696, 'value': 254022.4, 'profit_pct': 0.2946891660566152}, '518880': {'shares': 26500.0, 'price': 10.064, 'value': 266696.0, 'profit_pct': 0.29874355492874166}}",-0.0035011683948545924,1.3882857956971977,-2.9008861009077735
2026-04-16,31667.895697197877,1375818.2,1407486.0956971978,"{'510300': {'shares': 86900.0, 'price': 4.746, 'value': 412427.4, 'profit_pct': 4.571211761330885}, '159915': {'shares': 121900.0, 'price': 3.624, 'value': 441765.60000000003, 'profit_pct': 12.016696175112024}, '511260': {'shares': 1900.0, 'price': 133.713, 'value': 254054.69999999998, 'profit_pct': 0.30744205107802614}, '518880': {'shares': 26500.0, 'price': 10.097, 'value': 267570.5, 'profit_pct': 0.6276245701625052}}",0.013830221456928138,1.4074860956971977,-1.5579838524118261
2026-04-17,31667.895697197877,1379387.7,1411055.5956971978,"{'510300': {'shares': 86900.0, 'price': 4.739, 'value': 411819.1, 'profit_pct': 4.41697693572419}, '159915': {'shares': 121900.0, 'price': 3.67, 'value': 447373.0, 'profit_pct': 13.438541656363439}, '511260': {'shares': 1900.0, 'price': 133.909, 'value': 254427.09999999998, 'profit_pct': 0.45447531367785626}, '518880': {'shares': 26500.0, 'price': 10.029, 'value': 265768.5, 'profit_pct': -0.05006964304646902}}",0.0025360818916166927,1.4110555956971977,-1.3083268378856872
2026-04-20,31667.895697197877,1382097.3,1413765.195697198,"{'510300': {'shares': 86900.0, 'price': 4.765, 'value': 414078.5, 'profit_pct': 4.989849145120435}, '159915': {'shares': 121900.0, 'price': 3.672, 'value': 447616.80000000005, 'profit_pct': 13.500361025113508}, '511260': {'shares': 1900.0, 'price': 133.92, 'value': 254447.99999999997, 'profit_pct': 0.46272718045641503}, '518880': {'shares': 26500.0, 'price': 10.036, 'value': 265954.0, 'profit_pct': 0.019692996548569576}}",0.0019202645227180959,1.413765195697198,-1.1188127192247932
2026-04-21,31667.895697197877,1383577.2,1415245.0956971978,"{'510300': {'shares': 86900.0, 'price': 4.776, 'value': 415034.39999999997, 'profit_pct': 5.2322181567880826}, '159915': {'shares': 121900.0, 'price': 3.681, 'value': 448713.9, 'profit_pct': 13.778548184488784}, '511260': {'shares': 1900.0, 'price': 133.981, 'value': 254563.9, 'profit_pct': 0.5084875325920822}, '518880': {'shares': 26500.0, 'price': 10.01, 'value': 265265.0, 'profit_pct': -0.23942537909015532}}",0.001046779199618042,1.4152450956971978,-1.0153059491457395
2026-04-22,31667.895697197877,1396170.9000000001,1427838.795697198,"{'510300': {'shares': 86900.0, 'price': 4.811, 'value': 418075.9, 'profit_pct': 6.003392284821499}, '159915': {'shares': 121900.0, 'price': 3.758, 'value': 458100.2, 'profit_pct': 16.158593881366162}, '511260': {'shares': 1900.0, 'price': 134.152, 'value': 254888.8, 'profit_pct': 0.6367665525133581}, '518880': {'shares': 26500.0, 'price': 10.004, 'value': 265106.0, 'profit_pct': -0.29922192731447916}}",0.008898599993943934,1.427838795697198,-0.1344807512642654
2026-04-23,31667.895697197877,1388712.2000000002,1420380.095697198,"{'510300': {'shares': 86900.0, 'price': 4.801, 'value': 417206.9, 'profit_pct': 5.7830568196691}, '159915': {'shares': 121900.0, 'price': 3.728, 'value': 454443.2, 'profit_pct': 15.23130335011524}, '511260': {'shares': 1900.0, 'price': 134.059, 'value': 254712.1, 'profit_pct': 0.5670007697491602}, '518880': {'shares': 26500.0, 'price': 9.9, 'value': 262350.0, 'profit_pct': -1.3356954298693788}}",-0.005223768973414034,1.4203800956971981,-0.6561551522296982
2026-04-24,31667.895697197877,1378314.2,1409982.0956971978,"{'510300': {'shares': 86900.0, 'price': 4.782, 'value': 415555.8, 'profit_pct': 5.36441943587953}, '159915': {'shares': 121900.0, 'price': 3.674, 'value': 447860.6, 'profit_pct': 13.562180393863565}, '511260': {'shares': 1900.0, 'price': 133.952, 'value': 254508.8, 'profit_pct': 0.48673261108496696}, '518880': {'shares': 26500.0, 'price': 9.826, 'value': 260389.0, 'profit_pct': -2.0731861913026766}}",-0.007320575690619169,1.4099820956971978,-1.3834092878349247
2026-04-27,31667.895697197877,1376964.8,1408632.695697198,"{'510300': {'shares': 86900.0, 'price': 4.782, 'value': 415555.8, 'profit_pct': 5.36441943587953}, '159915': {'shares': 121900.0, 'price': 3.652, 'value': 445178.8, 'profit_pct': 12.88216733761289}, '511260': {'shares': 1900.0, 'price': 133.663, 'value': 253959.7, 'profit_pct': 0.269933565720939}, '518880': {'shares': 26500.0, 'price': 9.897, 'value': 262270.5, 'profit_pct': -1.3655937039815407}}",-0.0009570334290894822,1.408632695697198,-1.4777886618093095
2026-04-28,31667.895697197877,1365819.2999999998,1397487.1956971977,"{'510300': {'shares': 86900.0, 'price': 4.77, 'value': 414512.99999999994, 'profit_pct': 5.1000168776966355}, '159915': {'shares': 121900.0, 'price': 3.602, 'value': 439083.8, 'profit_pct': 11.336683118861336}, '511260': {'shares': 1900.0, 'price': 133.855, 'value': 254324.49999999997, 'profit_pct': 0.41396614949218685}, '518880': {'shares': 26500.0, 'price': 9.732, 'value': 257897.99999999997, 'profit_pct': -3.0099987801503936}}",-0.007912282622748457,1.3974871956971977,-2.257324242535219
2026-04-29,31667.895697197877,1379091.0,1410758.8956971979,"{'510300': {'shares': 86900.0, 'price': 4.821, 'value': 418944.89999999997, 'profit_pct': 6.223727749973898}, '159915': {'shares': 121900.0, 'price': 3.694, 'value': 450298.6, 'profit_pct': 14.180374081364183}, '511260': {'shares': 1900.0, 'price': 133.93, 'value': 254467.0, 'profit_pct': 0.4702288775278495}, '518880': {'shares': 26500.0, 'price': 9.637, 'value': 255380.5, 'profit_pct': -3.9567774603688073}}",0.009496831198785305,1.410758895697198,-1.32907854994897
2026-04-30,31667.895697197877,1379830.6,1411498.495697198,"{'510300': {'shares': 86900.0, 'price': 4.824, 'value': 419205.6, 'profit_pct': 6.289828389519622}, '159915': {'shares': 121900.0, 'price': 3.689, 'value': 449689.10000000003, 'profit_pct': 14.025825659489033}, '511260': {'shares': 1900.0, 'price': 133.931, 'value': 254468.90000000002, 'profit_pct': 0.4709790472349951}, '518880': {'shares': 26500.0, 'price': 9.678, 'value': 256467.00000000003, 'profit_pct': -3.548167714169273}}",0.0005242568395320557,1.4114984956971979,-1.277349644515846
2026-05-06,28766.53851847822,1399230.2,1427996.738518478,"{'510300': {'shares': 87500.0, 'price': 4.888, 'value': 427700.0, 'profit_pct': -0.09990009990008637}, '159915': {'shares': 113000.0, 'price': 3.786, 'value': 427818.0, 'profit_pct': -0.09990009990008411}, '511260': {'shares': 2000.0, 'price': 133.803, 'value': 267606.0, 'profit_pct': -0.09990009990007895}, '518880': {'shares': 28200.0, 'price': 9.791, 'value': 276106.2, 'profit_pct': -0.0999000999000806}}",0.01168845937248486,1.4279967385184782,-0.12343395669174306
2026-05-07,28766.53851847822,1411356.8,1440123.3385184782,"{'510300': {'shares': 87500.0, 'price': 4.912, 'value': 429800.0, 'profit_pct': 0.3906077555832197}, '159915': {'shares': 113000.0, 'price': 3.845, 'value': 434485.0, 'profit_pct': 1.456916036947753}, '511260': {'shares': 2000.0, 'price': 133.819, 'value': 267638.0, 'profit_pct': -0.08795416745909697}, '518880': {'shares': 28200.0, 'price': 9.909, 'value': 279433.80000000005, 'profit_pct': 1.1040843540077758}}",0.008492036202114361,1.4401233385184782,0.0
2026-05-08,28766.53851847822,1404033.0,1432799.5385184782,"{'510300': {'shares': 87500.0, 'price': 4.886, 'value': 427525.0, 'profit_pct': -0.14077575452369068}, '159915': {'shares': 113000.0, 'price': 3.806, 'value': 430078.0, 'profit_pct': 0.42783418377714777}, '511260': {'shares': 2000.0, 'price': 133.907, 'value': 267814.0, 'profit_pct': -0.022251539033642985}, '518880': {'shares': 28200.0, 'price': 9.88, 'value': 278616.0, 'profit_pct': 0.8081898695727958}}",-0.0050855366371149735,1.4327995385184782,-0.5085536637114974
2026-05-11,28766.53851847822,1424082.8,1452849.3385184782,"{'510300': {'shares': 87500.0, 'price': 4.966, 'value': 434525.0, 'profit_pct': 1.494250430420663}, '159915': {'shares': 113000.0, 'price': 3.947, 'value': 446011.0, 'profit_pct': 4.14836088370163}, '511260': {'shares': 2000.0, 'price': 133.96, 'value': 267920.0, 'profit_pct': 0.017319362177129743}, '518880': {'shares': 28200.0, 'price': 9.774, 'value': 275626.8, 'profit_pct': -0.2733554873274958}}",0.013993443926378912,1.4528493385184782,0.0
2026-05-12,28766.53851847822,1424185.7,1452952.238518478,"{'510300': {'shares': 87500.0, 'price': 4.963, 'value': 434262.5, 'profit_pct': 1.4329369484852474}, '159915': {'shares': 113000.0, 'price': 3.94, 'value': 445220.0, 'profit_pct': 3.963653884414596}, '511260': {'shares': 2000.0, 'price': 134.087, 'value': 268174.0, 'profit_pct': 0.11214020092746274}, '518880': {'shares': 28200.0, 'price': 9.806, 'value': 276529.19999999995, 'profit_pct': 0.05314877135937994}}",7.082633916111192e-05,1.452952238518478,0.0
2026-05-13,28766.53851847822,1441166.3,1469932.8385184782,"{'510300': {'shares': 87500.0, 'price': 5.017, 'value': 438987.50000000006, 'profit_pct': 2.5365796233226905}, '159915': {'shares': 113000.0, 'price': 4.048, 'value': 457424.0, 'profit_pct': 6.813419016271648}, '511260': {'shares': 2000.0, 'price': 134.141, 'value': 268282.0, 'profit_pct': 0.15245772291580081}, '518880': {'shares': 28200.0, 'price': 9.804, 'value': 276472.8, 'profit_pct': 0.03274225519146153}}",0.011686963652235871,1.4699328385184782,0.0
2026-05-14,28766.53851847822,1424351.5,1453118.0385184782,"{'510300': {'shares': 87500.0, 'price': 4.941, 'value': 432337.5, 'profit_pct': 0.9833047476255456}, '159915': {'shares': 113000.0, 'price': 3.961, 'value': 447593.0, 'profit_pct': 4.5177748822756865}, '511260': {'shares': 2000.0, 'price': 134.101, 'value': 268202.0, 'profit_pct': 0.12259289181333524}, '518880': {'shares': 28200.0, 'price': 9.795, 'value': 276219.0, 'profit_pct': -0.05908706756422566}}",-0.011439162089165511,1.453118038518478,-1.143916208916551
2026-05-15,28766.53851847822,1413147.8,1441914.3385184782,"{'510300': {'shares': 87500.0, 'price': 4.878, 'value': 426825.0, 'profit_pct': -0.30427837301812605}, '159915': {'shares': 113000.0, 'price': 3.97, 'value': 448610.0, 'profit_pct': 4.75525530993045}, '511260': {'shares': 2000.0, 'price': 134.145, 'value': 268290.0, 'profit_pct': 0.15544420602606224}, '518880': {'shares': 28200.0, 'price': 9.554, 'value': 269422.8, 'profit_pct': -2.5180722657997525}}",-0.007710110055080377,1.4419143385184783,-1.9061074945600498
2026-05-18,28766.53851847822,1404569.6,1433336.1385184783,"{'510300': {'shares': 87500.0, 'price': 4.852, 'value': 424550.0, 'profit_pct': -0.8356618831250363}, '159915': {'shares': 113000.0, 'price': 3.923, 'value': 443299.0, 'profit_pct': 3.5150797432889513}, '511260': {'shares': 2000.0, 'price': 134.227, 'value': 268454.0, 'profit_pct': 0.2166671097861241}, '518880': {'shares': 28200.0, 'price': 9.513, 'value': 268266.6, 'profit_pct': -2.936405847242316}}",-0.005949174490361031,1.4333361385184782,-2.489685177513634
2026-05-19,28766.53851847822,1406300.5,1435067.0385184782,"{'510300': {'shares': 87500.0, 'price': 4.869, 'value': 426037.5, 'profit_pct': -0.4882188188243726}, '159915': {'shares': 113000.0, 'price': 3.922, 'value': 443186.0, 'profit_pct': 3.488693029105093}, '511260': {'shares': 2000.0, 'price': 134.377, 'value': 268754.0, 'profit_pct': 0.32866022642039655}, '518880': {'shares': 28200.0, 'price': 9.515, 'value': 268323.0, 'profit_pct': -2.9159993310743793}}",0.0012076022877571813,1.435067038518478,-2.3719314982540762
2026-05-20,28766.53851847822,1403433.9,1432200.438518478,"{'510300': {'shares': 87500.0, 'price': 4.871, 'value': 426212.50000000006, 'profit_pct': -0.44734316420075015}, '159915': {'shares': 113000.0, 'price': 3.932, 'value': 444316.0, 'profit_pct': 3.7525601709437026}, '511260': {'shares': 2000.0, 'price': 134.378, 'value': 268756.0, 'profit_pct': 0.32940684719794067}, '518880': {'shares': 28200.0, 'price': 9.367, 'value': 264149.4, 'profit_pct': -4.426081527501174}}",-0.001997537343592981,1.4322004385184781,-2.566947210869175
2026-05-21,28766.53851847822,1390294.0,1419060.5385184782,"{'510300': {'shares': 87500.0, 'price': 4.808, 'value': 420700.0, 'profit_pct': -1.7349262848444398}, '159915': {'shares': 113000.0, 'price': 3.846, 'value': 434598.0, 'profit_pct': 1.4833027511316117}, '511260': {'shares': 2000.0, 'price': 134.253, 'value': 268506.0, 'profit_pct': 0.23607925000271715}, '518880': {'shares': 28200.0, 'price': 9.45, 'value': 266490.0, 'profit_pct': -3.5792111065321075}}",-0.009174623639685686,1.4190605385184782,-3.4608588002750795
2026-05-22,28766.53851847822,1406535.2,1435301.738518478,"{'510300': {'shares': 87500.0, 'price': 4.862, 'value': 425425.0, 'profit_pct': -0.6312836100069967}, '159915': {'shares': 113000.0, 'price': 3.946, 'value': 445898.0, 'profit_pct': 4.121974169517771}, '511260': {'shares': 2000.0, 'price': 134.206, 'value': 268412.0, 'profit_pct': 0.20098807345731534}, '518880': {'shares': 28200.0, 'price': 9.461, 'value': 266800.2, 'profit_pct': -3.466975267608484}}",0.011445036740262093,1.435301738518478,-2.3559647823708896
2026-05-25,28766.53851847822,1424587.9,1453354.438518478,"{'510300': {'shares': 87500.0, 'price': 4.937, 'value': 431987.5, 'profit_pct': 0.901553438378337}, '159915': {'shares': 113000.0, 'price': 4.034, 'value': 455842.0, 'profit_pct': 6.444005017697579}, '511260': {'shares': 2000.0, 'price': 134.26, 'value': 268520.0, 'profit_pct': 0.24130559544565341}, '518880': {'shares': 28200.0, 'price': 9.512, 'value': 268238.4, 'profit_pct': -2.946609105326275}}",0.012577634037170382,1.453354438518478,-1.127833841490966
2026-05-26,28766.53851847822,1428515.8,1457282.3385184782,"{'510300': {'shares': 87500.0, 'price': 4.972, 'value': 435050.00000000006, 'profit_pct': 1.6168773942914942}, '159915': {'shares': 113000.0, 'price': 4.055, 'value': 458214.99999999994, 'profit_pct': 6.99812601555867}, '511260': {'shares': 2000.0, 'price': 134.324, 'value': 268648.0, 'profit_pct': 0.2890893252096238}, '518880': {'shares': 28200.0, 'price': 9.454, 'value': 266602.80000000005, 'profit_pct': -3.538398074196235}}",0.002702644238665064,1.457282338518478,-0.8606175512583469
2026-05-27,28766.53851847822,1422439.0,1451205.5385184782,"{'510300': {'shares': 87500.0, 'price': 4.932, 'value': 431550.00000000006, 'profit_pct': 0.7993643018193173}, '159915': {'shares': 113000.0, 'price': 4.056, 'value': 458328.0, 'profit_pct': 7.024512729742541}, '511260': {'shares': 2000.0, 'price': 134.516, 'value': 269032.0, 'profit_pct': 0.4324405145014713}, '518880': {'shares': 28200.0, 'price': 9.345, 'value': 263529.0, 'profit_pct': -4.6505532053484036}}",-0.0041699537827226685,1.451205538518478,-1.2740241941172625
2026-05-28,28766.53851847822,1426078.4,1454844.938518478,"{'510300': {'shares': 87500.0, 'price': 4.932, 'value': 431550.00000000006, 'profit_pct': 0.7993643018193173}, '159915': {'shares': 113000.0, 'price': 4.138, 'value': 467594.0, 'profit_pct': 9.188223292819186}, '511260': {'shares': 2000.0, 'price': 134.706, 'value': 269412.0, 'profit_pct': 0.5742984622382094}, '518880': {'shares': 28200.0, 'price': 9.132, 'value': 257522.4, 'profit_pct': -6.823847177232928}}",0.002507845996587932,1.454844938518478,-1.026434650933239
2026-05-29,28766.53851847822,1423224.9,1451991.438518478,"{'510300': {'shares': 87500.0, 'price': 4.923, 'value': 430762.5, 'profit_pct': 0.6154238560130706}, '159915': {'shares': 113000.0, 'price': 4.053, 'value': 457989.0, 'profit_pct': 6.945352587190953}, '511260': {'shares': 2000.0, 'price': 134.739, 'value': 269478.0, 'profit_pct': 0.59893694789776}, '518880': {'shares': 28200.0, 'price': 9.397, 'value': 264995.4, 'profit_pct': -4.119983784982235}}",-0.0019613774117438476,1.451991438518478,-1.220559166368651
2026-06-01,801.904316038359,1431301.6,1432103.5043160385,"{'510300': {'shares': 91300.0, 'price': 4.868, 'value': 444448.4, 'profit_pct': -0.09990009990008361}, '159915': {'shares': 112100.0, 'price': 3.964, 'value': 444364.4, 'profit_pct': -0.09990009990008511}, '511260': {'shares': 2000.0, 'price': 134.822, 'value': 269644.0, 'profit_pct': -0.0999000999000892}, '518880': {'shares': 29200.0, 'price': 9.344, 'value': 272844.8, 'profit_pct': -0.09990009990008587}}",-0.013697005144005514,1.4321035043160384,-2.5735416755888862
2026-06-02,801.904316038359,1451529.9,1452331.8043160383,"{'510300': {'shares': 91300.0, 'price': 4.936, 'value': 450656.8, 'profit_pct': 1.2955819858038513}, '159915': {'shares': 112100.0, 'price': 4.071, 'value': 456359.1, 'profit_pct': 2.5966969458392355}, '511260': {'shares': 2000.0, 'price': 134.871, 'value': 269742.0, 'profit_pct': -0.06359219098978114}, '518880': {'shares': 29200.0, 'price': 9.41, 'value': 274772.0, 'profit_pct': 0.6057298865518262}}",0.014124886880757082,1.4523318043160383,-1.197403972563793
2026-06-03,801.904316038359,1458582.2,1459384.1043160383,"{'510300': {'shares': 91300.0, 'price': 4.965, 'value': 453304.5, 'profit_pct': 1.8907140517658252}, '159915': {'shares': 112100.0, 'price': 4.145, 'value': 464654.49999999994, 'profit_pct': 4.461633220462692}, '511260': {'shares': 2000.0, 'price': 134.809, 'value': 269618.0, 'profit_pct': -0.10953281042731638}, '518880': {'shares': 29200.0, 'price': 9.281, 'value': 271005.2, 'profit_pct': -0.7734559960587094}}",0.004855846287358023,1.4593841043160383,-0.717633753462632
2026-06-04,801.904316038359,1450349.7999999998,1451151.7043160382,"{'510300': {'shares': 91300.0, 'price': 4.926, 'value': 449743.8, 'profit_pct': 1.0903640320238641}, '159915': {'shares': 112100.0, 'price': 4.1, 'value': 459609.99999999994, 'profit_pct': 3.3275503507592377}, '511260': {'shares': 2000.0, 'price': 134.864, 'value': 269728.0, 'profit_pct': -0.06877903511982816}, '518880': {'shares': 29200.0, 'price': 9.29, 'value': 271268.0, 'profit_pct': -0.6772337251789196}}",-0.005641009776421013,1.4511517043160382,-1.2776865520855551
2026-06-05,801.904316038359,1427750.0,1428551.9043160384,"{'510300': {'shares': 91300.0, 'price': 4.843, 'value': 442165.9, 'profit_pct': -0.6129449843500699}, '159915': {'shares': 112100.0, 'price': 3.977, 'value': 445821.7, 'profit_pct': 0.2277238402364661}, '511260': {'shares': 2000.0, 'price': 134.802, 'value': 269604.0, 'profit_pct': -0.11471965455736341}, '518880': {'shares': 29200.0, 'price': 9.252, 'value': 270158.4, 'profit_pct': -1.083505535560303}}",-0.015573699105877803,1.4285519043160384,-2.815158156759534
2026-06-08,801.904316038359,1392365.0,1393166.9043160384,"{'510300': {'shares': 91300.0, 'price': 4.739, 'value': 432670.7, 'profit_pct': -2.7472117036619843}, '159915': {'shares': 112100.0, 'price': 3.827, 'value': 429006.7, 'profit_pct': -3.5525523921083826}, '511260': {'shares': 2000.0, 'price': 134.63, 'value': 269260.0, 'profit_pct': -0.242167824609854}, '518880': {'shares': 29200.0, 'price': 8.953, 'value': 261427.59999999998, 'profit_pct': -4.2802232014560655}}",-0.02476983852885739,1.3931669043160384,-5.222410996669136
2026-06-09,801.904316038359,1417783.0,1418584.9043160384,"{'510300': {'shares': 91300.0, 'price': 4.826, 'value': 440613.8, 'profit_pct': -0.9618155057760628}, '159915': {'shares': 112100.0, 'price': 3.972, 'value': 445261.2, 'profit_pct': 0.10171463249164044}, '511260': {'shares': 2000.0, 'price': 134.481, 'value': 268962.0, 'profit_pct': -0.3525735068064909}, '518880': {'shares': 29200.0, 'price': 9.005, 'value': 262946.0, 'profit_pct': -3.7242723030393985}}",0.018244763008118392,1.4185849043160383,-3.4932163468225252
2026-06-10,801.904316038359,1394465.4,1395267.3043160383,"{'510300': {'shares': 91300.0, 'price': 4.784, 'value': 436779.19999999995, 'profit_pct': -1.8237309116520237}, '159915': {'shares': 112100.0, 'price': 3.87, 'value': 433827.0, 'profit_pct': -2.4688732055028546}, '511260': {'shares': 2000.0, 'price': 134.384, 'value': 268768.0, 'profit_pct': -0.42444834689424016}, '518880': {'shares': 29200.0, 'price': 8.736, 'value': 255091.2, 'profit_pct': -6.600249066002465}}",-0.0164372255259847,1.3952673043160382,-5.07952011451721
2026-06-11,801.904316038359,1379968.5,1380770.4043160384,"{'510300': {'shares': 91300.0, 'price': 4.751, 'value': 433766.30000000005, 'profit_pct': -2.500950159125985}, '159915': {'shares': 112100.0, 'price': 3.83, 'value': 429343.0, 'profit_pct': -3.476946867461482}, '511260': {'shares': 2000.0, 'price': 134.242, 'value': 268484.0, 'profit_pct': -0.5296671849608301}, '518880': {'shares': 29200.0, 'price': 8.506, 'value': 248375.2, 'profit_pct': -9.059262655153045}}",-0.01039005211055688,1.3807704043160383,-6.0657488468864535
2026-06-12,801.904316038359,1392488.8,1393290.7043160384,"{'510300': {'shares': 91300.0, 'price': 4.818, 'value': 439883.39999999997, 'profit_pct': -1.1259898688000562}, '159915': {'shares': 112100.0, 'price': 3.846, 'value': 431136.60000000003, 'profit_pct': -3.073717402678031}, '511260': {'shares': 2000.0, 'price': 134.313, 'value': 268626.0, 'profit_pct': -0.4770577659275351}, '518880': {'shares': 29200.0, 'price': 8.659, 'value': 252842.80000000002, 'profit_pct': -7.423484050196352}}",0.009067619034173857,1.3932907043160383,-5.213988843169615
2026-06-15,801.904316038359,1432050.8,1432852.7043160384,"{'510300': {'shares': 91300.0, 'price': 4.919, 'value': 449104.69999999995, 'profit_pct': 0.9467114643778585}, '159915': {'shares': 112100.0, 'price': 4.045, 'value': 453444.5, 'profit_pct': 1.941449065566133}, '511260': {'shares': 2000.0, 'price': 134.402, 'value': 268804.0, 'profit_pct': -0.41111074770269973}, '518880': {'shares': 29200.0, 'price': 8.928, 'value': 260697.60000000003, 'profit_pct': -4.5475072872332865}}",0.02839464863825447,1.4328527043160384,-2.5225733605497402
2026-06-16,801.904316038359,1439574.9000000001,1440376.8043160385,"{'510300': {'shares': 91300.0, 'price': 4.91, 'value': 448283.0, 'profit_pct': 0.7620153059758773}, '159915': {'shares': 112100.0, 'price': 4.111, 'value': 460843.1, 'profit_pct': 3.604770607797863}, '511260': {'shares': 2000.0, 'price': 134.569, 'value': 269138.0, 'profit_pct': -0.28736746631452237}, '518880': {'shares': 29200.0, 'price': 8.949, 'value': 261310.8, 'profit_pct': -4.322988655180418}}",0.005251132916409329,1.4403768043160385,-2.010706436916454
2026-06-17,801.904316038359,1452528.1,1453330.0043160385,"{'510300': {'shares': 91300.0, 'price': 4.958, 'value': 452665.4, 'profit_pct': 1.7470614841198377}, '159915': {'shares': 112100.0, 'price': 4.183, 'value': 468914.3, 'profit_pct': 5.419303199323393}, '511260': {'shares': 2000.0, 'price': 134.702, 'value': 269404.0, 'profit_pct': -0.1888174278436922}, '518880': {'shares': 29200.0, 'price': 8.957, 'value': 261544.40000000002, 'profit_pct': -4.2374577477316935}}",0.008992924602219565,1.4533300043160384,-1.1294961080788868
2026-06-18,801.904316038359,1463137.7000000002,1463939.6043160385,"{'510300': {'shares': 91300.0, 'price': 4.984, 'value': 455039.2, 'profit_pct': 2.280628163947812}, '159915': {'shares': 112100.0, 'price': 4.269, 'value': 478554.9, 'profit_pct': 7.586661572534448}, '511260': {'shares': 2000.0, 'price': 134.715, 'value': 269430.0, 'profit_pct': -0.17918471731646504}, '518880': {'shares': 29200.0, 'price': 8.908, 'value': 260113.59999999998, 'profit_pct': -4.76133455585509}}",0.007300200208137264,1.4639396043160386,-0.40772163498844494
2026-06-22,801.904316038359,1479585.4,1480387.3043160383,"{'510300': {'shares': 91300.0, 'price': 5.091, 'value': 464808.30000000005, 'profit_pct': 4.476460269393726}, '159915': {'shares': 112100.0, 'price': 4.379, 'value': 490885.89999999997, 'profit_pct': 10.358864142920659}, '511260': {'shares': 2000.0, 'price': 134.692, 'value': 269384.0, 'profit_pct': -0.19622720517231879}, '518880': {'shares': 29200.0, 'price': 8.716, 'value': 254507.19999999998, 'profit_pct': -6.814076334624268}}",0.011235231256472522,1.4803873043160383,0.0
2026-06-23,801.904316038359,1441462.0,1442263.9043160384,"{'510300': {'shares': 91300.0, 'price': 4.942, 'value': 451204.60000000003, 'profit_pct': 1.418712758071851}, '159915': {'shares': 112100.0, 'price': 4.21, 'value': 471941.0, 'profit_pct': 6.09975292114547}, '511260': {'shares': 2000.0, 'price': 134.518, 'value': 269036.0, 'profit_pct': -0.32515733069054314}, '518880': {'shares': 29200.0, 'price': 8.537, 'value': 249280.40000000002, 'profit_pct': -8.727830388789267}}",-0.025752314876554272,1.4422639043160383,-2.575231487655427
2026-06-24,801.904316038359,1448732.9,1449534.8043160383,"{'510300': {'shares': 91300.0, 'price': 4.967, 'value': 453487.1, 'profit_pct': 1.931757642521819}, '159915': {'shares': 112100.0, 'price': 4.258, 'value': 477321.8, 'profit_pct': 7.309441315495822}, '511260': {'shares': 2000.0, 'price': 134.643, 'value': 269286.0, 'profit_pct': -0.23253511408262684}, '518880': {'shares': 29200.0, 'price': 8.515, 'value': 248638.00000000003, 'profit_pct': -8.963040384273237}}",0.005041310385874187,1.4495348043160383,-2.0840829903127522
2026-06-25,801.904316038359,1465028.2999999998,1465830.2043160382,"{'510300': {'shares': 91300.0, 'price': 5.048, 'value': 460882.4, 'profit_pct': 3.5940230681397596}, '159915': {'shares': 112100.0, 'price': 4.395, 'value': 492679.49999999994, 'profit_pct': 10.762093607704108}, '511260': {'shares': 2000.0, 'price': 134.743, 'value': 269486.0, 'profit_pct': -0.15843734079629804}, '518880': {'shares': 29200.0, 'price': 8.287, 'value': 241980.40000000002, 'profit_pct': -11.40067124656163}}",0.011241813546994495,1.4658302043160383,-0.9833305080068744
2026-06-26,801.904316038359,1435090.6,1435892.5043160385,"{'510300': {'shares': 91300.0, 'price': 4.907, 'value': 448009.1, 'profit_pct': 0.7004499198418774}, '159915': {'shares': 112100.0, 'price': 4.215, 'value': 472501.5, 'profit_pct': 6.225762128890295}, '511260': {'shares': 2000.0, 'price': 134.796, 'value': 269592.0, 'profit_pct': -0.11916552095454355}, '518880': {'shares': 29200.0, 'price': 8.39, 'value': 244988.00000000003, 'profit_pct': -10.299460813159419}}",-0.02042371613837002,1.4358925043160384,-3.0056188586781385
2026-06-29,801.904316038359,1444263.0999999999,1445065.0043160382,"{'510300': {'shares': 91300.0, 'price': 4.959, 'value': 452756.69999999995, 'profit_pct': 1.7675832794978257}, '159915': {'shares': 112100.0, 'price': 4.236, 'value': 474855.6, 'profit_pct': 6.755000801418571}, '511260': {'shares': 2000.0, 'price': 134.97, 'value': 269940.0, 'profit_pct': 0.009764604563680798}, '518880': {'shares': 29200.0, 'price': 8.449, 'value': 246710.8, 'profit_pct': -9.668670370725149}}",0.006388013011021876,1.4450650043160382,-2.386017489951353
2026-06-30,801.904316038359,1461784.7000000002,1462586.6043160385,"{'510300': {'shares': 91300.0, 'price': 5.019, 'value': 458234.7, 'profit_pct': 2.9988910021777855}, '159915': {'shares': 112100.0, 'price': 4.364, 'value': 489204.39999999997, 'profit_pct': 9.98083651968618}, '511260': {'shares': 2000.0, 'price': 134.854, 'value': 269708.0, 'profit_pct': -0.07618881244845473}, '518880': {'shares': 29200.0, 'price': 8.378, 'value': 244637.6, 'profit_pct': -10.427757174332497}}",0.012125129283228064,1.4625866043160385,-1.2024353321662629
2026-07-01,149.84390729863662,1443163.7999999998,1443313.6439072983,"{'510300': {'shares': 89800.0, 'price': 4.998, 'value': 448820.4, 'profit_pct': -0.09990009990009219}, '159915': {'shares': 105000.0, 'price': 4.274, 'value': 448770.0, 'profit_pct': -0.09990009990009212}, '511260': {'shares': 2000.0, 'price': 134.661, 'value': 269322.0, 'profit_pct': -0.09990009990009556}, '518880': {'shares': 33400.0, 'price': 8.271, 'value': 276251.4, 'profit_pct': -0.0999000999000855}}",-0.013177312271195674,1.4433136439072984,-2.5043216934279577
2026-07-02,149.84390729863662,1411907.0,1412056.8439072985,"{'510300': {'shares': 89800.0, 'price': 4.85, 'value': 435529.99999999994, 'profit_pct': -3.058126347442078}, '159915': {'shares': 105000.0, 'price': 4.036, 'value': 423779.99999999994, 'profit_pct': -5.662891156573892}, '511260': {'shares': 2000.0, 'price': 134.766, 'value': 269532.0, 'profit_pct': -0.02200441748640884}, '518880': {'shares': 33400.0, 'price': 8.475, 'value': 283065.0, 'profit_pct': 2.364084953856445}}",-0.021656276951267706,1.4120568439072985,-4.615715104386786
2026-07-03,149.84390729863662,1420856.6,1421006.4439072986,"{'510300': {'shares': 89800.0, 'price': 4.876, 'value': 437864.80000000005, 'profit_pct': -2.538437952603609}, '159915': {'shares': 105000.0, 'price': 4.037, 'value': 423885.0, 'profit_pct': -5.639517244571053}, '511260': {'shares': 2000.0, 'price': 134.731, 'value': 269462.0, 'profit_pct': -0.047969644957637746}, '518880': {'shares': 33400.0, 'price': 8.672, 'value': 289644.80000000005, 'profit_pct': 4.743521500866453}}",0.006337988473067213,1.4210064439072987,-4.011170606206638
2026-07-06,149.84390729863662,1412764.0,1412913.8439072985,"{'510300': {'shares': 89800.0, 'price': 4.877, 'value': 437954.6, 'profit_pct': -2.5184499374175258}, '159915': {'shares': 105000.0, 'price': 3.97, 'value': 416850.0, 'profit_pct': -7.2055693487607275}, '511260': {'shares': 2000.0, 'price': 134.842, 'value': 269684.0, 'profit_pct': 0.03437721930828134}, '518880': {'shares': 33400.0, 'price': 8.631, 'value': 288275.4, 'profit_pct': 4.24830881849381}}",-0.005694977693238457,1.4129138439072986,-4.557824848404357
2026-07-07,149.84390729863662,1403092.6,1403242.4439072986,"{'510300': {'shares': 89800.0, 'price': 4.826, 'value': 433374.8, 'profit_pct': -3.537838711908344}, '159915': {'shares': 105000.0, 'price': 3.932, 'value': 412860.0, 'profit_pct': -8.093778004868312}, '511260': {'shares': 2000.0, 'price': 134.859, 'value': 269718.0, 'profit_pct': 0.046988901222876425}, '518880': {'shares': 33400.0, 'price': 8.597, 'value': 287139.8, 'profit_pct': 3.837644642867711}}",-0.0068450033536754384,1.4032424439072986,-5.2111268573991065
2026-07-08,149.84390729863662,1393604.0,1393753.8439072985,"{'510300': {'shares': 89800.0, 'price': 4.798, 'value': 430860.4, 'profit_pct': -4.09750313711898}, '159915': {'shares': 105000.0, 'price': 3.867, 'value': 406035.0, 'profit_pct': -9.613082285052329}, '511260': {'shares': 2000.0, 'price': 134.918, 'value': 269836.0, 'profit_pct': 0.09075885610295042}, '518880': {'shares': 33400.0, 'price': 8.589, 'value': 286872.60000000003, 'profit_pct': 3.7410177780145237}}",-0.006761910631479573,1.3937538439072985,-5.852080746448019
2026-07-09,149.84390729863662,1420924.4000000001,1421074.243907299,"{'510300': {'shares': 89800.0, 'price': 4.916, 'value': 441456.80000000005, 'profit_pct': -1.7389173451598314}, '159915': {'shares': 105000.0, 'price': 4.04, 'value': 424200.0, 'profit_pct': -5.5693955085625575}, '511260': {'shares': 2000.0, 'price': 134.949, 'value': 269898.0, 'profit_pct': 0.11375662900604551}, '518880': {'shares': 33400.0, 'price': 8.544, 'value': 285369.60000000003, 'profit_pct': 3.1974916632152866}}",0.019602026655875848,1.421074243907299,-4.006590723644643
2026-07-10,149.84390729863662,1394297.6,1394447.4439072986,"{'510300': {'shares': 89800.0, 'price': 4.829, 'value': 433644.19999999995, 'profit_pct': -3.4778746663500586}, '159915': {'shares': 105000.0, 'price': 3.862, 'value': 405510.0, 'profit_pct': -9.729951845066482}, '511260': {'shares': 2000.0, 'price': 134.937, 'value': 269874.0, 'profit_pct': 0.10485426530162296}, '518880': {'shares': 33400.0, 'price': 8.541, 'value': 285269.4, 'profit_pct': 3.161256588895336}}",-0.018737092811413447,1.3944474439072987,-5.805228142539709
2026-07-13,149.84390729863662,1370896.8,1371046.6439072988,"{'510300': {'shares': 89800.0, 'price': 4.744, 'value': 426011.19999999995, 'profit_pct': -5.176855957168083}, '159915': {'shares': 105000.0, 'price': 3.751, 'value': 393855.0, 'profit_pct': -12.324456077380734}, '511260': {'shares': 2000.0, 'price': 134.918, 'value': 269836.0, 'profit_pct': 0.09075885610295042}, '518880': {'shares': 33400.0, 'price': 8.419, 'value': 281194.60000000003, 'profit_pct': 1.6876968998840707}}",-0.016781414102226666,1.3710466439072988,-7.385949615344511
2026-07-14,149.84390729863662,1389841.8,1389991.6439072988,"{'510300': {'shares': 89800.0, 'price': 4.837, 'value': 434362.6, 'profit_pct': -3.317970544861303}, '159915': {'shares': 105000.0, 'price': 3.867, 'value': 406035.0, 'profit_pct': -9.613082285052329}, '511260': {'shares': 2000.0, 'price': 134.893, 'value': 269786.0, 'profit_pct': 0.0722122650520666}, '518880': {'shares': 33400.0, 'price': 8.373, 'value': 279658.19999999995, 'profit_pct': 1.1320924269781691}}",0.013817910633594055,1.3899916439072988,-6.106216943714172
2026-07-15,149.84390729863662,1385785.0,1385934.8439072985,"{'510300': {'shares': 89800.0, 'price': 4.838, 'value': 434452.4, 'profit_pct': -3.297982529675202}, '159915': {'shares': 105000.0, 'price': 3.828, 'value': 401940.0, 'profit_pct': -10.524664853162745}, '511260': {'shares': 2000.0, 'price': 134.934, 'value': 269868.0, 'profit_pct': 0.1026286743755068}, '518880': {'shares': 33400.0, 'price': 8.369, 'value': 279524.6, 'profit_pct': 1.0837789945515754}}",-0.0029185786963412674,1.3859348439072985,-6.380253338661146
2026-07-16,149.84390729863662,1366902.5999999999,1367052.4439072986,"{'510300': {'shares': 89800.0, 'price': 4.753, 'value': 426819.4, 'profit_pct': -4.996963820493227}, '159915': {'shares': 105000.0, 'price': 3.723, 'value': 390915.0, 'profit_pct': -12.978925613460005}, '511260': {'shares': 2000.0, 'price': 134.922, 'value': 269844.0, 'profit_pct': 0.09372631067108425}, '518880': {'shares': 33400.0, 'price': 8.363, 'value': 279324.2, 'profit_pct': 1.0113088459116744}}",-0.013624305704563744,1.3670524439072986,-7.655757387159035
2026-07-17,149.84390729863662,1323226.6,1323376.4439072986,"{'510300': {'shares': 89800.0, 'price': 4.589, 'value': 412092.2, 'profit_pct': -8.274998311012705}, '159915': {'shares': 105000.0, 'price': 3.463, 'value': 363615.0, 'profit_pct': -19.056142734196072}, '511260': {'shares': 2000.0, 'price': 134.966, 'value': 269932.0, 'profit_pct': 0.1263683109206406}, '518880': {'shares': 33400.0, 'price': 8.311, 'value': 277587.4, 'profit_pct': 0.3832342243658934}}",-0.03194903033505103,1.3233764439072986,-10.606066395664016
2026-07-20,149.84390729863662,1330408.2,1330558.0439072987,"{'510300': {'shares': 89800.0, 'price': 4.65, 'value': 417570.00000000006, 'profit_pct': -7.055729384660947}, '159915': {'shares': 105000.0, 'price': 3.477, 'value': 365085.0, 'profit_pct': -18.72890796615644}, '511260': {'shares': 2000.0, 'price': 134.966, 'value': 269932.0, 'profit_pct': 0.1263683109206406}, '518880': {'shares': 33400.0, 'price': 8.318, 'value': 277821.2, 'profit_pct': 0.4677827311124375}}",0.005426724975394093,1.3305580439072988,-10.120950103524628
2026-07-21,149.84390729863662,1372116.8,1372266.6439072988,"{'510300': {'shares': 89800.0, 'price': 4.787, 'value': 429872.6, 'profit_pct': -4.317371304166021}, '159915': {'shares': 105000.0, 'price': 3.709, 'value': 389445.0, 'profit_pct': -13.306160381499636}, '511260': {'shares': 2000.0, 'price': 134.984, 'value': 269968.0, 'profit_pct': 0.13972185647727442}, '518880': {'shares': 33400.0, 'price': 8.468, 'value': 282831.2, 'profit_pct': 2.279536447109901}}",0.031346697117789146,1.3722666439072988,-7.303538749185156
2026-07-22,149.84390729863662,1360523.0,1360672.8439072985,"{'510300': {'shares': 89800.0, 'price': 4.765, 'value': 427897.0, 'profit_pct': -4.757107638260102}, '159915': {'shares': 105000.0, 'price': 3.586, 'value': 376530.0, 'profit_pct': -16.18115155784786}, '511260': {'shares': 2000.0, 'price': 135.096, 'value': 270192.0, 'profit_pct': 0.22281058438521112}, '518880': {'shares': 33400.0, 'price': 8.56, 'value': 285904.0, 'profit_pct': 3.3907453929216826}}",-0.008448649576578537,1.3606728439072986,-8.086698667282189
2026-07-23,149.84390729863662,1363625.6,1363775.4439072986,"{'510300': {'shares': 89800.0, 'price': 4.787, 'value': 429872.6, 'profit_pct': -4.317371304166021}, '159915': {'shares': 105000.0, 'price': 3.597, 'value': 377685.0, 'profit_pct': -15.924038525816714}, '511260': {'shares': 2000.0, 'price': 135.082, 'value': 270164.0, 'profit_pct': 0.21242449339671116}, '518880': {'shares': 33400.0, 'price': 8.56, 'value': 285904.0, 'profit_pct': 3.3907453929216826}}",0.002280195429704257,1.3637754439072987,-7.877118377654291
2026-07-24,149.84390729863662,1340874.8,1341024.6439072988,"{'510300': {'shares': 89800.0, 'price': 4.701, 'value': 422149.8, 'profit_pct': -6.0363406101701464}, '159915': {'shares': 105000.0, 'price': 3.508, 'value': 368340.0, 'profit_pct': -18.004316694068674}, '511260': {'shares': 2000.0, 'price': 135.163, 'value': 270326.0, 'profit_pct': 0.2725154484015739}, '518880': {'shares': 33400.0, 'price': 8.385, 'value': 280059.0, 'profit_pct': 1.2770327242579713}}",-0.016682218543851657,1.3410246439072988,-9.413932421767635
2026-07-27,149.84390729863662,1360388.2,1360538.0439072987,"{'510300': {'shares': 89800.0, 'price': 4.753, 'value': 426819.4, 'profit_pct': -4.996963820493227}, '159915': {'shares': 105000.0, 'price': 3.612, 'value': 379260.0, 'profit_pct': -15.573429845774244}, '511260': {'shares': 2000.0, 'price': 135.171, 'value': 270342.0, 'profit_pct': 0.2784503575378415}, '518880': {'shares': 33400.0, 'price': 8.502, 'value': 283966.80000000005, 'profit_pct': 2.690200622736}}",0.014551112157897617,1.3605380439072987,-8.095804392493877
2026-07-28,149.84390729863662,1318637.6,1318787.4439072986,"{'510300': {'shares': 89800.0, 'price': 4.627, 'value': 415504.6, 'profit_pct': -7.51545373394113}, '159915': {'shares': 105000.0, 'price': 3.355, 'value': 352275.0, 'profit_pct': -21.58052523050183}, '511260': {'shares': 2000.0, 'price': 135.149, 'value': 270298.0, 'profit_pct': 0.26212935741307386}, '518880': {'shares': 33400.0, 'price': 8.4, 'value': 280560.0, 'profit_pct': 1.4582080958577242}}",-0.030686830248493058,1.3187874439072986,-10.91605284222572
2026-07-29,149.84390729863662,1326013.4,1326163.2439072984,"{'510300': {'shares': 89800.0, 'price': 4.657, 'value': 418198.6, 'profit_pct': -6.915813278358293}, '159915': {'shares': 105000.0, 'price': 3.402, 'value': 357210.0, 'profit_pct': -20.481951366368765}, '511260': {'shares': 2000.0, 'price': 135.156, 'value': 270312.0, 'profit_pct': 0.2673224029073239}, '518880': {'shares': 33400.0, 'price': 8.392, 'value': 280292.8, 'profit_pct': 1.3615812310045157}}",0.005592864895761274,1.3261632439072983,-10.417818361391163
2026-07-30,149.84390729863662,1306633.0,1306782.8439072985,"{'510300': {'shares': 89800.0, 'price': 4.605, 'value': 413529.00000000006, 'profit_pct': -7.955190068035195}, '159915': {'shares': 105000.0, 'price': 3.27, 'value': 343350.0, 'profit_pct': -23.567307750742465}, '511260': {'shares': 2000.0, 'price': 135.265, 'value': 270530.0, 'profit_pct': 0.3481855398891444}, '518880': {'shares': 33400.0, 'price': 8.36, 'value': 279224.0, 'profit_pct': 0.9750737715917239}}",-0.014613887158340444,1.3067828439072986,-11.726962255255746
2026-07-31,149.84390729863662,1323897.5999999999,1324047.4439072986,"{'510300': {'shares': 89800.0, 'price': 4.653, 'value': 417839.39999999997, 'profit_pct': -6.995765339102679}, '159915': {'shares': 105000.0, 'price': 3.368, 'value': 353640.0, 'profit_pct': -21.276664374465028}, '511260': {'shares': 2000.0, 'price': 135.378, 'value': 270756.0, 'profit_pct': 0.4320161314391198}, '518880': {'shares': 33400.0, 'price': 8.433, 'value': 281662.2, 'profit_pct': 1.856793913377159}}",0.013211529429311142,1.3240474439072987,-10.56074041927636
