date,cash,position_value,total_value,positions,return,equity,drawdown
2020-06-01,1000000.0,0.0,1000000.0,{},,1.0,0.0
2020-06-02,1000000.0,0.0,1000000.0,{},0.0,1.0,0.0
2020-06-03,1000000.0,0.0,1000000.0,{},0.0,1.0,0.0
2020-06-04,1000000.0,0.0,1000000.0,{},0.0,1.0,0.0
2020-06-05,1000000.0,0.0,1000000.0,{},0.0,1.0,0.0
2020-06-08,1000000.0,0.0,1000000.0,{},0.0,1.0,0.0
2020-06-09,1000000.0,0.0,1000000.0,{},0.0,1.0,0.0
2020-06-10,1000000.0,0.0,1000000.0,{},0.0,1.0,0.0
2020-06-11,1000000.0,0.0,1000000.0,{},0.0,1.0,0.0
2020-06-12,1000000.0,0.0,1000000.0,{},0.0,1.0,0.0
2020-06-15,1000000.0,0.0,1000000.0,{},0.0,1.0,0.0
2020-06-16,1000000.0,0.0,1000000.0,{},0.0,1.0,0.0
2020-06-17,1000000.0,0.0,1000000.0,{},0.0,1.0,0.0
2020-06-18,1000000.0,0.0,1000000.0,{},0.0,1.0,0.0
2020-06-19,1000000.0,0.0,1000000.0,{},0.0,1.0,0.0
2020-06-22,1000000.0,0.0,1000000.0,{},0.0,1.0,0.0
2020-06-23,1000000.0,0.0,1000000.0,{},0.0,1.0,0.0
2020-06-24,1000000.0,0.0,1000000.0,{},0.0,1.0,0.0
2020-06-29,1000000.0,0.0,1000000.0,{},0.0,1.0,0.0
2020-06-30,1000000.0,0.0,1000000.0,{},0.0,1.0,0.0
2020-07-01,1000000.0,0.0,1000000.0,{},0.0,1.0,0.0
2020-07-02,1000000.0,0.0,1000000.0,{},0.0,1.0,0.0
2020-07-03,1000000.0,0.0,1000000.0,{},0.0,1.0,0.0
2020-07-06,1000000.0,0.0,1000000.0,{},0.0,1.0,0.0
2020-07-07,1000000.0,0.0,1000000.0,{},0.0,1.0,0.0
2020-07-08,1000000.0,0.0,1000000.0,{},0.0,1.0,0.0
2020-07-09,1000000.0,0.0,1000000.0,{},0.0,1.0,0.0
2020-07-10,1000000.0,0.0,1000000.0,{},0.0,1.0,0.0
2020-07-13,1000000.0,0.0,1000000.0,{},0.0,1.0,0.0
2020-07-14,1000000.0,0.0,1000000.0,{},0.0,1.0,0.0
2020-07-15,1000000.0,0.0,1000000.0,{},0.0,1.0,0.0
2020-07-16,1000000.0,0.0,1000000.0,{},0.0,1.0,0.0
2020-07-17,1000000.0,0.0,1000000.0,{},0.0,1.0,0.0
2020-07-20,10032.016275280155,988682.3999999999,998714.4162752801,"{'510300': {'shares': 233400.0, 'price': 4.236, 'value': 988682.3999999999, 'profit_pct': -0.09990009990009246}}",-0.0012855837247199853,0.99871441627528,-0.12855837247199853
2020-07-21,10032.016275280155,991483.2000000001,1001515.2162752802,"{'510300': {'shares': 233400.0, 'price': 4.248, 'value': 991483.2000000001, 'profit_pct': 0.18310301596422396}}",0.0028044052978084544,1.0015152162752803,0.0
2020-07-22,10032.016275280155,1003853.4,1013885.4162752802,"{'510300': {'shares': 233400.0, 'price': 4.301, 'value': 1003853.4, 'profit_pct': 1.433033444364906}}",0.01235148482916304,1.0138854162752802,0.0
2020-07-23,10230.201551920269,994996.2,1005226.4015519202,"{'159915': {'shares': 367700.0, 'price': 2.706, 'value': 994996.2, 'profit_pct': -0.0999000999000953}}",-0.008540427334649547,1.0052264015519201,-0.8540427334649547
2020-07-24,9422.179186510504,931239.6,940661.7791865105,"{'510300': {'shares': 229200.0, 'price': 4.063, 'value': 931239.6, 'profit_pct': -0.09990009990008722}}",-0.0642289361538172,0.9406617791865105,-7.222082092646332
2020-07-27,9422.179186510504,937657.2000000001,947079.3791865106,"{'510300': {'shares': 229200.0, 'price': 4.091, 'value': 937657.2000000001, 'profit_pct': 0.588557393873687}}",0.006822430911937349,0.9470793791865105,-6.589111157570004
2020-07-28,9641.591178920586,943004.5,952646.0911789206,"{'159915': {'shares': 366500.0, 'price': 2.573, 'value': 943004.5, 'profit_pct': -0.09990009990009743}}",0.005877767075016971,0.9526460911789206,-6.040063710683896
2020-07-29,9641.591178920586,982220.0000000001,991861.5911789207,"{'159915': {'shares': 366500.0, 'price': 2.68, 'value': 982220.0000000001, 'profit_pct': 4.054515247674994}}",0.04116481489098445,0.9918615911789207,-2.1722203261655193
2020-07-30,9641.591178920586,971958.0,981599.5911789206,"{'159915': {'shares': 366500.0, 'price': 2.652, 'value': 971958.0, 'profit_pct': 2.9673785212067467}}",-0.01034620161851696,0.9815995911789206,-3.184366258562854
2020-07-31,9641.591178920586,992482.0000000001,1002123.5911789207,"{'159915': {'shares': 366500.0, 'price': 2.708, 'value': 992482.0000000001, 'profit_pct': 5.141651974143241}}",0.020908729164557105,1.0021235911789208,-1.1600743937681846
2020-08-03,9641.591178920586,1016671.0,1026312.5911789206,"{'159915': {'shares': 366500.0, 'price': 2.774, 'value': 1016671.0, 'profit_pct': 7.704188543675529}}",0.024137741305484406,1.0263125911789206,0.0
2020-08-04,10327.029225980514,1000186.8,1010513.8292259806,"{'518880': {'shares': 237800.0, 'price': 4.206, 'value': 1000186.8, 'profit_pct': -0.09990009990009828}}",-0.015393713463840553,1.0105138292259805,-1.5393713463840553
2020-08-05,10327.029225980514,1027296.0000000001,1037623.0292259806,"{'518880': {'shares': 237800.0, 'price': 4.32, 'value': 1027296.0000000001, 'profit_pct': 2.6078058888329916}}",0.026827143989474056,1.0376230292259807,0.0
2020-08-06,10327.029225980514,1035143.3999999999,1045470.4292259804,"{'518880': {'shares': 237800.0, 'price': 4.353, 'value': 1035143.3999999999, 'profit_pct': 3.391615517150453}}",0.00756286221389435,1.0454704292259804,0.0
2020-08-07,10327.029225980514,1041088.4,1051415.4292259805,"{'518880': {'shares': 237800.0, 'price': 4.378, 'value': 1041088.4, 'profit_pct': 3.9854106901182447}}",0.005686435344136376,1.0514154292259805,0.0
2020-08-10,10327.029225980514,1034192.2000000001,1044519.2292259806,"{'518880': {'shares': 237800.0, 'price': 4.349, 'value': 1034192.2000000001, 'profit_pct': 3.2966082894756186}}",-0.006558967852580144,1.0445192292259806,-0.6558967852580144
2020-08-11,10327.029225980514,1011363.4,1021690.4292259805,"{'518880': {'shares': 237800.0, 'price': 4.253, 'value': 1011363.4, 'profit_pct': 1.0164348252793278}}",-0.021855796773523117,1.0216904292259805,-2.827141315767323
2020-08-12,9605.17568864068,946842.0,956447.1756886407,"{'513100': {'shares': 1189500.0, 'price': 0.796, 'value': 946842.0, 'profit_pct': -0.09990009990008834}}",-0.06385814300596637,0.9564471756886407,-9.032419621923616
2020-08-13,9605.17568864068,967063.4999999999,976668.6756886406,"{'513100': {'shares': 1189500.0, 'price': 0.813, 'value': 967063.4999999999, 'profit_pct': 2.033644747212586}}",0.02114230719060939,0.9766686756886406,-7.109155093183883
2020-08-14,9605.17568864068,965874.0000000001,975479.1756886408,"{'513100': {'shares': 1189500.0, 'price': 0.812, 'value': 965874.0000000001, 'profit_pct': 1.9081421091471478}}",-0.0012179155834614042,0.9754791756886408,-7.2222883007567855
2020-08-17,10036.636071240762,964121.4999999999,974158.1360712406,"{'518880': {'shares': 233500.0, 'price': 4.129, 'value': 964121.4999999999, 'profit_pct': -0.09990009990009574}}",-0.0013542468668975571,0.9741581360712407,-7.3479322261434055
2020-08-18,10036.636071240762,986537.4999999999,996574.1360712406,"{'518880': {'shares': 233500.0, 'price': 4.225, 'value': 986537.4999999999, 'profit_pct': 2.2227953688355786}}",0.02301063777017065,0.9965741360712407,-5.215949055941893
2020-08-19,9914.213484330685,972919.2,982833.4134843306,"{'513100': {'shares': 1183600.0, 'price': 0.822, 'value': 972919.2, 'profit_pct': -0.09990009990008514}}",-0.013787958255749633,0.9828334134843306,-6.522827593669412
2020-08-20,9914.213484330685,971735.6,981649.8134843307,"{'513100': {'shares': 1183600.0, 'price': 0.821, 'value': 971735.6, 'profit_pct': -0.22143306814838198}}",-0.001204273261125599,0.9816498134843307,-6.635399652923979
2020-08-21,9914.213484330685,996591.2,1006505.4134843306,"{'513100': {'shares': 1183600.0, 'price': 0.842, 'value': 996591.2, 'profit_pct': 2.330759265065852}}",0.025320230960749646,1.0065054134843305,-4.271386408577937
2020-08-24,9914.213484330685,1039200.8,1049115.0134843308,"{'513100': {'shares': 1183600.0, 'price': 0.878, 'value': 1039200.8, 'profit_pct': 6.705946122004539}}",0.04233419853400866,1.0491150134843308,-0.21879227541327095
2020-08-25,9914.213484330685,1086544.8,1096459.0134843308,"{'513100': {'shares': 1183600.0, 'price': 0.918, 'value': 1086544.8, 'profit_pct': 11.567264851936413}}",0.04512755931569479,1.0964590134843308,0.0
2020-08-26,9914.213484330685,1066423.6,1076337.8134843307,"{'513100': {'shares': 1183600.0, 'price': 0.901, 'value': 1066423.6, 'profit_pct': 9.501204391715365}}",-0.018351073549077723,1.0763378134843307,-1.8351073549077723
2020-08-27,9914.213484330685,1112584.0,1122498.2134843306,"{'513100': {'shares': 1183600.0, 'price': 0.94, 'value': 1112584.0, 'profit_pct': 14.240990153398931}}",0.04288653564123046,1.1224982134843307,0.0
2020-08-28,9914.213484330685,1135072.4,1144986.6134843305,"{'513100': {'shares': 1183600.0, 'price': 0.959, 'value': 1135072.4, 'profit_pct': 16.55011655011657}}",0.020034241239631045,1.1449866134843305,0.0
2020-08-31,9914.213484330685,1197803.2,1207717.4134843308,"{'513100': {'shares': 1183600.0, 'price': 1.012, 'value': 1197803.2, 'profit_pct': 22.991363867276302}}",0.05478736542526286,1.2077174134843307,0.0
2020-09-01,9914.213484330685,1181232.8,1191147.0134843308,"{'513100': {'shares': 1183600.0, 'price': 0.998, 'value': 1181232.8, 'profit_pct': 21.289902311800148}}",-0.013720428152305453,1.191147013484331,-1.3720428152305453
2020-09-02,9914.213484330685,1229760.4,1239674.6134843305,"{'513100': {'shares': 1183600.0, 'price': 1.039, 'value': 1229760.4, 'profit_pct': 26.272754009980304}}",0.04074022723529924,1.2396746134843304,0.0
2020-09-03,9914.213484330685,1255799.5999999999,1265713.8134843307,"{'513100': {'shares': 1183600.0, 'price': 1.061, 'value': 1255799.5999999999, 'profit_pct': 28.946479311442836}}",0.021004866693859592,1.2657138134843307,0.0
2020-09-04,9914.213484330685,1146908.4,1156822.6134843305,"{'513100': {'shares': 1183600.0, 'price': 0.969, 'value': 1146908.4, 'profit_pct': 17.765446232599537}}",-0.08603145421968506,1.1568226134843305,-8.603145421968506
2020-09-07,9914.213484330685,1061689.2,1071603.4134843308,"{'513100': {'shares': 1183600.0, 'price': 0.897, 'value': 1061689.2, 'profit_pct': 9.015072518722178}}",-0.07366660973485029,1.0716034134843309,-15.336041839161219
2020-09-08,9914.213484330685,1118502.0,1128416.2134843306,"{'513100': {'shares': 1183600.0, 'price': 0.945, 'value': 1118502.0, 'profit_pct': 14.848654994640414}}",0.05301662843278221,1.1284162134843305,-10.847444227699409
2020-09-09,9914.213484330685,1060505.6,1070419.8134843307,"{'513100': {'shares': 1183600.0, 'price': 0.896, 'value': 1060505.6, 'profit_pct': 8.893539550473882}}",-0.05139628384186212,1.0704198134843306,-15.429554289400016
2020-09-10,9914.213484330685,1091279.2,1101193.4134843308,"{'513100': {'shares': 1183600.0, 'price': 0.922, 'value': 1091279.2, 'profit_pct': 12.053396724929598}}",0.028749094151974575,1.1011934134843309,-12.998230583191518
2020-09-11,9914.213484330685,1072341.6,1082255.8134843307,"{'513100': {'shares': 1183600.0, 'price': 0.906, 'value': 1072341.6, 'profit_pct': 10.10886923295685}}",-0.01719734223625513,1.0822558134843308,-14.49442978701213
2020-09-14,9914.213484330685,1101931.6,1111845.8134843307,"{'513100': {'shares': 1183600.0, 'price': 0.931, 'value': 1101931.6, 'profit_pct': 13.14719343916427}}",0.027341040474279987,1.1118458134843308,-12.15661853104243
2020-09-15,9914.213484330685,1138623.2,1148537.4134843308,"{'513100': {'shares': 1183600.0, 'price': 0.962, 'value': 1138623.2, 'profit_pct': 16.914715454861458}}",0.03300061893025896,1.1485374134843307,-9.257732573639998
2020-09-16,9914.213484330685,1136256.0,1146170.2134843306,"{'513100': {'shares': 1183600.0, 'price': 0.96, 'value': 1136256.0, 'profit_pct': 16.671649518364866}}",-0.002061056063309974,1.1461702134843306,-9.444757474117594
2020-09-17,9914.213484330685,1090095.6,1100009.8134843307,"{'513100': {'shares': 1183600.0, 'price': 0.921, 'value': 1090095.6, 'profit_pct': 11.931863756681302}}",-0.04027359938073538,1.1000098134843306,-13.091743033430314
2020-09-18,9914.213484330685,1126787.2,1136701.4134843308,"{'513100': {'shares': 1183600.0, 'price': 0.952, 'value': 1126787.2, 'profit_pct': 15.699385772378491}}",0.03335570242212449,1.1367014134843307,-10.192857076027884
2020-09-21,9914.213484330685,1104298.8,1114213.0134843308,"{'513100': {'shares': 1183600.0, 'price': 0.933, 'value': 1104298.8, 'profit_pct': 13.390259375660865}}",-0.01978391135370039,1.1142130134843309,-11.969593630564844
2020-09-22,16500.244934900664,1078326.5,1094826.7449349007,"{'511260': {'shares': 10100.0, 'price': 106.765, 'value': 1078326.5, 'profit_pct': -0.09990009990006939}}",-0.017399068503791804,1.0948267449349007,-13.501240701403272
2020-09-23,16500.244934900664,1075852.0,1092352.2449349007,"{'511260': {'shares': 10100.0, 'price': 106.52, 'value': 1075852.0, 'profit_pct': -0.3291468050518039}}",-0.0022601749650782432,1.0923522449349006,-13.696743031680292
2020-09-24,16500.244934900664,1075367.2,1091867.4449349006,"{'511260': {'shares': 10100.0, 'price': 106.472, 'value': 1075367.2, 'profit_pct': -0.3740604452447977}}",-0.00044381288384587325,1.0918674449349006,-13.73504552904069
2020-09-25,16500.244934900664,1073832.0,1090332.2449349007,"{'511260': {'shares': 10100.0, 'price': 106.32, 'value': 1073832.0, 'profit_pct': -0.5162869725226068}}",-0.0014060314803977514,1.0903322449349007,-13.856336770681942
2020-09-28,16500.244934900664,1075256.1,1091756.3449349008,"{'511260': {'shares': 10100.0, 'price': 106.461, 'value': 1075256.1, 'profit_pct': -0.38435315445568763}}",0.0013061156419207354,1.0917563449349008,-13.743823184685777
2020-09-29,16500.244934900664,1073327.0,1089827.2449349007,"{'511260': {'shares': 10100.0, 'price': 106.27, 'value': 1073327.0, 'profit_pct': -0.5630720143903042}}",-0.0017669693507621487,1.0898272449349007,-13.896235205432362
2020-09-30,1086263.5641315507,0.0,1086263.5641315507,{},-0.003269950186979287,1.0862635641315508,-14.177790227221966
2020-10-09,11066.500951310853,1073800.8,1084867.300951311,"{'513050': {'shares': 525600.0, 'price': 2.043, 'value': 1073800.8, 'profit_pct': -0.09990009990007905}}",-0.0012853815835718319,1.084867300951311,-14.288104515125344
2020-10-12,11066.500951310853,1100606.4,1111672.9009513108,"{'513050': {'shares': 525600.0, 'price': 2.094, 'value': 1100606.4, 'profit_pct': 2.393934993053943}}",0.024708644067799046,1.1116729009513107,-12.170279797213169
2020-10-13,11066.500951310853,1110067.2,1121133.7009513108,"{'513050': {'shares': 525600.0, 'price': 2.112, 'value': 1110067.2, 'profit_pct': 3.274112084684791}}",0.008510417040753726,1.1211337009513107,-11.422812249714752
2020-10-14,11066.500951310853,1117425.5999999999,1128492.1009513107,"{'513050': {'shares': 525600.0, 'price': 2.126, 'value': 1117425.5999999999, 'profit_pct': 3.95869426706432}}",0.0065633563541585005,1.1284921009513107,-10.841448601660442
2020-10-15,11058.384696410969,1085175.0,1096233.384696411,"{'159915': {'shares': 409500.0, 'price': 2.65, 'value': 1085175.0, 'profit_pct': -0.09990009990008472}}",-0.028585681926976636,1.096233384696411,-13.39010659300337
2020-10-16,11058.384696410969,1078623.0,1089681.384696411,"{'159915': {'shares': 409500.0, 'price': 2.634, 'value': 1078623.0, 'profit_pct': -0.7030705143912546}}",-0.005976829470318079,1.089681384696411,-13.907759156339406
2020-10-19,11058.384696410969,1064700.0,1075758.384696411,"{'159915': {'shares': 409500.0, 'price': 2.6, 'value': 1064700.0, 'profit_pct': -1.984807645184982}}",-0.012777129347656957,1.075758384696411,-15.007770853428493
2020-10-20,11058.384696410969,1083127.5,1094185.884696411,"{'159915': {'shares': 409500.0, 'price': 2.645, 'value': 1083127.5, 'profit_pct': -0.28839085442857115}}",0.01712977585129427,1.094185884696411,-13.551873019045878
2020-10-21,11058.384696410969,1069614.0,1080672.384696411,"{'159915': {'shares': 409500.0, 'price': 2.612, 'value': 1069614.0, 'profit_pct': -1.5324298343166047}}",-0.012350278128244518,1.080672384696411,-14.619531430926468
2020-10-22,10811.5787461109,1054830.0,1065641.578746111,"{'513050': {'shares': 502300.0, 'price': 2.1, 'value': 1054830.0, 'profit_pct': -0.09990009990009946}}",-0.013908753627051018,1.0656415787461109,-15.807067332815883
2020-10-23,10811.5787461109,1043779.3999999999,1054590.9787461108,"{'513050': {'shares': 502300.0, 'price': 2.078, 'value': 1043779.3999999999, 'profit_pct': -1.1464725750440146}}",-0.010369903183585216,1.0545909787461107,-16.680139893316692
2020-10-26,10811.5787461109,1044784.0,1055595.578746111,"{'513050': {'shares': 502300.0, 'price': 2.08, 'value': 1044784.0, 'profit_pct': -1.0513296227581945}}",0.0009525968079060476,1.0555955787461109,-16.60076966054388
2020-10-27,10811.5787461109,1067387.5,1078199.078746111,"{'513050': {'shares': 502300.0, 'price': 2.125, 'value': 1067387.5, 'profit_pct': 1.089386803672514}}",0.021413030193674798,1.0781990787461109,-14.81493942315588
2020-10-28,10811.5787461109,1104557.7,1115369.2787461109,"{'513050': {'shares': 502300.0, 'price': 2.199, 'value': 1104557.7, 'profit_pct': 4.609676038247455}}",0.034474338489722145,1.115369278746111,-11.878240810562268
2020-10-29,10811.5787461109,1108073.8,1118885.378746111,"{'513050': {'shares': 502300.0, 'price': 2.206, 'value': 1108073.8, 'profit_pct': 4.942676371247794}}",0.00315240886314605,1.118885378746111,-11.600444995857462
2020-10-30,10811.5787461109,1076931.2,1087742.7787461109,"{'513050': {'shares': 502300.0, 'price': 2.144, 'value': 1076931.2, 'profit_pct': 1.9932448503877098}}",-0.02783359278043329,1.087742778746111,-14.060922211814276
2020-11-02,10811.5787461109,1080949.6,1091761.178746111,"{'513050': {'shares': 502300.0, 'price': 2.152, 'value': 1080949.6, 'profit_pct': 2.373816659530948}}",0.0036942557362984463,1.091761178746111,-13.743441280723069
2020-11-03,10811.5787461109,1092000.2,1102811.7787461109,"{'513050': {'shares': 502300.0, 'price': 2.174, 'value': 1092000.2, 'profit_pct': 3.420389134674842}}",0.010121810717515611,1.102811778746111,-12.870368720222281
2020-11-04,10811.5787461109,1083461.1,1094272.678746111,"{'513050': {'shares': 502300.0, 'price': 2.157, 'value': 1083461.1, 'profit_pct': 2.6116740402454663}}",-0.007743025749787247,1.094272678746111,-13.545015698791063
2020-11-05,10811.5787461109,1121635.9000000001,1132447.478746111,"{'513050': {'shares': 502300.0, 'price': 2.233, 'value': 1121635.9000000001, 'profit_pct': 6.227106227106228}}",0.034886003042443825,1.132447478746111,-10.528946853424658
2020-11-06,10811.5787461109,1105562.3,1116373.878746111,"{'513050': {'shares': 502300.0, 'price': 2.201, 'value': 1105562.3, 'profit_pct': 4.704818990533275}}",-0.014193682534219931,1.116373878746111,-11.798870577789467
2020-11-09,10811.5787461109,1140221.0,1151032.578746111,"{'513050': {'shares': 502300.0, 'price': 2.27, 'value': 1140221.0, 'profit_pct': 7.987250844393698}}",0.0310457819372556,1.1510325787461109,-9.060597547127857
2020-11-10,11279.804743310902,1096713.0,1107992.804743311,"{'510300': {'shares': 242100.0, 'price': 4.53, 'value': 1096713.0, 'profit_pct': -0.09990009990009818}}",-0.037392316079954746,1.107992804743311,-12.46103242776787
2020-11-11,11279.804743310902,1085334.2999999998,1096614.1047433107,"{'510300': {'shares': 242100.0, 'price': 4.483, 'value': 1085334.2999999998, 'profit_pct': -1.1363912026163796}}",-0.010269651527778922,1.0966141047433107,-13.360027119836227
2020-11-12,11279.804743310902,1084608.0,1095887.804743311,"{'510300': {'shares': 242100.0, 'price': 4.48, 'value': 1084608.0, 'profit_pct': -1.20255020917272}}",-0.0006623113790514834,1.095887804743311,-13.417409759755472
2020-11-13,11279.804743310902,1072260.9000000001,1083540.704743311,"{'510300': {'shares': 242100.0, 'price': 4.429, 'value': 1072260.9000000001, 'profit_pct': -2.3272533206308017}}",-0.011266755544279361,1.083540704743311,-14.392914638382814
2020-11-16,11279.804743310902,1085092.2,1096372.0047433109,"{'510300': {'shares': 242100.0, 'price': 4.482, 'value': 1085092.2, 'profit_pct': -1.15844420480182}}",0.011842010128303881,1.0963720047433108,-13.379154666475968
2020-11-17,11279.804743310902,1082913.3,1094193.104743311,"{'510300': {'shares': 242100.0, 'price': 4.473, 'value': 1082913.3, 'profit_pct': -1.3569212244709}}",-0.0019873728903813115,1.0941931047433109,-13.551302586233739
2020-11-18,11279.804743310902,1081218.6,1092498.404743311,"{'510300': {'shares': 242100.0, 'price': 4.466, 'value': 1081218.6, 'profit_pct': -1.5112922397690605}}",-0.0015488125383475992,1.092498404743311,-13.685195412711993
2020-11-19,11279.804743310902,1091386.8,1102666.604743311,"{'510300': {'shares': 242100.0, 'price': 4.508, 'value': 1091386.8, 'profit_pct': -0.585066147980059}}",0.00930729047827672,1.102666604743311,-12.881838453842409
2020-11-20,11279.804743310902,1095018.2999999998,1106298.1047433107,"{'510300': {'shares': 242100.0, 'price': 4.523, 'value': 1095018.2999999998, 'profit_pct': -0.25427111519827816}}",0.003293379870559443,1.1062981047433107,-12.594925254246148
2020-11-23,11279.804743310902,1109060.1,1120339.904743311,"{'510300': {'shares': 242100.0, 'price': 4.581, 'value': 1109060.1, 'profit_pct': 1.0248030115579836}}",0.01269260061080768,1.120339904743311,-11.485527549140507
2020-11-24,11279.804743310902,1101312.9000000001,1112592.704743311,"{'510300': {'shares': 242100.0, 'price': 4.549, 'value': 1101312.9000000001, 'profit_pct': 0.31910694162350245}}",-0.006915044235414447,1.112592704743311,-12.097609041612568
2020-11-25,11279.804743310902,1086302.7,1097582.5047433109,"{'510300': {'shares': 242100.0, 'price': 4.487, 'value': 1086302.7, 'profit_pct': -1.0481791938745595}}",-0.013491190384412266,1.0975825047433108,-13.283516933277205
2020-11-26,11279.804743310902,1087997.4,1099277.2047433108,"{'510300': {'shares': 242100.0, 'price': 4.494, 'value': 1087997.4, 'profit_pct': -0.8938081785763993}}",0.0015440297131887881,1.0992772047433108,-13.149624106798951
2020-11-27,11279.804743310902,1105186.5,1116466.304743311,"{'510300': {'shares': 242100.0, 'price': 4.565, 'value': 1105186.5, 'profit_pct': 0.671954976590743}}",0.015636729230652957,1.116466304743311,-11.791568295376543
2020-11-30,11279.804743310902,1099134.0,1110413.804743311,"{'510300': {'shares': 242100.0, 'price': 4.54, 'value': 1099134.0, 'profit_pct': 0.12062992195442225}}",-0.005421121957990049,1.110413804743311,-12.269756961370348
2020-12-01,11279.804743310902,1126007.0999999999,1137286.9047433108,"{'510300': {'shares': 242100.0, 'price': 4.651, 'value': 1126007.0999999999, 'profit_pct': 2.568513164539646}}",0.02420097794642606,1.1372869047433107,-10.146599284357883
2020-12-02,11279.804743310902,1123344.0,1134623.804743311,"{'510300': {'shares': 242100.0, 'price': 4.64, 'value': 1123344.0, 'profit_pct': 2.325930140499666}}",-0.002341625485084542,1.1346238047433108,-10.357002297395134
2020-12-03,11279.804743310902,1122859.8,1134139.604743311,"{'510300': {'shares': 242100.0, 'price': 4.638, 'value': 1122859.8, 'profit_pct': 2.281824136128766}}",-0.000426749375410429,1.134139604743311,-10.39525739067464
2020-12-04,11279.804743310902,1125522.9,1136802.7047433108,"{'510300': {'shares': 242100.0, 'price': 4.649, 'value': 1125522.9, 'profit_pct': 2.524407160168746}}",0.002348123625047549,1.136802704743311,-10.184854377637375
2020-12-07,11279.804743310902,1114870.5,1126150.304743311,"{'510300': {'shares': 242100.0, 'price': 4.605, 'value': 1114870.5, 'profit_pct': 1.5540750640088445}}",-0.009370491427890482,1.1261503047433108,-11.026466429786463
2020-12-08,11279.804743310902,1110996.9000000001,1122276.704743311,"{'510300': {'shares': 242100.0, 'price': 4.589, 'value': 1110996.9000000001, 'profit_pct': 1.2012270290416038}}",-0.0034396829479016455,1.122276704743311,-11.332507176022489
2020-12-09,11279.804743310902,1096470.9,1107750.7047433108,"{'510300': {'shares': 242100.0, 'price': 4.529, 'value': 1096470.9, 'profit_pct': -0.12195310208555808}}",-0.012943332013046316,1.1077507047433108,-12.480159974407623
2020-12-10,11233.00817154115,1091255.7999999998,1102488.808171541,"{'159915': {'shares': 415400.0, 'price': 2.627, 'value': 1091255.7999999998, 'profit_pct': -0.09990009990008056}}",-0.0047500728722074115,1.102488808171541,-12.895885592293121
2020-12-11,1090284.140288161,0.0,1090284.140288161,{},-0.011070105921184847,1.0902841402881611,-13.860137364957447
2020-12-14,11090.58722053119,1077792.1,1088882.6872205313,"{'159915': {'shares': 408100.0, 'price': 2.641, 'value': 1077792.1, 'profit_pct': -0.09990009990008747}}",-0.0012854016818583114,1.0888826872205313,-13.97086168926358
2020-12-15,11090.58722053119,1088402.7,1099493.2872205311,"{'159915': {'shares': 408100.0, 'price': 2.667, 'value': 1088402.7, 'profit_pct': 0.8835919854473483}}",0.00974448407025763,1.0994932872205312,-13.132552121416607
2020-12-16,11090.58722053119,1088402.7,1099493.2872205311,"{'159915': {'shares': 408100.0, 'price': 2.667, 'value': 1088402.7, 'profit_pct': 0.8835919854473483}}",0.0,1.0994932872205312,-13.132552121416607
2020-12-17,11090.58722053119,1099421.4,1110511.987220531,"{'159915': {'shares': 408100.0, 'price': 2.694, 'value': 1099421.4, 'profit_pct': 1.9049106894620063}}",0.010021616437381642,1.1105119872205311,-12.261999877883213
2020-12-18,11090.58722053119,1096972.8,1108063.3872205312,"{'159915': {'shares': 408100.0, 'price': 2.688, 'value': 1096972.8, 'profit_pct': 1.677950977458758}}",-0.0022049289230352542,1.1080633872205312,-12.455455932001735
2020-12-21,11090.58722053119,1133701.8,1144792.3872205312,"{'159915': {'shares': 408100.0, 'price': 2.778, 'value': 1133701.8, 'profit_pct': 5.082346657507595}}",0.0331470206701181,1.1447923872205312,-9.553615120223736
2020-12-22,11090.58722053119,1109215.8,1120306.3872205312,"{'159915': {'shares': 408100.0, 'price': 2.718, 'value': 1109215.8, 'profit_pct': 2.8127495374750313}}",-0.021389031123320246,1.1203063872205312,-11.48817566140906
2020-12-23,11090.58722053119,1120234.5,1131325.0872205312,"{'159915': {'shares': 408100.0, 'price': 2.745, 'value': 1120234.5, 'profit_pct': 3.834068241489689}}",0.009835434418380196,1.1313250872205312,-10.617623417875667
2020-12-24,11090.58722053119,1112480.6,1123571.1872205313,"{'159915': {'shares': 408100.0, 'price': 2.726, 'value': 1112480.6, 'profit_pct': 3.1153624868127063}}",-0.006853821317663766,1.1235711872205312,-11.230234255917681
2020-12-25,11090.58722053119,1121866.9000000001,1132957.4872205313,"{'159915': {'shares': 408100.0, 'price': 2.749, 'value': 1121866.9000000001, 'profit_pct': 3.985374716158527}}",0.008353987808480401,1.1329574872205312,-10.488652715129964
2020-12-28,11525.825073581422,1116891.0,1128416.8250735814,"{'518880': {'shares': 289500.0, 'price': 3.858, 'value': 1116891.0, 'profit_pct': -0.09990009990008052}}",-0.004007795701222117,1.1284168250735813,-10.847395907988878
2020-12-29,11460.280589251779,1107992.6,1119452.8805892519,"{'159915': {'shares': 407800.0, 'price': 2.717, 'value': 1107992.6, 'profit_pct': -0.09990009990008654}}",-0.007943823846959241,1.1194528805892519,-11.55560849039351
2020-12-30,11460.280589251779,1141432.2,1152892.4805892517,"{'159915': {'shares': 407800.0, 'price': 2.799, 'value': 1141432.2, 'profit_pct': 2.915119477504469}}",0.0298713778666575,1.1528924805892518,-8.913652651423455
2020-12-31,11460.280589251779,1168754.8,1180215.0805892518,"{'159915': {'shares': 407800.0, 'price': 2.866, 'value': 1168754.8, 'profit_pct': 5.378611083432593}}",0.02369917443301861,1.1802150805892517,-6.754981417143025
2021-01-04,11460.280589251779,1213612.8,1225073.0805892518,"{'159915': {'shares': 407800.0, 'price': 2.976, 'value': 1213612.8, 'profit_pct': 9.423149540926513}}",0.03800832639556129,1.2250730805892518,-3.2108943160856107
2021-01-05,11460.280589251779,1218506.4,1229966.6805892517,"{'159915': {'shares': 407800.0, 'price': 2.988, 'value': 1218506.4, 'profit_pct': 9.864371918107667}}",0.00399453720560583,1.2299666805892517,-2.824266632333905
2021-01-06,11460.280589251779,1224623.4000000001,1236083.680589252,"{'159915': {'shares': 407800.0, 'price': 3.003, 'value': 1224623.4000000001, 'profit_pct': 10.415899889584116}}",0.004973305453339405,1.2360836805892519,-2.340982027644245
2021-01-07,11460.280589251779,1246236.8,1257697.0805892518,"{'159915': {'shares': 407800.0, 'price': 3.056, 'value': 1246236.8, 'profit_pct': 12.364632055467549}}",0.01748538577072445,1.2576970805892518,-0.6333764244074946
2021-01-08,11460.280589251779,1238080.8,1249541.0805892518,"{'159915': {'shares': 407800.0, 'price': 3.036, 'value': 1238080.8, 'profit_pct': 11.62926142683229}}",-0.006484868356519291,1.2495410805892517,-1.2777558973270264
2021-01-11,11460.280589251779,1218914.2,1230374.4805892517,"{'159915': {'shares': 407800.0, 'price': 2.989, 'value': 1218914.2, 'profit_pct': 9.901140449539426}}",-0.015338911459366833,1.2303744805892518,-2.792047658687924
2021-01-12,11460.280589251779,1254392.8,1265853.0805892518,"{'159915': {'shares': 407800.0, 'price': 3.076, 'value': 1254392.8, 'profit_pct': 13.10000268410281}}",0.028835611075912926,1.2658530805892518,0.0
2021-01-13,12901.970882151974,1228952.0,1241853.970882152,"{'510300': {'shares': 238400.0, 'price': 5.155, 'value': 1228952.0, 'profit_pct': -0.09990009990008741}}",-0.01895884291400418,1.2418539708821519,-1.8958842914004181
2021-01-14,12201.696330551757,1201968.8,1214170.4963305518,"{'159915': {'shares': 402400.0, 'price': 2.987, 'value': 1201968.8, 'profit_pct': -0.0999000999000875}}",-0.022292053011623625,1.2141704963305517,-4.082826439434973
2021-01-15,12201.696330551757,1203176.0,1215377.6963305518,"{'159915': {'shares': 402400.0, 'price': 2.99, 'value': 1203176.0, 'profit_pct': 0.0004347844990792551}}",0.0009942590465246148,1.2153776963305518,-3.987459921905301
2021-01-18,12679.408128491836,1222050.6,1234730.008128492,"{'510300': {'shares': 239900.0, 'price': 5.094, 'value': 1222050.6, 'profit_pct': -0.09990009990009421}}",0.015922878835417542,1.234730008128492,-2.4586638795611404
2021-01-19,12679.408128491836,1204058.1,1216737.508128492,"{'510300': {'shares': 239900.0, 'price': 5.019, 'value': 1204058.1, 'profit_pct': -1.5707496272867276}}",-0.014572011598933843,1.216737508128492,-3.8800373608836702
2021-01-20,12420.197924382286,1208368.8,1220788.9979243823,"{'159915': {'shares': 390300.0, 'price': 3.096, 'value': 1208368.8, 'profit_pct': -0.09990009990009233}}",0.0033297977327271244,1.2207889979243822,-3.5599773272181223
2021-01-21,12420.197924382286,1239592.8,1252012.9979243823,"{'159915': {'shares': 390300.0, 'price': 3.176, 'value': 1239592.8, 'profit_pct': 2.4814978303350497}}",0.02557690153915848,1.2520129979243824,-1.0933403628821559
2021-01-22,12804.165574812563,1261294.2,1274098.3655748125,"{'513050': {'shares': 534900.0, 'price': 2.358, 'value': 1261294.2, 'profit_pct': -0.0999000999000846}}",0.017639886875810307,1.2740983655748126,0.0
2021-01-25,12804.165574812563,1327621.8,1340425.9655748126,"{'513050': {'shares': 534900.0, 'price': 2.482, 'value': 1327621.8, 'profit_pct': 5.153540268044106}}",0.0520584609415744,1.3404259655748125,0.0
2021-01-26,12804.165574812563,1299807.0,1312611.1655748126,"{'513050': {'shares': 534900.0, 'price': 2.43, 'value': 1299807.0, 'profit_pct': 2.950484629873961}}",-0.020750717096167492,1.3126111655748125,-2.0750717096167492
2021-01-27,12804.165574812563,1292853.2999999998,1305657.4655748124,"{'513050': {'shares': 534900.0, 'price': 2.417, 'value': 1292853.2999999998, 'profit_pct': 2.3997207203314113}}",-0.005297608448237678,1.3056574655748123,-2.593839637020945
2021-01-28,12804.165574812563,1239363.3,1252167.4655748126,"{'513050': {'shares': 534900.0, 'price': 2.317, 'value': 1239363.3, 'profit_pct': -1.8369247376880782}}",-0.040967865929867675,1.2521674655748125,-6.5843621555146665
2021-01-29,12804.165574812563,1245782.1,1258586.2655748127,"{'513050': {'shares': 534900.0, 'price': 2.329, 'value': 1245782.1, 'profit_pct': -1.3285272827257373}}",0.005126151394656775,1.2585862655748126,-6.105499453295415
2021-02-01,12804.165574812563,1269317.7000000002,1282121.8655748127,"{'513050': {'shares': 534900.0, 'price': 2.373, 'value': 1269317.7000000002, 'profit_pct': 0.5355967188028463}}",0.018700029265972473,1.2821218655748128,-4.3496695451581635
2021-02-02,12804.165574812563,1299807.0,1312611.1655748126,"{'513050': {'shares': 534900.0, 'price': 2.43, 'value': 1299807.0, 'profit_pct': 2.950484629873961}}",0.023780344769590567,1.3126111655748125,-2.0750717096167492
2021-02-03,12804.165574812563,1298202.3,1311006.4655748126,"{'513050': {'shares': 534900.0, 'price': 2.427, 'value': 1298202.3, 'profit_pct': 2.8233852661333714}}",-0.001222525026516319,1.3110064655748126,-2.1947873851715594
2021-02-04,12804.165574812563,1314784.2000000002,1327588.3655748127,"{'513050': {'shares': 534900.0, 'price': 2.458, 'value': 1314784.2000000002, 'profit_pct': 4.136745358119423}}",0.01264822137450694,1.3275883655748129,-0.9577254044384809
2021-02-05,12804.165574812563,1318528.5,1331332.6655748126,"{'513050': {'shares': 534900.0, 'price': 2.465, 'value': 1318528.5, 'profit_pct': 4.433310540180775}}",0.0028203772321993004,1.3313326655748126,-0.6783888281439387
2021-02-08,12804.165574812563,1323342.6,1336146.7655748127,"{'513050': {'shares': 534900.0, 'price': 2.474, 'value': 1323342.6, 'profit_pct': 4.814608631402545}}",0.0036160008121799425,1.3361467655748127,-0.3192418014794973
2021-02-09,12804.165574812563,1315319.1,1328123.2655748127,"{'513050': {'shares': 534900.0, 'price': 2.459, 'value': 1315319.1, 'profit_pct': 4.179111812699614}}",-0.006004954101391902,1.3281232655748128,-0.917820179253559
2021-02-10,12804.165574812563,1374693.0,1387497.1655748126,"{'513050': {'shares': 534900.0, 'price': 2.57, 'value': 1374693.0, 'profit_pct': 8.881788271101254}}",0.0447051124989537,1.3874971655748125,0.0
2021-02-18,12804.165574812563,1372018.5,1384822.6655748126,"{'513050': {'shares': 534900.0, 'price': 2.565, 'value': 1372018.5, 'profit_pct': 8.669955998200283}}",-0.0019275715052664566,1.3848226655748126,-0.19275715052664566
2021-02-19,12804.165574812563,1355971.5,1368775.6655748126,"{'513050': {'shares': 534900.0, 'price': 2.535, 'value': 1355971.5, 'profit_pct': 7.39896236079444}}",-0.011587765277757955,1.3687756655748127,-1.3493000536865307
2021-02-22,12804.165574812563,1333505.7,1346309.8655748125,"{'513050': {'shares': 534900.0, 'price': 2.493, 'value': 1333505.7, 'profit_pct': 5.619571268426237}}",-0.016413062099964848,1.3463098655748125,-2.968460118110361
2021-02-23,12804.165574812563,1313714.4,1326518.5655748125,"{'513050': {'shares': 534900.0, 'price': 2.456, 'value': 1313714.4, 'profit_pct': 4.052012448959024}}",-0.014700404792436172,1.3265185655748124,-4.394863032007557
2021-02-24,1270322.2423411927,0.0,1270322.2423411927,{},-0.04236376684955678,1.2703222423411926,-8.445056764139524
2021-02-25,12726.013522262685,1255963.0999999999,1268689.1135222625,"{'513050': {'shares': 523100.0, 'price': 2.401, 'value': 1255963.0999999999, 'profit_pct': -0.09990009990009474}}",-0.0012856020027802728,1.2686891135222624,-8.562759982527979
2021-02-26,1199664.5419072225,0.0,1199664.5419072225,{},-0.05440621416180291,1.1996645419072225,-13.53751404528274
2021-03-01,1199664.5419072225,0.0,1199664.5419072225,{},0.0,1.1996645419072225,-13.53751404528274
2021-03-02,16177.45206216257,1181950.2,1198127.6520621625,"{'511260': {'shares': 11100.0, 'price': 106.482, 'value': 1181950.2, 'profit_pct': -0.09990009990008634}}",-0.001281099666925689,1.1981276520621624,-13.648281107240889
2021-03-03,1195039.4911210227,0.0,1195039.4911210227,{},-0.00257748908125488,1.1950394911210227,-13.870851719834576
2021-03-04,1195039.4911210227,0.0,1195039.4911210227,{},0.0,1.1950394911210227,-13.870851719834576
2021-03-05,22390.675983223133,1171126.0,1193516.6759832231,"{'511260': {'shares': 11000.0, 'price': 106.466, 'value': 1171126.0, 'profit_pct': -0.09990009990008425}}",-0.001274280179955456,1.1935166759832232,-13.980604386404439
2021-03-08,22390.675983223133,1172545.0,1194935.6759832231,"{'511260': {'shares': 11000.0, 'price': 106.595, 'value': 1172545.0, 'profit_pct': 0.021144298190511605}}",0.0011889234801274462,1.194935675983223,-13.878333907213069
2021-03-09,22390.675983223133,1172908.0,1195298.6759832231,"{'511260': {'shares': 11000.0, 'price': 106.628, 'value': 1172908.0, 'profit_pct': 0.05210914421368729}}",0.0003037820422435722,1.1952986759832231,-13.852171691605975
2021-03-10,22390.675983223133,1174019.0,1196409.6759832231,"{'511260': {'shares': 11000.0, 'price': 106.729, 'value': 1174019.0, 'profit_pct': 0.14688033961794783}}",0.0009294748018406906,1.1964096759832232,-13.772099455960019
2021-03-11,22390.675983223133,1172578.0,1194968.6759832231,"{'511260': {'shares': 11000.0, 'price': 106.598, 'value': 1172578.0, 'profit_pct': 0.023959284192618488}}",-0.0012044369323708226,1.1949686759832232,-13.875955523976058
2021-03-12,22390.675983223133,1172204.0,1194594.6759832231,"{'511260': {'shares': 11000.0, 'price': 106.564, 'value': 1172204.0, 'profit_pct': -0.007943890497930602}}",-0.00031297891527770627,1.194594675983223,-13.902910533995483
2021-03-15,22390.675983223133,1171368.0,1193758.6759832231,"{'511260': {'shares': 11000.0, 'price': 106.488, 'value': 1171368.0, 'profit_pct': -0.07925686921796268}}",-0.000699818956845677,1.193758675983223,-13.963162909333038
2021-03-16,22390.675983223133,1170631.0,1193021.6759832231,"{'511260': {'shares': 11000.0, 'price': 106.421, 'value': 1170631.0, 'profit_pct': -0.14212488993167413}}",-0.0006173777119508062,1.193021675983223,-14.016280134959558
2021-03-17,11933.550601663068,1177519.2,1189452.750601663,"{'513100': {'shares': 1344200.0, 'price': 0.876, 'value': 1177519.2, 'profit_pct': -0.09990009990009852}}",-0.0029915008699391565,1.189452750601663,-14.273500507736436
2021-03-18,11933.550601663068,1186928.6,1198862.1506016632,"{'513100': {'shares': 1344200.0, 'price': 0.883, 'value': 1186928.6, 'profit_pct': 0.6983883696212484}}",0.007910696742885026,1.1988621506016632,-13.595344167424061
2021-03-19,1157045.911202443,0.0,1157045.911202443,{},-0.03487993959792135,1.1570459112024432,-16.609133343843485
2021-03-22,16967.692613132996,1138597.7,1155565.392613133,"{'511260': {'shares': 10700.0, 'price': 106.411, 'value': 1138597.7, 'profit_pct': -0.09990009990009452}}",-0.0012795677120293059,1.1555653926131328,-16.715837604294848
2021-03-23,16967.692613132996,1138918.7,1155886.392613133,"{'511260': {'shares': 10700.0, 'price': 106.441, 'value': 1138918.7, 'profit_pct': -0.07173569023377138}}",0.0002777860967904111,1.1558863926131329,-16.69270242189849
2021-03-24,16967.692613132996,1140288.3,1157255.992613133,"{'511260': {'shares': 10700.0, 'price': 106.569, 'value': 1140288.3, 'profit_pct': 0.048432457675869525}}",0.0011848915332446364,1.157255992613133,-16.5939923103407
2021-03-25,16967.692613132996,1140769.8,1157737.492613133,"{'511260': {'shares': 10700.0, 'price': 106.614, 'value': 1140769.8, 'profit_pct': 0.09067907217535422}}",0.00041607043132496635,1.157737492613133,-16.559289536746157
2021-03-26,16967.692613132996,1139860.3,1156827.992613133,"{'511260': {'shares': 10700.0, 'price': 106.529, 'value': 1139860.3, 'profit_pct': 0.010879911454100905}}",-0.0007855839564694378,1.156827992613133,-16.624839220202503
2021-03-29,16967.692613132996,1139646.3,1156613.992613133,"{'511260': {'shares': 10700.0, 'price': 106.509, 'value': 1139646.3, 'profit_pct': -0.007896361656776735}}",-0.00018498860795768124,1.1566139926131331,-16.64026267513341
2021-03-30,16967.692613132996,1140577.2,1157544.892613133,"{'511260': {'shares': 10700.0, 'price': 106.596, 'value': 1140577.2, 'profit_pct': 0.07378042637556034}}",0.0008048493325736317,1.1575448926131329,-16.57317064618399
2021-03-31,11652.34466080321,1145111.8,1156764.1446608033,"{'513100': {'shares': 1322300.0, 'price': 0.866, 'value': 1145111.8, 'profit_pct': -0.09990009990009097}}",-0.0006744861104843736,1.1567641446608032,-16.629440883824888
2021-04-01,11652.34466080321,1171557.8,1183210.1446608033,"{'513100': {'shares': 1322300.0, 'price': 0.886, 'value': 1171557.8, 'profit_pct': 2.2072615606103017}}",0.022862050247723253,1.1832101446608032,-14.723418972130098
2021-04-02,11652.34466080321,1184780.8,1196433.1446608033,"{'513100': {'shares': 1322300.0, 'price': 0.896, 'value': 1184780.8, 'profit_pct': 3.3608423908654976}}",0.011175529604498635,1.1964331446608032,-13.770408016282708
2021-04-06,11652.34466080321,1203293.0,1214945.3446608032,"{'513100': {'shares': 1322300.0, 'price': 0.91, 'value': 1203293.0, 'profit_pct': 4.975855553222773}}",0.015472824438718114,1.2149453446608032,-12.436192678096358
2021-04-07,11652.34466080321,1201970.7,1213623.0446608032,"{'513100': {'shares': 1322300.0, 'price': 0.909, 'value': 1201970.7, 'profit_pct': 4.860497470197253}}",-0.0010883617158673475,1.2136230446608032,-12.531493773681103
2021-04-08,11652.34466080321,1213871.4000000001,1225523.7446608033,"{'513100': {'shares': 1322300.0, 'price': 0.918, 'value': 1213871.4000000001, 'profit_pct': 5.89872021742693}}",0.009805927839254602,1.2255237446608034,-11.673783913418434
2021-04-09,11652.34466080321,1217838.3,1229490.6446608033,"{'513100': {'shares': 1322300.0, 'price': 0.921, 'value': 1217838.3, 'profit_pct': 6.244794466503489}}",0.0032369017877313944,1.2294906446608032,-11.387880626664227
2021-04-12,11652.34466080321,1225772.1,1237424.4446608033,"{'513100': {'shares': 1322300.0, 'price': 0.927, 'value': 1225772.1, 'profit_pct': 6.936942964656606}}",0.006452916119739083,1.2374244446608034,-10.816074053155788
2021-04-13,11652.34466080321,1223127.5,1234779.8446608032,"{'513100': {'shares': 1322300.0, 'price': 0.925, 'value': 1223127.5, 'profit_pct': 6.7062267986055675}}",-0.002137180990250287,1.2347798446608031,-11.006676244325275
2021-04-14,11652.34466080321,1238995.1,1250647.4446608033,"{'513100': {'shares': 1322300.0, 'price': 0.937, 'value': 1238995.1, 'profit_pct': 8.090523794911803}}",0.012850549892445828,1.2506474446608034,-9.86306309730839
2021-04-15,11652.34466080321,1227094.4000000001,1238746.7446608033,"{'513100': {'shares': 1322300.0, 'price': 0.928, 'value': 1227094.4000000001, 'profit_pct': 7.052301047682126}}",-0.009515631324243934,1.2387467446608034,-10.720772957571045
2021-04-16,11652.34466080321,1237672.8,1249325.1446608033,"{'513100': {'shares': 1322300.0, 'price': 0.936, 'value': 1237672.8, 'profit_pct': 7.975165711886283}}",0.008539598627075762,1.2493251446608034,-9.958364192893132
2021-04-19,11652.34466080321,1240317.4,1251969.7446608031,"{'513100': {'shares': 1322300.0, 'price': 0.938, 'value': 1240317.4, 'profit_pct': 8.20588187793731}}",0.002116822839356214,1.2519697446608031,-9.767762001723668
2021-04-20,12572.871838373598,1217713.3,1230286.1718383736,"{'159915': {'shares': 436300.0, 'price': 2.791, 'value': 1217713.3, 'profit_pct': -0.09990009990007566}}",-0.017319566159567423,1.2302861718383737,-11.330545217460642
2021-04-21,12572.871838373598,1227748.2,1240321.0718383736,"{'159915': {'shares': 436300.0, 'price': 2.814, 'value': 1227748.2, 'profit_pct': 0.7233540375783591}}",0.008156557579611867,1.2403210718383735,-10.607307703974078
2021-04-22,12572.871838373598,1237783.1,1250355.9718383737,"{'159915': {'shares': 436300.0, 'price': 2.837, 'value': 1237783.1, 'profit_pct': 1.546608175056794}}",0.008090566408846644,1.2503559718383737,-9.884070190487492
2021-04-23,12572.871838373598,1261343.3,1273916.1718383736,"{'159915': {'shares': 436300.0, 'price': 2.891, 'value': 1261343.3, 'profit_pct': 3.479465715223536}}",0.018842793996784568,1.2739161718383736,-8.186034289258137
2021-04-26,12572.871838373598,1249126.9,1261699.7718383735,"{'159915': {'shares': 436300.0, 'price': 2.863, 'value': 1249126.9, 'profit_pct': 2.477243286988925}}",-0.009589641979637298,1.2616997718383736,-9.066497349154846
2021-04-27,12572.871838373598,1258289.2,1270862.0718383736,"{'159915': {'shares': 436300.0, 'price': 2.884, 'value': 1258289.2, 'profit_pct': 3.22891010816488}}",0.0072618702202427166,1.2708620718383736,-8.40615005423232
2021-04-28,12572.871838373598,1286648.7,1299221.5718383736,"{'159915': {'shares': 436300.0, 'price': 2.949, 'value': 1286648.7, 'profit_pct': 5.555497887995223}}",0.022315167498056176,1.2992215718383735,-6.362217950900694
2021-04-29,12572.871838373598,1287957.6,1300530.4718383737,"{'159915': {'shares': 436300.0, 'price': 2.952, 'value': 1287957.6, 'profit_pct': 5.662878862448936}}",0.0010074494053760041,1.3005304718383737,-6.267882623054611
2021-04-30,12572.871838373598,1304100.7,1316673.5718383736,"{'159915': {'shares': 436300.0, 'price': 2.989, 'value': 1304100.7, 'profit_pct': 6.987244214044669}}",0.01241270416154161,1.3166735718383735,-5.104413579619694
2021-05-06,12572.871838373598,1267015.2,1279588.0718383736,"{'159915': {'shares': 436300.0, 'price': 2.904, 'value': 1267015.2, 'profit_pct': 3.9447832711896025}}",-0.028166054816624153,1.2795880718383736,-7.777247868591819
2021-05-07,12572.871838373598,1229929.7,1242502.5718383736,"{'159915': {'shares': 436300.0, 'price': 2.819, 'value': 1229929.7, 'profit_pct': 0.9023223283345359}}",-0.028982373950016238,1.2425025718383735,-10.450082157563944
2021-05-10,12572.871838373598,1233420.1,1245992.9718383737,"{'159915': {'shares': 436300.0, 'price': 2.827, 'value': 1233420.1, 'profit_pct': 1.1886715935444248}}",0.00280916923563046,1.2459929718383738,-10.198521283307738
2021-05-11,12572.871838373598,1231674.9,1244247.7718383735,"{'159915': {'shares': 436300.0, 'price': 2.823, 'value': 1231674.9, 'profit_pct': 1.0454969609394802}}",-0.001400649955051736,1.2442477718383735,-10.324301720435846
2021-05-12,12572.871838373598,1249999.5,1262572.3718383736,"{'159915': {'shares': 436300.0, 'price': 2.865, 'value': 1249999.5, 'profit_pct': 2.5488306032914054}}",0.014727452533771057,1.2625723718383737,-9.003607130590796
2021-05-13,12572.871838373598,1241273.5,1253846.3718383736,"{'159915': {'shares': 436300.0, 'price': 2.845, 'value': 1241273.5, 'profit_pct': 1.8329574402666828}}",-0.006911286984123133,1.2538463718383737,-9.632509316231296
2021-05-14,12572.871838373598,1281413.0999999999,1293985.9718383735,"{'159915': {'shares': 436300.0, 'price': 2.937, 'value': 1281413.0999999999, 'profit_pct': 5.12597399018039}}",0.03201317234833767,1.2939859718383735,-6.739559262285
2021-05-17,12572.871838373598,1311954.1,1324526.9718383737,"{'159915': {'shares': 436300.0, 'price': 3.007, 'value': 1311954.1, 'profit_pct': 7.631530060766926}}",0.023602265144041956,1.3245269718383736,-4.538401612543231
2021-05-18,12572.871838373598,1303664.4,1316237.2718383735,"{'159915': {'shares': 436300.0, 'price': 2.988, 'value': 1303664.4, 'profit_pct': 6.9514505558934365}}",-0.006258611697800731,1.3162372718383735,-5.135858688901718
2021-05-19,12572.871838373598,1314135.6,1326708.4718383737,"{'159915': {'shares': 436300.0, 'price': 3.012, 'value': 1314135.6, 'profit_pct': 7.810498351523103}}",0.007955404564235824,1.3267084718383737,-4.381176066133108
2021-05-20,12572.871838373598,1327660.9000000001,1340233.7718383737,"{'159915': {'shares': 436300.0, 'price': 3.043, 'value': 1327660.9000000001, 'profit_pct': 8.920101754211426}}",0.010194628501360548,1.3402337718383737,-3.4063776783903266
2021-05-21,12572.871838373598,1314135.6,1326708.4718383737,"{'159915': {'shares': 436300.0, 'price': 3.012, 'value': 1314135.6, 'profit_pct': 7.810498351523103}}",-0.010091746890878328,1.3267084718383737,-4.381176066133108
2021-05-24,12572.871838373598,1324606.8,1337179.6718383736,"{'159915': {'shares': 436300.0, 'price': 3.036, 'value': 1324606.8, 'profit_pct': 8.66954614715277}}",0.007892615613956488,1.3371796718383737,-3.626493443364509
2021-05-25,12572.871838373598,1360819.7000000002,1373392.5718383738,"{'159915': {'shares': 436300.0, 'price': 3.119, 'value': 1360819.7000000002, 'profit_pct': 11.640419773705373}}",0.02708155138958568,1.3733925718383737,-1.0165493729564101
2021-05-26,12572.871838373598,1350348.5,1362921.3718383736,"{'159915': {'shares': 436300.0, 'price': 3.095, 'value': 1350348.5, 'profit_pct': 10.781371978075706}}",-0.007624331319910804,1.3629213718383737,-1.771231995725031
2021-05-27,12572.871838373598,1360383.4,1372956.2718383735,"{'159915': {'shares': 436300.0, 'price': 3.118, 'value': 1360383.4, 'profit_pct': 11.604626115554124}}",0.007362787177124019,1.3729562718383734,-1.0479944822384568
2021-05-28,12572.871838373598,1361692.3,1374265.1718383736,"{'159915': {'shares': 436300.0, 'price': 3.121, 'value': 1361692.3, 'profit_pct': 11.712007090007837}}",0.0009533442738474118,1.3742651718383736,-0.9536591543923723
2021-05-31,12572.871838373598,1393978.5,1406551.3718383736,"{'159915': {'shares': 436300.0, 'price': 3.195, 'value': 1393978.5, 'profit_pct': 14.360737793199302}}",0.02349342809642052,1.4065513718383735,0.0
2021-06-01,12572.871838373598,1390924.4000000001,1403497.2718383737,"{'159915': {'shares': 436300.0, 'price': 3.188, 'value': 1390924.4000000001, 'profit_pct': 14.11018218614066}}",-0.002171339107229442,1.4034972718383738,-0.2171339107229442
2021-06-02,12572.871838373598,1366927.9,1379500.7718383735,"{'159915': {'shares': 436300.0, 'price': 3.133, 'value': 1366927.9, 'profit_pct': 12.14153098782267}}",-0.01709764634495392,1.3795007718383736,-1.923186066403304
2021-06-03,12572.871838373598,1352093.7000000002,1364666.5718383738,"{'159915': {'shares': 436300.0, 'price': 3.099, 'value': 1352093.7000000002, 'profit_pct': 10.924546610680649}}",-0.010753310402451643,1.3646665718383737,-2.9778364899147647
2021-06-04,12572.871838373598,1370418.3,1382991.1718383736,"{'159915': {'shares': 436300.0, 'price': 3.141, 'value': 1370418.3, 'profit_pct': 12.42788025303256}}",0.013427895412807311,1.3829911718383736,-1.6750330255770551
2021-06-07,12572.871838373598,1362128.5999999999,1374701.4718383735,"{'159915': {'shares': 436300.0, 'price': 3.122, 'value': 1362128.5999999999, 'profit_pct': 11.747800748159069}}",-0.005994036815853976,1.3747014718383734,-2.264396497539378
2021-06-08,12572.871838373598,1354711.5,1367284.3718383736,"{'159915': {'shares': 436300.0, 'price': 3.105, 'value': 1354711.5, 'profit_pct': 11.13930855958806}}",-0.005395425953884425,1.3672843718383736,-2.791721709295103
2021-06-09,12572.871838373598,1352530.0,1365102.8718383736,"{'159915': {'shares': 436300.0, 'price': 3.1, 'value': 1352530.0, 'profit_pct': 10.960340268831882}}",-0.0015954983798044386,1.3651028718383735,-2.9468173598115044
2021-06-10,12572.871838373598,1386997.7,1399570.5718383736,"{'159915': {'shares': 436300.0, 'price': 3.179, 'value': 1386997.7, 'profit_pct': 13.788039262779522}}",0.02524915939381378,1.3995705718383735,-0.4963060816524645
2021-06-11,12572.871838373598,1393978.5,1406551.3718383736,"{'159915': {'shares': 436300.0, 'price': 3.195, 'value': 1393978.5, 'profit_pct': 14.360737793199302}}",0.004987815648932026,1.4065513718383735,0.0
2021-06-15,12572.871838373598,1376526.5,1389099.3718383736,"{'159915': {'shares': 436300.0, 'price': 3.155, 'value': 1376526.5, 'profit_pct': 12.928991467149856}}",-0.012407652041311557,1.3890993718383735,-1.2407652041311557
2021-06-16,13331.146133333445,1315188.0,1328519.1461333334,"{'513100': {'shares': 1428000.0, 'price': 0.921, 'value': 1315188.0, 'profit_pct': -0.09990009990010647}}",-0.043611153336615915,1.3285191461333334,-5.547769336220643
2021-06-17,13331.146133333445,1310904.0,1324235.1461333334,"{'513100': {'shares': 1428000.0, 'price': 0.918, 'value': 1310904.0, 'profit_pct': -0.42530759143137675}}",-0.0032246430263866976,1.3242351461333335,-5.8523440631572665
2021-06-18,13331.146133333445,1338036.0,1351367.1461333334,"{'513100': {'shares': 1428000.0, 'price': 0.937, 'value': 1338036.0, 'profit_pct': 1.6356065216000015}}",0.02048880825978938,1.3513671461333334,-3.923370792558678
2021-06-21,13586.073122013826,1321488.4,1335074.4731220137,"{'159915': {'shares': 417400.0, 'price': 3.166, 'value': 1321488.4, 'profit_pct': -0.09990009990009296}}",-0.012056437111067853,1.3350744731220137,-5.0817126304415705
2021-06-22,13456.826655313838,1321516.6,1334973.426655314,"{'513100': {'shares': 1414900.0, 'price': 0.934, 'value': 1321516.6, 'profit_pct': -0.099900099900087}}",-7.568601507568218e-05,1.334973426655314,-5.088896617370375
2021-06-23,13456.826655313838,1342740.0999999999,1356196.9266553137,"{'513100': {'shares': 1414900.0, 'price': 0.949, 'value': 1342740.0999999999, 'profit_pct': 1.5044912261186376}}",0.01589806926207804,1.3561969266553138,-3.5799933220530877
2021-06-24,13456.826655313838,1341325.2,1354782.0266553138,"{'513100': {'shares': 1414900.0, 'price': 0.948, 'value': 1341325.2, 'profit_pct': 1.3975318043840552}}",-0.0010432850659006787,1.3547820266553139,-3.680586875074232
2021-06-25,13456.826655313838,1345569.9,1359026.7266553137,"{'513100': {'shares': 1414900.0, 'price': 0.951, 'value': 1345569.9, 'profit_pct': 1.7184100695878026}}",0.003133123939117466,1.3590267266553138,-3.378806216010777
2021-06-28,13456.826655313838,1348399.7,1361856.5266553138,"{'513100': {'shares': 1414900.0, 'price': 0.953, 'value': 1348399.7, 'profit_pct': 1.9323289130569674}}",0.0020822254224275305,1.3618565266553138,-3.177619109968466
2021-06-29,13456.826655313838,1359718.9,1373175.7266553137,"{'513100': {'shares': 1414900.0, 'price': 0.961, 'value': 1359718.9, 'profit_pct': 2.788004286933627}}",0.008311595075143119,1.3731757266553137,-2.3728706857992443
2021-06-30,13456.826655313838,1368208.3,1381665.126655314,"{'513100': {'shares': 1414900.0, 'price': 0.967, 'value': 1368208.3, 'profit_pct': 3.429760817341122}}",0.0061823114370642696,1.381665126655314,-1.7693093676723115
2021-07-01,13456.826655313838,1365378.5,1378835.3266553138,"{'513100': {'shares': 1414900.0, 'price': 0.965, 'value': 1365378.5, 'profit_pct': 3.2158419738719566}}",-0.002048108434820506,1.378835326655314,-1.9704964737146224
2021-07-02,13456.826655313838,1366793.4,1380250.2266553137,"{'513100': {'shares': 1414900.0, 'price': 0.966, 'value': 1366793.4, 'profit_pct': 3.3228013956065396}}",0.0010261558959561157,1.3802502266553138,-1.869902920693467
2021-07-05,13456.826655313838,1382357.3,1395814.126655314,"{'513100': {'shares': 1414900.0, 'price': 0.977, 'value': 1382357.3, 'profit_pct': 4.499355034686945}}",0.011276143774100467,1.395814126655314,-0.7633738374607679
2021-07-06,13456.826655313838,1382357.3,1395814.126655314,"{'513100': {'shares': 1414900.0, 'price': 0.977, 'value': 1382357.3, 'profit_pct': 4.499355034686945}}",0.0,1.395814126655314,-0.7633738374607679
2021-07-07,13456.826655313838,1392261.6,1405718.426655314,"{'513100': {'shares': 1414900.0, 'price': 0.984, 'value': 1392261.6, 'profit_pct': 5.248070986829023}}",0.007095715547551507,1.405718426655314,-0.059218966312690746
2021-07-08,13456.826655313838,1389431.8,1402888.626655314,"{'513100': {'shares': 1414900.0, 'price': 0.982, 'value': 1389431.8, 'profit_pct': 5.034152143359858}}",-0.0020130631756268835,1.4028886266553138,-0.2604060723550017
2021-07-09,13456.826655313838,1388016.9,1401473.7266553137,"{'513100': {'shares': 1414900.0, 'price': 0.981, 'value': 1388016.9, 'profit_pct': 4.927192721625276}}",-0.001008561886607806,1.4014737266553137,-0.36099962537616825
2021-07-12,14290.608182984171,1392047.4,1406338.008182984,"{'159915': {'shares': 406200.0, 'price': 3.427, 'value': 1392047.4, 'profit_pct': -0.09990009990008251}}",0.003470833191628442,1.4063380081829842,-0.015169275695248174
2021-07-13,14290.608182984171,1385548.2,1399838.8081829841,"{'159915': {'shares': 406200.0, 'price': 3.411, 'value': 1385548.2, 'profit_pct': -0.5663143392936045}}",-0.004621364111745074,1.3998388081829842,-0.4772355841234699
2021-07-14,14290.608182984171,1373768.4000000001,1388059.0081829843,"{'159915': {'shares': 406200.0, 'price': 3.382, 'value': 1373768.4000000001, 'profit_pct': -1.41169014819436}}",-0.008415111747966275,1.3880590081829842,-1.3147307681495968
2021-07-15,14290.608182984171,1392859.7999999998,1407150.408182984,"{'159915': {'shares': 406200.0, 'price': 3.429, 'value': 1392859.7999999998, 'profit_pct': -0.041598319975898725}}",0.013754026224714222,1.407150408182984,0.0
2021-07-16,13738.287890564185,1348875.0,1362613.2878905642,"{'513100': {'shares': 1375000.0, 'price': 0.981, 'value': 1348875.0, 'profit_pct': -0.09990009990008958}}",-0.031650575541479875,1.3626132878905641,-3.1650575541479875
2021-07-19,13561.960382064339,1337320.0,1350881.9603820643,"{'159915': {'shares': 399200.0, 'price': 3.35, 'value': 1337320.0, 'profit_pct': -0.09990009990007898}}",-0.008609432780932957,1.3508819603820643,-3.9987514819810666
2021-07-20,13561.960382064339,1339715.2,1353277.1603820643,"{'159915': {'shares': 399200.0, 'price': 3.356, 'value': 1339715.2, 'profit_pct': 0.079025452159795}}",0.0017730638725255154,1.3532771603820644,-3.82853513651642
2021-07-21,13561.960382064339,1379236.0,1392797.9603820643,"{'159915': {'shares': 399200.0, 'price': 3.455, 'value': 1379236.0, 'profit_pct': 3.0312970611478285}}",0.02920377374051175,1.3927979603820644,-1.019965436349668
2021-07-22,13561.960382064339,1372449.6,1386011.5603820644,"{'159915': {'shares': 399200.0, 'price': 3.438, 'value': 1372449.6, 'profit_pct': 2.524341330311503}}",-0.004872494211679013,1.3860115603820644,-1.5022450818328315
2021-07-23,13614.790574934566,1340563.5,1354178.2905749346,"{'513100': {'shares': 1347300.0, 'price': 0.995, 'value': 1340563.5, 'profit_pct': -0.09990009990007444}}",-0.022967535565399433,1.3541782905749347,-3.7644957710278426
2021-07-26,13614.790574934566,1358078.4,1371693.1905749345,"{'513100': {'shares': 1347300.0, 'price': 1.008, 'value': 1358078.4, 'profit_pct': 1.2053273359806291}}",0.012933968977278276,1.3716931905749346,-2.519788744817586
2021-07-27,13614.790574934566,1355383.8,1368998.5905749346,"{'513100': {'shares': 1347300.0, 'price': 1.006, 'value': 1355383.8, 'profit_pct': 1.0045231150759055}}",-0.0019644334596939927,1.3689985905749347,-2.711282133465309
2021-07-28,13614.790574934566,1341910.8,1355525.5905749346,"{'513100': {'shares': 1347300.0, 'price': 0.996, 'value': 1341910.8, 'profit_pct': 0.0005020105522873912}}",-0.009841500270896364,1.3555255905749346,-3.66874907670397
2021-07-29,13880.302812964655,1342192.6,1356072.9028129647,"{'159915': {'shares': 399700.0, 'price': 3.358, 'value': 1342192.6, 'profit_pct': -0.09990009990008587}}",0.00040376385502094436,1.3560729028129648,-3.629853999472188
2021-07-30,13880.302812964655,1330201.5999999999,1344081.9028129645,"{'159915': {'shares': 399700.0, 'price': 3.328, 'value': 1330201.5999999999, 'profit_pct': -0.9923965254519089}}",-0.00884244495640818,1.3440819028129645,-4.482001710922868
2021-08-02,13880.302812964655,1356182.0999999999,1370062.4028129645,"{'159915': {'shares': 399700.0, 'price': 3.393, 'value': 1356182.0999999999, 'profit_pct': 0.9413457299103568}}",0.01932955123168223,1.3700624028129644,-2.6356816694464213
2021-08-03,22808.638905094936,1331784.0,1354592.638905095,"{'511260': {'shares': 12000.0, 'price': 110.982, 'value': 1331784.0, 'profit_pct': -0.09990009990009344}}",-0.011291284160566462,1.3545926389050948,-3.7350498548165523
2021-08-04,13727.094319994794,1335325.0,1349052.0943199948,"{'159915': {'shares': 387500.0, 'price': 3.446, 'value': 1335325.0, 'profit_pct': -0.09990009990009521}}",-0.004090192450461383,1.3490520943199948,-4.128792027144423
2021-08-05,13727.094319994794,1324862.5,1338589.5943199948,"{'159915': {'shares': 387500.0, 'price': 3.419, 'value': 1324862.5, 'profit_pct': -0.8826344868132441}}",-0.0077554455043292725,1.3385895943199948,-4.872315956012119
2021-08-06,13294.567712495103,1309099.9999999998,1322394.5677124949,"{'513100': {'shares': 1300000.0, 'price': 1.007, 'value': 1309099.9999999998, 'profit_pct': -0.09990009990009795}}",-0.012098575004781065,1.3223945677124949,-6.023225376449426
2021-08-09,13294.567712495103,1302600.0,1315894.567712495,"{'513100': {'shares': 1300000.0, 'price': 1.002, 'value': 1302600.0, 'profit_pct': -0.5959284012908516}}",-0.004915325696810413,1.3158945677124951,-6.485151831659919
2021-08-10,13294.567712495103,1307800.0,1321094.567712495,"{'513100': {'shares': 1300000.0, 'price': 1.006, 'value': 1307800.0, 'profit_pct': -0.19910576017823986}}",0.003951684373193709,1.321094567712495,-6.115610667491511
2021-08-11,13294.567712495103,1301299.9999999998,1314594.5677124949,"{'513100': {'shares': 1300000.0, 'price': 1.001, 'value': 1301299.9999999998, 'profit_pct': -0.6951340615690156}}",-0.004920162537081052,1.3145945677124948,-6.577537122702049
2021-08-12,13294.567712495103,1297400.0,1310694.567712495,"{'513100': {'shares': 1300000.0, 'price': 0.998, 'value': 1297400.0, 'profit_pct': -0.9927510424034632}}",-0.0029666941396130353,1.310694567712495,-6.854692995828337
2021-08-13,13294.567712495103,1302600.0,1315894.567712495,"{'513100': {'shares': 1300000.0, 'price': 1.002, 'value': 1302600.0, 'profit_pct': -0.5959284012908516}}",0.00396736213615001,1.3158945677124951,-6.485151831659919
2021-08-16,13294.567712495103,1305200.0,1318494.567712495,"{'513100': {'shares': 1300000.0, 'price': 1.004, 'value': 1305200.0, 'profit_pct': -0.3975170807345457}}",0.0019758421865969655,1.318494567712495,-6.3003812495757145
2021-08-17,13294.567712495103,1310400.0,1323694.567712495,"{'513100': {'shares': 1300000.0, 'price': 1.008, 'value': 1310400.0, 'profit_pct': -0.0006944396219339969}}",0.003943891865267002,1.3236945677124952,-5.930840085407296
2021-08-18,13294.567712495103,1302600.0,1315894.567712495,"{'513100': {'shares': 1300000.0, 'price': 1.002, 'value': 1302600.0, 'profit_pct': -0.5959284012908516}}",-0.005892598028470641,1.3158945677124951,-6.485151831659919
2021-08-19,16126.644557495136,1273050.0,1289176.6445574951,"{'511260': {'shares': 11500.0, 'price': 110.7, 'value': 1273050.0, 'profit_pct': -0.09990009990009471}}",-0.020303999887654745,1.289176644557495,-8.38387729836395
2021-08-20,16126.644557495136,1272728.0,1288854.6445574951,"{'511260': {'shares': 11500.0, 'price': 110.672, 'value': 1272728.0, 'profit_pct': -0.12516841785134472}}",-0.00024977182247243324,1.288854644557495,-8.406760424298998
2021-08-23,12888.607228345238,1272095.0,1284983.6072283452,"{'513100': {'shares': 1259500.0, 'price': 1.01, 'value': 1272095.0, 'profit_pct': -0.0999000999000955}}",-0.003003470830086452,1.2849836072283451,-8.681858047597736
2021-08-24,12888.607228345238,1290987.5,1303876.1072283452,"{'513100': {'shares': 1259500.0, 'price': 1.025, 'value': 1290987.5, 'profit_pct': 1.3837647501013786}}",0.01470252219073065,1.3038761072283451,-7.339251039126237
2021-08-25,12888.607228345238,1289728.0,1302616.6072283452,"{'513100': {'shares': 1259500.0, 'price': 1.024, 'value': 1289728.0, 'profit_pct': 1.2848537601012906}}",-0.0009659660093606082,1.3026166072283452,-7.428758173024342
2021-08-26,12888.607228345238,1287209.0,1300097.6072283452,"{'513100': {'shares': 1259500.0, 'price': 1.022, 'value': 1287209.0, 'profit_pct': 1.0870317801010925}}",-0.0019338000037937286,1.3000976072283452,-7.607772440820537
2021-08-27,12888.607228345238,1288468.5,1301357.1072283452,"{'513100': {'shares': 1259500.0, 'price': 1.023, 'value': 1288468.5, 'profit_pct': 1.1859427701011807}}",0.000968773415932267,1.3013571072283452,-7.518265306922434
2021-08-30,12888.607228345238,1298544.5,1311433.1072283452,"{'513100': {'shares': 1259500.0, 'price': 1.031, 'value': 1298544.5, 'profit_pct': 1.9772306901019727}}",0.007742686418688027,1.3114331072283452,-6.802208235737639
2021-08-31,12888.607228345238,1316177.5,1329066.1072283452,"{'513100': {'shares': 1259500.0, 'price': 1.045, 'value': 1316177.5, 'profit_pct': 3.3619845501033585}}",0.013445596197633414,1.3290661072283452,-5.5491083611642456
2021-09-01,12888.607228345238,1309880.0,1322768.6072283452,"{'513100': {'shares': 1259500.0, 'price': 1.04, 'value': 1309880.0, 'profit_pct': 2.8674296001028745}}",-0.004738289514532035,1.3227686072283453,-5.996644030654741
2021-09-02,12888.607228345238,1308620.5,1321509.1072283452,"{'513100': {'shares': 1259500.0, 'price': 1.039, 'value': 1308620.5, 'profit_pct': 2.7685186101027646}}",-0.0009521695579388645,1.3215091072283451,-6.086151164552844
2021-09-03,12888.607228345238,1304842.0,1317730.6072283452,"{'513100': {'shares': 1259500.0, 'price': 1.036, 'value': 1304842.0, 'profit_pct': 2.4717856401024787}}",-0.0028592311466735243,1.3177306072283452,-6.354672566247144
2021-09-06,13266.402950935299,1304845.2,1318111.6029509353,"{'518880': {'shares': 351900.0, 'price': 3.708, 'value': 1304845.2, 'profit_pct': -0.0999000999000772}}",0.00028913020650822574,1.3181116029509352,-6.327596873387698
2021-09-07,13266.402950935299,1300622.4000000001,1313888.8029509354,"{'518880': {'shares': 351900.0, 'price': 3.696, 'value': 1300622.4000000001, 'profit_pct': -0.42320139407515817}}",-0.0032036740975088795,1.3138888029509355,-6.627692724935841
2021-09-08,12981.09694683575,1282437.7,1295418.7969468357,"{'513100': {'shares': 1234300.0, 'price': 1.039, 'value': 1282437.7, 'profit_pct': -0.09990009990007975}}",-0.01405751077459294,1.2954187969468356,-7.940274940503644
2021-09-09,12981.09694683575,1275031.9,1288012.9969468357,"{'513100': {'shares': 1234300.0, 'price': 1.033, 'value': 1275031.9, 'profit_pct': -0.6768015430190404}}",-0.0057169156549640165,1.2880129969468357,-8.46657262388797
2021-09-10,12981.09694683575,1271329.0,1284310.0969468358,"{'513100': {'shares': 1234300.0, 'price': 1.03, 'value': 1271329.0, 'profit_pct': -0.9652522645785101}}",-0.002874893350282459,1.2843100969468357,-8.72972146558012
2021-09-13,12969.348867896246,1260653.0,1273622.3488678962,"{'510300': {'shares': 271400.0, 'price': 4.645, 'value': 1260653.0, 'profit_pct': -0.09990009990008106}}",-0.008321781557543817,1.2736223488678962,-9.489252786239744
2021-09-14,12969.348867896246,1242740.5999999999,1255709.948867896,"{'510300': {'shares': 271400.0, 'price': 4.579, 'value': 1242740.5999999999, 'profit_pct': -1.5193633062308838}}",-0.014064137627548878,1.255709948867896,-10.762208391826356
2021-09-15,12736.767605086556,1225399.0999999999,1238135.8676050864,"{'518880': {'shares': 334900.0, 'price': 3.659, 'value': 1225399.0999999999, 'profit_pct': -0.0999000999000839}}",-0.013995334892945466,1.2381358676050864,-12.011121170489625
2021-09-16,12263.010029626777,1212335.4,1224598.4100296267,"{'513100': {'shares': 1187400.0, 'price': 1.021, 'value': 1212335.4, 'profit_pct': -0.09990009990009391}}",-0.010933741546188425,1.2245984100296268,-12.973168830550375
2021-09-17,12263.010029626777,1219459.7999999998,1231722.8100296266,"{'513100': {'shares': 1187400.0, 'price': 1.027, 'value': 1219459.7999999998, 'profit_pct': 0.48717198570284437}}",0.0058177439572435485,1.2317228100296267,-12.466869009396264
2021-09-22,15500.516956436913,1183452.0999999999,1198952.6169564368,"{'511260': {'shares': 10700.0, 'price': 110.603, 'value': 1183452.0999999999, 'profit_pct': -0.09990009990008489}}",-0.026605168635629672,1.1989526169564368,-14.79570272060593
2021-09-23,15500.516956436913,1183473.5,1198974.016956437,"{'511260': {'shares': 10700.0, 'price': 110.605, 'value': 1183473.5, 'profit_pct': -0.09809363714770789}}",1.7848912206686052e-05,1.198974016956437,-14.794181916584147
2021-09-24,1197168.704118237,0.0,1197168.704118237,{},-0.0015057147299845086,1.1971687041182368,-14.92247757195273
2021-09-27,12372.51426095725,1183257.5999999999,1195630.114260957,"{'510300': {'shares': 260400.0, 'price': 4.544, 'value': 1183257.5999999999, 'profit_pct': -0.09990009990008268}}",-0.0012851905098981709,1.195630114260957,-15.031818396382901
2021-09-28,12372.51426095725,1180914.0,1193286.5142609573,"{'510300': {'shares': 260400.0, 'price': 4.535, 'value': 1180914.0, 'profit_pct': -0.2977656146669939}}",-0.001960137982513488,1.1932865142609572,-15.19836775644926
2021-09-29,18309.448162947316,1163347.5,1181656.9481629473,"{'511260': {'shares': 10500.0, 'price': 110.795, 'value': 1163347.5, 'profit_pct': -0.09990009990009628}}",-0.00974582881732522,1.1816569481629473,-16.024829947724662
2021-09-30,12000.124688857235,1166648.8,1178648.9246888573,"{'159915': {'shares': 370600.0, 'price': 3.148, 'value': 1166648.8, 'profit_pct': -0.09990009990008356}}",-0.0025455979239714654,1.1786489246888572,-16.238596966274887
2021-10-08,12000.124688857235,1162942.8,1174942.9246888573,"{'159915': {'shares': 370600.0, 'price': 3.138, 'value': 1162942.8, 'profit_pct': -0.41724476286101814}}",-0.0031442780987377406,1.1749429246888572,-16.501966111353372
2021-10-11,11732.46934245713,1144665.6,1156398.0693424572,"{'510300': {'shares': 249600.0, 'price': 4.586, 'value': 1144665.6, 'profit_pct': -0.0999000999000946}}",-0.01578362229919472,1.1563980693424571,-17.81986754097713
2021-10-12,11483.582509457367,1128996.4,1140479.9825094573,"{'513050': {'shares': 756700.0, 'price': 1.492, 'value': 1128996.4, 'profit_pct': -0.09990009990010318}}",-0.013765231242604203,1.1404799825094574,-18.951096067823425
2021-10-13,11569.217706377618,1141074.0,1152643.2177063776,"{'510300': {'shares': 248600.0, 'price': 4.59, 'value': 1141074.0, 'profit_pct': -0.09990009990008746}}",0.0106650141900404,1.1526432177063777,-18.086708357299543
2021-10-14,11462.168057957664,1131523.2,1142985.3680579576,"{'159915': {'shares': 363600.0, 'price': 3.112, 'value': 1131523.2, 'profit_pct': -0.0999000999000929}}",-0.008378871709875613,1.1429853680579576,-18.773049319307354
2021-10-15,11462.168057957664,1154793.6,1166255.7680579578,"{'159915': {'shares': 363600.0, 'price': 3.176, 'value': 1154793.6, 'profit_pct': 1.9546006692536346}}",0.020359315744818973,1.1662557680579577,-17.11932418341029
2021-10-18,11462.168057957664,1153339.2,1164801.3680579576,"{'159915': {'shares': 363600.0, 'price': 3.172, 'value': 1153339.2, 'profit_pct': 1.8261943711815265}}",-0.0012470677872161717,1.1648013680579576,-17.222682004403865
2021-10-19,11462.168057957664,1160247.5999999999,1171709.7680579575,"{'159915': {'shares': 363600.0, 'price': 3.191, 'value': 1160247.5999999999, 'profit_pct': 2.436124287024029}}",0.005930968308801132,1.1717097680579576,-16.731732354684436
2021-10-20,11737.464042557636,1154784.0,1166521.4640425576,"{'513050': {'shares': 736000.0, 'price': 1.569, 'value': 1154784.0, 'profit_pct': -0.09990009990009555}}",-0.004427977095385338,1.1665214640425576,-17.100442336590305
2021-10-21,11737.464042557636,1145216.0,1156953.4640425576,"{'513050': {'shares': 736000.0, 'price': 1.556, 'value': 1145216.0, 'profit_pct': -0.9276255930175519}}",-0.008202163693449949,1.1569534640425576,-17.7803980786602
2021-10-22,11737.464042557636,1157728.0,1169465.4640425576,"{'513050': {'shares': 736000.0, 'price': 1.573, 'value': 1157728.0, 'profit_pct': 0.1547846672129701}}",0.010814609566301314,1.1694654640425577,-16.89122518518419
2021-10-25,11737.464042557636,1156256.0,1167993.4640425576,"{'513050': {'shares': 736000.0, 'price': 1.571, 'value': 1156256.0, 'profit_pct': 0.02744228365643727}}",-0.0012586947158846895,1.1679934640425575,-16.995833760887248
2021-10-26,11737.464042557636,1132704.0,1144441.4640425576,"{'513050': {'shares': 736000.0, 'price': 1.539, 'value': 1132704.0, 'profit_pct': -2.0100358532480875}}",-0.020164496399221132,1.1444414640425575,-18.669570972136196
2021-10-27,11737.464042557636,1101056.0,1112793.4640425576,"{'513050': {'shares': 736000.0, 'price': 1.496, 'value': 1101056.0, 'profit_pct': -4.747897099713536}}",-0.027653664249640553,1.1127934640425576,-20.91865534975196
2021-10-28,11737.464042557636,1100320.0,1112057.4640425576,"{'513050': {'shares': 736000.0, 'price': 1.495, 'value': 1100320.0, 'profit_pct': -4.811568291491795}}",-0.0006613985647671017,1.1120574640425576,-20.970959637603492
2021-10-29,11737.464042557636,1091488.0,1103225.4640425576,"{'513050': {'shares': 736000.0, 'price': 1.483, 'value': 1091488.0, 'profit_pct': -5.575622592830993}}",-0.007942035628171418,1.1032254640425576,-21.59861109182184
2021-11-01,10861.921416157624,1071176.0,1082037.9214161576,"{'513100': {'shares': 1028000.0, 'price': 1.042, 'value': 1071176.0, 'profit_pct': -0.09990009990009868}}",-0.01920508845831237,1.0820379214161577,-23.104316701057957
2021-11-02,10861.921416157624,1073232.0,1084093.9214161576,"{'513100': {'shares': 1028000.0, 'price': 1.044, 'value': 1073232.0, 'profit_pct': 0.09184673292159035}}",0.001900118248452154,1.0840939214161576,-22.958205809994446
2021-11-03,10861.921416157624,1078372.0,1089233.9214161576,"{'513100': {'shares': 1028000.0, 'price': 1.049, 'value': 1078372.0, 'profit_pct': 0.5712138149758023}}",0.004741286615910223,1.0892339214161577,-22.59292858233567
2021-11-04,10861.921416157624,1092764.0,1103625.9214161576,"{'513100': {'shares': 1028000.0, 'price': 1.063, 'value': 1092764.0, 'profit_pct': 1.9134416447276255}}",0.013212956112575336,1.1036259214161577,-21.57015234489108
2021-11-05,10861.921416157624,1106128.0,1116989.9214161576,"{'513100': {'shares': 1028000.0, 'price': 1.076, 'value': 1106128.0, 'profit_pct': 3.159796058068615}}",0.012109175528290939,1.1169899214161576,-20.620431552978257
2021-11-08,10861.921416157624,1102016.0,1112877.9214161576,"{'513100': {'shares': 1028000.0, 'price': 1.072, 'value': 1102016.0, 'profit_pct': 2.7763023924252366}}",-0.0036813223836313913,1.1128779214161577,-20.91265333510528
2021-11-09,10861.921416157624,1104072.0,1114933.9214161576,"{'513100': {'shares': 1028000.0, 'price': 1.074, 'value': 1104072.0, 'profit_pct': 2.968049225246926}}",0.0018474622961193177,1.1149339214161575,-20.766542444041768
2021-11-10,10861.921416157624,1092764.0,1103625.9214161576,"{'513100': {'shares': 1028000.0, 'price': 1.063, 'value': 1092764.0, 'profit_pct': 1.9134416447276255}}",-0.010142305102383897,1.1036259214161577,-21.57015234489108
2021-11-11,10861.921416157624,1083512.0,1094373.9214161576,"{'513100': {'shares': 1028000.0, 'price': 1.054, 'value': 1083512.0, 'profit_pct': 1.0505808970300357}}",-0.008383275365739795,1.0943739214161576,-22.22765135467688
2021-11-12,10861.921416157624,1083512.0,1094373.9214161576,"{'513100': {'shares': 1028000.0, 'price': 1.054, 'value': 1083512.0, 'profit_pct': 1.0505808970300357}}",0.0,1.0943739214161576,-22.22765135467688
2021-11-15,10861.921416157624,1096876.0,1107737.9214161576,"{'513100': {'shares': 1028000.0, 'price': 1.067, 'value': 1096876.0, 'profit_pct': 2.2969353103710035}}",0.012211548300334663,1.1077379214161576,-21.27793056276406
2021-11-16,10861.921416157624,1090708.0,1101569.9214161576,"{'513100': {'shares': 1028000.0, 'price': 1.061, 'value': 1090708.0, 'profit_pct': 1.7216948119059365}}",-0.005568104044063715,1.1015699214161576,-21.716263235954592
2021-11-17,10861.921416157624,1098932.0,1109793.9214161576,"{'513100': {'shares': 1028000.0, 'price': 1.069, 'value': 1098932.0, 'profit_pct': 2.4886821431926927}}",0.007465708567484741,1.1097939214161576,-21.131819671700548
2021-11-18,10861.921416157624,1102016.0,1112877.9214161576,"{'513100': {'shares': 1028000.0, 'price': 1.072, 'value': 1102016.0, 'profit_pct': 2.7763023924252366}}",0.002778894297839285,1.1128779214161577,-20.91265333510528
2021-11-19,10861.921416157624,1117436.0,1128297.9214161576,"{'513100': {'shares': 1028000.0, 'price': 1.087, 'value': 1117436.0, 'profit_pct': 4.2144036385878945}}",0.013855967220894883,1.1282979214161577,-19.816821652128947
2021-11-22,10861.921416157624,1120520.0,1131381.9214161576,"{'513100': {'shares': 1028000.0, 'price': 1.09, 'value': 1120520.0, 'profit_pct': 4.502023887820438}}",0.002733320642946069,1.1313819214161576,-19.59765531553368
2021-11-23,11178.812169557903,1098838.0,1110016.812169558,"{'159915': {'shares': 325100.0, 'price': 3.38, 'value': 1098838.0, 'profit_pct': -0.09990009990008498}}",-0.01888408223799165,1.110016812169558,-21.115979804682482
2021-11-24,11178.812169557903,1092986.2,1104165.0121695579,"{'159915': {'shares': 325100.0, 'price': 3.362, 'value': 1092986.2, 'profit_pct': -0.631912466231972}}",-0.00527181204450633,1.1041650121695579,-21.531841532467244
2021-11-25,11108.5822214582,1092163.8,1103272.3822214582,"{'513100': {'shares': 1012200.0, 'price': 1.079, 'value': 1092163.8, 'profit_pct': -0.09990009990008418}}",-0.0008084207869851756,1.1032723822214583,-21.59527682288884
2021-11-26,11169.234001738485,1078162.0,1089331.2340017385,"{'159915': {'shares': 320500.0, 'price': 3.364, 'value': 1078162.0, 'profit_pct': -0.09990009990008444}}",-0.012636179826824856,1.0893312340017385,-22.586013004227247
2021-11-29,11169.234001738485,1086174.5,1097343.7340017385,"{'159915': {'shares': 320500.0, 'price': 3.389, 'value': 1086174.5, 'profit_pct': 0.6425203809270527}}",0.007355430331842605,1.0973437340017385,-22.01659981616966
2021-11-30,11169.234001738485,1085213.0,1096382.2340017385,"{'159915': {'shares': 320500.0, 'price': 3.386, 'value': 1085213.0, 'profit_pct': 0.5534299232278056}}",-0.00087620676202671,1.0963822340017384,-22.084929398736573
2021-12-01,11169.234001738485,1078482.5,1089651.7340017385,"{'159915': {'shares': 320500.0, 'price': 3.365, 'value': 1078482.5, 'profit_pct': -0.07020328066698893}}",-0.006138826215227877,1.0896517340017384,-22.56323647670494
2021-12-02,11169.234001738485,1075277.5,1086446.7340017385,"{'159915': {'shares': 320500.0, 'price': 3.355, 'value': 1075277.5, 'profit_pct': -0.3671714729978517}}",-0.002941306749661754,1.0864467340017385,-22.791001751927976
2021-12-03,11169.234001738485,1080085.0,1091254.2340017385,"{'159915': {'shares': 320500.0, 'price': 3.37, 'value': 1080085.0, 'profit_pct': 0.07828081549843585}}",0.004424975334310632,1.0912542340017384,-22.449353839093423
2021-12-06,11038.738885038532,1053116.0,1064154.7388850385,"{'510300': {'shares': 231200.0, 'price': 4.555, 'value': 1053116.0, 'profit_pct': -0.09990009990009695}}",-0.02483334705362228,1.0641547388850385,-24.375195949439878
2021-12-07,11038.738885038532,1059589.6,1070628.3388850386,"{'510300': {'shares': 231200.0, 'price': 4.583, 'value': 1059589.6, 'profit_pct': 0.514194915951241}}",0.0060833258204373575,1.0706283388850386,-23.9151456262936
2021-12-08,11038.738885038532,1076236.0,1087274.7388850385,"{'510300': {'shares': 231200.0, 'price': 4.655, 'value': 1076236.0, 'profit_pct': 2.093296385283228}}",0.015548252736645951,1.0872747388850386,-22.73215908106031
2021-12-09,11038.738885038532,1095656.8,1106695.5388850386,"{'510300': {'shares': 231200.0, 'price': 4.739, 'value': 1095656.8, 'profit_pct': 3.9355814328372025}}",0.017861906752211887,1.1066955388850386,-21.35200811162147
2021-12-10,11038.738885038532,1092188.8,1103227.5388850386,"{'510300': {'shares': 231200.0, 'price': 4.724, 'value': 1092188.8, 'profit_pct': 3.6066019600597126}}",-0.0031336531847719895,1.1032275388850386,-21.598463641878407
2021-12-13,11038.738885038532,1095194.4,1106233.1388850384,"{'510300': {'shares': 231200.0, 'price': 4.737, 'value': 1095194.4, 'profit_pct': 3.8917175031335414}}",0.002724369990833919,1.1062331388850384,-21.38486884898907
2021-12-14,11038.738885038532,1088027.2000000002,1099065.9388850387,"{'510300': {'shares': 231200.0, 'price': 4.706, 'value': 1088027.2000000002, 'profit_pct': 3.211826592726721}}",-0.006478923608475018,1.0990659388850388,-21.89421027818672
2021-12-15,11038.738885038532,1077392.0,1088430.7388850385,"{'510300': {'shares': 231200.0, 'price': 4.66, 'value': 1077392.0, 'profit_pct': 2.202956209542391}}",-0.009676580470494023,1.0884307388850385,-22.650007237641333
2021-12-16,11038.738885038532,1083634.4000000001,1094673.1388850387,"{'510300': {'shares': 231200.0, 'price': 4.687, 'value': 1083634.4000000001, 'profit_pct': 2.7951192605418886}}",0.005735229424331356,1.0946731388850386,-22.20638728317884
2021-12-17,11038.738885038532,1066756.8,1077795.5388850386,"{'510300': {'shares': 231200.0, 'price': 4.614, 'value': 1066756.8, 'profit_pct': 1.1940858263580612}}",-0.015417935638021185,1.0777955388850387,-23.405804197095936
2021-12-20,21519.60902269848,1036224.6,1057744.2090226985,"{'511260': {'shares': 9300.0, 'price': 111.422, 'value': 1036224.6, 'profit_pct': -0.09990009990009127}}",-0.018604020093720974,1.0577442090226985,-24.830764154875563
2021-12-21,21519.60902269848,1036215.3,1057734.9090226986,"{'511260': {'shares': 9300.0, 'price': 111.421, 'value': 1036215.3, 'profit_pct': -0.1007966921341129}}",-8.792295831505648e-06,1.0577349090226986,-24.83142506503454
2021-12-22,21519.60902269848,1037294.1000000001,1058813.7090226985,"{'511260': {'shares': 9300.0, 'price': 111.537, 'value': 1037294.1000000001, 'profit_pct': 0.0032080070133764325}}",0.0010199152838743508,1.0588137090226986,-24.754759486591304
2021-12-23,10950.3327456587,1047187.6,1058137.9327456588,"{'510300': {'shares': 227600.0, 'price': 4.601, 'value': 1047187.6, 'profit_pct': -0.09990009990008232}}",-0.0006382390700847562,1.0581379327456588,-24.80278393892489
2021-12-24,10796.073181108688,1039401.3,1050197.3731811089,"{'518880': {'shares': 286100.0, 'price': 3.633, 'value': 1039401.3, 'profit_pct': -0.09990009990009371}}",-0.007504276445269964,1.050197373181109,-25.367084636161895
2021-12-27,10796.073181108688,1038543.0,1049339.0731811086,"{'518880': {'shares': 286100.0, 'price': 3.63, 'value': 1038543.0, 'profit_pct': -0.18239398916524954}}",-0.0008172749446139216,1.0493390731811085,-25.42808024793225
2021-12-28,10962.869782768772,1039103.9999999999,1050066.8697827687,"{'510300': {'shares': 225500.0, 'price': 4.608, 'value': 1039103.9999999999, 'profit_pct': -0.0999000999000843}}",0.0006935761950175312,1.0500668697827686,-25.37635893957547
2021-12-29,10402.7114626189,1021896.0000000001,1032298.711462619,"{'513100': {'shares': 946200.0, 'price': 1.08, 'value': 1021896.0000000001, 'profit_pct': -0.0999000999000971}}",-0.016920977921935032,1.032298711462619,-26.639063922413307
2021-12-30,10402.7114626189,1016218.8,1026621.511462619,"{'513100': {'shares': 946200.0, 'price': 1.074, 'value': 1016218.8, 'profit_pct': -0.6549006549006525}}",-0.00549957094488307,1.026621511462619,-27.04251759495504
2021-12-31,10402.7114626189,1015272.6,1025675.3114626189,"{'513100': {'shares': 946200.0, 'price': 1.073, 'value': 1015272.6, 'profit_pct': -0.7474007474007555}}",-0.000921663913560522,1.025675311462619,-27.10975987371199
2022-01-04,10402.7114626189,1022842.2,1033244.9114626189,"{'513100': {'shares': 946200.0, 'price': 1.081, 'value': 1022842.2, 'profit_pct': -0.007400007400014801}}",0.007380113292583479,1.0332449114626188,-26.571821643656367
2022-01-05,10201.3661428591,999624.9999999999,1009826.366142859,"{'518880': {'shares': 275000.0, 'price': 3.635, 'value': 999624.9999999999, 'profit_pct': -0.0999000999000892}}",-0.02266504781195544,1.009826366142859,-28.23607481684769
2022-01-06,10201.3661428591,993850.0,1004051.3661428591,"{'518880': {'shares': 275000.0, 'price': 3.614, 'value': 993850.0, 'profit_pct': -0.6770396041372526}}",-0.0057188049288692255,1.0040513661428592,-28.6464787059001
2022-01-07,20440.718280159403,975008.9999999999,995449.7182801593,"{'511260': {'shares': 8700.0, 'price': 112.07, 'value': 975008.9999999999, 'profit_pct': -0.09990009990008973}}",-0.0085669400518259,0.9954497182801593,-29.25776004531334
2022-01-10,20440.718280159403,976018.2000000001,996458.9182801595,"{'511260': {'shares': 8700.0, 'price': 112.186, 'value': 976018.2000000001, 'profit_pct': 0.0035032336272858068}}",0.001013813135377406,0.9964589182801594,-29.186040633221253
2022-01-11,10270.133143109619,983459.0,993729.1331431096,"{'518880': {'shares': 271000.0, 'price': 3.629, 'value': 983459.0, 'profit_pct': -0.09990009990009055}}",-0.0027394858804228317,0.9937291331431096,-29.38003447504338
2022-01-12,10270.133143109619,988066.0,998336.1331431096,"{'518880': {'shares': 271000.0, 'price': 3.646, 'value': 988066.0, 'profit_pct': 0.36808052790417756}}",0.004636072191451568,0.9983361331431096,-29.052635216711863
2022-01-13,10270.133143109619,990234.0,1000504.1331431096,"{'518880': {'shares': 271000.0, 'price': 3.654, 'value': 990234.0, 'profit_pct': 0.5883067056944228}}",0.0021716132753548667,1.0005041331431097,-28.89856497749703
2022-01-14,18974.28621149971,977888.7,996862.9862114997,"{'511260': {'shares': 8700.0, 'price': 112.401, 'value': 977888.7, 'profit_pct': -0.09990009990009219}}",-0.003639312233694847,0.9968629862114997,-29.15732529980769
2022-01-17,10018.437210179982,984528.0,994546.43721018,"{'513050': {'shares': 763200.0, 'price': 1.29, 'value': 984528.0, 'profit_pct': -0.09990009990008375}}",-0.0023238389160415984,0.99454643721018,-29.321952264192465
2022-01-18,10018.437210179982,974606.3999999999,984624.8372101799,"{'513050': {'shares': 763200.0, 'price': 1.277, 'value': 974606.3999999999, 'profit_pct': -1.1066452926917978}}",-0.009976004768396107,0.9846248372101799,-30.027036805425812
2022-01-19,16054.387924739975,949300.8,965355.18792474,"{'511260': {'shares': 8400.0, 'price': 113.012, 'value': 949300.8, 'profit_pct': -0.09990009990008529}}",-0.01957054967254146,0.9653551879247401,-31.396446157360135
2022-01-20,9716.76007455017,952059.2999999999,961776.0600745501,"{'513050': {'shares': 722900.0, 'price': 1.317, 'value': 952059.2999999999, 'profit_pct': -0.09990009990008403}}",-0.0037075761284135478,0.9617760600745501,-31.65079905591144
2022-01-21,9716.76007455017,950613.5,960330.2600745502,"{'513050': {'shares': 722900.0, 'price': 1.315, 'value': 950613.5, 'profit_pct': -0.25160867985467783}}",-0.0015032605405960187,0.9603302600745501,-31.75354571267195
2022-01-24,9716.76007455017,930372.2999999999,940089.0600745501,"{'513050': {'shares': 722900.0, 'price': 1.287, 'value': 930372.2999999999, 'profit_pct': -2.375528799218991}}",-0.02107733229027764,0.9400890600745501,-33.19199890731921
2022-01-25,15413.506825830322,896310.2999999999,911723.8068258303,"{'511260': {'shares': 7900.0, 'price': 113.457, 'value': 896310.2999999999, 'profit_pct': -0.0999000999000846}}",-0.030172942600215413,0.9117238068258302,-35.207792889523795
2022-01-26,9210.317222310463,896088.6,905298.9172223104,"{'518880': {'shares': 243900.0, 'price': 3.674, 'value': 896088.6, 'profit_pct': -0.09990009990009266}}",-0.007046969219645649,0.9052989172223105,-35.66438157870423
2022-01-27,17410.9273344205,869029.7000000001,886440.6273344206,"{'511260': {'shares': 7700.0, 'price': 112.861, 'value': 869029.7000000001, 'profit_pct': -0.0999000999000831}}",-0.020831008995075284,0.8864406273344205,-37.00455742474198
2022-01-28,17410.9273344205,869376.2000000001,886787.1273344206,"{'511260': {'shares': 7700.0, 'price': 112.906, 'value': 869376.2000000001, 'profit_pct': -0.060067877117149525}}",0.0003908891236652501,0.8867871273344206,-36.97993319139883
2022-02-07,17410.9273344205,869360.7999999999,886771.7273344204,"{'511260': {'shares': 7700.0, 'price': 112.904, 'value': 869360.7999999999, 'profit_pct': -0.061838198129732735}}",-1.7366061736190375e-05,0.8867717273344204,-36.98102760176965
2022-02-08,17410.9273344205,870361.8,887772.7273344205,"{'511260': {'shares': 7700.0, 'price': 113.034, 'value': 870361.8, 'profit_pct': 0.05323266768763513}}",0.0011288136158884576,0.8877727273344206,-36.90989092766722
2022-02-09,8921.180488840677,876626.6,885547.7804888407,"{'513050': {'shares': 685400.0, 'price': 1.279, 'value': 876626.6, 'profit_pct': -0.09990009990008494}}",-0.0025062122062032843,0.8855477804888406,-37.06800812911499
2022-02-10,8921.180488840677,881424.4,890345.5804888407,"{'513050': {'shares': 685400.0, 'price': 1.286, 'value': 881424.4, 'profit_pct': 0.44685572441634286}}",0.005417889475541893,0.8903455804888407,-36.727049552682836
2022-02-11,8921.180488840677,873884.9999999999,882806.1804888406,"{'513050': {'shares': 685400.0, 'price': 1.275, 'value': 873884.9999999999, 'profit_pct': -0.41233199950946725}}",-0.008467947912832563,0.8828061804888405,-37.26284160136195
2022-02-14,8843.90395522071,857337.0,866180.9039552207,"{'518880': {'shares': 231400.0, 'price': 3.705, 'value': 857337.0, 'profit_pct': -0.0999000999000898}}",-0.018832306457589376,0.8661809039552207,-38.44432699460343
2022-02-15,8843.90395522071,865898.8,874742.7039552208,"{'518880': {'shares': 231400.0, 'price': 3.742, 'value': 865898.8, 'profit_pct': 0.8977527196150757}}",0.009884540239694095,0.8747427039552208,-37.83587746780013
2022-02-16,8843.90395522071,854328.8,863172.7039552208,"{'518880': {'shares': 231400.0, 'price': 3.692, 'value': 854328.8, 'profit_pct': -0.4504267662162271}}",-0.01322674650235467,0.8631727039552207,-38.658106558074856
2022-02-17,8843.90395522071,862196.4,871040.3039552207,"{'518880': {'shares': 231400.0, 'price': 3.726, 'value': 862196.4, 'profit_pct': 0.466335284149057}}",0.00911474605713214,0.8710403039552207,-38.09899077668805
2022-02-18,8843.90395522071,870064.0,878907.9039552207,"{'518880': {'shares': 231400.0, 'price': 3.76, 'value': 870064.0, 'profit_pct': 1.3830973345143411}}",0.00903241786203779,0.8789079039552207,-37.53987499530124
2022-02-21,8843.90395522071,868675.6,877519.5039552207,"{'518880': {'shares': 231400.0, 'price': 3.754, 'value': 868675.6, 'profit_pct': 1.22131579621459}}",-0.0015796876939574434,0.8775195039552207,-37.638542486134206
2022-02-22,8843.90395522071,879551.4,888395.3039552207,"{'518880': {'shares': 231400.0, 'price': 3.801, 'value': 879551.4, 'profit_pct': 2.4886045128960235}}",0.012393798600463857,0.8883953039552207,-36.86564714127596
2022-02-23,8843.90395522071,872840.7999999999,881684.7039552206,"{'518880': {'shares': 231400.0, 'price': 3.772, 'value': 872840.7999999999, 'profit_pct': 1.7066604111138552}}",-0.007553619396820199,0.8816847039552207,-37.34254001363531
2022-02-24,8843.90395522071,891584.2000000001,900428.1039552208,"{'518880': {'shares': 231400.0, 'price': 3.853, 'value': 891584.2000000001, 'profit_pct': 3.890711178160585}}",0.021258619907907672,0.9004281039552208,-36.01052888739025
2022-02-25,8843.90395522071,880939.7999999999,889783.7039552206,"{'518880': {'shares': 231400.0, 'price': 3.807, 'value': 880939.7999999999, 'profit_pct': 2.6503860511957744}}",-0.011821487971381162,0.8897837039552207,-36.766979650443
2022-02-28,8843.90395522071,876311.7999999999,885155.7039552206,"{'518880': {'shares': 231400.0, 'price': 3.787, 'value': 876311.7999999999, 'profit_pct': 2.111114256863251}}",-0.005201264059375155,0.8851557039552206,-37.09587128655289
2022-03-01,8843.90395522071,876080.4,884924.3039552207,"{'518880': {'shares': 231400.0, 'price': 3.786, 'value': 876080.4, 'profit_pct': 2.084150667146628}}",-0.00026142293267261696,0.8849243039552207,-37.11231586835838
2022-03-02,8843.90395522071,887881.8,896725.7039552208,"{'518880': {'shares': 231400.0, 'price': 3.837, 'value': 887881.8, 'profit_pct': 3.4592937426945656}}",0.01333605591715914,0.8967257039552208,-36.27364219627815
2022-03-03,8843.90395522071,885567.8,894411.7039552208,"{'518880': {'shares': 231400.0, 'price': 3.827, 'value': 885567.8, 'profit_pct': 3.189657845528298}}",-0.0025804992427378437,0.8944117039552207,-36.438088014333104
2022-03-04,8843.90395522071,888807.4,897651.3039552207,"{'518880': {'shares': 231400.0, 'price': 3.841, 'value': 888807.4, 'profit_pct': 3.5671481015610706}}",0.0036220456258275746,0.8976513039552207,-36.207863869056176
2022-03-07,8843.90395522071,908476.4,917320.3039552207,"{'518880': {'shares': 231400.0, 'price': 3.926, 'value': 908476.4, 'profit_pct': 5.859053227474293}}",0.021911626389149896,0.9173203039552207,-34.810074415589156
2022-03-08,8843.90395522071,929070.9999999999,937914.9039552206,"{'518880': {'shares': 231400.0, 'price': 4.015, 'value': 929070.9999999999, 'profit_pct': 8.25881271225401}}",0.022450827602094714,0.9379149039552206,-33.34650663490015
2022-03-09,8843.90395522071,939715.4,948559.3039552207,"{'518880': {'shares': 231400.0, 'price': 4.061, 'value': 939715.4, 'profit_pct': 9.499137839218818}}",0.011349004003574636,0.9485593039552207,-32.5900558718474
2022-03-10,8843.90395522071,909633.4,918477.3039552207,"{'518880': {'shares': 231400.0, 'price': 3.931, 'value': 909633.4, 'profit_pct': 5.993871176057421}}",-0.03171335716656476,0.9184773039552208,-34.72785150656168
2022-03-11,8843.90395522071,911021.7999999999,919865.7039552206,"{'518880': {'shares': 231400.0, 'price': 3.937, 'value': 911021.7999999999, 'profit_pct': 6.1556527143571715}}",0.0015116323441211055,0.9198657039552206,-34.62918401572872
2022-03-14,8843.90395522071,906393.7999999999,915237.7039552206,"{'518880': {'shares': 231400.0, 'price': 3.917, 'value': 906393.7999999999, 'profit_pct': 5.616380920024648}}",-0.005031169202309171,0.9152377039552206,-34.958075651838605
2022-03-15,8843.90395522071,886724.7999999999,895568.7039552206,"{'518880': {'shares': 231400.0, 'price': 3.832, 'value': 886724.7999999999, 'profit_pct': 3.3244757941114265}}",-0.021490591913991275,0.8955687039552206,-36.35586510530564
2022-03-16,17956.978659850778,867012.3,884969.2786598508,"{'511260': {'shares': 7700.0, 'price': 112.599, 'value': 867012.3, 'profit_pct': -0.09990009990008997}}",-0.01183541279251732,0.8849692786598509,-37.10911971360701
2022-03-17,8876.92209427082,873199.5,882076.4220942708,"{'518880': {'shares': 227100.0, 'price': 3.845, 'value': 873199.5, 'profit_pct': -0.09990009990009092}}",-0.003268877954679672,0.8820764220942708,-37.314702325725605
2022-03-18,8876.92209427082,874562.1,883439.0220942708,"{'518880': {'shares': 227100.0, 'price': 3.851, 'value': 874562.1, 'profit_pct': 0.05599082322099563}}",0.0015447641109880283,0.8834390220942708,-37.21786832759177
2022-03-21,8888.024847100955,870015.0,878903.024847101,"{'513100': {'shares': 935500.0, 'price': 0.93, 'value': 870015.0, 'profit_pct': -0.09990009990008653}}",-0.005134476895096718,0.8789030248471009,-37.540221732088675
2022-03-22,8888.024847100955,871886.0,880774.024847101,"{'513100': {'shares': 935500.0, 'price': 0.932, 'value': 871886.0, 'profit_pct': 0.11493882461625757}}",0.002128790033832706,0.880774024847101,-37.40725797859654
2022-03-23,8888.024847100955,893402.5,902290.524847101,"{'513100': {'shares': 935500.0, 'price': 0.955, 'value': 893402.5, 'profit_pct': 2.5855864565542026}}",0.024429081004898157,0.9022905248471009,-35.87817481343698
2022-03-24,8888.024847100955,884983.0,893871.024847101,"{'513100': {'shares': 935500.0, 'price': 0.946, 'value': 884983.0, 'profit_pct': 1.618811296230654}}",-0.009331251706790056,0.8938710248471009,-36.47651170415159
2022-03-25,8888.024847100955,900886.5,909774.524847101,"{'513100': {'shares': 935500.0, 'price': 0.963, 'value': 900886.5, 'profit_pct': 3.444942154619579}}",0.017791716654782963,0.909774524847101,-35.34631979946844
2022-03-28,8888.024847100955,896209.0,905097.024847101,"{'513100': {'shares': 935500.0, 'price': 0.958, 'value': 896209.0, 'profit_pct': 2.9078448433287187}}",-0.00514138379593132,0.905097024847101,-35.678729183198776
2022-03-29,8888.024847100955,914919.0,923807.024847101,"{'513100': {'shares': 935500.0, 'price': 0.978, 'value': 914919.0, 'profit_pct': 5.056234088492159}}",0.02067181692831288,0.923807024847101,-34.34909164827742
2022-03-30,8888.024847100955,926145.0,935033.024847101,"{'513100': {'shares': 935500.0, 'price': 0.99, 'value': 926145.0, 'profit_pct': 6.345267635590224}}",0.012151888541720002,0.9350330248471009,-33.551309127324615
2022-03-31,8888.024847100955,919596.5,928484.524847101,"{'513100': {'shares': 935500.0, 'price': 0.983, 'value': 919596.5, 'profit_pct': 5.59333139978302}}",-0.007003495947184191,0.928484524847101,-34.016682264547086
2022-04-01,8888.024847100955,910241.5,919129.524847101,"{'513100': {'shares': 935500.0, 'price': 0.973, 'value': 910241.5, 'profit_pct': 4.519136777201299}}",-0.010075558342278801,0.919129524847101,-34.681501032007766
2022-04-06,8888.024847100955,904628.5,913516.524847101,"{'513100': {'shares': 935500.0, 'price': 0.967, 'value': 904628.5, 'profit_pct': 3.8746200036522667}}",-0.006106865080777069,0.913516524847101,-35.08039229248416
2022-04-07,8888.024847100955,885918.5,894806.524847101,"{'513100': {'shares': 935500.0, 'price': 0.947, 'value': 885918.5, 'profit_pct': 1.7262307584888263}}",-0.02048129343159011,0.894806524847101,-36.41002982740552
2022-04-08,8888.024847100955,891531.5,900419.524847101,"{'513100': {'shares': 935500.0, 'price': 0.953, 'value': 891531.5, 'profit_pct': 2.3707475320378584}}",0.006272864406033696,0.900419524847101,-36.01113856692911
2022-04-11,8888.024847100955,869079.5,877967.524847101,"{'513100': {'shares': 935500.0, 'price': 0.929, 'value': 869079.5, 'profit_pct': -0.20731956215825856}}",-0.02493504347744191,0.8779675248471009,-37.60670360883475
2022-04-12,8940.645376751083,849975.0,858915.6453767511,"{'511260': {'shares': 7500.0, 'price': 113.33, 'value': 849975.0, 'profit_pct': -0.0999000999000791}}",-0.021699981982440386,0.8589156453767511,-38.96063701634809
2022-04-13,8789.37545301125,847230.8,856020.1754530113,"{'518880': {'shares': 215800.0, 'price': 3.926, 'value': 847230.8, 'profit_pct': -0.09990009990008542}}",-0.0033710760065032153,0.8560201754530113,-39.166405348354516
2022-04-14,8617.210622251267,846279.0,854896.2106222513,"{'513100': {'shares': 909000.0, 'price': 0.931, 'value': 846279.0, 'profit_pct': -0.09990009990008962}}",-0.0013130120796104316,0.8548962106222513,-39.24628059297825
2022-04-15,8379.402371831238,820746.4,829125.8023718313,"{'518880': {'shares': 208100.0, 'price': 3.944, 'value': 820746.4, 'profit_pct': -0.09990009990009296}}",-0.03014448763512778,0.8291258023718313,-41.07767033643124
2022-04-18,8379.402371831238,825532.7000000001,833912.1023718313,"{'518880': {'shares': 208100.0, 'price': 3.967, 'value': 825532.7000000001, 'profit_pct': 0.48268161858426584}}",0.0057727066101527225,0.8339121023718313,-40.73752901449675
2022-04-19,8379.402371831238,819081.6,827461.0023718312,"{'518880': {'shares': 208100.0, 'price': 3.936, 'value': 819081.6, 'profit_pct': -0.3025372193729124}}",-0.007735947207927252,0.8274610023718312,-41.19598036145193
2022-04-20,8379.402371831238,808676.6,817056.0023718312,"{'518880': {'shares': 208100.0, 'price': 3.886, 'value': 808676.6, 'profit_pct': -1.5690192160780283}}",-0.012574610731110214,0.8170560023718312,-41.935418017831225
2022-04-21,8379.402371831238,819289.7,827669.1023718312,"{'518880': {'shares': 208100.0, 'price': 3.937, 'value': 819289.7, 'profit_pct': -0.2772075794388128}}",0.012989440098587046,0.8276691023718312,-41.181191608324355
2022-04-22,8379.402371831238,822203.1,830582.5023718312,"{'518880': {'shares': 208100.0, 'price': 3.951, 'value': 822203.1, 'profit_pct': 0.07740737963862689}}",0.0035200057506692417,0.8305825023718312,-40.974149064538146
2022-04-25,8379.402371831238,816584.4,824963.8023718313,"{'518880': {'shares': 208100.0, 'price': 3.924, 'value': 816584.4, 'profit_pct': -0.6064928985821416}}",-0.006764770488127403,0.8249638023718313,-41.37344539898295
2022-04-26,8379.402371831238,809509.0,817888.4023718312,"{'518880': {'shares': 208100.0, 'price': 3.89, 'value': 809509.0, 'profit_pct': -1.4677006563416188}}",-0.008576618731219177,0.8178884023718312,-41.87626300532088
2022-04-27,8379.402371831238,809925.2,818304.6023718312,"{'518880': {'shares': 208100.0, 'price': 3.892, 'value': 809925.2, 'profit_pct': -1.4170413764734193}}",0.0005088713799987765,0.8183046023718312,-41.846685499065714
2022-04-28,8379.402371831238,809509.0,817888.4023718312,"{'518880': {'shares': 208100.0, 'price': 3.89, 'value': 809509.0, 'profit_pct': -1.4677006563416188}}",-0.0005086125616227122,0.8178884023718312,-41.87626300532088
2022-04-29,8379.402371831238,820330.2000000001,828709.6023718313,"{'518880': {'shares': 208100.0, 'price': 3.942, 'value': 820330.2000000001, 'profit_pct': -0.1505593797682922}}",0.013230655879969966,0.8287096023718313,-41.10724784268641
2022-05-05,8379.402371831238,817624.8999999999,826004.3023718311,"{'518880': {'shares': 208100.0, 'price': 3.929, 'value': 817624.8999999999, 'profit_pct': -0.47984469891163223}}",-0.003264472853044542,0.8260043023718312,-41.29950163334504
2022-05-06,8379.402371831238,816168.2000000001,824547.6023718313,"{'518880': {'shares': 208100.0, 'price': 3.922, 'value': 816168.2000000001, 'profit_pct': -0.6571521784503409}}",-0.0017635501362608386,0.8245476023718313,-41.40302290523813
2022-05-09,8379.402371831238,819705.9,828085.3023718313,"{'518880': {'shares': 208100.0, 'price': 3.939, 'value': 819705.9, 'profit_pct': -0.2265482995706023}}",0.00429047393967763,0.8280853023718313,-41.15161410206917
2022-05-10,8379.402371831238,813671.0,822050.4023718312,"{'518880': {'shares': 208100.0, 'price': 3.91, 'value': 813671.0, 'profit_pct': -0.9611078576595701}}",-0.007287775767441662,0.8220504023718312,-41.58048794276916
2022-05-11,12064.09717640141,803727.1,815791.1971764014,"{'511260': {'shares': 7100.0, 'price': 113.201, 'value': 803727.1, 'profit_pct': -0.09990009990009059}}",-0.007614137986393987,0.8157911971764014,-42.025302168670734
2022-05-12,8374.904417721555,806025.6,814400.5044177215,"{'518880': {'shares': 205200.0, 'price': 3.928, 'value': 806025.6, 'profit_pct': -0.09990009990009252}}",-0.0017047165543012666,0.8144005044177215,-42.12413259579441
2022-05-13,10729.930664801737,793394.0,804123.9306648017,"{'511260': {'shares': 7000.0, 'price': 113.342, 'value': 793394.0, 'profit_pct': -0.09990009990007746}}",-0.012618574886894662,0.8041239306648017,-42.854443562778364
2022-05-16,10729.930664801737,792939.0,803668.9306648017,"{'511260': {'shares': 7000.0, 'price': 113.277, 'value': 792939.0, 'profit_pct': -0.1571913643343231}}",-0.0005658331790023841,0.8036689306648017,-42.8867784146431
2022-05-17,8109.691337641678,793755.2000000001,801864.8913376417,"{'513050': {'shares': 757400.0, 'price': 1.048, 'value': 793755.2000000001, 'profit_pct': -0.09990009990009398}}",-0.002244754348868061,0.8018648913376417,-43.0149835671747
2022-05-18,8109.691337641678,789968.2,798077.8913376416,"{'513050': {'shares': 757400.0, 'price': 1.043, 'value': 789968.2, 'profit_pct': -0.5765227139272991}}",-0.004722740752101995,0.7980778913376416,-43.28410902654121
2022-05-19,8109.691337641678,767246.2,775355.8913376416,"{'513050': {'shares': 757400.0, 'price': 1.013, 'value': 767246.2, 'profit_pct': -3.4362583980904664}}",-0.0284709052169283,0.7753558913376416,-44.898861782740184
2022-05-20,8109.691337641678,783908.9999999999,792018.6913376416,"{'513050': {'shares': 757400.0, 'price': 1.035, 'value': 783908.9999999999, 'profit_pct': -1.3391188963708105}}",0.021490518336364728,0.7920186913376416,-43.7147097615276
2022-05-23,8109.691337641678,773305.3999999999,781415.0913376416,"{'513050': {'shares': 757400.0, 'price': 1.021, 'value': 773305.3999999999, 'profit_pct': -2.6736622156469556}}",-0.01338806787765523,0.7814150913376415,-44.4682610477538
2022-05-24,18455.043351911823,738302.5,756757.5433519118,"{'511260': {'shares': 6500.0, 'price': 113.585, 'value': 738302.5, 'profit_pct': -0.09990009990008784}}",-0.03155499331798228,0.7567575433519118,-46.22056469932786
2022-05-25,7613.758739571902,748100.8,755714.558739572,"{'513050': {'shares': 749600.0, 'price': 0.998, 'value': 748100.8, 'profit_pct': -0.09990009990009424}}",-0.0013782282337354568,0.7557145587395719,-46.2946850354536
2022-05-26,7613.758739571902,745102.4,752716.1587395719,"{'513050': {'shares': 749600.0, 'price': 0.994, 'value': 745102.4, 'profit_pct': -0.5003013019045031}}",-0.003967635617607934,0.7527161587395719,-46.507768155961784
2022-05-27,7613.758739571902,767590.4,775204.1587395719,"{'513050': {'shares': 749600.0, 'price': 1.024, 'value': 767590.4, 'profit_pct': 2.502707713128563}}",0.02987580343386842,0.7752041587395719,-44.90964475215038
2022-05-30,7613.758739571902,784831.2,792444.9587395719,"{'513050': {'shares': 749600.0, 'price': 1.047, 'value': 784831.2, 'profit_pct': 4.805014624653903}}",0.022240334762950953,0.7924449587395719,-43.684416809228296
2022-05-31,8256.367717491812,800095.2000000001,808351.5677174919,"{'159915': {'shares': 342800.0, 'price': 2.334, 'value': 800095.2000000001, 'profit_pct': -0.0999000999000929}}",0.02007282499874874,0.8083515677174918,-42.55400396313747
2022-06-01,8256.367717491812,806951.2000000001,815207.5677174919,"{'159915': {'shares': 342800.0, 'price': 2.354, 'value': 806951.2000000001, 'profit_pct': 0.7561418872472936}}",0.008481458159794286,0.8152075677174919,-42.06677815130312
2022-06-02,8256.367717491812,817920.8,826177.1677174919,"{'159915': {'shares': 342800.0, 'price': 2.386, 'value': 817920.8, 'profit_pct': 2.1258090666831118}}",0.0134562048175213,0.8261771677174918,-41.28721685236815
2022-06-06,8256.367717491812,849115.6,857371.9677174918,"{'159915': {'shares': 342800.0, 'price': 2.477, 'value': 849115.6, 'profit_pct': 6.020800108203705}}",0.037758003027586584,0.8573719677174918,-39.070339408521825
2022-06-07,8665.174861691892,846844.4,855509.5748616919,"{'513050': {'shares': 764300.0, 'price': 1.108, 'value': 846844.4, 'profit_pct': -0.0999000999000897}}",-0.0021722110424929886,0.8555095748616919,-39.202691490073995
2022-06-08,8665.174861691892,893466.7000000001,902131.874861692,"{'513050': {'shares': 764300.0, 'price': 1.169, 'value': 893466.7000000001, 'profit_pct': 5.400015147307571}}",0.054496526245819465,0.902131874861692,-35.889449371187624
2022-06-09,8665.174861691892,887352.3,896017.4748616919,"{'513050': {'shares': 764300.0, 'price': 1.161, 'value': 887352.3, 'profit_pct': 4.678714787018041}}",-0.006777723047350914,0.8960174748616919,-36.32397292776288
2022-06-10,8665.174861691892,904166.9,912832.0748616919,"{'513050': {'shares': 764300.0, 'price': 1.183, 'value': 904166.9, 'profit_pct': 6.662290777814251}}",0.01876592864731297,0.9128320748616919,-35.12903314718092
2022-06-13,8665.174861691892,869773.3999999999,878438.5748616918,"{'513050': {'shares': 764300.0, 'price': 1.138, 'value': 869773.3999999999, 'profit_pct': 2.6049762511856303}}",-0.03767779523436576,0.8784385748616917,-37.57322815291677
2022-06-14,8702.364203231991,858330.0,867032.364203232,"{'159915': {'shares': 346800.0, 'price': 2.475, 'value': 858330.0, 'profit_pct': -0.09990009990008218}}",-0.01298464227877938,0.867032364203232,-38.38381745397012
2022-06-15,8787.904143432039,863625.6,872413.504143432,"{'513050': {'shares': 753600.0, 'price': 1.146, 'value': 863625.6, 'profit_pct': -0.09990009990008854}}",0.006206388783589478,0.872413504143432,-38.001403469728835
2022-06-16,8787.904143432039,844032.0000000001,852819.9041434322,"{'513050': {'shares': 753600.0, 'price': 1.12, 'value': 844032.0000000001, 'profit_pct': -2.3663945129913433}}",-0.022459074632547815,0.8528199041434321,-39.39383457631541
2022-06-17,8787.904143432039,859103.9999999999,867891.9041434319,"{'513050': {'shares': 753600.0, 'price': 1.14, 'value': 859103.9999999999, 'profit_pct': -0.6229372721519211}}",0.01767313347961541,0.8678919041434319,-38.322733725094984
2022-06-20,8724.939014971955,858439.3999999999,867164.3390149719,"{'159915': {'shares': 326900.0, 'price': 2.626, 'value': 858439.3999999999, 'profit_pct': -0.09990009990009212}}",-0.0008383130721539844,0.8671643390149718,-38.37443858366796
2022-06-21,8632.612303222297,852715.9999999999,861348.6123032222,"{'513050': {'shares': 735100.0, 'price': 1.16, 'value': 852715.9999999999, 'profit_pct': -0.0999000999000851}}",-0.006706602716569088,0.8613486123032221,-38.78773674127282
2022-06-22,8572.580074602389,831498.8,840071.3800746024,"{'159915': {'shares': 320300.0, 'price': 2.596, 'value': 831498.8, 'profit_pct': -0.09990009990008446}}",-0.024702230809573122,0.8400713800746025,-40.299816196666264
2022-06-23,8572.580074602389,858404.0,866976.5800746024,"{'159915': {'shares': 320300.0, 'price': 2.68, 'value': 858404.0, 'profit_pct': 3.132614688855077}}",0.03202727844104225,0.8669765800746024,-38.387781787015484
2022-06-24,8572.580074602389,876981.4,885553.9800746024,"{'159915': {'shares': 320300.0, 'price': 2.738, 'value': 876981.4, 'profit_pct': 5.36458918585268}}",0.02142779912048076,0.8855539800746024,-37.06756755178042
2022-06-27,8572.580074602389,877942.3,886514.8800746024,"{'159915': {'shares': 320300.0, 'price': 2.741, 'value': 877942.3, 'profit_pct': 5.48003614259394}}",0.0010850834862929926,0.8865148800746024,-36.99928060857861
2022-06-28,8572.580074602389,882106.2,890678.7800746023,"{'159915': {'shares': 320300.0, 'price': 2.754, 'value': 882106.2, 'profit_pct': 5.980306288472711}}",0.004696931877386623,0.8906787800746023,-36.70337052137076
2022-06-29,8572.580074602389,859364.8999999999,867937.4800746023,"{'159915': {'shares': 320300.0, 'price': 2.683, 'value': 859364.8999999999, 'profit_pct': 3.2480616455963203}}",-0.025532549454131193,0.8679374800746023,-38.319494843813686
2022-06-30,8572.580074602389,874419.0,882991.5800746024,"{'159915': {'shares': 320300.0, 'price': 2.73, 'value': 874419.0, 'profit_pct': 5.0567306345426655}}",0.01734468247494747,0.8829915800746024,-37.24966606698526
2022-07-01,8572.580074602389,864489.7,873062.2800746023,"{'159915': {'shares': 320300.0, 'price': 2.699, 'value': 864489.7, 'profit_pct': 3.863778748216351}}",-0.011245067590747726,0.8730622800746023,-37.95529781340401
2022-07-04,8572.580074602389,880825.0,889397.5800746024,"{'159915': {'shares': 320300.0, 'price': 2.75, 'value': 880825.0, 'profit_pct': 5.826377012817704}}",0.0187103490470395,0.8893975800746023,-36.79441977897318
2022-07-05,8572.580074602389,877301.7,885874.2800746023,"{'159915': {'shares': 320300.0, 'price': 2.739, 'value': 877301.7, 'profit_pct': 5.403071504766428}}",-0.003961445453567025,0.8858742800746023,-37.04480523737983
2022-07-06,8572.580074602389,872817.5,881390.0800746024,"{'159915': {'shares': 320300.0, 'price': 2.725, 'value': 872817.5, 'profit_pct': 4.86431903997391}}",-0.005061892077533048,0.8813900800746024,-37.363477638988286
2022-07-07,8572.580074602389,886910.7000000001,895483.2800746025,"{'159915': {'shares': 320300.0, 'price': 2.769, 'value': 886910.7000000001, 'profit_pct': 6.557541072178995}}",0.01598974202070358,0.8954832800746024,-36.361935805361675
2022-07-08,8572.580074602389,874739.2999999999,883311.8800746023,"{'159915': {'shares': 320300.0, 'price': 2.731, 'value': 874739.2999999999, 'profit_pct': 5.095212953456413}}",-0.01359199023680946,0.8833118800746024,-37.22690375258466
2022-07-11,8572.580074602389,861607.0,870179.5800746024,"{'159915': {'shares': 320300.0, 'price': 2.69, 'value': 861607.0, 'profit_pct': 3.517437877992588}}",-0.014867115790280994,0.8701795800746024,-38.160158643009446
2022-07-12,8572.580074602389,839826.6,848399.1800746024,"{'159915': {'shares': 320300.0, 'price': 2.622, 'value': 839826.6, 'profit_pct': 0.9006401918574571}}",-0.025029776035577322,0.8483991800746024,-39.70799602225055
2022-07-13,8572.580074602389,853599.5,862172.0800746024,"{'159915': {'shares': 320300.0, 'price': 2.665, 'value': 853599.5, 'profit_pct': 2.555379905148794}}",0.016233985514682914,0.8621720800746024,-38.72921650302455
2022-07-14,8572.580074602389,876020.5,884593.0800746024,"{'159915': {'shares': 320300.0, 'price': 2.735, 'value': 876020.5, 'profit_pct': 5.2491422291114205}}",0.026005249437049738,0.8845930800746024,-37.13585449498225
2022-07-15,8691.081868792651,856056.7,864747.7818687926,"{'513100': {'shares': 1042700.0, 'price': 0.821, 'value': 856056.7, 'profit_pct': -0.09990009990009513}}",-0.02243438101972961,0.8647477818687926,-38.54617268772152
2022-07-18,8691.081868792651,876910.7,885601.7818687926,"{'513100': {'shares': 1042700.0, 'price': 0.841, 'value': 876910.7, 'profit_pct': 2.3337198733057516}}",0.024115702216584767,0.8856017818687926,-37.0641704881892
2022-07-19,8691.081868792651,864398.2999999999,873089.3818687926,"{'513100': {'shares': 1042700.0, 'price': 0.829, 'value': 864398.2999999999, 'profit_pct': 0.8735478893822434}}",-0.0141286978596592,0.8730893818687926,-37.953371807908596
2022-07-20,8691.081868792651,892551.2,901242.2818687926,"{'513100': {'shares': 1042700.0, 'price': 0.856, 'value': 892551.2, 'profit_pct': 4.158934853210136}}",0.032245152197064364,0.9012422818687926,-35.95266883853995
2022-07-21,8691.081868792651,897764.7,906455.7818687926,"{'513100': {'shares': 1042700.0, 'price': 0.861, 'value': 897764.7, 'profit_pct': 4.767339846511598}}",0.0057847929517791385,0.9064557818687926,-35.58216828865687
2022-07-22,8691.081868792651,904020.9,912711.9818687927,"{'513100': {'shares': 1042700.0, 'price': 0.867, 'value': 904020.9, 'profit_pct': 5.497425838473352}}",0.00690182590826649,0.9127119818687927,-35.137567628797164
2022-07-25,8691.081868792651,890465.7999999999,899156.8818687926,"{'513100': {'shares': 1042700.0, 'price': 0.854, 'value': 890465.7999999999, 'profit_pct': 3.9155728558895513}}",-0.014851453984690566,0.8991568818687926,-36.10086905849318
2022-07-26,8691.081868792651,885252.2999999999,893943.3818687926,"{'513100': {'shares': 1042700.0, 'price': 0.849, 'value': 885252.2999999999, 'profit_pct': 3.3071678625880905}}",-0.0057982095284243584,0.8939433818687926,-36.47136960837627
2022-07-27,8691.081868792651,885252.2999999999,893943.3818687926,"{'513100': {'shares': 1042700.0, 'price': 0.849, 'value': 885252.2999999999, 'profit_pct': 3.3071678625880905}}",0.0,0.8939433818687926,-36.47136960837627
2022-07-28,8691.081868792651,900892.8,909583.8818687927,"{'513100': {'shares': 1042700.0, 'price': 0.864, 'value': 900892.8, 'profit_pct': 5.132382842492475}}",0.01749607449109769,0.9095838818687927,-35.35986795872701
2022-07-29,8691.081868792651,925917.6,934608.6818687926,"{'513100': {'shares': 1042700.0, 'price': 0.888, 'value': 925917.6, 'profit_pct': 8.05272681033949}}",0.027512360870538988,0.9346086818687926,-33.58146531928822
2022-08-01,8691.081868792651,923832.2,932523.2818687926,"{'513100': {'shares': 1042700.0, 'price': 0.886, 'value': 923832.2, 'profit_pct': 7.809364813018906}}",-0.0022313081832603388,0.9325232818687926,-33.72966553924145
2022-08-02,8691.081868792651,923832.2,932523.2818687926,"{'513100': {'shares': 1042700.0, 'price': 0.886, 'value': 923832.2, 'profit_pct': 7.809364813018906}}",0.0,0.9325232818687926,-33.72966553924145
2022-08-03,8691.081868792651,923832.2,932523.2818687926,"{'513100': {'shares': 1042700.0, 'price': 0.886, 'value': 923832.2, 'profit_pct': 7.809364813018906}}",0.0,0.9325232818687926,-33.72966553924145
2022-08-04,8691.081868792651,949899.7000000001,958590.7818687927,"{'513100': {'shares': 1042700.0, 'price': 0.911, 'value': 949899.7000000001, 'profit_pct': 10.851389779526215}}",0.027953725667589024,0.9585907818687928,-31.87716278982603
2022-08-05,8691.081868792651,954070.5,962761.5818687927,"{'513100': {'shares': 1042700.0, 'price': 0.915, 'value': 954070.5, 'profit_pct': 11.338113774167384}}",0.004350970277294808,0.9627615818687927,-31.580762349919567
2022-08-08,8691.081868792651,950942.4,959633.4818687927,"{'513100': {'shares': 1042700.0, 'price': 0.912, 'value': 950942.4, 'profit_pct': 10.973070778186507}}",-0.0032490910095602787,0.9596334818687927,-31.803062679849415
2022-08-09,8691.081868792651,943643.5,952334.5818687927,"{'513100': {'shares': 1042700.0, 'price': 0.905, 'value': 943643.5, 'profit_pct': 10.121303787564461}}",-0.0076059246971939,0.9523345818687926,-32.32176344968573
2022-08-10,8691.081868792651,930088.4,938779.4818687927,"{'513100': {'shares': 1042700.0, 'price': 0.892, 'value': 930088.4, 'profit_pct': 8.53945080498066}}",-0.014233548017757003,0.9387794818687927,-33.28506487938174
2022-08-11,8691.081868792651,962412.1000000001,971103.1818687927,"{'513100': {'shares': 1042700.0, 'price': 0.923, 'value': 962412.1000000001, 'profit_pct': 12.311561763449722}}",0.034431621721913386,0.9711031818687927,-30.98796147010663
2022-08-12,8691.081868792651,953027.8,961718.8818687927,"{'513100': {'shares': 1042700.0, 'price': 0.914, 'value': 953027.8, 'profit_pct': 11.216432775507093}}",-0.009663545723267886,0.9617188818687927,-31.654862459896183
2022-08-15,8691.081868792651,970753.7000000001,979444.7818687927,"{'513100': {'shares': 1042700.0, 'price': 0.931, 'value': 970753.7000000001, 'profit_pct': 13.28500975273206}}",0.018431477570197474,0.9794447818687927,-30.395160590293703
2022-08-16,8691.081868792651,982223.3999999999,990914.4818687926,"{'513100': {'shares': 1042700.0, 'price': 0.942, 'value': 982223.3999999999, 'profit_pct': 14.623500737995263}}",0.011710410032626406,0.9909144818687926,-29.580059380550928
2022-08-17,8691.081868792651,979095.2999999999,987786.3818687926,"{'513100': {'shares': 1042700.0, 'price': 0.939, 'value': 979095.2999999999, 'profit_pct': 14.258457742014386}}",-0.0031567809909293088,0.9877863818687925,-29.802359710480776
2022-08-18,8691.081868792651,965540.2000000001,974231.2818687927,"{'513100': {'shares': 1042700.0, 'price': 0.926, 'value': 965540.2000000001, 'profit_pct': 12.6766047594306}}",-0.01372270386473129,0.9742312818687927,-30.765661140176782
2022-08-19,8691.081868792651,967625.6000000001,976316.6818687927,"{'513100': {'shares': 1042700.0, 'price': 0.928, 'value': 967625.6000000001, 'profit_pct': 12.919966756751183}}",0.0021405594737213818,0.9763166818687927,-30.61746092022355
2022-08-22,8691.081868792651,950942.4,959633.4818687927,"{'513100': {'shares': 1042700.0, 'price': 0.912, 'value': 950942.4, 'profit_pct': 10.973070778186507}}",-0.017087898127548407,0.9596334818687927,-31.803062679849415
2022-08-23,8691.081868792651,933216.5,941907.5818687927,"{'513100': {'shares': 1042700.0, 'price': 0.895, 'value': 933216.5, 'profit_pct': 8.904493800961538}}",-0.01847153140747082,0.9419075818687926,-33.0627645494519
2022-08-24,8691.081868792651,936344.6,945035.6818687926,"{'513100': {'shares': 1042700.0, 'price': 0.898, 'value': 936344.6, 'profit_pct': 9.269536796942415}}",0.003321026457599574,0.9450356818687926,-32.84046421952205
2022-08-25,9571.60083175276,945513.8,955085.4008317528,"{'513050': {'shares': 877100.0, 'price': 1.078, 'value': 945513.8, 'profit_pct': -0.09990009990009178}}",0.010634221707996216,0.9550854008317528,-32.12627482622634
2022-08-26,9571.60083175276,949022.2000000001,958593.8008317528,"{'513050': {'shares': 877100.0, 'price': 1.082, 'value': 949022.2000000001, 'profit_pct': 0.27078672718747776}}",0.003673388784861231,0.9585938008317528,-31.87694824538625
2022-08-29,9571.60083175276,956039.0000000001,965610.6008317529,"{'513050': {'shares': 877100.0, 'price': 1.09, 'value': 956039.0000000001, 'profit_pct': 1.0121603813626168}}",0.00731988877239953,0.9656106008317529,-31.378295083706064
2022-08-30,9571.60083175276,944636.7,954208.3008317527,"{'513050': {'shares': 877100.0, 'price': 1.077, 'value': 944636.7, 'profit_pct': -0.19257180667199444}}",-0.011808383203517514,0.9542083008317527,-32.188606471436366
2022-08-31,9571.60083175276,953407.7,962979.3008317527,"{'513050': {'shares': 877100.0, 'price': 1.087, 'value': 953407.7, 'profit_pct': 0.7341452610469295}}",0.009191913329987367,0.9629793008317528,-31.565290019336146
2022-09-01,9571.60083175276,934111.5,943683.1008317528,"{'513050': {'shares': 877100.0, 'price': 1.065, 'value': 934111.5, 'profit_pct': -1.304632287934703}}",-0.020038021568410946,0.9436831008317528,-32.93658621395663
2022-09-02,9571.60083175276,932357.2999999999,941928.9008317527,"{'513050': {'shares': 877100.0, 'price': 1.063, 'value': 932357.2999999999, 'profit_pct': -1.4899757014784878}}",-0.0018588867369289108,0.9419289008317527,-33.06124950437669
2022-09-05,9571.60083175276,919200.8,928772.4008317528,"{'513050': {'shares': 877100.0, 'price': 1.048, 'value': 919200.8, 'profit_pct': -2.8800513030568635}}",-0.013967614740754142,0.9287724008317528,-33.996224182527016
2022-09-06,9571.60083175276,917446.6000000001,927018.2008317529,"{'513050': {'shares': 877100.0, 'price': 1.046, 'value': 917446.6000000001, 'profit_pct': -3.065394716600648}}",-0.00188872968062892,0.9270182008317529,-34.12088747294706
2022-09-07,15624.462635832955,903770.3999999999,919394.8626358329,"{'511260': {'shares': 7800.0, 'price': 115.868, 'value': 903770.3999999999, 'profit_pct': -0.0999000999000929}}",-0.008223504337973142,0.9193948626358328,-34.6626446405951
2022-09-08,15624.462635832955,903177.6,918802.0626358329,"{'511260': {'shares': 7800.0, 'price': 115.792, 'value': 903177.6, 'profit_pct': -0.16542645396167102}}",-0.0006447719299849108,0.918802062635833,-34.70477233331029
2022-09-09,9239.271116503049,907434.8999999999,916674.171116503,"{'513050': {'shares': 866700.0, 'price': 1.047, 'value': 907434.8999999999, 'profit_pct': -0.09990009990008067}}",-0.0023159411649833483,0.916674171116503,-34.85599223894054
2022-09-13,9239.271116503049,907434.8999999999,916674.171116503,"{'513050': {'shares': 866700.0, 'price': 1.047, 'value': 907434.8999999999, 'profit_pct': -0.09990009990008067}}",0.0,0.916674171116503,-34.85599223894054
2022-09-14,17942.566796803265,878233.2000000001,896175.7667968033,"{'511260': {'shares': 7600.0, 'price': 115.557, 'value': 878233.2000000001, 'profit_pct': -0.09990009990008371}}",-0.02236171255347219,0.8961757667968033,-36.31272381507451
2022-09-15,17942.566796803265,878316.7999999999,896259.3667968032,"{'511260': {'shares': 7600.0, 'price': 115.568, 'value': 878316.7999999999, 'profit_pct': -0.09039049772193208}}",9.328527181517998e-05,0.8962593667968032,-36.30678273020443
2022-09-16,893402.4508165633,0.0,893402.4508165633,{},-0.0031875995789593103,0.8934024508165633,-36.50981120275619
2022-09-19,893402.4508165633,0.0,893402.4508165633,{},0.0,0.8934024508165633,-36.50981120275619
2022-09-20,12824.9227863634,879434.0,892258.9227863634,"{'511260': {'shares': 7600.0, 'price': 115.715, 'value': 879434.0, 'profit_pct': -0.09990009990008286}}",-0.0012799696588640108,0.8922589227863634,-36.59107671805222
2022-09-21,12824.9227863634,880019.2000000001,892844.1227863635,"{'511260': {'shares': 7600.0, 'price': 115.792, 'value': 880019.2000000001, 'profit_pct': -0.03342377710435619}}",0.0006558634327495927,0.8928441227863635,-36.549489123961564
2022-09-22,12824.9227863634,879905.2,892730.1227863634,"{'511260': {'shares': 7600.0, 'price': 115.777, 'value': 879905.2, 'profit_pct': -0.046373710116511535}}",-0.0001276818619182496,0.8927301227863633,-36.557590603329885
2022-09-23,9252.7703999636,879164.0,888416.7703999636,"{'518880': {'shares': 233200.0, 'price': 3.77, 'value': 879164.0, 'profit_pct': -0.09990009990008361}}",-0.004831642034142436,0.8884167703999636,-36.86412161531811
2022-09-26,879355.6260105236,0.0,879355.6260105236,{},-0.010199204575303877,0.8793556260105236,-37.508057355004986
2022-09-27,879355.6260105236,0.0,879355.6260105236,{},0.0,0.8793556260105236,-37.508057355004986
2022-09-28,879355.6260105236,0.0,879355.6260105236,{},0.0,0.8793556260105236,-37.508057355004986
2022-09-29,8825.145190523821,869400.0,878225.1451905238,"{'518880': {'shares': 230000.0, 'price': 3.78, 'value': 869400.0, 'profit_pct': -0.09990009990008539}}",-0.0012855786516413614,0.8782251451905239,-37.58839566236898
2022-09-30,8825.145190523821,870090.0,878915.1451905238,"{'518880': {'shares': 230000.0, 'price': 3.783, 'value': 870090.0, 'profit_pct': -0.020614306328574517}}",0.0007856755227046985,0.8789151451905238,-37.53936039250817
2022-10-10,8825.145190523821,876300.0,885125.1451905238,"{'518880': {'shares': 230000.0, 'price': 3.81, 'value': 876300.0, 'profit_pct': 0.6929578358149999}}",0.007065528491551731,0.8851251451905238,-37.09804296376089
2022-10-11,8825.145190523821,874460.0,883285.1451905238,"{'518880': {'shares': 230000.0, 'price': 3.802, 'value': 874460.0, 'profit_pct': 0.48152905295764536}}",-0.0020788020880413427,0.8832851451905238,-37.228803683389714
2022-10-12,8825.145190523821,876760.0,885585.1451905238,"{'518880': {'shares': 230000.0, 'price': 3.812, 'value': 876760.0, 'profit_pct': 0.7458150315293326}}",0.0026039156353114823,0.8855851451905238,-37.06535278385369
2022-10-13,8825.145190523821,877910.0,886735.1451905238,"{'518880': {'shares': 230000.0, 'price': 3.817, 'value': 877910.0, 'profit_pct': 0.877958020815188}}",0.0012985764341750805,0.8867351451905238,-36.98362733408567
2022-10-14,8825.145190523821,876990.0,885815.1451905238,"{'518880': {'shares': 230000.0, 'price': 3.813, 'value': 876990.0, 'profit_pct': 0.7722436293865108}}",-0.001037513856296246,0.8858151451905238,-37.04900769390008
2022-10-17,8825.145190523821,872160.0,880985.1451905238,"{'518880': {'shares': 230000.0, 'price': 3.792, 'value': 872160.0, 'profit_pct': 0.2172430743859464}}",-0.005452604898690372,0.8809851451905238,-37.392254582925744
2022-10-18,8825.145190523821,874460.0,883285.1451905238,"{'518880': {'shares': 230000.0, 'price': 3.802, 'value': 874460.0, 'profit_pct': 0.48152905295764536}}",0.002610713713569579,0.8832851451905238,-37.228803683389714
2022-10-19,8825.145190523821,872390.0,881215.1451905238,"{'518880': {'shares': 230000.0, 'price': 3.793, 'value': 872390.0, 'profit_pct': 0.24367167224312447}}",-0.0023435240717804007,0.8812151451905238,-37.37590949297215
2022-10-20,8962.30485797394,865858.5000000001,874820.804857974,"{'159915': {'shares': 370500.0, 'price': 2.337, 'value': 865858.5000000001, 'profit_pct': -0.09990009990009183}}",-0.007256276026857522,0.8748208048579741,-37.830327179622046
2022-10-21,12386.135243664146,854278.2,866664.3352436641,"{'511260': {'shares': 7400.0, 'price': 115.443, 'value': 854278.2, 'profit_pct': -0.09990009990008683}}",-0.009323588978469854,0.8666643352436642,-38.409971655925204
2022-10-24,8910.999968364253,856062.0,864972.9999683643,"{'518880': {'shares': 224100.0, 'price': 3.82, 'value': 856062.0, 'profit_pct': -0.0999000999000924}}",-0.0019515459521295409,0.8649729999683643,-38.530167426431625
2022-10-25,8910.999968364253,857630.7,866541.6999683642,"{'518880': {'shares': 224100.0, 'price': 3.827, 'value': 857630.7, 'profit_pct': 0.08316291038805187}}",0.0018135826205643024,0.8665416999683642,-38.4186868063872
2022-10-26,8910.999968364253,856958.3999999999,865869.3999683642,"{'518880': {'shares': 224100.0, 'price': 3.824, 'value': 856958.3999999999, 'profit_pct': 0.004707334550274099}}",-0.0007758426397997953,0.8658693999683642,-38.46646421497768
2022-10-27,8910.999968364253,855389.7000000001,864300.6999683643,"{'518880': {'shares': 224100.0, 'price': 3.817, 'value': 855389.7000000001, 'profit_pct': -0.17835567573785854}}",-0.0018117050909260968,0.8643006999683643,-38.57794483502208
2022-10-28,8910.999968364253,856062.0,864972.9999683643,"{'518880': {'shares': 224100.0, 'price': 3.82, 'value': 856062.0, 'profit_pct': -0.0999000999000924}}",0.0007778542815302103,0.8649729999683643,-38.530167426431625
2022-10-31,8636.637620754307,851207.4,859844.0376207543,"{'513100': {'shares': 1002600.0, 'price': 0.849, 'value': 851207.4, 'profit_pct': -0.09990009990008553}}",-0.005929621326674406,0.8598440376207543,-38.89466025660696
2022-11-01,8636.637620754307,853212.6,861849.2376207543,"{'513100': {'shares': 1002600.0, 'price': 0.851, 'value': 853212.6, 'profit_pct': 0.1354358244817755}}",0.002332050828134369,0.8618492376207543,-38.752159498454944
2022-11-02,8535.678404994309,838098.0,846633.6784049943,"{'159915': {'shares': 363600.0, 'price': 2.305, 'value': 838098.0, 'profit_pct': -0.09990009990009034}}",-0.01765454855859072,0.8466336784049943,-39.83346247269829
2022-11-03,8535.678404994309,839552.4,848088.0784049943,"{'159915': {'shares': 363600.0, 'price': 2.309, 'value': 839552.4, 'profit_pct': 0.07346232942763198}}",0.001717862207820442,0.8480880784049943,-39.73010465170472
2022-11-04,8535.678404994309,866458.8,874994.4784049944,"{'159915': {'shares': 363600.0, 'price': 2.383, 'value': 866458.8, 'profit_pct': 3.2806672719904855}}",0.0317259500341085,0.8749944784049943,-37.817984963323745
2022-11-07,8535.678404994309,865004.4,873540.0784049943,"{'159915': {'shares': 363600.0, 'price': 2.379, 'value': 865004.4, 'profit_pct': 3.107304842662763}}",-0.0016621819175947072,0.8735400784049944,-37.92134278431731
2022-11-08,8535.678404994309,859186.8,867722.4784049944,"{'159915': {'shares': 363600.0, 'price': 2.363, 'value': 859186.8, 'profit_pct': 2.4138551253518736}}",-0.006659797465300543,0.8677224784049944,-38.33477406829158
2022-11-09,8632.352112774504,843441.0,852073.3521127745,"{'518880': {'shares': 213800.0, 'price': 3.945, 'value': 843441.0, 'profit_pct': -0.09990009990008526}}",-0.01803471349616914,0.8520733521127745,-39.44688875064648
2022-11-10,8632.352112774504,839165.0,847797.3521127745,"{'518880': {'shares': 213800.0, 'price': 3.925, 'value': 839165.0, 'profit_pct': -0.6063644846914668}}",-0.005018347292985226,0.8477973521127745,-39.750765292566506
2022-11-11,8563.277490274631,842812.6,851375.8774902746,"{'513100': {'shares': 986900.0, 'price': 0.854, 'value': 842812.6, 'profit_pct': -0.09990009990008943}}",0.0042209678628768454,0.8513758774902747,-39.4964552091035
2022-11-14,8638.583834764664,834642.8999999999,843281.4838347646,"{'518880': {'shares': 213300.0, 'price': 3.913, 'value': 834642.8999999999, 'profit_pct': -0.09990009990009566}}",-0.009507426589735024,0.8432814838347645,-40.07168821962169
2022-11-15,8546.633770714863,836822.4,845369.0337707149,"{'513050': {'shares': 857400.0, 'price': 0.976, 'value': 836822.4, 'profit_pct': -0.09990009990008619}}",0.002475507853507475,0.8453690337707149,-39.923335213161934
2022-11-16,8546.633770714863,834250.2,842796.8337707148,"{'513050': {'shares': 857400.0, 'price': 0.973, 'value': 834250.2, 'profit_pct': -0.40697007910121324}}",-0.0030426948436080847,0.8427968337707148,-40.106130171330015
2022-11-17,8546.633770714863,839394.6,847941.2337707148,"{'513050': {'shares': 857400.0, 'price': 0.979, 'value': 839394.6, 'profit_pct': 0.2071698793010409}}",0.006103962181471134,0.8479412337707148,-39.74054025499386
2022-11-18,8546.633770714863,841109.4,849656.0337707149,"{'513050': {'shares': 857400.0, 'price': 0.981, 'value': 841109.4, 'profit_pct': 0.4118831987684589}}",0.0020223099569938174,0.8496560337707149,-39.61867694954847
2022-11-21,8546.633770714863,825676.2,834222.8337707148,"{'513050': {'shares': 857400.0, 'price': 0.963, 'value': 825676.2, 'profit_pct': -1.4305366764383034}}",-0.01816405626110673,0.8342228337707148,-40.71544669855693
2022-11-22,8546.633770714863,802526.4,811073.0337707149,"{'513050': {'shares': 857400.0, 'price': 0.936, 'value': 802526.4, 'profit_pct': -4.194166489248436}}",-0.027750139486547143,0.8110730337707149,-42.36060132206961
2022-11-23,8546.633770714863,819674.4,828221.0337707149,"{'513050': {'shares': 857400.0, 'price': 0.956, 'value': 819674.4, 'profit_pct': -2.1470332945742667}}",0.02114236238415934,0.8282210337707149,-41.141968267615766
2022-11-24,8546.633770714863,811957.7999999999,820504.4337707148,"{'513050': {'shares': 857400.0, 'price': 0.947, 'value': 811957.7999999999, 'profit_pct': -3.068243232177648}}",-0.009317078032742065,0.8205044337707148,-41.69035314212001
2022-11-25,8546.633770714863,805956.0,814502.6337707149,"{'513050': {'shares': 857400.0, 'price': 0.94, 'value': 805956.0, 'profit_pct': -3.7847398503136107}}",-0.00731476851675017,0.8145026337707149,-42.11687471117885
2022-11-28,8546.633770714863,793095.0,801641.6337707149,"{'513050': {'shares': 857400.0, 'price': 0.925, 'value': 793095.0, 'profit_pct': -5.320089746319235}}",-0.0157900041899931,0.8016416337707148,-43.03084950201923
2022-11-29,8546.633770714863,835107.6,843654.2337707148,"{'513050': {'shares': 857400.0, 'price': 0.974, 'value': 835107.6, 'profit_pct': -0.30461341936750425}}",0.0524082061486546,0.8436542337707148,-40.045198518607314
2022-11-30,8546.633770714863,844539.0,853085.6337707149,"{'513050': {'shares': 857400.0, 'price': 0.985, 'value': 844539.0, 'profit_pct': 0.821309837703295}}",0.011179224405531984,0.8530856337707149,-39.3749503386577
2022-12-01,8546.633770714863,869403.6,877950.2337707148,"{'513050': {'shares': 857400.0, 'price': 1.014, 'value': 869403.6, 'profit_pct': 3.7896529699808563}}",0.029146663612299006,0.8779502337707148,-37.60793240969964
2022-12-02,8546.633770714863,867688.8,876235.4337707149,"{'513050': {'shares': 857400.0, 'price': 1.012, 'value': 867688.8, 'profit_pct': 3.5849396505134385}}",-0.001953185880064101,0.8762354337707149,-37.72979571514501
2022-12-05,8546.633770714863,915703.2000000001,924249.8337707149,"{'513050': {'shares': 857400.0, 'price': 1.068, 'value': 915703.2000000001, 'profit_pct': 9.316912595601144}}",0.054796231868162515,0.9242498337707149,-34.31762316267426
2022-12-06,8546.633770714863,897697.7999999999,906244.4337707148,"{'513050': {'shares': 857400.0, 'price': 1.047, 'value': 897697.7999999999, 'profit_pct': 7.167422741193243}}",-0.019481096281664945,0.9062444337707148,-35.5971878698508
2022-12-07,8546.633770714863,888266.4,896813.0337707149,"{'513050': {'shares': 857400.0, 'price': 1.036, 'value': 888266.4, 'profit_pct': 6.041499484122455}}",-0.010407125990013144,0.8968130337707149,-36.26743604980041
2022-12-08,8546.633770714863,905414.4,913961.0337707149,"{'513050': {'shares': 857400.0, 'price': 1.056, 'value': 905414.4, 'profit_pct': 8.088632678796635}}",0.01912104235138057,0.9139610337707149,-35.04880299534656
2022-12-09,8546.633770714863,925992.0000000001,934538.633770715,"{'513050': {'shares': 857400.0, 'price': 1.08, 'value': 925992.0000000001, 'profit_pct': 10.545192512405652}}",0.02251474542093268,0.934538633770715,-33.58644333000195
2022-12-12,8546.633770714863,898555.2000000001,907101.8337707149,"{'513050': {'shares': 857400.0, 'price': 1.048, 'value': 898555.2000000001, 'profit_pct': 7.269779400926963}}",-0.02935865785376568,0.907101833770715,-35.53625621712809
2022-12-13,8546.633770714863,902842.2,911388.8337707148,"{'513050': {'shares': 857400.0, 'price': 1.053, 'value': 902842.2, 'profit_pct': 7.781562699595497}}",0.004726040495563133,0.9113888337707148,-35.23159795351465
2022-12-14,8546.633770714863,908844.0,917390.6337707149,"{'513050': {'shares': 857400.0, 'price': 1.06, 'value': 908844.0, 'profit_pct': 8.498059317731471}}",0.006585334137975574,0.9173906337707148,-34.8050763844558
2022-12-15,8546.633770714863,885694.2,894240.8337707148,"{'513050': {'shares': 857400.0, 'price': 1.033, 'value': 885694.2, 'profit_pct': 5.734429504921317}}",-0.025234397592275748,0.8942408337707148,-36.45023100796849
2022-12-16,8546.633770714863,892553.3999999999,901100.0337707148,"{'513050': {'shares': 857400.0, 'price': 1.041, 'value': 892553.3999999999, 'profit_pct': 6.553282782790988}}",0.007670416895498855,0.9011000337707148,-35.96277778618695
2022-12-19,8546.633770714863,894268.2,902814.8337707148,"{'513050': {'shares': 857400.0, 'price': 1.043, 'value': 894268.2, 'profit_pct': 6.7579961022584065}}",0.001903007364037368,0.9028148337707148,-35.84091448074157
2022-12-20,8546.633770714863,867688.8,876235.4337707149,"{'513050': {'shares': 857400.0, 'price': 1.012, 'value': 867688.8, 'profit_pct': 3.5849396505134385}}",-0.02944058848588904,0.8762354337707149,-37.72979571514501
2022-12-21,8546.633770714863,865974.0,874520.6337707149,"{'513050': {'shares': 857400.0, 'price': 1.01, 'value': 865974.0, 'profit_pct': 3.3802263310460203}}",-0.0019570082810058675,0.8745206337707149,-37.851659020590404
2022-12-22,8546.633770714863,907129.2000000001,915675.8337707149,"{'513050': {'shares': 857400.0, 'price': 1.058, 'value': 907129.2000000001, 'profit_pct': 8.293345998264053}}",0.04706029613337903,0.9156758337707149,-34.92693968990118
2022-12-23,8546.633770714863,900270.0,908816.6337707149,"{'513050': {'shares': 857400.0, 'price': 1.05, 'value': 900270.0, 'profit_pct': 7.474492720394381}}",-0.007490860572080593,0.9088166337707149,-35.414392911682725
2022-12-26,8546.633770714863,883979.3999999999,892526.0337707148,"{'513050': {'shares': 857400.0, 'price': 1.031, 'value': 883979.3999999999, 'profit_pct': 5.529716185453899}}",-0.017925068044155168,0.8925260337707148,-36.57209431341387
2022-12-27,8546.633770714863,900270.0,908816.6337707149,"{'513050': {'shares': 857400.0, 'price': 1.05, 'value': 900270.0, 'profit_pct': 7.474492720394381}}",0.018252240700673106,0.9088166337707149,-35.414392911682725
2022-12-28,8546.633770714863,901984.8,910531.4337707149,"{'513050': {'shares': 857400.0, 'price': 1.052, 'value': 901984.8, 'profit_pct': 7.6792060398618}}",0.0018868492678059123,0.9105314337707149,-35.29252960623733
2022-12-29,8546.633770714863,891696.0,900242.6337707149,"{'513050': {'shares': 857400.0, 'price': 1.04, 'value': 891696.0, 'profit_pct': 6.4509261230572905}}",-0.011299774635337712,0.9002426337707149,-36.023709438909634
2022-12-30,9107.937454174971,889675.2000000001,898783.137454175,"{'518880': {'shares': 223200.0, 'price': 3.986, 'value': 889675.2000000001, 'profit_pct': -0.09990009990008435}}",-0.001621225502758783,0.898783137454175,-36.12742943273919
2023-01-03,9107.937454174971,889898.4,899006.337454175,"{'518880': {'shares': 223200.0, 'price': 3.987, 'value': 889898.4, 'profit_pct': -0.07483735531902842}}",0.00024833576721539075,0.899006337454175,-36.11156758892334
2023-01-04,9031.413387075067,891003.4,900034.8133870751,"{'513050': {'shares': 807800.0, 'price': 1.103, 'value': 891003.4, 'profit_pct': -0.09990009990008669}}",0.0011440141076342059,0.9000348133870751,-36.038478320930444
2023-01-05,9031.413387075067,911198.3999999999,920229.813387075,"{'513050': {'shares': 807800.0, 'price': 1.128, 'value': 911198.3999999999, 'profit_pct': 2.164381402822025}}",0.022438020951657034,0.920229813387075,-34.60330835739561
2023-01-06,9031.413387075067,908775.0,917806.4133870751,"{'513050': {'shares': 807800.0, 'price': 1.125, 'value': 908775.0, 'profit_pct': 1.8926676224953802}}",-0.0026334726008062637,0.917806413387075,-34.77552875301979
2023-01-09,9031.413387075067,934624.6,943656.013387075,"{'513050': {'shares': 807800.0, 'price': 1.157, 'value': 934624.6, 'profit_pct': 4.790947945979696}}",0.02816454496608345,0.943656013387075,-32.9385111996952
2023-01-10,9031.413387075067,926546.6,935578.013387075,"{'513050': {'shares': 807800.0, 'price': 1.147, 'value': 926546.6, 'profit_pct': 3.885235344890847}}",-0.008560322708065615,0.935578013387075,-33.51257918510914
2023-01-11,9031.413387075067,935432.3999999999,944463.813387075,"{'513050': {'shares': 807800.0, 'price': 1.158, 'value': 935432.3999999999, 'profit_pct': 4.881519206088571}}",0.009497657996291098,0.944463813387075,-32.88110440115381
2023-01-12,9031.413387075067,909582.7999999999,918614.213387075,"{'513050': {'shares': 807800.0, 'price': 1.126, 'value': 909582.7999999999, 'profit_pct': 1.983238882604255}}",-0.027369603402058407,0.918614213387075,-34.7181219544784
2023-01-13,9031.413387075067,925738.7999999999,934770.213387075,"{'513050': {'shares': 807800.0, 'price': 1.146, 'value': 925738.7999999999, 'profit_pct': 3.7946640847819526}}",0.01758736122798532,0.934770213387075,-33.56998598365053
2023-01-16,9031.413387075067,917660.7999999999,926692.213387075,"{'513050': {'shares': 807800.0, 'price': 1.136, 'value': 917660.7999999999, 'profit_pct': 2.888951483693104}}",-0.008641695985080577,0.926692213387075,-34.14405396906447
2023-01-17,9031.413387075067,922507.6,931539.013387075,"{'513050': {'shares': 807800.0, 'price': 1.142, 'value': 922507.6, 'profit_pct': 3.432379044346413}}",0.0052302155235393055,0.931539013387075,-33.7996131778161
2023-01-18,9031.413387075067,927354.3999999999,936385.813387075,"{'513050': {'shares': 807800.0, 'price': 1.148, 'value': 927354.3999999999, 'profit_pct': 3.9758066049997223}}",0.005203002698058734,0.9363858133870749,-33.455172386567746
2023-01-19,9504.017206035205,918028.8,927532.8172060353,"{'159915': {'shares': 367800.0, 'price': 2.496, 'value': 918028.8, 'profit_pct': -0.09990009990009317}}",-0.009454432195012519,0.9275328172060352,-34.084315947167745
2023-01-20,9504.017206035205,922074.6000000001,931578.6172060353,"{'159915': {'shares': 367800.0, 'price': 2.507, 'value': 922074.6000000001, 'profit_pct': 0.34036476344169814}}",0.004361894183094295,0.9315786172060353,-33.796798708323
2023-01-30,9457.845577935106,929264.4,938722.2455779351,"{'513050': {'shares': 800400.0, 'price': 1.161, 'value': 929264.4, 'profit_pct': -0.0999000999000971}}",0.0076683043598884115,0.9387222455779352,-33.28913241121948
2023-01-31,9152.963249275228,900013.0,909165.9632492752,"{'159915': {'shares': 359000.0, 'price': 2.507, 'value': 900013.0, 'profit_pct': -0.09990009990008368}}",-0.031485652404522724,0.9091659632492752,-35.38956759972396
2023-02-01,9152.963249275228,910783.0,919935.9632492752,"{'159915': {'shares': 359000.0, 'price': 2.537, 'value': 910783.0, 'profit_pct': 1.0955538279032582}}",0.01184602199746787,0.9199359632492752,-34.62419099624437
2023-02-02,9208.192771675298,903708.0,912916.1927716753,"{'513050': {'shares': 772400.0, 'price': 1.17, 'value': 903708.0, 'profit_pct': -0.09990009990009081}}",-0.007630716439006924,0.9129161927716753,-35.123055256722715
2023-02-03,9208.192771675298,885942.8,895150.9927716753,"{'513050': {'shares': 772400.0, 'price': 1.147, 'value': 885942.8, 'profit_pct': -2.063748217594355}}",-0.019459836664813213,0.8951509927716753,-36.38555000473901
2023-02-06,8689.667804195546,855655.6,864345.2678041955,"{'159915': {'shares': 346700.0, 'price': 2.468, 'value': 855655.6, 'profit_pct': -0.09990009990009645}}",-0.03441399855022831,0.8643452678041955,-38.574777594649476
2023-02-07,8689.667804195546,853228.7,861918.3678041955,"{'159915': {'shares': 346700.0, 'price': 2.461, 'value': 853228.7, 'profit_pct': -0.3832472227934154}}",-0.0028077900005925027,0.8619183678041955,-38.747246719903394
2023-02-08,8582.518362965551,846279.0,854861.5183629656,"{'513100': {'shares': 959500.0, 'price': 0.882, 'value': 846279.0, 'profit_pct': -0.09990009990009292}}",-0.0081873756318801,0.8548615183629655,-39.24874601949442
2023-02-09,8582.518362965551,837643.5,846226.0183629656,"{'513100': {'shares': 959500.0, 'price': 0.873, 'value': 837643.5, 'profit_pct': -1.1192888743909093}}",-0.010101636129950853,0.8462260183629655,-39.86243308164372
2023-02-10,8582.518362965551,825170.0,833752.5183629656,"{'513100': {'shares': 959500.0, 'price': 0.86, 'value': 825170.0, 'profit_pct': -2.5917393264331996}}",-0.01474015183807531,0.8337525183629656,-40.7488699491927
2023-02-13,8582.518362965551,824210.5,832793.0183629656,"{'513100': {'shares': 959500.0, 'price': 0.859, 'value': 824210.5, 'profit_pct': -2.7050047458210678}}",-0.0011508211116219025,0.8327930183629656,-40.81705740054262
2023-02-14,8582.518362965551,835724.5,844307.0183629656,"{'513100': {'shares': 959500.0, 'price': 0.871, 'value': 835724.5, 'profit_pct': -1.3458197131666463}}",0.013825764320927192,0.8443070183629655,-39.998807984343564
2023-02-15,8582.518362965551,837643.5,846226.0183629656,"{'513100': {'shares': 959500.0, 'price': 0.873, 'value': 837643.5, 'profit_pct': -1.1192888743909093}}",0.0022728698900558175,0.8462260183629655,-39.86243308164372
2023-02-16,8582.518362965551,853955.0,862537.5183629656,"{'513100': {'shares': 959500.0, 'price': 0.89, 'value': 853955.0, 'profit_pct': 0.8062232552028549}}",0.019275583172867705,0.8625375183629655,-38.703246408695044
2023-02-17,8582.518362965551,829967.5,838550.0183629656,"{'513100': {'shares': 959500.0, 'price': 0.865, 'value': 829967.5, 'profit_pct': -2.025412229493857}}",-0.027810384463653914,0.8385500183629655,-40.4079326924431
2023-02-20,8582.518362965551,832846.0,841428.5183629656,"{'513100': {'shares': 959500.0, 'price': 0.868, 'value': 832846.0, 'profit_pct': -1.6856159713302517}}",0.0034327111525433995,0.8414285183629655,-40.20337033839333
2023-02-21,8582.518362965551,830927.0,839509.5183629656,"{'513100': {'shares': 959500.0, 'price': 0.866, 'value': 830927.0, 'profit_pct': -1.9121468101059884}}",-0.0022806453051217312,0.8395095183629655,-40.33974524109317
2023-02-22,8582.518362965551,815575.0,824157.5183629656,"{'513100': {'shares': 959500.0, 'price': 0.85, 'value': 815575.0, 'profit_pct': -3.724393520311884}}",-0.01828686830131032,0.8241575183629656,-41.430744462691926
2023-02-23,8582.518362965551,822291.5,830874.0183629656,"{'513100': {'shares': 959500.0, 'price': 0.857, 'value': 822291.5, 'profit_pct': -2.9315355845968045}}",0.008149534343071974,0.8308740183629656,-40.953432303242465
2023-02-24,8582.518362965551,825170.0,833752.5183629656,"{'513100': {'shares': 959500.0, 'price': 0.86, 'value': 825170.0, 'profit_pct': -2.5917393264331996}}",0.0034644241321581948,0.8337525183629656,-40.7488699491927
2023-02-27,8582.518362965551,817494.0,826076.5183629656,"{'513100': {'shares': 959500.0, 'price': 0.852, 'value': 817494.0, 'profit_pct': -3.497862681536147}}",-0.009206568892974998,0.8260765183629656,-41.294369559992084
2023-02-28,8582.518362965551,820372.5,828955.0183629656,"{'513100': {'shares': 959500.0, 'price': 0.855, 'value': 820372.5, 'profit_pct': -3.1580664233725417}}",0.0034845440295341312,0.8289550183629656,-41.08980720594232
2023-03-01,17628.541410065605,806337.0,823965.5414100656,"{'511260': {'shares': 7000.0, 'price': 115.191, 'value': 806337.0, 'profit_pct': -0.09990009990009628}}",-0.006018996015915601,0.8239655414100656,-41.444387421666576
2023-03-02,17628.541410065605,806134.0,823762.5414100656,"{'511260': {'shares': 7000.0, 'price': 115.162, 'value': 806134.0, 'profit_pct': -0.12505052742570621}}",-0.0002463695261486487,0.8237625414100656,-41.458813740190834
2023-03-03,8525.821110665915,813006.0,821531.8211106659,"{'510300': {'shares': 211500.0, 'price': 3.844, 'value': 813006.0, 'profit_pct': -0.09990009990007577}}",-0.0027079652050957526,0.8215318211106659,-41.61734123564743
2023-03-06,8496.041510946117,805650.8999999999,814146.941510946,"{'518880': {'shares': 197900.0, 'price': 4.071, 'value': 805650.8999999999, 'profit_pct': -0.0999000999000929}}",-0.008989158313716827,0.814146941510946,-42.1421521980559
2023-03-07,8496.041510946117,806640.3999999999,815136.441510946,"{'518880': {'shares': 197900.0, 'price': 4.076, 'value': 806640.3999999999, 'profit_pct': 0.022797148810417778}}",0.0012153825673821839,0.815136441510946,-42.07183277845116
2023-03-08,18725.5806875563,785842.0,804567.5806875563,"{'511260': {'shares': 6800.0, 'price': 115.565, 'value': 785842.0, 'profit_pct': -0.09990009990009081}}",-0.012965756755763724,0.8045675806875563,-42.82291530395297
2023-03-09,8402.37427676632,794097.7000000001,802500.0742767664,"{'518880': {'shares': 196900.0, 'price': 4.033, 'value': 794097.7000000001, 'profit_pct': -0.09990009990009324}}",-0.0025697113088040124,0.8025000742767664,-42.969843905100845
2023-03-10,8402.37427676632,799610.9,808013.2742767663,"{'518880': {'shares': 196900.0, 'price': 4.061, 'value': 799610.9, 'profit_pct': 0.5936785753299477}}",0.006870030516780368,0.8080132742767664,-42.57804499235214
2023-03-13,8402.37427676632,805124.1000000001,813526.4742767664,"{'518880': {'shares': 196900.0, 'price': 4.089, 'value': 805124.1000000001, 'profit_pct': 1.2872572505600108}}",0.006823155232115186,0.8135264742767664,-42.18624607960342
2023-03-14,8402.37427676632,815559.8,823962.1742767664,"{'518880': {'shares': 196900.0, 'price': 4.142, 'value': 815559.8, 'profit_pct': 2.6001026001026064}}",0.012827732507755707,0.8239621742767663,-41.444626709043355
2023-03-15,8402.37427676632,814969.1000000001,823371.4742767664,"{'518880': {'shares': 196900.0, 'price': 4.139, 'value': 814969.1000000001, 'profit_pct': 2.525790599185098}}",-0.0007169018414205919,0.8233714742767664,-41.48660516398072
2023-03-16,8402.37427676632,821860.6000000001,830262.9742767664,"{'518880': {'shares': 196900.0, 'price': 4.174, 'value': 821860.6000000001, 'profit_pct': 3.392763943222666}}",0.008369855181166397,0.8302629742767664,-40.99685652304482
2023-03-17,8402.37427676632,826586.2000000001,834988.5742767664,"{'518880': {'shares': 196900.0, 'price': 4.198, 'value': 826586.2000000001, 'profit_pct': 3.98725995056271}}",0.005691690640686975,0.8349885742767664,-40.66102888354594
2023-03-20,8402.37427676632,851986.3,860388.6742767664,"{'518880': {'shares': 196900.0, 'price': 4.327, 'value': 851986.3, 'profit_pct': 7.1826759900154356}}",0.030419697685085678,0.8603886742767664,-38.855955321239364
2023-03-21,8402.37427676632,843913.3999999999,852315.7742767662,"{'518880': {'shares': 196900.0, 'price': 4.286, 'value': 843913.3999999999, 'profit_pct': 6.167078644142852}}",-0.009382852472792136,0.8523157742767662,-39.429660872049986
2023-03-22,8402.37427676632,831508.7,839911.0742767663,"{'518880': {'shares': 196900.0, 'price': 4.223, 'value': 831508.7, 'profit_pct': 4.606526624875243}}",-0.014554112893810922,0.8399110742767663,-40.31120842573459
2023-03-23,8402.37427676632,837415.7000000001,845818.0742767664,"{'518880': {'shares': 196900.0, 'price': 4.253, 'value': 837415.7000000001, 'profit_pct': 5.349646634050305}}",0.007032887386425379,0.8458180742767664,-39.89142387636097
2023-03-24,8402.37427676632,841747.5000000001,850149.8742767664,"{'518880': {'shares': 196900.0, 'price': 4.275, 'value': 841747.5000000001, 'profit_pct': 5.894601307445351}}",0.0051214322934680645,0.8501498742767665,-39.58358187348697
2023-03-27,8402.37427676632,836037.4000000001,844439.7742767665,"{'518880': {'shares': 196900.0, 'price': 4.246, 'value': 836037.4000000001, 'profit_pct': 5.176251965242799}}",-0.0067165804204318835,0.8444397742767664,-39.98937360454814
2023-03-28,8402.37427676632,831902.4999999999,840304.8742767662,"{'518880': {'shares': 196900.0, 'price': 4.225, 'value': 831902.4999999999, 'profit_pct': 4.656067958820241}}",-0.004896619185828399,0.8403048742767663,-40.283222789109686
2023-03-29,8457.438983606291,832633.2000000001,841090.6389836064,"{'513100': {'shares': 932400.0, 'price': 0.893, 'value': 832633.2000000001, 'profit_pct': -0.09990009990010354}}",0.0009350947863018266,0.8410906389836064,-40.22738194208504
2023-03-30,8457.438983606291,841957.2000000001,850414.6389836064,"{'513100': {'shares': 932400.0, 'price': 0.903, 'value': 841957.2000000001, 'profit_pct': 1.0188020266407698}}",0.011085606672863957,0.8504146389836064,-39.564766208487676
2023-03-31,8665.357585406397,844213.2,852878.5575854063,"{'518880': {'shares': 197200.0, 'price': 4.281, 'value': 844213.2, 'profit_pct': -0.09990009990009424}}",0.002897314426224762,0.8528785575854063,-39.38966633377126
2023-04-03,8400.833394566434,830484.0,838884.8333945664,"{'513100': {'shares': 902700.0, 'price': 0.92, 'value': 830484.0, 'profit_pct': -0.09990009990009131}}",-0.01640763982911908,0.8388848333945664,-40.38413885848946
2023-04-04,8400.833394566434,832289.4,840690.2333945665,"{'513100': {'shares': 902700.0, 'price': 0.922, 'value': 832289.4, 'profit_pct': 0.11727403031751736}}",0.0021521428545732135,0.8406902333945665,-40.25583700891453
2023-04-06,8351.330356826656,815772.0,824123.3303568267,"{'518880': {'shares': 188400.0, 'price': 4.33, 'value': 815772.0, 'profit_pct': -0.09990009990008838}}",-0.01970631081420493,0.8241233303568266,-41.43317405415138
2023-04-07,8238.609548236709,813390.5,821629.1095482367,"{'513050': {'shares': 736100.0, 'price': 1.105, 'value': 813390.5, 'profit_pct': -0.09990009990009192}}",-0.0030265140140007807,0.8216291095482368,-41.61042737363203
2023-04-10,8238.609548236709,808973.9,817212.5095482367,"{'513050': {'shares': 736100.0, 'price': 1.099, 'value': 808973.9, 'profit_pct': -0.6423440812581009}}",-0.0053754181158800485,0.8172125095482368,-41.92429574010631
2023-04-11,8142.643441636697,796690.5,804833.1434416367,"{'513100': {'shares': 870700.0, 'price': 0.915, 'value': 796690.5, 'profit_pct': -0.09990009990008769}}",-0.01514828268285251,0.8048331434416367,-42.804042925240914
2023-04-12,8142.643441636697,790595.6,798738.2434416367,"{'513100': {'shares': 870700.0, 'price': 0.908, 'value': 790595.6, 'profit_pct': -0.8641631592451149}}",-0.007572874017012898,0.7987382434416367,-43.23718070245055
2023-04-13,8142.643441636697,785371.4,793514.0434416367,"{'513100': {'shares': 870700.0, 'price': 0.902, 'value': 785371.4, 'profit_pct': -1.5192457815408527}}",-0.006540565752166438,0.7935140434416367,-43.60844165434452
2023-04-14,8084.166541336919,790338.0,798422.1665413369,"{'159915': {'shares': 335600.0, 'price': 2.355, 'value': 790338.0, 'profit_pct': -0.09990009990008561}}",0.00618530086551794,0.7984221665413369,-43.25964289970122
2023-04-17,8044.962477606954,791337.5,799382.462477607,"{'513050': {'shares': 737500.0, 'price': 1.073, 'value': 791337.5, 'profit_pct': -0.09990009990008872}}",0.0012027420787048548,0.7993824624776069,-43.19139888465595
2023-04-18,8044.962477606954,785437.5,793482.462477607,"{'513050': {'shares': 737500.0, 'price': 1.065, 'value': 785437.5, 'profit_pct': -0.8447284309353171}}",-0.007380697321922147,0.793482462477607,-43.610685974770114
2023-04-19,8160.947619606974,777397.5,785558.447619607,"{'510300': {'shares': 202500.0, 'price': 3.839, 'value': 777397.5, 'profit_pct': -0.0999000999000922}}",-0.009986376804419383,0.785558447619607,-44.17381091236879
2023-04-20,7843.840177656966,772464.0,780307.840177657,"{'513100': {'shares': 847000.0, 'price': 0.912, 'value': 772464.0, 'profit_pct': -0.09990009990009036}}",-0.006683916973791559,0.780307840177657,-44.546948525193706
2023-04-21,7843.840177656966,769076.0,776919.840177657,"{'513100': {'shares': 847000.0, 'price': 0.908, 'value': 769076.0, 'profit_pct': -0.5380584327952658}}",-0.0043418761488140944,0.7769198401776569,-44.787718806771124
2023-04-24,7843.840177656966,767382.0,775225.840177657,"{'513100': {'shares': 847000.0, 'price': 0.906, 'value': 767382.0, 'profit_pct': -0.7571375992428535}}",-0.0021804051234071142,0.7752258401776569,-44.90810394755984
2023-04-25,8006.649384217104,765226.7999999999,773233.449384217,"{'518880': {'shares': 177300.0, 'price': 4.316, 'value': 765226.7999999999, 'profit_pct': -0.09990009990008418}}",-0.002570077892376954,0.773233449384217,-45.04969441165334
2023-04-26,8006.649384217104,766467.9,774474.5493842171,"{'518880': {'shares': 177300.0, 'price': 4.323, 'value': 766467.9, 'profit_pct': 0.06212508529471551}}",0.0016050780019778443,0.7744745493842171,-44.96149488495153
2023-04-27,8006.649384217104,768240.9,776247.5493842171,"{'518880': {'shares': 177300.0, 'price': 4.333, 'value': 768240.9, 'profit_pct': 0.29358963557297735}}",0.0022892940786882754,0.7762475493842171,-44.8354955610918
2023-04-28,7695.526244617184,760367.4,768062.9262446172,"{'513100': {'shares': 823800.0, 'price': 0.923, 'value': 760367.4, 'profit_pct': -0.09990009990007666}}",-0.010543831212211363,0.7680629262446173,-45.41714078480092
2023-05-04,7798.367344537401,754181.9999999999,761980.3673445373,"{'518880': {'shares': 171600.0, 'price': 4.395, 'value': 754181.9999999999, 'profit_pct': -0.0999000999000932}}",-0.00791934969419772,0.7619803673445373,-45.849401534235255
2023-05-05,7798.367344537401,757614.0,765412.3673445374,"{'518880': {'shares': 171600.0, 'price': 4.415, 'value': 757614.0, 'profit_pct': 0.3547078632403037}}",0.0045040530531783585,0.7654123673445374,-45.605504365884094
2023-05-08,7587.597525277408,747813.0,755400.5975252774,"{'513100': {'shares': 804100.0, 'price': 0.93, 'value': 747813.0, 'profit_pct': -0.09990009990008653}}",-0.013080230012475602,0.7554005975252774,-46.31699688019093
2023-05-09,7587.597525277408,747813.0,755400.5975252774,"{'513100': {'shares': 804100.0, 'price': 0.93, 'value': 747813.0, 'profit_pct': -0.09990009990008653}}",0.0,0.7554005975252774,-46.31699688019093
2023-05-10,7557.97015893762,745900.7999999999,753458.7701589376,"{'518880': {'shares': 169600.0, 'price': 4.398, 'value': 745900.7999999999, 'profit_pct': -0.09990009990008257}}",-0.00257059283868899,0.7534587701589376,-46.45499402357003
2023-05-11,7607.372234257753,743238.0,750845.3722342578,"{'513100': {'shares': 789000.0, 'price': 0.942, 'value': 743238.0, 'profit_pct': -0.09990009990008797}}",-0.0034685347469357586,0.7508453722342577,-46.64071673732416
2023-05-12,7607.372234257753,746394.0,754001.3722342578,"{'513100': {'shares': 789000.0, 'price': 0.946, 'value': 746394.0, 'profit_pct': 0.3243041459602093}}",0.00420326223841383,0.7540013722342578,-46.41643367691732
2023-05-15,7607.372234257753,744816.0,752423.3722342578,"{'513100': {'shares': 789000.0, 'price': 0.944, 'value': 744816.0, 'profit_pct': 0.11220202303006066}}",-0.0020928343874548894,0.7524233722342577,-46.528575207120745
2023-05-16,7607.372234257753,747183.0,754790.3722342578,"{'513100': {'shares': 789000.0, 'price': 0.947, 'value': 747183.0, 'profit_pct': 0.4303552074252836}}",0.003145835293461685,0.7547903722342577,-46.36036291181562
2023-05-17,7607.372234257753,751917.0,759524.3722342578,"{'513100': {'shares': 789000.0, 'price': 0.953, 'value': 751917.0, 'profit_pct': 1.0666615762157294}}",0.006271940096409745,0.7595243722342577,-46.02393832120537
2023-05-18,7607.372234257753,763752.0,771359.3722342578,"{'513100': {'shares': 789000.0, 'price': 0.968, 'value': 763752.0, 'profit_pct': 2.6574274981918444}}",0.015582120117074716,0.7713593722342578,-45.18287684467977
2023-05-19,7607.372234257753,781110.0,788717.3722342578,"{'513100': {'shares': 789000.0, 'price': 0.99, 'value': 781110.0, 'profit_pct': 4.990550850423479}}",0.022503129701687774,0.7887173722342578,-43.94932001244219
2023-05-22,7607.372234257753,776376.0,783983.3722342578,"{'513100': {'shares': 789000.0, 'price': 0.984, 'value': 776376.0, 'profit_pct': 4.3542444816330335}}",-0.006002150030738673,0.7839833722342577,-44.28574460305244
2023-05-23,7607.372234257753,782688.0,790295.3722342578,"{'513100': {'shares': 789000.0, 'price': 0.992, 'value': 782688.0, 'profit_pct': 5.2026529733536275}}",0.0080511911649499,0.7902953722342577,-43.837178482238784
2023-05-24,7607.372234257753,770853.0,778460.3722342578,"{'513100': {'shares': 789000.0, 'price': 0.977, 'value': 770853.0, 'profit_pct': 3.611887051377513}}",-0.014975413517279046,0.7784603722342578,-44.6782399587644
2023-05-25,7607.372234257753,783477.0,791084.3722342578,"{'513100': {'shares': 789000.0, 'price': 0.993, 'value': 783477.0, 'profit_pct': 5.308704034818702}}",0.01621662508493249,0.7910843722342578,-43.78110771713707
2023-05-26,7607.372234257753,785844.0,793451.3722342578,"{'513100': {'shares': 789000.0, 'price': 0.996, 'value': 785844.0, 'profit_pct': 5.6268572192139255}}",0.0029920955122837434,0.7934513722342578,-43.61289542183195
2023-05-29,7607.372234257753,814248.0,821855.3722342578,"{'513100': {'shares': 789000.0, 'price': 1.032, 'value': 814248.0, 'profit_pct': 9.4446954319566}}",0.03579803500751155,0.8218553722342578,-41.59434787817048
2023-05-30,7607.372234257753,816614.9999999999,824222.3722342576,"{'513100': {'shares': 789000.0, 'price': 1.035, 'value': 816614.9999999999, 'profit_pct': 9.762848616351812}}",0.0028800687809158454,0.8242223722342576,-41.42613558286536
2023-05-31,7607.372234257753,813458.9999999999,821066.3722342576,"{'513100': {'shares': 789000.0, 'price': 1.031, 'value': 813458.9999999999, 'profit_pct': 9.338644370491513}}",-0.0038290637409476025,0.8210663722342576,-41.65041864327219
2023-06-01,7607.372234257753,812670.0,820277.3722342578,"{'513100': {'shares': 789000.0, 'price': 1.03, 'value': 812670.0, 'profit_pct': 9.232593309026452}}",-0.0009609454566418263,0.8202773722342578,-41.70648940837389
2023-06-02,7607.372234257753,822927.0,830534.3722342578,"{'513100': {'shares': 789000.0, 'price': 1.043, 'value': 822927.0, 'profit_pct': 10.611257108072406}}",0.012504306893242889,0.8305343722342577,-40.9775694620517
2023-06-05,7607.372234257753,826872.0,834479.3722342578,"{'513100': {'shares': 789000.0, 'price': 1.048, 'value': 826872.0, 'profit_pct': 11.14151241539779}}",0.00474995392350519,0.8344793722342577,-40.69721563654316
2023-06-06,7607.372234257753,827661.0,835268.3722342578,"{'513100': {'shares': 789000.0, 'price': 1.049, 'value': 827661.0, 'profit_pct': 11.247563476862853}}",0.0009454997046691727,0.8352683722342578,-40.64114487144145
2023-06-07,7607.372234257753,830028.0,837635.3722342578,"{'513100': {'shares': 789000.0, 'price': 1.052, 'value': 830028.0, 'profit_pct': 11.565716661258087}}",0.0028338197382817842,0.8376353722342578,-40.47293257613632
2023-06-08,7607.372234257753,812670.0,820277.3722342578,"{'513100': {'shares': 789000.0, 'price': 1.03, 'value': 812670.0, 'profit_pct': 9.232593309026452}}",-0.02072262057618257,0.8202773722342578,-41.70648940837389
2023-06-09,7607.372234257753,826083.0,833690.3722342578,"{'513100': {'shares': 789000.0, 'price': 1.047, 'value': 826083.0, 'profit_pct': 11.035461353932703}}",0.016351785937317675,0.8336903722342578,-40.753286401644864
2023-06-12,7607.372234257753,835551.0,843158.3722342578,"{'513100': {'shares': 789000.0, 'price': 1.059, 'value': 835551.0, 'profit_pct': 12.308074091513594}}",0.011356734244904576,0.8431583722342577,-40.08043722042437
2023-06-13,7607.372234257753,856065.0,863672.3722342578,"{'513100': {'shares': 789000.0, 'price': 1.085, 'value': 856065.0, 'profit_pct': 15.06540168960553}}",0.024329948768273102,0.8636723722342577,-38.622597327779985
2023-06-14,7607.372234257753,856854.0000000001,864461.3722342579,"{'513100': {'shares': 789000.0, 'price': 1.086, 'value': 856854.0000000001, 'profit_pct': 15.171452751070614}}",0.0009135408580442927,0.8644613722342579,-38.56652656267826
2023-06-15,7607.372234257753,860799.0,868406.3722342578,"{'513100': {'shares': 789000.0, 'price': 1.091, 'value': 860799.0, 'profit_pct': 15.701708058395974}}",0.004563535314254352,0.8684063722342578,-38.286172737169736
2023-06-16,7607.372234257753,867900.0000000001,875507.3722342579,"{'513100': {'shares': 789000.0, 'price': 1.1, 'value': 867900.0000000001, 'profit_pct': 16.656167611581655}}",0.008177047321440645,0.8755073722342579,-37.781535851254354
2023-06-19,7607.372234257753,864744.0000000001,872351.3722342579,"{'513100': {'shares': 789000.0, 'price': 1.096, 'value': 864744.0000000001, 'profit_pct': 16.23196336572136}}",-0.003604766904413359,0.8723513722342578,-38.00581891166118
2023-06-20,7607.372234257753,863955.0,871562.3722342578,"{'513100': {'shares': 789000.0, 'price': 1.095, 'value': 863955.0, 'profit_pct': 16.12591230425627}}",-0.0009044520649739152,0.8715623722342577,-38.0618896767629
2023-06-21,7607.372234257753,867900.0000000001,875507.3722342579,"{'513100': {'shares': 789000.0, 'price': 1.1, 'value': 867900.0000000001, 'profit_pct': 16.656167611581655}}",0.004526354195267812,0.8755073722342579,-37.781535851254354
2023-06-26,7607.372234257753,860799.0,868406.3722342578,"{'513100': {'shares': 789000.0, 'price': 1.091, 'value': 860799.0, 'profit_pct': 15.701708058395974}}",-0.008110725534930308,0.8684063722342578,-38.286172737169736
2023-06-27,7607.372234257753,848964.0,856571.3722342578,"{'513100': {'shares': 789000.0, 'price': 1.076, 'value': 848964.0, 'profit_pct': 14.11094213641987}}",-0.013628412202400852,0.8565713722342577,-39.12723421369535
2023-06-28,7607.372234257753,860010.0000000001,867617.3722342579,"{'513100': {'shares': 789000.0, 'price': 1.09, 'value': 860010.0000000001, 'profit_pct': 15.595656996930913}}",0.012895597912860435,0.8676173722342578,-38.34224350227144
2023-06-29,7607.372234257753,867111.0,874718.3722342578,"{'513100': {'shares': 789000.0, 'price': 1.099, 'value': 867111.0, 'profit_pct': 16.550116550116567}}",0.008184483422356559,0.8747183722342577,-37.83760661635607
2023-06-30,7607.372234257753,867900.0000000001,875507.3722342579,"{'513100': {'shares': 789000.0, 'price': 1.1, 'value': 867900.0000000001, 'profit_pct': 16.656167611581655}}",0.0009020046051906316,0.8755073722342579,-37.781535851254354
2023-07-03,7607.372234257753,882102.0000000001,889709.3722342579,"{'513100': {'shares': 789000.0, 'price': 1.118, 'value': 882102.0000000001, 'profit_pct': 18.56508671795299}}",0.016221451069860393,0.8897093722342578,-36.772262079423626
2023-07-04,7607.372234257753,877368.0000000001,884975.3722342579,"{'513100': {'shares': 789000.0, 'price': 1.112, 'value': 877368.0000000001, 'profit_pct': 17.928780349162547}}",-0.005320838633082969,0.8849753722342578,-37.10868667003386
2023-07-05,7607.372234257753,875790.0000000001,883397.3722342579,"{'513100': {'shares': 789000.0, 'price': 1.11, 'value': 875790.0000000001, 'profit_pct': 17.716678226232396}}",-0.0017831004675487039,0.8833973722342578,-37.22082820023728
2023-07-06,7607.372234257753,876579.0,884186.3722342578,"{'513100': {'shares': 789000.0, 'price': 1.111, 'value': 876579.0, 'profit_pct': 17.82272928769746}}",0.0008931427971132777,0.8841863722342578,-37.164757435135584
2023-07-07,7607.372234257753,872634.0000000001,880241.3722342579,"{'513100': {'shares': 789000.0, 'price': 1.106, 'value': 872634.0000000001, 'profit_pct': 17.2924739803721}}",-0.004461729024426431,0.8802413722342579,-37.44511126064411
2023-07-10,7607.372234257753,863955.0,871562.3722342578,"{'513100': {'shares': 789000.0, 'price': 1.095, 'value': 863955.0, 'profit_pct': 16.12591230425627}}",-0.009859795589896914,0.8715623722342577,-38.0618896767629
2023-07-11,7607.372234257753,868689.0,876296.3722342578,"{'513100': {'shares': 789000.0, 'price': 1.101, 'value': 868689.0, 'profit_pct': 16.762218673046718}}",0.0054316250343211525,0.8762963722342577,-37.72546508615265
2023-07-12,7607.372234257753,869478.0000000001,877085.3722342579,"{'513100': {'shares': 789000.0, 'price': 1.102, 'value': 869478.0000000001, 'profit_pct': 16.868269734511802}}",0.0009003803108169617,0.8770853722342579,-37.669394321050945
2023-07-13,8947.42556289793,878473.2,887420.6255628979,"{'159915': {'shares': 402600.0, 'price': 2.182, 'value': 878473.2, 'profit_pct': -0.0999000999000956}}",0.011783634359688877,0.8874206255628979,-36.934913254312264
2023-07-14,8845.619312638184,871073.5999999999,879919.219312638,"{'513100': {'shares': 773600.0, 'price': 1.126, 'value': 871073.5999999999, 'profit_pct': -0.09990009990009639}}",-0.0084530447390736,0.8799192193126381,-37.46800525404712
2023-07-17,8845.619312638184,875715.2,884560.8193126381,"{'513100': {'shares': 773600.0, 'price': 1.132, 'value': 875715.2, 'profit_pct': 0.43242725303116475}}",0.005275029682413335,0.8845608193126382,-37.1381471256617
2023-07-18,8845.619312638184,883451.2,892296.8193126381,"{'513100': {'shares': 773600.0, 'price': 1.142, 'value': 883451.2, 'profit_pct': 1.3196395079166}}",0.008745582927821127,0.8922968193126382,-36.588383578352705
2023-07-19,8845.619312638184,899696.8,908542.4193126382,"{'513100': {'shares': 773600.0, 'price': 1.163, 'value': 899696.8, 'profit_pct': 3.1827852431760237}}",0.01820649771285132,0.9085424193126382,-35.43388012900377
2023-07-20,8845.619312638184,887319.2000000001,896164.8193126383,"{'513100': {'shares': 773600.0, 'price': 1.147, 'value': 887319.2000000001, 'profit_pct': 1.7632456353593273}}",-0.013623579633589733,0.8961648193126383,-36.31350180469818
2023-07-21,8845.619312638184,872620.7999999999,881466.4193126381,"{'513100': {'shares': 773600.0, 'price': 1.128, 'value': 872620.7999999999, 'profit_pct': 0.07754235107699065}}",-0.016401447237433198,0.8814664193126381,-37.35805254458532
2023-07-24,8845.619312638184,875715.2,884560.8193126381,"{'513100': {'shares': 773600.0, 'price': 1.132, 'value': 875715.2, 'profit_pct': 0.43242725303116475}}",0.0035105137668351993,0.8845608193126382,-37.1381471256617
2023-07-25,8808.403211248107,870392.1,879200.5032112481,"{'513050': {'shares': 821900.0, 'price': 1.059, 'value': 870392.1, 'profit_pct': -0.09990009990009246}}",-0.006059861554296941,0.8792005032112481,-37.519081251126785
2023-07-26,8808.403211248107,870392.1,879200.5032112481,"{'513050': {'shares': 821900.0, 'price': 1.059, 'value': 870392.1, 'profit_pct': -0.09990009990009246}}",0.0,0.8792005032112481,-37.519081251126785
2023-07-27,8808.403211248107,878611.1,887419.5032112481,"{'513050': {'shares': 821900.0, 'price': 1.069, 'value': 878611.1, 'profit_pct': 0.843443619647594}}",0.009348265805104061,0.8874195032112481,-36.93499301491521
2023-07-28,8808.403211248107,898336.7,907145.1032112481,"{'513050': {'shares': 821900.0, 'price': 1.093, 'value': 898336.7, 'profit_pct': 3.1074685465620417}}",0.02222804426612246,0.9071451032112481,-35.533181248007416
2023-07-31,8808.403211248107,918884.2000000001,927692.6032112482,"{'513050': {'shares': 821900.0, 'price': 1.118, 'value': 918884.2000000001, 'profit_pct': 5.465827845431268}}",0.02265073131879669,0.9276926032112481,-34.07296065747847
2023-08-01,8808.403211248107,910665.2000000001,919473.6032112482,"{'513050': {'shares': 821900.0, 'price': 1.108, 'value': 910665.2000000001, 'profit_pct': 4.522484125883582}}",-0.008859615751542704,0.9194736032112482,-34.657048893690046
2023-08-02,8808.403211248107,895049.1,903857.5032112481,"{'513050': {'shares': 821900.0, 'price': 1.089, 'value': 895049.1, 'profit_pct': 2.730131058742967}}",-0.016983739332441017,0.9038575032112481,-35.76681654249205
2023-08-03,8808.403211248107,899980.5,908788.9032112481,"{'513050': {'shares': 821900.0, 'price': 1.095, 'value': 899980.5, 'profit_pct': 3.296137290471579}}",0.005455948512326003,0.9087889032112481,-35.4163636007651
2023-08-04,8808.403211248107,904090.0000000001,912898.4032112482,"{'513050': {'shares': 821900.0, 'price': 1.1, 'value': 904090.0000000001, 'profit_pct': 3.7678091502454327}}",0.004521952221774539,0.9128984032112483,-35.1243194826593
2023-08-07,8808.403211248107,904090.0000000001,912898.4032112482,"{'513050': {'shares': 821900.0, 'price': 1.1, 'value': 904090.0000000001, 'profit_pct': 3.7678091502454327}}",0.0,0.9128984032112483,-35.1243194826593
2023-08-08,8808.403211248107,889295.8,898104.2032112482,"{'513050': {'shares': 821900.0, 'price': 1.082, 'value': 889295.8, 'profit_pct': 2.069790455059597}}",-0.016205746387505382,0.8981042032112482,-36.175678307840144
2023-08-09,8808.403211248107,889295.8,898104.2032112482,"{'513050': {'shares': 821900.0, 'price': 1.082, 'value': 889295.8, 'profit_pct': 2.069790455059597}}",0.0,0.8981042032112482,-36.175678307840144
2023-08-10,8808.403211248107,894227.2000000001,903035.6032112482,"{'513050': {'shares': 821900.0, 'price': 1.088, 'value': 894227.2000000001, 'profit_pct': 2.635796686788209}}",0.005490899588675102,0.9030356032112482,-35.8252253661132
2023-08-11,8808.403211248107,886830.1,895638.5032112481,"{'513050': {'shares': 821900.0, 'price': 1.079, 'value': 886830.1, 'profit_pct': 1.7867873391952807}}",-0.00819137138524284,0.895638503211248,-36.35090477870363
2023-08-14,8808.403211248107,875323.5,884131.9032112481,"{'513050': {'shares': 821900.0, 'price': 1.065, 'value': 875323.5, 'profit_pct': 0.46610613182851945}}",-0.012847370851905016,0.8841319032112481,-37.16862830939983
2023-08-15,8808.403211248107,876145.4,884953.8032112481,"{'513050': {'shares': 821900.0, 'price': 1.066, 'value': 876145.4, 'profit_pct': 0.5604405037832986}}",0.0009296124220998792,0.8849538032112482,-37.11021948577867
2023-08-16,9481.23793445807,859262.4,868743.6379344581,"{'511260': {'shares': 7200.0, 'price': 119.342, 'value': 859262.4, 'profit_pct': -0.09990009990009066}}",-0.018317527104768527,0.8687436379344581,-38.26220474496087
2023-08-17,8749.293344457983,857690.4,866439.693344458,"{'513050': {'shares': 806100.0, 'price': 1.064, 'value': 857690.4, 'profit_pct': -0.09990009990009556}}",-0.002652041971182628,0.866439693344458,-38.42593596918551
2023-08-18,16998.80812601815,823908.2999999999,840907.1081260181,"{'511260': {'shares': 6900.0, 'price': 119.407, 'value': 823908.2999999999, 'profit_pct': -0.09990009990008415}}",-0.02946839279706137,0.8409071081260181,-40.24042467415696
2023-08-21,16998.80812601815,825833.4,842832.2081260182,"{'511260': {'shares': 6900.0, 'price': 119.686, 'value': 825833.4, 'profit_pct': 0.1335211222404012}}",0.002289313506090185,0.8428322081260182,-40.1036162712453
2023-08-22,16998.80812601815,824839.8,841838.6081260182,"{'511260': {'shares': 6900.0, 'price': 119.542, 'value': 824839.8, 'profit_pct': 0.013045652748537778}}",-0.001178882333186082,0.8418386081260182,-40.17422705984486
2023-08-23,16998.80812601815,824757.0,841755.8081260181,"{'511260': {'shares': 6900.0, 'price': 119.53, 'value': 824757.0, 'profit_pct': 0.003006030290882495}}",-9.835614475361965e-05,0.8417558081260181,-40.18011129222816
2023-08-24,8667.188842108124,830750.4,839417.5888421081,"{'518880': {'shares': 186100.0, 'price': 4.464, 'value': 830750.4, 'profit_pct': -0.0999000999000905}}",-0.002777788120186031,0.8394175888421082,-40.346278268431455
2023-08-25,10115.054660728434,824177.4,834292.4546607285,"{'511260': {'shares': 6900.0, 'price': 119.446, 'value': 824177.4, 'profit_pct': -0.099900099900085}}",-0.006105583501591072,0.8342924546607284,-40.71049904764422
2023-08-28,10115.054660728434,823570.2000000001,833685.2546607285,"{'511260': {'shares': 6900.0, 'price': 119.358, 'value': 823570.2000000001, 'profit_pct': -0.17349995917714894}}",-0.000727802339105299,0.8336852546607285,-40.75365008512173
2023-08-29,8576.496520128567,821454.2,830030.6965201285,"{'518880': {'shares': 184100.0, 'price': 4.462, 'value': 821454.2, 'profit_pct': -0.09990009990008425}}",-0.004383618542092682,0.8300306965201285,-41.01336348315991
2023-08-30,8576.496520128567,824215.7000000001,832792.1965201286,"{'518880': {'shares': 184100.0, 'price': 4.477, 'value': 824215.7000000001, 'profit_pct': 0.23593618394159113}}",0.0033269853893085344,0.8327921965201286,-40.817115805303914
2023-08-31,8576.496520128567,827345.3999999999,835921.8965201285,"{'518880': {'shares': 184100.0, 'price': 4.494, 'value': 827345.3999999999, 'profit_pct': 0.61655063896213}}",0.0037580803627572656,0.8359218965201285,-40.59470177040049
2023-09-01,8447.114095138619,824408.2,832855.3140951386,"{'513100': {'shares': 723800.0, 'price': 1.139, 'value': 824408.2, 'profit_pct': -0.09990009990008053}}",-0.00366850352617365,0.8328553140951386,-40.81263031642918
2023-09-04,8733.369724798598,824147.4,832880.7697247986,"{'518880': {'shares': 182900.0, 'price': 4.506, 'value': 824147.4, 'profit_pct': -0.0999000999000829}}",3.0564287973211535e-05,0.8328807697247986,-40.81082129661778
2023-09-05,8733.369724798598,824513.2,833246.5697247986,"{'518880': {'shares': 182900.0, 'price': 4.508, 'value': 824513.2, 'profit_pct': -0.055559176730935585}}",0.0004391985183194169,0.8332465697247986,-40.78482549703072
2023-09-06,8398.008546178578,822159.9,830557.9085461786,"{'513100': {'shares': 719300.0, 'price': 1.143, 'value': 822159.9, 'profit_pct': -0.09990009990009066}}",-0.003226729369564585,0.8305579085461786,-40.97589683972333
2023-09-07,8398.008546178578,815686.2,824084.2085461785,"{'513100': {'shares': 719300.0, 'price': 1.134, 'value': 815686.2, 'profit_pct': -0.8865150597434075}}",-0.00779439932289816,0.8240842085461786,-41.435954269430475
2023-09-08,8398.008546178578,820721.3,829119.3085461786,"{'513100': {'shares': 719300.0, 'price': 1.141, 'value': 820721.3, 'profit_pct': -0.27470342430971445}}",0.0061099338487298205,0.8291193085461787,-41.07813182410269
2023-09-11,8411.195625538821,813555.0,821966.1956255388,"{'518880': {'shares': 179000.0, 'price': 4.545, 'value': 813555.0, 'profit_pct': -0.09990009990008573}}",-0.0086273626086244,0.8219661956255389,-41.58647214643373
2023-09-12,8324.722413518932,811707.4,820032.122413519,"{'513100': {'shares': 711400.0, 'price': 1.141, 'value': 811707.4, 'profit_pct': -0.09990009990008561}}",-0.0023529838846328976,0.820032122413519,-41.72391823611772
2023-09-13,8491.254168518935,800209.2000000001,808700.454168519,"{'518880': {'shares': 175600.0, 'price': 4.557, 'value': 800209.2000000001, 'profit_pct': -0.0999000999000836}}",-0.013818566291828427,0.808700454168519,-42.529210135199946
2023-09-14,8237.123200519127,804515.2,812752.3232005191,"{'513100': {'shares': 708200.0, 'price': 1.136, 'value': 804515.2, 'profit_pct': -0.09990009990008268}}",0.00501034593354599,0.812752323200519,-42.24126159690316
2023-09-15,8237.123200519127,808764.3999999999,817001.523200519,"{'513100': {'shares': 708200.0, 'price': 1.142, 'value': 808764.3999999999, 'profit_pct': 0.4277412728117132}}",0.0052281610014563995,0.817001523200519,-41.939289613290775
2023-09-18,8224.951376959449,793962.0,802186.9513769594,"{'518880': {'shares': 175500.0, 'price': 4.524, 'value': 793962.0, 'profit_pct': -0.0999000999000797}}",-0.018132857042328476,0.8021869513769595,-42.99209617450901
2023-09-19,8224.951376959449,800104.5,808329.4513769594,"{'518880': {'shares': 175500.0, 'price': 4.559, 'value': 800104.5, 'profit_pct': 0.6729786570635612}}",0.0076571926150834635,0.8083294513769594,-42.55557567433507
2023-09-20,8224.951376959449,806247.0,814471.9513769594,"{'518880': {'shares': 175500.0, 'price': 4.594, 'value': 806247.0, 'profit_pct': 1.4458574140272022}}",0.007599005565783301,0.8144719513769595,-42.119055174161126
2023-09-21,8224.951376959449,803790.0,812014.9513769594,"{'518880': {'shares': 175500.0, 'price': 4.58, 'value': 803790.0, 'profit_pct': 1.1367059112417417}}",-0.0030166784698308913,0.8120149513769594,-42.293663374230704
2023-09-22,8224.951376959449,800455.5,808680.4513769594,"{'518880': {'shares': 175500.0, 'price': 4.561, 'value': 800455.5, 'profit_pct': 0.7171431574614785}}",-0.004106451481398987,0.8086804513769594,-42.5306316457537
2023-09-25,8224.951376959449,803965.5000000001,812190.4513769596,"{'518880': {'shares': 175500.0, 'price': 4.581, 'value': 803965.5000000001, 'profit_pct': 1.1587881614407103}}",0.004340404165852574,0.8121904513769596,-42.28119135994001
2023-09-26,8224.951376959449,803439.0,811663.9513769594,"{'518880': {'shares': 175500.0, 'price': 4.578, 'value': 803439.0, 'profit_pct': 1.0925414108438245}}",-0.000648246971024502,0.8116639513769595,-42.31860740281207
2023-09-27,798876.5042311094,0.0,798876.5042311094,{},-0.015754607709454915,0.7988765042311095,-43.227355115315824
2023-09-28,798876.5042311094,0.0,798876.5042311094,{},0.0,0.7988765042311095,-43.227355115315824
2023-10-09,798876.5042311094,0.0,798876.5042311094,{},0.0,0.7988765042311095,-43.227355115315824
2023-10-10,798876.5042311094,0.0,798876.5042311094,{},0.0,0.7988765042311095,-43.227355115315824
2023-10-11,798876.5042311094,0.0,798876.5042311094,{},0.0,0.7988765042311095,-43.227355115315824
2023-10-12,8023.894003429683,789825.6,797849.4940034297,"{'513100': {'shares': 700200.0, 'price': 1.128, 'value': 789825.6, 'profit_pct': -0.09990009990008183}}",-0.0012855681976380318,0.7978494940034296,-43.30034022207536
2023-10-13,8023.894003429683,785624.4,793648.2940034297,"{'513100': {'shares': 700200.0, 'price': 1.122, 'value': 785624.4, 'profit_pct': -0.6312836100069772}}",-0.00526565477771912,0.7936482940034297,-43.598901056480045
2023-10-16,784935.0285200896,0.0,784935.0285200896,{},-0.010978749087190098,0.7849350285200896,-44.218114570022735
2023-10-17,784935.0285200896,0.0,784935.0285200896,{},0.0,0.7849350285200896,-44.218114570022735
2023-10-18,8231.892961739679,775694.5,783926.3929617397,"{'518880': {'shares': 171500.0, 'price': 4.523, 'value': 775694.5, 'profit_pct': -0.09990009990009621}}",-0.0012849924155525771,0.7839263929617397,-44.28979386972548
2023-10-19,8231.892961739679,779810.5,788042.3929617397,"{'518880': {'shares': 171500.0, 'price': 4.547, 'value': 779810.5, 'profit_pct': 0.43019107799121487}}",0.005250492950555463,0.7880423929617397,-43.99728782516448
2023-10-20,8231.892961739679,788385.5000000001,796617.3929617398,"{'518880': {'shares': 171500.0, 'price': 4.597, 'value': 788385.5000000001, 'profit_pct': 1.5345476985981277}}",0.010881394296279323,0.7966173929617398,-43.38790023232906
2023-10-23,8231.892961739679,784098.0,792329.8929617397,"{'518880': {'shares': 171500.0, 'price': 4.572, 'value': 784098.0, 'profit_pct': 0.9823693882946712}}",-0.005382132047179744,0.7923298929617397,-43.692594028746775
2023-10-24,8231.892961739679,784612.5,792844.3929617397,"{'518880': {'shares': 171500.0, 'price': 4.575, 'value': 784612.5, 'profit_pct': 1.0486307855310877}}",0.0006493507370735063,0.7928443929617397,-43.656030773176646
2023-10-25,16409.685170689714,771329.0,787738.6851706897,"{'511260': {'shares': 6500.0, 'price': 118.666, 'value': 771329.0, 'profit_pct': -0.09990009990009181}}",-0.0064397350052223246,0.7877386851706897,-44.01887100413979
2023-10-26,7927.278630289831,778005.0,785932.2786302898,"{'518880': {'shares': 169500.0, 'price': 4.59, 'value': 778005.0, 'profit_pct': -0.09990009990008746}}",-0.002293154537673203,0.7859322786302898,-44.14724438412072
2023-10-27,7927.278630289831,779530.5,787457.7786302898,"{'518880': {'shares': 169500.0, 'price': 4.599, 'value': 779530.5, 'profit_pct': 0.09598244892364528}}",0.0019410069308498645,0.7874577786302899,-44.03883379836323
2023-10-30,7927.278630289831,781225.5,789152.7786302898,"{'518880': {'shares': 169500.0, 'price': 4.609, 'value': 781225.5, 'profit_pct': 0.31362972539444656}}",0.0021524963572627787,0.7891527786302899,-43.91837759196603
2023-10-31,7927.278630289831,783090.0,791017.2786302898,"{'518880': {'shares': 169500.0, 'price': 4.62, 'value': 783090.0, 'profit_pct': 0.5530417295123358}}",0.0023626603751381037,0.7910172786302898,-43.7858757649291
2023-11-01,7927.278630289831,780208.5,788135.7786302898,"{'518880': {'shares': 169500.0, 'price': 4.603, 'value': 780208.5, 'profit_pct': 0.18304135951195807}}",-0.003642777569902833,0.7881357786302898,-43.99065131580435
2023-11-02,7927.278630289831,781903.5000000001,789830.77863029,"{'518880': {'shares': 169500.0, 'price': 4.613, 'value': 781903.5000000001, 'profit_pct': 0.4006886359827787}}",0.0021506446553485326,0.7898307786302899,-43.87019510940714
2023-11-03,7927.278630289831,781395.0,789322.2786302898,"{'518880': {'shares': 169500.0, 'price': 4.61, 'value': 781395.0, 'profit_pct': 0.3353944530415344}}",-0.0006438087926656788,0.7893222786302898,-43.90633197132631
2023-11-06,7927.278630289831,777496.5,785423.7786302898,"{'518880': {'shares': 169500.0, 'price': 4.587, 'value': 777496.5, 'profit_pct': -0.1651942828413317}}",-0.004939047212458081,0.7854237786302898,-44.18338124603988
2023-11-07,7927.278630289831,774445.5,782372.7786302898,"{'518880': {'shares': 169500.0, 'price': 4.569, 'value': 774445.5, 'profit_pct': -0.5569593804887779}}",-0.0038845271597464093,0.7823727786302899,-44.400202417554844
2023-11-08,7927.278630289831,771394.5,779321.7786302898,"{'518880': {'shares': 169500.0, 'price': 4.551, 'value': 771394.5, 'profit_pct': -0.9487244781362241}}",-0.0038996755553554197,0.7793217786302898,-44.61702358906982
2023-11-09,7870.687800279702,764376.2000000001,772246.8878002798,"{'159915': {'shares': 388600.0, 'price': 1.967, 'value': 764376.2000000001, 'profit_pct': -0.09990009990010254}}",-0.009078266544077174,0.7722468878002797,-45.11980501093258
2023-11-10,7870.687800279702,759713.0,767583.6878002797,"{'159915': {'shares': 388600.0, 'price': 1.955, 'value': 759713.0, 'profit_pct': -0.7093567337593805}}",-0.00603848338357571,0.7675836878002797,-45.45119815646146
2023-11-13,7870.687800279702,760878.7999999999,768749.4878002796,"{'159915': {'shares': 388600.0, 'price': 1.958, 'value': 760878.7999999999, 'profit_pct': -0.5569925752945667}}",0.0015187920464292404,0.7687494878002796,-45.368349870079236
2023-11-14,7870.687800279702,758935.8,766806.4878002797,"{'159915': {'shares': 388600.0, 'price': 1.953, 'value': 758935.8, 'profit_pct': -0.8109328394025936}}",-0.002527481358796879,0.7668064878002797,-45.50643034738293
2023-11-15,7804.841194779845,760906.7999999999,768711.6411947798,"{'513100': {'shares': 653700.0, 'price': 1.164, 'value': 760906.7999999999, 'profit_pct': -0.099900099900095}}",0.002484529571424643,0.7687116411947797,-45.371039462128515
2023-11-16,7804.841194779845,757638.3,765443.1411947799,"{'513100': {'shares': 653700.0, 'price': 1.159, 'value': 757638.3, 'profit_pct': -0.5290242403644326}}",-0.004251919477789801,0.7654431411947799,-45.603317403490905
2023-11-17,7804.841194779845,758945.7000000001,766750.5411947799,"{'513100': {'shares': 653700.0, 'price': 1.161, 'value': 758945.7000000001, 'profit_pct': -0.3573745841786937}}",0.00170803019798349,0.7667505411947799,-45.510406226945946
2023-11-20,7648.600581029896,746699.0,754347.6005810299,"{'159915': {'shares': 384500.0, 'price': 1.942, 'value': 746699.0, 'profit_pct': -0.09990009990009416}}",-0.016175978949324654,0.7543476005810299,-46.39182874877612
2023-11-21,7533.2369348402135,740656.7999999999,748190.0369348401,"{'513100': {'shares': 639600.0, 'price': 1.158, 'value': 740656.7999999999, 'profit_pct': -0.0999000999000801}}",-0.008162766927934717,0.7481900369348401,-46.82941975613267
2023-11-22,7533.2369348402135,735540.0,743073.2369348402,"{'513100': {'shares': 639600.0, 'price': 1.15, 'value': 735540.0, 'profit_pct': -0.7900562304707194}}",-0.006838904218722686,0.7430732369348402,-47.193048261674384
2023-11-23,7533.2369348402135,739377.6,746910.8369348402,"{'513100': {'shares': 639600.0, 'price': 1.156, 'value': 739377.6, 'profit_pct': -0.2724391325427399}}",0.005164497668937784,0.7469108369348402,-46.920326882518104
2023-11-24,7533.2369348402135,740017.2000000001,747550.4369348403,"{'513100': {'shares': 639600.0, 'price': 1.157, 'value': 740017.2000000001, 'profit_pct': -0.18616961622140044}}",0.0008563271121153626,0.7475504369348402,-46.874873319325374
2023-11-27,7533.2369348402135,736179.6,743712.8369348402,"{'513100': {'shares': 639600.0, 'price': 1.151, 'value': 736179.6, 'profit_pct': -0.7037867141493798}}",-0.0051335666603785635,0.7437128369348401,-47.147594698481676
2023-11-28,7533.2369348402135,738098.3999999999,745631.6369348401,"{'513100': {'shares': 639600.0, 'price': 1.154, 'value': 738098.3999999999, 'profit_pct': -0.4449781651853997}}",0.002580028076304419,0.7456316369348401,-47.011234008903536
2023-11-29,7533.2369348402135,738098.3999999999,745631.6369348401,"{'513100': {'shares': 639600.0, 'price': 1.154, 'value': 738098.3999999999, 'profit_pct': -0.4449781651853997}}",0.0,0.7456316369348401,-47.011234008903536
2023-11-30,7533.2369348402135,737458.8,744992.0369348403,"{'513100': {'shares': 639600.0, 'price': 1.153, 'value': 737458.8, 'profit_pct': -0.5312476815067201}}",-0.0008577962204355805,0.7449920369348403,-47.05668757209624
2023-12-01,7533.2369348402135,734260.7999999999,741794.0369348401,"{'513100': {'shares': 639600.0, 'price': 1.148, 'value': 734260.7999999999, 'profit_pct': -0.9625952631133792}}",-0.004292663332560953,0.7417940369348401,-47.283955388059816
2023-12-04,7533.2369348402135,735540.0,743073.2369348402,"{'513100': {'shares': 639600.0, 'price': 1.15, 'value': 735540.0, 'profit_pct': -0.7900562304707194}}",0.0017244678931174207,0.7430732369348402,-47.193048261674384
2023-12-05,7533.2369348402135,727225.2,734758.4369348402,"{'513100': {'shares': 639600.0, 'price': 1.137, 'value': 727225.2, 'profit_pct': -1.9115599426479983}}",-0.011189744949365199,0.7347584369348402,-47.78394458317968
2023-12-06,7533.2369348402135,737458.8,744992.0369348403,"{'513100': {'shares': 639600.0, 'price': 1.153, 'value': 737458.8, 'profit_pct': -0.5312476815067201}}",0.013927842792375689,0.7449920369348403,-47.05668757209624
2023-12-07,7533.2369348402135,729143.9999999999,736677.2369348401,"{'513100': {'shares': 639600.0, 'price': 1.14, 'value': 729143.9999999999, 'profit_pct': -1.6527513936840181}}",-0.011160924664658456,0.7366772369348401,-47.64758389360154
2023-12-08,7533.2369348402135,740017.2000000001,747550.4369348403,"{'513100': {'shares': 639600.0, 'price': 1.157, 'value': 740017.2000000001, 'profit_pct': -0.18616961622140044}}",0.014759788215041425,0.7475504369348402,-46.874873319325374
2023-12-11,7533.2369348402135,744494.3999999999,752027.6369348401,"{'513100': {'shares': 639600.0, 'price': 1.164, 'value': 744494.3999999999, 'profit_pct': 0.41771699802789924}}",0.005989161103774565,0.7520276369348401,-46.55669837697638
2023-12-12,7533.2369348402135,753448.7999999999,760982.0369348401,"{'513100': {'shares': 639600.0, 'price': 1.178, 'value': 753448.7999999999, 'profit_pct': 1.6254902265265176}}",0.0119070092111202,0.7609820369348401,-45.92034849227837
2023-12-13,7533.2369348402135,761763.6000000001,769296.8369348403,"{'513100': {'shares': 639600.0, 'price': 1.191, 'value': 761763.6000000001, 'profit_pct': 2.7469939387038163}}",0.010926407715865949,0.7692968369348403,-45.32945217077307
2023-12-14,7533.2369348402135,770078.4,777611.6369348402,"{'513100': {'shares': 639600.0, 'price': 1.204, 'value': 770078.4, 'profit_pct': 3.868497650881095}}",0.010808311695559736,0.7776116369348403,-44.73855584926777
2023-12-15,7533.2369348402135,763042.8,770576.0369348403,"{'513100': {'shares': 639600.0, 'price': 1.193, 'value': 763042.8, 'profit_pct': 2.919532971346476}}",-0.0090477041055258,0.7705760369348402,-45.238545044387635
2023-12-18,7533.2369348402135,768799.2,776332.4369348402,"{'513100': {'shares': 639600.0, 'price': 1.202, 'value': 768799.2, 'profit_pct': 3.695958618238435}}",0.007470255658218239,0.7763324369348402,-44.829462975653215
2023-12-19,7533.2369348402135,773276.4,780809.6369348402,"{'513100': {'shares': 639600.0, 'price': 1.209, 'value': 773276.4, 'profit_pct': 4.299845232487754}}",0.005767117006829192,0.7808096369348403,-44.5112880333042
2023-12-20,7533.2369348402135,777753.6,785286.8369348402,"{'513100': {'shares': 639600.0, 'price': 1.216, 'value': 777753.6, 'profit_pct': 4.903731846737053}}",0.005734048080625387,0.7852868369348401,-44.193113090955194
2023-12-21,7533.2369348402135,767520.0,775053.2369348402,"{'513100': {'shares': 639600.0, 'price': 1.2, 'value': 767520.0, 'profit_pct': 3.523419585595775}}",-0.013031671382579324,0.7750532369348402,-44.92037010203863
2023-12-22,7533.2369348402135,771357.6,778890.8369348402,"{'513100': {'shares': 639600.0, 'price': 1.206, 'value': 771357.6, 'profit_pct': 4.041036683523755}}",0.004951401809734746,0.7788908369348402,-44.64764872288235
2023-12-25,7533.2369348402135,771997.2000000001,779530.4369348403,"{'513100': {'shares': 639600.0, 'price': 1.207, 'value': 771997.2000000001, 'profit_pct': 4.127306199845094}}",0.000821167703701775,0.7795304369348403,-44.60219515968963
2023-12-26,7533.2369348402135,777114.0,784647.2369348402,"{'513100': {'shares': 639600.0, 'price': 1.215, 'value': 777114.0, 'profit_pct': 4.817462330415733}}",0.006563951524612088,0.7846472369348402,-44.23856665414792
2023-12-27,7533.2369348402135,779672.4,787205.6369348402,"{'513100': {'shares': 639600.0, 'price': 1.219, 'value': 779672.4, 'profit_pct': 5.162540395701052}}",0.003260573515805998,0.7872056369348402,-44.056752401377054
2023-12-28,7533.2369348402135,777753.6,785286.8369348402,"{'513100': {'shares': 639600.0, 'price': 1.216, 'value': 777753.6, 'profit_pct': 4.903731846737053}}",-0.002437482545820324,0.7852868369348401,-44.193113090955194
2023-12-29,7533.2369348402135,775834.8,783368.0369348403,"{'513100': {'shares': 639600.0, 'price': 1.213, 'value': 775834.8, 'profit_pct': 4.644923297773074}}",-0.002443438384233554,0.7833680369348403,-44.329473780533334
2024-01-02,7533.2369348402135,773916.0,781449.2369348402,"{'513100': {'shares': 639600.0, 'price': 1.21, 'value': 773916.0, 'profit_pct': 4.386114748809074}}",-0.0024494233993870296,0.7814492369348403,-44.46583447011149
2024-01-03,7533.2369348402135,761763.6000000001,769296.8369348403,"{'513100': {'shares': 639600.0, 'price': 1.191, 'value': 761763.6000000001, 'profit_pct': 2.7469939387038163}}",-0.015551106105966106,0.7692968369348403,-45.32945217077307
2024-01-04,7533.2369348402135,757926.0,765459.2369348402,"{'513100': {'shares': 639600.0, 'price': 1.185, 'value': 757926.0, 'profit_pct': 2.2293768407758368}}",-0.004988451551796946,0.7654592369348402,-45.60217354992936
2024-01-05,7778.854554360383,749971.2,757750.0545543603,"{'518880': {'shares': 160800.0, 'price': 4.664, 'value': 749971.2, 'profit_pct': -0.09990009990008093}}",-0.010071316679579279,0.7577500545543603,-46.15003128678882
2024-01-08,7778.854554360383,747720.0,755498.8545543604,"{'518880': {'shares': 160800.0, 'price': 4.65, 'value': 747720.0, 'profit_pct': -0.3997717548317563}}",-0.0029709004789499893,0.7554988545543604,-46.31001418463035
2024-01-09,7564.546382490429,745832.1000000001,753396.6463824905,"{'513100': {'shares': 616900.0, 'price': 1.209, 'value': 745832.1000000001, 'profit_pct': -0.09990009990008286}}",-0.0027825431623055286,0.7533966463824905,-46.45940888754517
2024-01-10,7721.605100540444,743738.6000000001,751460.2051005405,"{'518880': {'shares': 160600.0, 'price': 4.631, 'value': 743738.6000000001, 'profit_pct': -0.09990009990009624}}",-0.0025702812605391534,0.7514602051005406,-46.59702326555971
2024-01-11,7534.653113890556,741994.1000000001,749528.7531138906,"{'513100': {'shares': 606700.0, 'price': 1.223, 'value': 741994.1000000001, 'profit_pct': -0.09990009990009778}}",-0.0025702651631319684,0.7495287531138907,-46.73428307626778
2024-01-12,7534.653113890556,739567.3,747101.9531138906,"{'513100': {'shares': 606700.0, 'price': 1.219, 'value': 739567.3, 'profit_pct': -0.4266379573002612}}",-0.0032377677172730213,0.7471019531138906,-46.90674509496085
2024-01-15,7950.712528440636,742072.4,750023.1125284407,"{'518880': {'shares': 158800.0, 'price': 4.673, 'value': 742072.4, 'profit_pct': -0.09990009990008886}}",0.003909987656135483,0.7500231125284407,-46.69915112365809
2024-01-16,7950.712528440636,742707.6,750658.3125284406,"{'518880': {'shares': 158800.0, 'price': 4.677, 'value': 742707.6, 'profit_pct': -0.014387495662905973}}",0.0008469072344432504,0.7506583125284406,-46.65401024914275
2024-01-17,17105.83720428066,724350.0,741455.8372042807,"{'511260': {'shares': 6000.0, 'price': 120.725, 'value': 724350.0, 'profit_pct': -0.09990009990010593}}",-0.012259206579839588,0.7414558372042807,-47.30798975770452
2024-01-18,7479.03808468068,732634.0,740113.0380846807,"{'513100': {'shares': 602000.0, 'price': 1.217, 'value': 732634.0, 'profit_pct': -0.09990009990008361}}",-0.0018110304784477727,0.7401130380846807,-47.40341659422399
2024-01-19,7479.03808468068,747684.0,755163.0380846807,"{'513100': {'shares': 602000.0, 'price': 1.242, 'value': 747684.0, 'profit_pct': 1.952279437899825}}",0.020334731622817293,0.7551630380846807,-46.33387918639041
2024-01-22,7479.03808468068,770560.0,778039.0380846807,"{'513100': {'shares': 602000.0, 'price': 1.28, 'value': 770560.0, 'profit_pct': 5.0715923353556995}}",0.030292796186132787,0.7780390380846807,-44.70818232648336
2024-01-23,7479.03808468068,765142.0,772621.0380846807,"{'513100': {'shares': 602000.0, 'price': 1.271, 'value': 765142.0, 'profit_pct': 4.33280770174772}}",-0.006963660863775756,0.7726210380846806,-45.09321579330346
2024-01-24,7479.03808468068,769356.0,776835.0380846807,"{'513100': {'shares': 602000.0, 'price': 1.278, 'value': 769356.0, 'profit_pct': 4.907417972331707}}",0.005454161603528851,0.7768350380846807,-44.793745319110045
2024-01-25,7479.03808468068,765142.0,772621.0380846807,"{'513100': {'shares': 602000.0, 'price': 1.271, 'value': 765142.0, 'profit_pct': 4.33280770174772}}",-0.005424575094333806,0.7726210380846806,-45.09321579330346
2024-01-26,7479.03808468068,759121.9999999999,766601.0380846806,"{'513100': {'shares': 602000.0, 'price': 1.261, 'value': 759121.9999999999, 'profit_pct': 3.5119358866277532}}",-0.007791659433612708,0.7666010380846806,-45.5210307564369
2024-01-29,7479.03808468068,765744.0,773223.0380846807,"{'513100': {'shares': 602000.0, 'price': 1.272, 'value': 765744.0, 'profit_pct': 4.414894883259726}}",0.00863813074992037,0.7732230380846806,-45.050434296990105
2024-01-30,7479.03808468068,777784.0,785263.0380846807,"{'513100': {'shares': 602000.0, 'price': 1.292, 'value': 777784.0, 'profit_pct': 6.05663851349966}}",0.015571186329139675,0.7852630380846807,-44.19480437072324
2024-01-31,7479.03808468068,760928.0,768407.0380846807,"{'513100': {'shares': 602000.0, 'price': 1.264, 'value': 760928.0, 'profit_pct': 3.7581974311637527}}",-0.021465418824643923,0.7684070380846807,-45.39268626749685
2024-02-01,7479.03808468068,753704.0,761183.0380846807,"{'513100': {'shares': 602000.0, 'price': 1.252, 'value': 753704.0, 'profit_pct': 2.773151253019792}}",-0.009401267351749398,0.7611830380846807,-45.90606422325697
2024-02-02,7479.03808468068,772366.0,779845.0380846807,"{'513100': {'shares': 602000.0, 'price': 1.283, 'value': 772366.0, 'profit_pct': 5.317853879891681}}",0.02451709912895339,0.7798450380846806,-44.57983783754334
2024-02-05,7479.03808468068,775978.0,783457.0380846807,"{'513100': {'shares': 602000.0, 'price': 1.289, 'value': 775978.0, 'profit_pct': 5.810376968963661}}",0.004631689404437589,0.7834570380846807,-44.32314885966326
2024-02-06,7479.03808468068,777182.0,784661.0380846807,"{'513100': {'shares': 602000.0, 'price': 1.291, 'value': 777182.0, 'profit_pct': 5.974551331987655}}",0.0015367785870472606,0.7846610380846807,-44.23758586703658
2024-02-07,7479.03808468068,769958.0,777437.0380846807,"{'513100': {'shares': 602000.0, 'price': 1.279, 'value': 769958.0, 'profit_pct': 4.9895051538436945}}",-0.009206523134668965,0.7774370380846807,-44.750963822796706
2024-02-08,7479.03808468068,787416.0,794895.0380846807,"{'513100': {'shares': 602000.0, 'price': 1.308, 'value': 787416.0, 'profit_pct': 7.370033417691609}}",0.022455837765344988,0.7948950380846806,-43.510300429709744
2024-02-19,7479.03808468068,783202.0,790681.0380846807,"{'513100': {'shares': 602000.0, 'price': 1.301, 'value': 783202.0, 'profit_pct': 6.7954231471076225}}",-0.005301328852364895,0.7906810380846807,-43.80977090390314
2024-02-20,7479.03808468068,781998.0,789477.0380846807,"{'513100': {'shares': 602000.0, 'price': 1.299, 'value': 781998.0, 'profit_pct': 6.631248784083628}}",-0.0015227379208644365,0.7894770380846807,-43.895333896529834
2024-02-21,7890.792169240769,769348.8,777239.5921692408,"{'510300': {'shares': 237600.0, 'price': 3.238, 'value': 769348.8, 'profit_pct': -0.09990009990010218}}",-0.015500698975525196,0.7772395921692408,-44.76499543692207
2024-02-22,7870.615807320806,773532.8,781403.4158073209,"{'513100': {'shares': 593200.0, 'price': 1.304, 'value': 773532.8, 'profit_pct': -0.09990009990008075}}",0.005357194461052872,0.7814034158073209,-44.46909077642053
2024-02-23,7913.112070480827,781540.0,789453.1120704808,"{'513050': {'shares': 849500.0, 'price': 0.92, 'value': 781540.0, 'profit_pct': -0.09990009990009131}}",0.010301588270948736,0.7894531120704809,-43.897034213287775
2024-02-26,7913.112070480827,769647.0,777560.1120704808,"{'513050': {'shares': 849500.0, 'price': 0.906, 'value': 769647.0, 'profit_pct': -1.620119011423352}}",-0.01506485922743217,0.7775601120704808,-44.74221749510604
2024-02-27,8043.297559030936,767518.5,775561.7975590309,"{'510300': {'shares': 234500.0, 'price': 3.273, 'value': 767518.5, 'profit_pct': -0.09990009990007528}}",-0.0025699807390181517,0.775561797559031,-44.884228931824474
2024-02-28,8043.297559030936,759076.5,767119.7975590309,"{'510300': {'shares': 234500.0, 'price': 3.237, 'value': 759076.5, 'profit_pct': -1.198709631340222}}",-0.010885012679286099,0.7671197975590309,-45.4841647987302
2024-02-29,8043.297559030936,771974.0,780017.2975590309,"{'510300': {'shares': 234500.0, 'price': 3.292, 'value': 771974.0, 'profit_pct': 0.4800271528044364}}",0.016812888992097097,0.7800172975590309,-44.56759611317979
2024-03-01,7942.700485181063,776385.0,784327.7004851811,"{'159915': {'shares': 437400.0, 'price': 1.775, 'value': 776385.0, 'profit_pct': -0.09990009990009203}}",0.005526035050298361,0.7843277004851811,-44.26127470637893
2024-03-04,7942.700485181063,779884.2,787826.900485181,"{'159915': {'shares': 437400.0, 'price': 1.783, 'value': 779884.2, 'profit_pct': 0.3503538714806404}}",0.004461400506236668,0.787826900485181,-44.012601929136984
2024-03-05,7942.700485181063,778572.0,786514.7004851811,"{'159915': {'shares': 437400.0, 'price': 1.78, 'value': 778572.0, 'profit_pct': 0.18150863221287195}}",-0.0016655943065562173,0.786514700485181,-44.105854220602716
2024-03-06,7942.700485181063,779446.8,787389.5004851811,"{'159915': {'shares': 437400.0, 'price': 1.782, 'value': 779446.8, 'profit_pct': 0.2940721250580551}}",0.0011122487595722763,0.7873895004851811,-44.043686026292214
2024-03-07,7942.700485181063,761950.8,769893.5004851811,"{'159915': {'shares': 437400.0, 'price': 1.742, 'value': 761950.8, 'profit_pct': -1.9571977318456069}}",-0.022220260734006625,0.7698935004851811,-45.287049912501956
2024-03-08,7942.700485181063,768074.4,776017.1004851811,"{'159915': {'shares': 437400.0, 'price': 1.756, 'value': 768074.4, 'profit_pct': -1.169253281929325}}",0.00795382737500816,0.7760171004851811,-44.851872552328544
2024-03-11,7942.700485181063,804816.0,812758.7004851811,"{'159915': {'shares': 437400.0, 'price': 1.84, 'value': 804816.0, 'profit_pct': 3.558413417568365}}",0.04734637932209029,0.8127587004851811,-42.24080839128812
2024-03-12,7942.700485181063,809627.4,817570.1004851811,"{'159915': {'shares': 437400.0, 'price': 1.851, 'value': 809627.4, 'profit_pct': 4.177512628216866}}",0.005919838196906113,0.8175701004851811,-41.89888332258044
2024-03-13,7942.700485181063,805253.4,813196.1004851811,"{'159915': {'shares': 437400.0, 'price': 1.841, 'value': 805253.4, 'profit_pct': 3.6146951639909504}}",-0.005349999954015305,0.8131961004851811,-42.209724294132876
2024-03-14,7942.700485181063,801316.8,809259.5004851811,"{'159915': {'shares': 437400.0, 'price': 1.832, 'value': 801316.8, 'profit_pct': 3.1081594461876327}}",-0.0048408987667935,0.8092595004851811,-42.48948116853006
2024-03-15,7942.700485181063,801754.2,809696.900485181,"{'159915': {'shares': 437400.0, 'price': 1.833, 'value': 801754.2, 'profit_pct': 3.1644411926102176}}",0.0005404941180642275,0.8096969004851811,-42.45839707137482
2024-03-18,7942.700485181063,820125.0,828067.7004851811,"{'159915': {'shares': 437400.0, 'price': 1.875, 'value': 820125.0, 'profit_pct': 5.528274542359063}}",0.02268848996333328,0.8280677004851811,-41.15286499085461
2024-03-19,7942.700485181063,810502.2,818444.900485181,"{'159915': {'shares': 437400.0, 'price': 1.853, 'value': 810502.2, 'profit_pct': 4.290076121062049}}",-0.011620788969744722,0.818444900485181,-41.836715128269965
2024-03-20,7942.700485181063,811814.4,819757.1004851811,"{'159915': {'shares': 437400.0, 'price': 1.856, 'value': 811814.4, 'profit_pct': 4.458921360329829}}",0.001603284471834554,0.8197571004851811,-41.74346283680423
2024-03-21,7942.700485181063,807440.4,815383.1004851811,"{'159915': {'shares': 437400.0, 'price': 1.846, 'value': 807440.4, 'profit_pct': 3.896103896103914}}",-0.005335726884721392,0.815383100485181,-42.054303808356664
2024-03-22,7942.700485181063,794755.7999999999,802698.500485181,"{'159915': {'shares': 437400.0, 'price': 1.817, 'value': 794755.7999999999, 'profit_pct': 2.263933249848753}}",-0.015556613808223818,0.802698500485181,-42.95574262585872
2024-03-25,8324.602226441028,776605.2000000001,784929.8022264411,"{'518880': {'shares': 156700.0, 'price': 4.956, 'value': 776605.2000000001, 'profit_pct': -0.09990009990008121}}",-0.022136204624774836,0.784929802226441,-44.218485979761034
2024-03-26,8324.602226441028,778172.2000000001,786496.8022264411,"{'518880': {'shares': 156700.0, 'price': 4.966, 'value': 778172.2000000001, 'profit_pct': 0.1016739515529006}}",0.001996356865996418,0.7864968022264411,-44.107126171251046
2024-03-27,8324.602226441028,781933.0,790257.602226441,"{'518880': {'shares': 156700.0, 'price': 4.99, 'value': 781933.0, 'profit_pct': 0.5854516750400676}}",0.0047817104778478114,0.790257602226441,-43.8398626308271
2024-03-28,8324.602226441028,788044.2999999999,796368.902226441,"{'518880': {'shares': 156700.0, 'price': 5.029, 'value': 788044.2999999999, 'profit_pct': 1.3715904757067074}}",0.0077333011195110934,0.796368902226441,-43.40555937763817
2024-03-29,8324.602226441028,803244.2000000001,811568.8022264411,"{'518880': {'shares': 156700.0, 'price': 5.126, 'value': 803244.2000000001, 'profit_pct': 3.326858774800681}}",0.019086506212767862,0.8115688022264411,-42.32536923509134
2024-04-01,8213.935822541243,805801.5,814015.4358225412,"{'513050': {'shares': 852700.0, 'price': 0.945, 'value': 805801.5, 'profit_pct': -0.09990009990008539}}",0.003014696461209665,0.8140154358225412,-42.15149772982279
2024-04-02,8513.890428791288,801708.6,810222.4904287913,"{'518880': {'shares': 155400.0, 'price': 5.159, 'value': 801708.6, 'profit_pct': -0.09990009990008106}}",-0.004659549717158984,0.8102224904287912,-42.421045702213874
2024-04-03,8214.513072331203,811085.6000000001,819300.1130723313,"{'513050': {'shares': 868400.0, 'price': 0.934, 'value': 811085.6000000001, 'profit_pct': -0.099900099900087}}",0.011203864062988345,0.8193001130723313,-41.77593892537246
2024-04-08,8409.537221911363,807918.6,816328.1372219113,"{'518880': {'shares': 150900.0, 'price': 5.354, 'value': 807918.6, 'profit_pct': -0.09990009990009313}}",-0.0036274569025448455,0.8163281372219113,-41.98714419761181
2024-04-09,8409.537221911363,810182.1,818591.6372219113,"{'518880': {'shares': 150900.0, 'price': 5.369, 'value': 810182.1, 'profit_pct': 0.1799843787143011}}",0.002772782042896438,0.8185916372219113,-41.826287192785806
2024-04-10,8409.537221911363,813049.2,821458.7372219113,"{'518880': {'shares': 150900.0, 'price': 5.388, 'value': 813049.2, 'profit_pct': 0.5345047182925438}}",0.0035024789768560716,0.8214587372219113,-41.622534986672875
2024-04-11,8409.537221911363,807013.2,815422.7372219113,"{'518880': {'shares': 150900.0, 'price': 5.348, 'value': 807013.2, 'profit_pct': -0.21185389134585744}}",-0.007347904071740907,0.8154227372219113,-42.051486999542206
2024-04-12,8409.537221911363,830553.6,838963.1372219113,"{'518880': {'shares': 150900.0, 'price': 5.504, 'value': 830553.6, 'profit_pct': 2.698944686243899}}",0.0288689521709935,0.8389631372219113,-40.3785741493518
2024-04-15,8409.537221911363,817425.2999999999,825834.8372219113,"{'518880': {'shares': 150900.0, 'price': 5.417, 'value': 817425.2999999999, 'profit_pct': 1.0756147102803826}}",-0.015648244145114898,0.8258348372219113,-41.311544777342604
2024-04-16,8409.537221911363,822706.8,831116.3372219114,"{'518880': {'shares': 150900.0, 'price': 5.452, 'value': 822706.8, 'profit_pct': 1.7286784937139854}}",0.00639534657773333,0.8311163372219114,-40.93621176608193
2024-04-17,8409.537221911363,824064.9,832474.4372219114,"{'518880': {'shares': 150900.0, 'price': 5.461, 'value': 824064.9, 'profit_pct': 1.896609180882632}}",0.001634067264926653,0.8324744372219114,-40.83969756318633
2024-04-18,8409.537221911363,821650.5,830060.0372219114,"{'518880': {'shares': 150900.0, 'price': 5.445, 'value': 821650.5, 'profit_pct': 1.5980657370272715}}",-0.002900269235962649,0.8300600372219114,-41.01127836833407
2024-04-19,8409.537221911363,825573.9,833983.4372219114,"{'518880': {'shares': 150900.0, 'price': 5.471, 'value': 825573.9, 'profit_pct': 2.0831988332922284}}",0.00472664605458073,0.8339834372219114,-40.732459559968994
2024-04-22,8409.537221911363,809427.6,817837.1372219113,"{'518880': {'shares': 150900.0, 'price': 5.364, 'value': 809427.6, 'profit_pct': 0.08668955250950301}}",-0.019360456430387973,0.8178371372219113,-41.87990619439448
2024-04-23,8041.802486751461,787826.0,795867.8024867515,"{'513050': {'shares': 816400.0, 'price': 0.965, 'value': 787826.0, 'profit_pct': -0.09990009990008776}}",-0.026862725761986006,0.7958678024867515,-43.441170335555356
2024-04-24,8041.802486751461,815583.6,823625.4024867514,"{'513050': {'shares': 816400.0, 'price': 0.999, 'value': 815583.6, 'profit_pct': 3.4198961660101714}}",0.03487714908590234,0.8236254024867514,-41.46855960122436
2024-04-25,8041.802486751461,809868.8,817910.6024867515,"{'513050': {'shares': 816400.0, 'price': 0.992, 'value': 809868.8, 'profit_pct': 2.6952322289110002}}",-0.006938591236677949,0.8179106024867515,-41.87468534064544
2024-04-26,8041.802486751461,838442.7999999999,846484.6024867514,"{'513050': {'shares': 816400.0, 'price': 1.027, 'value': 838442.7999999999, 'profit_pct': 6.318551914406843}}",0.03493535835472028,0.8464846024867514,-39.84405664354001
2024-04-29,8041.802486751461,831911.6,839953.4024867514,"{'513050': {'shares': 816400.0, 'price': 1.019, 'value': 831911.6, 'profit_pct': 5.490364557722077}}",-0.007715674899239744,0.8399534024867514,-40.308200345735536
2024-04-30,8041.802486751461,824564.0,832605.8024867515,"{'513050': {'shares': 816400.0, 'price': 1.01, 'value': 824564.0, 'profit_pct': 4.558653781451725}}",-0.008747628116329786,0.8326058024867514,-40.8303620107055
2024-05-06,8041.802486751461,884977.6000000001,893019.4024867516,"{'513050': {'shares': 816400.0, 'price': 1.084, 'value': 884977.6000000001, 'profit_pct': 12.219386830785819}}",0.07255966727539276,0.8930194024867516,-36.53703276539685
2024-05-07,8041.802486751461,867833.2,875875.0024867514,"{'513050': {'shares': 816400.0, 'price': 1.063, 'value': 867833.2, 'profit_pct': 10.045395019488295}}",-0.019198239088936808,0.8758750024867514,-37.75540998366013
2024-05-08,8041.802486751461,858852.8,866894.6024867515,"{'513050': {'shares': 816400.0, 'price': 1.052, 'value': 858852.8, 'profit_pct': 8.906637404046752}}",-0.01025306119537961,0.8668946024867515,-38.39360757417898
2024-05-09,8041.802486751461,872731.6,880773.4024867514,"{'513050': {'shares': 816400.0, 'price': 1.069, 'value': 872731.6, 'profit_pct': 10.66653553700187}}",0.01600978937945574,0.8807734024867514,-37.40730220701348
2024-05-10,8041.802486751461,878446.4,886488.2024867515,"{'513050': {'shares': 816400.0, 'price': 1.076, 'value': 878446.4, 'profit_pct': 11.391199474101052}}",0.006488388482060348,0.8864882024867515,-37.00117646759239
2024-05-13,8041.802486751461,897223.6,905265.4024867514,"{'513050': {'shares': 816400.0, 'price': 1.099, 'value': 897223.6, 'profit_pct': 13.772238124569746}}",0.021181556559158654,0.9052654024867515,-35.666763323780245
2024-05-14,8041.802486751461,909469.6000000001,917511.4024867516,"{'513050': {'shares': 816400.0, 'price': 1.114, 'value': 909469.6000000001, 'profit_pct': 15.325089418353697}}",0.013527524598157203,0.9175114024867516,-34.79649388216362
2024-05-15,8041.802486751461,911102.4000000001,919144.2024867516,"{'513050': {'shares': 816400.0, 'price': 1.116, 'value': 911102.4000000001, 'profit_pct': 15.532136257524886}}",0.0017795964121805063,0.9191442024867515,-34.68045795661473
2024-05-16,8041.802486751461,916817.2,924859.0024867514,"{'513050': {'shares': 816400.0, 'price': 1.123, 'value': 916817.2, 'profit_pct': 16.256800194624045}}",0.0062175227614322814,0.9248590024867515,-34.27433221719366
2024-05-17,8041.802486751461,937227.2,945269.0024867514,"{'513050': {'shares': 816400.0, 'price': 1.148, 'value': 937227.2, 'profit_pct': 18.844885684263932}}",0.02206822871932035,0.9452690024867514,-32.82388314783263
2024-05-20,8041.802486751461,938043.6,946085.4024867514,"{'513050': {'shares': 816400.0, 'price': 1.149, 'value': 938043.6, 'profit_pct': 18.94840910384954}}",0.0008636694928663147,0.9460854024867514,-32.76586518505818
2024-05-21,8041.802486751461,912735.2000000001,920777.0024867515,"{'513050': {'shares': 816400.0, 'price': 1.118, 'value': 912735.2000000001, 'profit_pct': 15.73918309669608}}",-0.026750650558055034,0.9207770024867515,-34.56442203106585
2024-05-22,8041.802486751461,913551.6,921593.4024867514,"{'513050': {'shares': 816400.0, 'price': 1.119, 'value': 913551.6, 'profit_pct': 15.842706516281662}}",0.0008866424745568313,0.9215934024867515,-34.50640406829142
2024-05-23,8041.802486751461,894774.4,902816.2024867515,"{'513050': {'shares': 816400.0, 'price': 1.096, 'value': 894774.4, 'profit_pct': 13.46166786581297}}",-0.02037471182989492,0.9028162024867515,-35.84081721210357
2024-05-24,8041.802486751461,880079.2000000001,888121.0024867515,"{'513050': {'shares': 816400.0, 'price': 1.078, 'value': 880079.2000000001, 'profit_pct': 11.598246313272243}}",-0.01627706720318367,0.8881210024867515,-36.8851405420435
2024-05-27,8041.802486751461,893958.0,901999.8024867515,"{'513050': {'shares': 816400.0, 'price': 1.095, 'value': 893958.0, 'profit_pct': 13.358144446227364}}",0.015627149860367062,0.9019998024867515,-35.89883517487801
2024-05-28,9138.514472991577,892169.9999999999,901308.5144729915,"{'513100': {'shares': 646500.0, 'price': 1.38, 'value': 892169.9999999999, 'profit_pct': -0.09990009990009535}}",-0.0007663948615667104,0.9013085144729914,-35.94796197822042
2024-05-29,9138.514472991577,888291.0000000001,897429.5144729917,"{'513100': {'shares': 646500.0, 'price': 1.374, 'value': 888291.0000000001, 'profit_pct': -0.5342483603352967}}",-0.004303742767001184,0.8974295144729917,-36.22362547356835
2024-05-30,9138.514472991577,878593.5,887732.0144729916,"{'513100': {'shares': 646500.0, 'price': 1.359, 'value': 878593.5, 'profit_pct': -1.6201190114233481}}",-0.010805862570382407,0.8877320144729915,-36.9127842119382
2024-05-31,9138.514472991577,874714.5,883853.0144729916,"{'513100': {'shares': 646500.0, 'price': 1.353, 'value': 874714.5, 'profit_pct': -2.0544672718585657}}",-0.004369561913684983,0.8838530144729916,-37.18844770728613
2024-06-03,9138.514472991577,878593.5,887732.0144729916,"{'513100': {'shares': 646500.0, 'price': 1.359, 'value': 878593.5, 'profit_pct': -1.6201190114233481}}",0.004388738779504964,0.8877320144729915,-36.9127842119382
2024-06-04,9138.514472991577,876007.5,885146.0144729916,"{'513100': {'shares': 646500.0, 'price': 1.355, 'value': 876007.5, 'profit_pct': -1.9096845183801596}}",-0.0029130412757899515,0.8851460144729916,-37.09655987550349
2024-06-05,9138.514472991577,883119.0000000001,892257.5144729917,"{'513100': {'shares': 646500.0, 'price': 1.366, 'value': 883119.0000000001, 'profit_pct': -1.1133793742489198}}",0.008034267661741978,0.8922575144729917,-36.59117680069893
2024-06-06,9138.514472991577,900574.5,909713.0144729916,"{'513100': {'shares': 646500.0, 'price': 1.393, 'value': 900574.5, 'profit_pct': 0.8411877977095503}}",0.019563298394085216,0.9097130144729916,-35.350691071633214
2024-06-07,9138.514472991577,901220.9999999999,910359.5144729915,"{'513100': {'shares': 646500.0, 'price': 1.394, 'value': 901220.9999999999, 'profit_pct': 0.9135791744487454}}",0.0007106636815286116,0.9103595144729915,-35.3047471557419
2024-06-11,9138.514472991577,901867.5,911006.0144729916,"{'513100': {'shares': 646500.0, 'price': 1.395, 'value': 901867.5, 'profit_pct': 0.9859705511879561}}",0.0007101589973212974,0.9110060144729916,-35.258803239850565
2024-06-12,9138.514472991577,910272.0,919410.5144729916,"{'513100': {'shares': 646500.0, 'price': 1.408, 'value': 910272.0, 'profit_pct': 1.9270584487975857}}",0.009225515382422556,0.9194105144729916,-34.66153233326337
2024-06-13,9138.514472991577,928374.0,937512.5144729916,"{'513100': {'shares': 646500.0, 'price': 1.436, 'value': 928374.0, 'profit_pct': 3.9540169974952666}}",0.01968870239685705,0.9375125144729916,-33.37510268830631
2024-06-14,9138.514472991577,927727.5,936866.0144729916,"{'513100': {'shares': 646500.0, 'price': 1.435, 'value': 927727.5, 'profit_pct': 3.881625620756072}}",-0.0006895907948102353,0.9368660144729916,-33.421046604197635
2024-06-17,9138.514472991577,931606.5,940745.0144729916,"{'513100': {'shares': 646500.0, 'price': 1.441, 'value': 931606.5, 'profit_pct': 4.315973881191289}}",0.004140399950554263,0.9407450144729915,-33.1453831088497
2024-06-18,9138.514472991577,943890.0,953028.5144729916,"{'513100': {'shares': 646500.0, 'price': 1.46, 'value': 943890.0, 'profit_pct': 5.691410039236136}}",0.013057204461382366,0.9530285144729915,-32.27244870691456
2024-06-19,9138.514472991577,945183.0,954321.5144729916,"{'513100': {'shares': 646500.0, 'price': 1.462, 'value': 945183.0, 'profit_pct': 5.8361927927145425}}",0.0013567275064325646,0.9543215144729916,-32.18056087513192
2024-06-20,9138.514472991577,951648.0,960786.5144729916,"{'513100': {'shares': 646500.0, 'price': 1.472, 'value': 951648.0, 'profit_pct': 6.560106560106571}}",0.006774446454316907,0.9607865144729916,-31.721121716218683
2024-06-21,9138.514472991577,937425.0,946563.5144729916,"{'513100': {'shares': 646500.0, 'price': 1.45, 'value': 937425.0, 'profit_pct': 4.967496271844107}}",-0.014803496703741259,0.9465635144729916,-32.731887865827794
2024-06-24,9138.514472991577,933546.0,942684.5144729916,"{'513100': {'shares': 646500.0, 'price': 1.444, 'value': 933546.0, 'profit_pct': 4.5331480114088905}}",-0.004097981742048895,0.9426845144729916,-33.007551361175736
2024-06-25,9138.514472991577,923848.5,932987.0144729916,"{'513100': {'shares': 646500.0, 'price': 1.429, 'value': 923848.5, 'profit_pct': 3.447277360320855}}",-0.010287110747142614,0.9329870144729916,-33.69671009954558
2024-06-26,9138.514472991577,941304.0,950442.5144729916,"{'513100': {'shares': 646500.0, 'price': 1.456, 'value': 941304.0, 'profit_pct': 5.401844532279325}}",0.018709263611626836,0.9504425144729916,-32.45622437047986
2024-06-27,9138.514472991577,940657.5,949796.0144729916,"{'513100': {'shares': 646500.0, 'price': 1.455, 'value': 940657.5, 'profit_pct': 5.32945315554013}}",-0.000680209471015214,0.9497960144729916,-32.50216828637118
2024-06-28,9138.514472991577,953587.5,962726.0144729916,"{'513100': {'shares': 646500.0, 'price': 1.475, 'value': 953587.5, 'profit_pct': 6.777280690324187}}",0.013613449417530399,0.9627260144729916,-31.583289968544715
2024-07-01,9138.514472991577,952294.5,961433.0144729916,"{'513100': {'shares': 646500.0, 'price': 1.473, 'value': 952294.5, 'profit_pct': 6.632497936845782}}",-0.0013430612454238267,0.9614330144729916,-31.675177800327358
2024-07-02,9138.514472991577,952941.0,962079.5144729916,"{'513100': {'shares': 646500.0, 'price': 1.474, 'value': 952941.0, 'profit_pct': 6.704889313584977}}",0.000672433742411549,0.9620795144729916,-31.629233884436037
2024-07-03,9138.514472991577,970396.4999999999,979535.0144729915,"{'513100': {'shares': 646500.0, 'price': 1.501, 'value': 970396.4999999999, 'profit_pct': 8.659456485543448}}",0.018143510736284174,0.9795350144729914,-30.388748155370326
2024-07-04,9138.514472991577,976215.0,985353.5144729916,"{'513100': {'shares': 646500.0, 'price': 1.51, 'value': 976215.0, 'profit_pct': 9.31097887619628}}",0.005940063309661792,0.9853535144729916,-29.975252912348406
2024-07-05,9138.514472991577,988498.5,997637.0144729916,"{'513100': {'shares': 646500.0, 'price': 1.529, 'value': 988498.5, 'profit_pct': 10.68641503424113}}",0.012466084323624393,0.9976370144729916,-29.102318510413273
2024-07-08,9138.514472991577,1003368.0,1012506.5144729916,"{'513100': {'shares': 646500.0, 'price': 1.552, 'value': 1003368.0, 'profit_pct': 12.351416699242804}}",0.014904719636785746,1.0125065144729917,-28.04560844491284
2024-07-09,9138.514472991577,1013712.0,1022850.5144729916,"{'513100': {'shares': 646500.0, 'price': 1.568, 'value': 1013712.0, 'profit_pct': 13.509678727070048}}",0.010216230564584539,1.0228505144729916,-27.31050579065166
2024-07-10,9138.514472991577,1000782.0,1009920.5144729916,"{'513100': {'shares': 646500.0, 'price': 1.548, 'value': 1000782.0, 'profit_pct': 12.06185119228599}}",-0.012641143370458185,1.0099205144729915,-28.22938410847813
2024-07-11,9138.514472991577,1005307.5,1014446.0144729916,"{'513100': {'shares': 646500.0, 'price': 1.555, 'value': 1005307.5, 'profit_pct': 12.568590829460405}}",0.004481045721069998,1.0144460144729917,-27.907776697238862
2024-07-12,9138.514472991577,964578.0,973716.5144729916,"{'513100': {'shares': 646500.0, 'price': 1.492, 'value': 964578.0, 'profit_pct': 8.00793409489063}}",-0.04014949974559179,0.9737165144729916,-30.802243398392225
2024-07-15,9138.514472991577,994963.5,1004102.0144729916,"{'513100': {'shares': 646500.0, 'price': 1.539, 'value': 994963.5, 'profit_pct': 11.410328801633158}}",0.031205694417584917,1.0041020144729915,-28.64287935150004
2024-07-16,9138.514472991577,993024.0,1002162.5144729916,"{'513100': {'shares': 646500.0, 'price': 1.536, 'value': 993024.0, 'profit_pct': 11.193154671415558}}",-0.0019315766446479365,1.0021625144729915,-28.780711099174006
2024-07-17,10297.211646651733,980260.7999999999,990558.0116466517,"{'518880': {'shares': 175800.0, 'price': 5.576, 'value': 980260.7999999999, 'profit_pct': -0.09990009990009242}}",-0.011579462072019764,0.9905580116466517,-29.60539215379734
2024-07-18,10297.211646651733,979733.4,990030.6116466518,"{'518880': {'shares': 175800.0, 'price': 5.573, 'value': 979733.4, 'profit_pct': -0.15364836024805195}}",-0.0005324271711488748,0.9900306116466517,-29.642872155717026
2024-07-19,9904.062211791985,951631.2,961535.2622117919,"{'510300': {'shares': 280800.0, 'price': 3.389, 'value': 951631.2, 'profit_pct': -0.09990009990008283}}",-0.02878229127427223,0.961535262211792,-31.667911502552382
2024-07-22,9904.062211791985,943488.0,953392.062211792,"{'510300': {'shares': 280800.0, 'price': 3.36, 'value': 943488.0, 'profit_pct': -0.9547548939699823}}",-0.008468956178755649,0.953392062211792,-32.24661296564012
2024-07-23,9502.096231012256,921834.6,931336.6962310122,"{'518880': {'shares': 170900.0, 'price': 5.394, 'value': 921834.6, 'profit_pct': -0.0999000999000816}}",-0.02313357416634354,0.9313366962310122,-33.81399096962047
2024-07-24,9502.096231012256,933968.5,943470.5962310123,"{'518880': {'shares': 170900.0, 'price': 5.465, 'value': 933968.5, 'profit_pct': 1.2150622829154667}}",0.013028478367817176,0.9434705962310123,-32.95168798271602
2024-07-25,12464.718157822266,905061.6,917526.3181578222,"{'511260': {'shares': 7200.0, 'price': 125.703, 'value': 905061.6, 'profit_pct': -0.09990009990007848}}",-0.027498766974649258,0.9175263181578223,-34.79543389092289
2024-07-26,12464.718157822266,906552.0,919016.7181578223,"{'511260': {'shares': 7200.0, 'price': 125.91, 'value': 906552.0, 'profit_pct': 0.06460926486703167}}",0.0016243675745371,0.9190167181578223,-34.689517708023544
2024-07-29,9638.979507932323,907709.4999999999,917348.4795079322,"{'518880': {'shares': 168500.0, 'price': 5.387, 'value': 907709.4999999999, 'profit_pct': -0.09990009990009636}}",-0.0018152429840819773,0.9173484795079322,-34.808072102791066
2024-07-30,9638.979507932323,908889.0,918527.9795079323,"{'518880': {'shares': 168500.0, 'price': 5.394, 'value': 908889.0, 'profit_pct': 0.0299125415145603}}",0.0012857709216815838,0.9185279795079323,-34.72425021757246
2024-07-31,9336.567850852385,913889.6,923226.1678508524,"{'159915': {'shares': 551200.0, 'price': 1.658, 'value': 913889.6, 'profit_pct': -0.09990009990008276}}",0.005114910430313646,0.9232261678508523,-34.39037060416379
2024-08-01,9490.428039412247,899268.0000000001,908758.4280394124,"{'518880': {'shares': 164100.0, 'price': 5.48, 'value': 899268.0000000001, 'profit_pct': -0.09990009990009051}}",-0.01567085110371058,0.9087584280394123,-35.41852933739557
2024-08-02,9490.428039412247,903370.5,912860.9280394122,"{'518880': {'shares': 164100.0, 'price': 5.505, 'value': 903370.5, 'profit_pct': 0.35584853103101244}}",0.004514401048087979,0.9128609280394122,-35.12698267854925
2024-08-05,12738.361398472218,875030.4,887768.7613984722,"{'511260': {'shares': 6900.0, 'price': 126.816, 'value': 875030.4, 'profit_pct': -0.09990009990009277}}",-0.02748739251534349,0.8877687613984723,-36.91017276931863
2024-08-06,12738.361398472218,872028.9,884767.2613984722,"{'511260': {'shares': 6900.0, 'price': 126.381, 'value': 872028.9, 'profit_pct': -0.4425740799699868}}",-0.003380947979372273,0.8847672613984723,-37.12347619321316
2024-08-07,12738.361398472218,874368.0,887106.3613984722,"{'511260': {'shares': 6900.0, 'price': 126.72, 'value': 874368.0, 'profit_pct': -0.17552470239827875}}",0.0026437461036958876,0.8871063613984722,-36.95724662838501
2024-08-08,12738.361398472218,871414.8,884153.1613984723,"{'511260': {'shares': 6900.0, 'price': 126.292, 'value': 871414.8, 'profit_pct': -0.5126843885360097}}",-0.003329025840085764,0.8841531613984722,-37.16711758338926
2024-08-09,12738.361398472218,869593.2000000001,882331.5613984723,"{'511260': {'shares': 6900.0, 'price': 126.028, 'value': 869593.2000000001, 'profit_pct': -0.7206520454060099}}",-0.0020602765216817254,0.8823315613984722,-37.296570695821806
2024-08-12,9199.370670992299,865026.7000000001,874226.0706709924,"{'518880': {'shares': 159100.0, 'price': 5.437, 'value': 865026.7000000001, 'profit_pct': -0.09990009990009424}}",-0.009186445415862665,0.8742260706709923,-37.872592326512034
2024-08-13,11407.40375097224,866446.8,877854.2037509723,"{'511260': {'shares': 6900.0, 'price': 125.572, 'value': 866446.8, 'profit_pct': -0.09990009990009285}}",0.004150108537938291,0.8778542037509723,-37.61475684148632
2024-08-14,11407.40375097224,869372.4,880779.8037509723,"{'511260': {'shares': 6900.0, 'price': 125.996, 'value': 869372.4, 'profit_pct': 0.23741747374404434}}",0.0033326718576949244,0.8807798037509723,-37.40684729727649
2024-08-15,11407.40375097224,868282.2,879689.6037509722,"{'511260': {'shares': 6900.0, 'price': 125.838, 'value': 868282.2, 'profit_pct': 0.1117189439426881}}",-0.0012377668009158072,0.8796896037509722,-37.48432302365657
2024-08-16,9028.916705362382,869208.2000000001,878237.1167053625,"{'518880': {'shares': 159400.0, 'price': 5.453, 'value': 869208.2000000001, 'profit_pct': -0.09990009990008643}}",-0.00165113585452914,0.8782371167053624,-37.58754489938237
2024-08-19,9028.916705362382,878772.2,887801.1167053623,"{'518880': {'shares': 159400.0, 'price': 5.513, 'value': 878772.2, 'profit_pct': 0.999312442554701}}",0.01088999749393249,0.8878011167053623,-36.90787341974649
2024-08-20,8943.064574192511,876576.1,885519.1645741925,"{'513050': {'shares': 845300.0, 'price': 1.037, 'value': 876576.1, 'profit_pct': -0.09990009990009555}}",-0.0025703415869064994,0.8855191645741924,-37.07004173650208
2024-08-21,8804.28018689272,863478.2000000001,872282.4801868928,"{'513100': {'shares': 587800.0, 'price': 1.469, 'value': 863478.2000000001, 'profit_pct': -0.09990009990009599}}",-0.01494793666454941,0.8722824801868928,-38.01071476692758
2024-08-22,8804.28018689272,864653.8,873458.0801868928,"{'513100': {'shares': 587800.0, 'price': 1.471, 'value': 864653.8, 'profit_pct': 0.03611092787403605}}",0.001347728547463234,0.8734580801868927,-37.92717003758212
2024-08-23,8784.241828032886,854220.7999999999,863005.0418280328,"{'518880': {'shares': 155200.0, 'price': 5.504, 'value': 854220.7999999999, 'profit_pct': -0.09990009990008697}}",-0.011967418466863666,0.8630050418280328,-38.670021569164845
2024-08-26,8731.982201913139,857317.9999999999,866049.982201913,"{'513050': {'shares': 820400.0, 'price': 1.045, 'value': 857317.9999999999, 'profit_pct': -0.09990009990009635}}",0.003528299634762755,0.866049982201913,-38.45363102866733
2024-08-27,8645.906903513358,828993.2,837639.1069035133,"{'518880': {'shares': 149800.0, 'price': 5.534, 'value': 828993.2, 'profit_pct': -0.09990009990008257}}",-0.03280512197017271,0.8376391069035133,-40.47266716959316
2024-08-28,8645.906903513358,828094.3999999999,836740.3069035133,"{'518880': {'shares': 149800.0, 'price': 5.528, 'value': 828094.3999999999, 'profit_pct': -0.20821245974840608}}",-0.0010730158042914217,0.8367403069035133,-40.53654093850751
2024-08-29,8645.906903513358,829143.0,837788.9069035134,"{'518880': {'shares': 149800.0, 'price': 5.535, 'value': 829143.0, 'profit_pct': -0.08184803992535665}}",0.001253196471292961,0.8377889069035134,-40.46202154144076
2024-08-30,8432.514163953601,825260.8,833693.3141639536,"{'513100': {'shares': 582400.0, 'price': 1.417, 'value': 825260.8, 'profit_pct': -0.09990009990008437}}",-0.004888573608234026,0.8336933141639536,-40.75307733162088
2024-09-02,8432.514163953601,832249.6,840682.1141639536,"{'513100': {'shares': 582400.0, 'price': 1.429, 'value': 832249.6, 'profit_pct': 0.7461134490069022}}",0.008382938763288994,0.8406821141639536,-40.25641400697854
2024-09-03,8432.514163953601,833414.4,841846.9141639536,"{'513100': {'shares': 582400.0, 'price': 1.431, 'value': 833414.4, 'profit_pct': 0.8871157071580666}}",0.0013855415505756863,0.8418469141639536,-40.1736367862048
2024-09-04,8351.566054893774,787764.6,796116.1660548938,"{'518880': {'shares': 144200.0, 'price': 5.463, 'value': 787764.6, 'profit_pct': -0.09990009990009575}}",-0.054321928773089945,0.7961161660548938,-43.4235202274576
2024-09-05,8351.566054893774,793388.4,801739.9660548938,"{'518880': {'shares': 144200.0, 'price': 5.502, 'value': 793388.4, 'profit_pct': 0.6132801849441045}}",0.007064044469626163,0.8017399660548938,-43.02386145840945
2024-09-06,8351.566054893774,795551.4,803902.9660548938,"{'518880': {'shares': 144200.0, 'price': 5.517, 'value': 795551.4, 'profit_pct': 0.8875802944995786}}",0.0026978822206449316,0.8039029660548938,-42.8701465472371
2024-09-09,10304.932495373883,785781.8,796086.7324953739,"{'511260': {'shares': 6200.0, 'price': 126.739, 'value': 785781.8, 'profit_pct': -0.09990009990008919}}",-0.00972285697349462,0.796086732495374,-43.42561194127502
2024-09-10,8266.19052738382,786705.1,794971.2905273838,"{'518880': {'shares': 142700.0, 'price': 5.513, 'value': 786705.1, 'profit_pct': -0.0999000999000937}}",-0.0014011563344281663,0.7949712905273838,-43.504881503469896
2024-09-11,8266.19052738382,790843.4,799109.5905273838,"{'518880': {'shares': 142700.0, 'price': 5.542, 'value': 790843.4, 'profit_pct': 0.425603781308484}}",0.005205596792375644,0.7991095905273838,-43.210790695839485
2024-09-12,8266.19052738382,789273.7,797539.8905273838,"{'518880': {'shares': 142700.0, 'price': 5.531, 'value': 789273.7, 'profit_pct': 0.2262747229190207}}",-0.001964311301737909,0.7975398905273837,-43.322342381492405
2024-09-13,8266.19052738382,800689.7,808955.8905273838,"{'518880': {'shares': 142700.0, 'price': 5.611, 'value': 800689.7, 'profit_pct': 1.6759406021151027}}",0.014314017562746528,0.8089558905273838,-42.51105739492574
2024-09-18,8266.19052738382,800404.3,808670.4905273839,"{'518880': {'shares': 142700.0, 'price': 5.609, 'value': 800404.3, 'profit_pct': 1.6396989551352048}}",-0.0003528004472701518,0.8086704905273838,-42.531339519589906
2024-09-19,8126.995908183861,797184.0,805310.9959081839,"{'513050': {'shares': 768000.0, 'price': 1.038, 'value': 797184.0, 'profit_pct': -0.09990009990008762}}",-0.004154343034094232,0.8053109959081839,-42.770084048935416
2024-09-20,8522.917467204039,793952.6000000001,802475.5174672041,"{'518880': {'shares': 140200.0, 'price': 5.663, 'value': 793952.6000000001, 'profit_pct': -0.09990009990008769}}",-0.003520973208346767,0.8024755174672041,-42.97158904971505
2024-09-23,8522.917467204039,800682.2000000001,809205.1174672041,"{'518880': {'shares': 140200.0, 'price': 5.711, 'value': 800682.2000000001, 'profit_pct': 0.7468604148809117}}",0.008386050232709996,0.8092051174672041,-42.493345930794334
2024-09-24,8176.493945604307,796991.4,805167.8939456043,"{'159915': {'shares': 502200.0, 'price': 1.587, 'value': 796991.4, 'profit_pct': -0.09990009990008626}}",-0.004989122577766403,0.8051678939456043,-42.78025367698282
2024-09-25,8176.493945604307,808542.0,816718.4939456043,"{'159915': {'shares': 502200.0, 'price': 1.61, 'value': 808542.0, 'profit_pct': 1.3479274348839787}}",0.014345579458463042,0.8167184939456043,-41.959403259512875
2024-09-26,8640.711684264243,844047.0,852687.7116842642,"{'513050': {'shares': 727000.0, 'price': 1.161, 'value': 844047.0, 'profit_pct': -0.0999000999000971}}",0.04404114515013746,0.8526877116842643,-39.40322891386449
2024-09-27,9071.997903264244,882756.0,891827.9979032642,"{'159915': {'shares': 474600.0, 'price': 1.86, 'value': 882756.0, 'profit_pct': -0.09990009990008653}}",0.045902251999959676,0.8918279979032643,-36.62170065708483
2024-09-30,9071.997903264244,1059307.2000000002,1068379.1979032643,"{'159915': {'shares': 474600.0, 'price': 2.232, 'value': 1059307.2000000002, 'profit_pct': 19.8801198801199}}",0.1979655274504517,1.0683791979032644,-24.074982198752014
2024-10-08,9071.997903264244,1270978.8,1280050.7979032644,"{'159915': {'shares': 474600.0, 'price': 2.678, 'value': 1270978.8, 'profit_pct': 43.83465996369223}}",0.19812403724764938,1.2800507979032645,-9.032411143869112
2024-10-09,9071.997903264244,1064053.2,1073125.1979032643,"{'159915': {'shares': 474600.0, 'price': 2.242, 'value': 1064053.2, 'profit_pct': 20.41721719141075}}",-0.16165420961335775,1.0731251979032643,-23.737704820839845
2024-10-10,9071.997903264244,1031780.4,1040852.3979032643,"{'159915': {'shares': 474600.0, 'price': 2.174, 'value': 1031780.4, 'profit_pct': 16.7649554746329}}",-0.03007365782022131,1.0408523979032642,-26.031190990642617
2024-10-11,9071.997903264244,977676.0,986747.9979032642,"{'159915': {'shares': 474600.0, 'price': 2.06, 'value': 977676.0, 'profit_pct': 10.642046125917105}}",-0.05198085733288427,0.9867479979032643,-29.876153098841385
2024-10-14,9071.997903264244,1004253.6000000001,1013325.5979032643,"{'159915': {'shares': 474600.0, 'price': 2.116, 'value': 1004253.6000000001, 'profit_pct': 13.649791069145923}}",0.026934536534631626,1.0133255979032643,-27.987399782533206
2024-10-15,9071.997903264244,970557.0,979628.9979032642,"{'159915': {'shares': 474600.0, 'price': 2.045, 'value': 970557.0, 'profit_pct': 9.83640015898081}}",-0.033253477529555986,0.9796289979032643,-30.382069165709645
2024-10-16,9071.997903264244,949200.0,958271.9979032642,"{'159915': {'shares': 474600.0, 'price': 2.0, 'value': 949200.0, 'profit_pct': 7.419462258171944}}",-0.021801110467035145,0.9582719979032642,-31.89981736631442
2024-10-17,9071.997903264244,946827.0,955898.9979032642,"{'159915': {'shares': 474600.0, 'price': 1.995, 'value': 946827.0, 'profit_pct': 7.15091360252652}}",-0.0024763324037352374,0.9558989979032643,-32.0684560552705
2024-10-18,9071.997903264244,1023237.6000000001,1032309.5979032643,"{'159915': {'shares': 474600.0, 'price': 2.156, 'value': 1023237.6000000001, 'profit_pct': 15.798180314309363}}",0.07993585113867097,1.0323095979032644,-26.638290270884525
2024-10-21,9071.997903264244,1028458.2,1037530.1979032642,"{'159915': {'shares': 474600.0, 'price': 2.167, 'value': 1028458.2, 'profit_pct': 16.38898735672929}}",0.005057203779373465,1.0375301979032643,-26.267285155181142
2024-10-22,9071.997903264244,1032254.9999999999,1041326.9979032641,"{'159915': {'shares': 474600.0, 'price': 2.175, 'value': 1032254.9999999999, 'profit_pct': 16.818665205761977}}",0.003659459751313987,1.0413269979032642,-25.997463252851404
2024-10-23,9071.997903264244,1026085.2,1035157.1979032642,"{'159915': {'shares': 474600.0, 'price': 2.162, 'value': 1026085.2, 'profit_pct': 16.120438701083867}}",-0.005924940016366564,1.035157197903264,-26.435923844137232
2024-10-24,9071.997903264244,1011847.2000000001,1020919.1979032643,"{'159915': {'shares': 474600.0, 'price': 2.132, 'value': 1011847.2000000001, 'profit_pct': 14.509146767211298}}",-0.013754432687942741,1.0209191979032644,-27.447755977873733
2024-10-25,9071.997903264244,1042221.6000000001,1051293.5979032642,"{'159915': {'shares': 474600.0, 'price': 2.196, 'value': 1042221.6000000001, 'profit_pct': 17.946569559472806}}",0.029752011777604004,1.0512935979032643,-25.28918075923584
2024-10-28,9071.997903264244,1038424.8,1047496.7979032643,"{'159915': {'shares': 474600.0, 'price': 2.188, 'value': 1038424.8, 'profit_pct': 17.516891710440117}}",-0.0036115505769011014,1.0474967979032643,-25.55900266156558
2024-10-29,9071.997903264244,1013270.9999999999,1022342.9979032641,"{'159915': {'shares': 474600.0, 'price': 2.135, 'value': 1013270.9999999999, 'profit_pct': 14.67027596059854}}",-0.02401324763030266,1.022342997903264,-27.3465727645001
2024-10-30,9071.997903264244,1001880.6000000001,1010952.5979032643,"{'159915': {'shares': 474600.0, 'price': 2.111, 'value': 1001880.6000000001, 'profit_pct': 13.3812424135005}}",-0.011141466243091092,1.0109525979032643,-28.156038471489296
2024-10-31,9071.997903264244,1007101.2,1016173.1979032642,"{'159915': {'shares': 474600.0, 'price': 2.122, 'value': 1007101.2, 'profit_pct': 13.972049455920427}}",0.005164040342571452,1.0161731979032642,-27.785033355785917
2024-11-01,10469.179132344318,985102.8,995571.9791323444,"{'518880': {'shares': 162800.0, 'price': 6.051, 'value': 985102.8, 'profit_pct': -0.09990009990008938}}",-0.02027333412594201,0.9955719791323444,-29.249071503457824
2024-11-04,10469.179132344318,977776.8,988245.9791323444,"{'518880': {'shares': 162800.0, 'price': 6.006, 'value': 977776.8, 'profit_pct': -0.8428358948933944}}",-0.007358583963346099,0.9882459791323444,-29.76969815128433
2024-11-05,10469.179132344318,977776.8,988245.9791323444,"{'518880': {'shares': 162800.0, 'price': 6.006, 'value': 977776.8, 'profit_pct': -0.8428358948933944}}",0.0,0.9882459791323444,-29.76969815128433
2024-11-06,10469.179132344318,975823.2,986292.3791323443,"{'518880': {'shares': 162800.0, 'price': 5.994, 'value': 975823.2, 'profit_pct': -1.040952106891617}}",-0.0019768357688794147,0.9862923791323442,-29.908531924038062
2024-11-07,9851.777670524316,952147.4,961999.1776705243,"{'159915': {'shares': 412900.0, 'price': 2.306, 'value': 952147.4, 'profit_pct': -0.0999000999000964}}",-0.024630831562534206,0.9619991776705243,-31.634943068187827
2024-11-08,9851.777670524316,942237.8,952089.5776705244,"{'159915': {'shares': 412900.0, 'price': 2.282, 'value': 942237.8, 'profit_pct': -1.1396236027632358}}",-0.010301048306502691,0.9520895776705244,-32.33917482211923
2024-11-11,9851.777670524316,969902.1000000001,979753.8776705244,"{'159915': {'shares': 412900.0, 'price': 2.349, 'value': 969902.1000000001, 'profit_pct': 1.7629378427297}}",0.029056404616555342,0.9797538776705245,-30.37319450906072
2024-11-12,9851.777670524316,968250.5000000001,978102.2776705244,"{'159915': {'shares': 412900.0, 'price': 2.345, 'value': 968250.5000000001, 'profit_pct': 1.5896505922525104}}",-0.0016857294853752647,0.9781022776705244,-30.490566468049284
2024-11-13,9851.777670524316,979398.7999999999,989250.5776705242,"{'159915': {'shares': 412900.0, 'price': 2.372, 'value': 979398.7999999999, 'profit_pct': 2.7593395329735277}}",0.011397887781787963,0.9892505776705243,-29.698305744876464
2024-11-14,9851.777670524316,944715.2,954566.9776705243,"{'159915': {'shares': 412900.0, 'price': 2.288, 'value': 944715.2, 'profit_pct': -0.8796927270474607}}",-0.035060479905579145,0.9545669776705242,-32.16311688363639
2024-11-15,9254.592620504438,908265.0,917519.5926205044,"{'513100': {'shares': 601500.0, 'price': 1.51, 'value': 908265.0, 'profit_pct': -0.09990009990009331}}",-0.03881067113847614,0.9175195926205044,-34.795911845324824
2024-11-18,9254.592620504438,901648.5000000001,910903.0926205046,"{'513100': {'shares': 601500.0, 'price': 1.499, 'value': 901648.5000000001, 'profit_pct': -0.8276491720200196}}",-0.007211290149241045,0.9109030926205045,-35.266117443924884
2024-11-19,9254.592620504438,904656.0,913910.5926205044,"{'513100': {'shares': 601500.0, 'price': 1.504, 'value': 904656.0, 'profit_pct': -0.49685413923823896}}",0.0033016684479003633,0.9139105926205044,-35.0523876263794
2024-11-20,9254.592620504438,914881.5,924136.0926205044,"{'513100': {'shares': 601500.0, 'price': 1.521, 'value': 914881.5, 'profit_pct': 0.627848972219833}}",0.011188731241947636,0.9241360926205044,-34.325706246724764
2024-11-21,9254.592620504438,908265.0,917519.5926205044,"{'513100': {'shares': 601500.0, 'price': 1.51, 'value': 908265.0, 'profit_pct': -0.09990009990009331}}",-0.00715965976530375,0.9175195926205044,-34.795911845324824
2024-11-22,9254.592620504438,914881.5,924136.0926205044,"{'513100': {'shares': 601500.0, 'price': 1.521, 'value': 914881.5, 'profit_pct': 0.627848972219833}}",0.007211290149241156,0.9241360926205044,-34.325706246724764
2024-11-25,9254.592620504438,923904.0,933158.5926205044,"{'513100': {'shares': 601500.0, 'price': 1.536, 'value': 923904.0, 'profit_pct': 1.6202340705652047}}",0.009763172407232235,0.9331585926205045,-33.68451679408832
2024-11-26,9254.592620504438,923904.0,933158.5926205044,"{'513100': {'shares': 601500.0, 'price': 1.536, 'value': 923904.0, 'profit_pct': 1.6202340705652047}}",0.0,0.9331585926205045,-33.68451679408832
2024-11-27,9254.592620504438,926310.0,935564.5926205044,"{'513100': {'shares': 601500.0, 'price': 1.54, 'value': 926310.0, 'profit_pct': 1.884870096790635}}",0.0025783398652992062,0.9355645926205044,-33.513532940051924
2024-11-28,9254.592620504438,920896.5,930151.0926205044,"{'513100': {'shares': 601500.0, 'price': 1.531, 'value': 920896.5, 'profit_pct': 1.2894390377834093}}",-0.005786345531564874,0.9301510926205044,-33.898246611633795
2024-11-29,9254.592620504438,921498.0,930752.5926205044,"{'513100': {'shares': 601500.0, 'price': 1.532, 'value': 921498.0, 'profit_pct': 1.3555980443397742}}",0.0006466691323292473,0.9307525926205045,-33.8555006481247
2024-12-02,9254.592620504438,926310.0,935564.5926205044,"{'513100': {'shares': 601500.0, 'price': 1.54, 'value': 926310.0, 'profit_pct': 1.884870096790635}}",0.005170009772899942,0.9355645926205044,-33.513532940051924
2024-12-03,9254.592620504438,943152.0,952406.5926205044,"{'513100': {'shares': 601500.0, 'price': 1.568, 'value': 943152.0, 'profit_pct': 3.737322280368648}}",0.018001963875979632,0.9524065926205044,-32.31664596179723
2024-12-04,9254.592620504438,947362.5,956617.0926205044,"{'513100': {'shares': 601500.0, 'price': 1.575, 'value': 947362.5, 'profit_pct': 4.200435326263144}}",0.004420905979257261,0.9566170926205044,-32.01742421723356
2024-12-05,9254.592620504438,955783.5,965038.0926205044,"{'513100': {'shares': 601500.0, 'price': 1.589, 'value': 955783.5, 'profit_pct': 5.126661418052151}}",0.00880289518654953,0.9650380926205044,-31.418980728106206
2024-12-06,9254.592620504438,952776.0,962030.5926205044,"{'513100': {'shares': 601500.0, 'price': 1.584, 'value': 952776.0, 'profit_pct': 4.79586638527037}}",-0.0031164572911659416,0.9620305926205044,-31.632710545651687
2024-12-09,9254.592620504438,968415.0000000001,977669.5926205046,"{'513100': {'shares': 601500.0, 'price': 1.61, 'value': 968415.0000000001, 'profit_pct': 6.516000555735668}}",0.01625623979108659,0.9776695926205046,-30.52131549441517
2024-12-10,9254.592620504438,960595.5,969850.0926205044,"{'513100': {'shares': 601500.0, 'price': 1.597, 'value': 960595.5, 'profit_pct': 5.655933470503012}}",-0.007998100850248435,0.9698500926205045,-31.07701302003344
2024-12-11,9808.854912984534,955147.9,964956.7549129846,"{'518880': {'shares': 158900.0, 'price': 6.011, 'value': 955147.9, 'profit_pct': -0.09990009990008496}}",-0.005045457792655639,0.9649567549129846,-31.42476104178461
2024-12-12,9770.128290504683,959204.4,968974.5282905047,"{'513100': {'shares': 593200.0, 'price': 1.617, 'value': 959204.4, 'profit_pct': -0.09990009990008494}}",0.0041636823174344695,0.9689745282905047,-31.13923553192044
2024-12-13,9770.128290504683,966322.8,976092.9282905047,"{'513100': {'shares': 593200.0, 'price': 1.629, 'value': 966322.8, 'profit_pct': 0.6414735542750543}}",0.007346323140772881,0.9760929282905048,-30.633362104417273
2024-12-16,9770.128290504683,978186.8,987956.9282905047,"{'513100': {'shares': 593200.0, 'price': 1.649, 'value': 978186.8, 'profit_pct': 1.8770963112336194}}",0.01215458042583939,0.9879569282905047,-29.79023972524534
2024-12-17,9770.128290504683,986491.6,996261.7282905047,"{'513100': {'shares': 593200.0, 'price': 1.663, 'value': 986491.6, 'profit_pct': 2.7420322411046154}}",0.008406034475986646,0.9962617282905046,-29.200054059824986
2024-12-18,9770.128290504683,993016.7999999999,1002786.9282905046,"{'513100': {'shares': 593200.0, 'price': 1.674, 'value': 993016.7999999999, 'profit_pct': 3.4216247574318195}}",0.006549684500273489,1.0027869282905046,-28.736336751280422
2024-12-19,9770.128290504683,966915.9999999999,976686.1282905046,"{'513100': {'shares': 593200.0, 'price': 1.63, 'value': 966915.9999999999, 'profit_pct': 0.7032546921229756}}",-0.026028261102780115,0.9766861282905046,-30.591205985458693
2024-12-20,9645.680231184699,945004.7999999999,954650.4802311846,"{'513050': {'shares': 796800.0, 'price': 1.186, 'value': 945004.7999999999, 'profit_pct': -0.09990009990009227}}",-0.02256164741265343,0.9546504802311846,-32.157182723352264
2024-12-23,9516.311362985056,935527.6,945043.911362985,"{'513100': {'shares': 566300.0, 'price': 1.652, 'value': 935527.6, 'profit_pct': -0.09990009990008569}}",-0.010062917336901345,0.945043911362985,-32.839879385509676
2024-12-24,9516.311362985056,933262.3999999999,942778.711362985,"{'513100': {'shares': 566300.0, 'price': 1.648, 'value': 933262.3999999999, 'profit_pct': -0.34178896164366923}}",-0.002396925658970761,0.942778711362985,-33.00085720187012
2024-12-25,9516.311362985056,944022.1,953538.411362985,"{'513100': {'shares': 566300.0, 'price': 1.667, 'value': 944022.1, 'profit_pct': 0.8071831316383593}}",0.011412752399176052,0.953538411362985,-32.23621257415802
2024-12-26,9516.311362985056,947986.2,957502.511362985,"{'513100': {'shares': 566300.0, 'price': 1.674, 'value': 947986.2, 'profit_pct': 1.230488639689624}}",0.0041572525582200814,0.957502511362985,-31.954501395527245
2024-12-27,9516.311362985056,941190.6,950706.911362985,"{'513100': {'shares': 566300.0, 'price': 1.662, 'value': 941190.6, 'profit_pct': 0.5048220544588732}}",-0.007097213761169785,0.950706911362985,-32.43743484460857
2024-12-30,9516.311362985056,928165.7,937682.011362985,"{'513100': {'shares': 566300.0, 'price': 1.639, 'value': 928165.7, 'profit_pct': -0.8860389005667255}}",-0.013700226478133848,0.937682011362985,-33.363057288681105
2024-12-31,9516.311362985056,922502.7,932019.011362985,"{'513100': {'shares': 566300.0, 'price': 1.629, 'value': 922502.7, 'profit_pct': -1.4907610549256844}}",-0.00603936081888623,0.932019011362985,-33.76550182958221
2025-01-02,9516.311362985056,930430.9,939947.2113629851,"{'513100': {'shares': 566300.0, 'price': 1.643, 'value': 930430.9, 'profit_pct': -0.6441500388231419}}",0.008506478841462606,0.9399472113629851,-33.202079472320655
2025-01-03,9516.311362985056,924767.9,934284.2113629851,"{'513100': {'shares': 566300.0, 'price': 1.633, 'value': 924767.9, 'profit_pct': -1.248872193182101}}",-0.006024806426935703,0.9342842113629851,-33.60452401322176
2025-01-06,9516.311362985056,945154.7000000001,954671.0113629851,"{'513100': {'shares': 566300.0, 'price': 1.669, 'value': 945154.7000000001, 'profit_pct': 0.928127562510151}}",0.02182076904656105,0.9546710113629852,-32.15572366597779
2025-01-07,9516.311362985056,939491.7000000001,949008.0113629851,"{'513100': {'shares': 566300.0, 'price': 1.659, 'value': 939491.7000000001, 'profit_pct': 0.32340540815119223}}",-0.005931886411754461,0.9490080113629851,-32.55816820687889
2025-01-08,9516.311362985056,929864.6,939380.911362985,"{'513100': {'shares': 566300.0, 'price': 1.642, 'value': 929864.6, 'profit_pct': -0.7046222542590446}}",-0.010144382223047255,0.9393809113629851,-33.242323926410776
2025-01-09,21779.050328735262,911814.2999999999,933593.3503287352,"{'511260': {'shares': 6900.0, 'price': 132.147, 'value': 911814.2999999999, 'profit_pct': -0.09990009990008097}}",-0.006161037513368717,0.9335933503287351,-33.653620473005475
2025-01-10,9536.619050255627,920634.0000000001,930170.6190502557,"{'518880': {'shares': 150800.0, 'price': 6.105, 'value': 920634.0000000001, 'profit_pct': -0.09990009990008218}}",-0.0036661907213394462,0.9301706190502558,-33.896858954021816
2025-01-13,9536.619050255627,922896.0,932432.6190502556,"{'518880': {'shares': 150800.0, 'price': 6.12, 'value': 922896.0, 'profit_pct': 0.14555469100924898}}",0.0024318119210318123,0.9324326190502557,-33.73610854760856
2025-01-14,9536.619050255627,915054.3999999999,924591.0190502555,"{'518880': {'shares': 150800.0, 'price': 6.068, 'value': 915054.3999999999, 'profit_pct': -0.7053552508097919}}",-0.008409830200907464,0.9245910190502555,-34.29337662317453
2025-01-15,9536.619050255627,920181.6000000001,929718.2190502557,"{'518880': {'shares': 150800.0, 'price': 6.102, 'value': 920181.6000000001, 'profit_pct': -0.14899105808195132}}",0.005545370757837231,0.9297182190502558,-33.92900903530446
2025-01-16,9536.619050255627,923197.6,932734.2190502556,"{'518880': {'shares': 150800.0, 'price': 6.122, 'value': 923197.6, 'profit_pct': 0.17828199646382356}}",0.0032439936511956535,0.9327342190502556,-33.71467516008679
2025-01-17,9536.619050255627,925761.2000000001,935297.8190502557,"{'518880': {'shares': 150800.0, 'price': 6.139, 'value': 925761.2000000001, 'profit_pct': 0.45646409282774386}}",0.0027484785565285996,0.9352978190502557,-33.53249136615175
2025-01-20,9536.619050255627,923951.6,933488.2190502556,"{'518880': {'shares': 150800.0, 'price': 6.127, 'value': 923951.6, 'profit_pct': 0.26010026010026727}}",-0.0019347847959676479,0.9334882190502556,-33.66109169128237
2025-01-21,9536.619050255627,923951.6,933488.2190502556,"{'518880': {'shares': 150800.0, 'price': 6.127, 'value': 923951.6, 'profit_pct': 0.26010026010026727}}",0.0,0.9334882190502556,-33.66109169128237
2025-01-22,9536.619050255627,932094.8,941631.4190502557,"{'518880': {'shares': 150800.0, 'price': 6.181, 'value': 932094.8, 'profit_pct': 1.1437375073738827}}",0.00872340950192707,0.9416314190502557,-33.082390228194626
2025-01-23,9536.619050255627,932999.6000000001,942536.2190502557,"{'518880': {'shares': 150800.0, 'price': 6.187, 'value': 932999.6000000001, 'profit_pct': 1.241919423737621}}",0.0009608855245215597,0.9425362190502558,-33.01809006562932
2025-01-24,9536.619050255627,937674.4,947211.0190502557,"{'518880': {'shares': 150800.0, 'price': 6.218, 'value': 937674.4, 'profit_pct': 1.7491926582835777}}",0.004959809400969739,0.9472110190502556,-32.68587255904192
2025-01-27,9536.619050255627,935261.6,944798.2190502556,"{'518880': {'shares': 150800.0, 'price': 6.202, 'value': 935261.6, 'profit_pct': 1.4873742146469522}}",-0.0025472676641993264,0.9447982190502556,-32.857339659216066
2025-02-05,9536.619050255627,971001.2,980537.8190502556,"{'518880': {'shares': 150800.0, 'price': 6.439, 'value': 971001.2, 'profit_pct': 5.365559911014469}}",0.03782775970505825,0.9805378190502556,-30.317483237886556
2025-02-06,9830.16373025591,962621.6,972451.7637302559,"{'513050': {'shares': 765200.0, 'price': 1.258, 'value': 962621.6, 'profit_pct': -0.0999000999000808}}",-0.008246551191499973,0.9724517637302559,-30.89212367951788
2025-02-07,9830.16373025591,984047.2000000001,993877.363730256,"{'513050': {'shares': 765200.0, 'price': 1.286, 'value': 984047.2000000001, 'profit_pct': 2.123631535396263}}",0.022032558116623635,0.9938773637302559,-29.36950037817041
2025-02-10,9830.16373025591,1015420.4,1025250.5637302559,"{'513050': {'shares': 765200.0, 'price': 1.327, 'value': 1015420.4, 'profit_pct': 5.379517144223043}}",0.03156647001421686,1.025250563730256,-27.13994482976878
2025-02-11,9830.16373025591,1004707.6,1014537.7637302559,"{'513050': {'shares': 765200.0, 'price': 1.313, 'value': 1004707.6, 'profit_pct': 4.267751326574871}}",-0.01044895792207401,1.014537763730256,-27.901256480442516
2025-02-12,9830.16373025591,1031489.6000000001,1041319.763730256,"{'513050': {'shares': 765200.0, 'price': 1.348, 'value': 1031489.6000000001, 'profit_pct': 7.047165870695308}}",0.02639822878699749,1.041319763730256,-25.997977353758184
2025-02-13,9830.16373025591,1057506.4,1067336.5637302557,"{'513050': {'shares': 765200.0, 'price': 1.382, 'value': 1057506.4, 'profit_pct': 9.747168570697994}}",0.024984448491404132,1.0673365637302556,-24.149077630693426
2025-02-14,9830.16373025591,1089644.8,1099474.963730256,"{'513050': {'shares': 765200.0, 'price': 1.424, 'value': 1089644.8, 'profit_pct': 13.08246602364251}}",0.030110839534700506,1.099474963730256,-21.86514267867221
2025-02-17,9830.16373025591,1105714.0,1115544.1637302558,"{'513050': {'shares': 765200.0, 'price': 1.445, 'value': 1105714.0, 'profit_pct': 14.750114750114776}}",0.014615339621268708,1.1155441637302559,-20.723175202661636
2025-02-18,9830.16373025591,1123313.6,1133143.763730256,"{'513050': {'shares': 765200.0, 'price': 1.468, 'value': 1123313.6, 'profit_pct': 16.576587164822477}}",0.01577669497292611,1.133143763730256,-19.47244891941193
2025-02-19,9830.16373025591,1123313.6,1133143.763730256,"{'513050': {'shares': 765200.0, 'price': 1.468, 'value': 1123313.6, 'profit_pct': 16.576587164822477}}",0.0,1.133143763730256,-19.47244891941193
2025-02-20,9830.16373025591,1091940.4000000001,1101770.5637302562,"{'513050': {'shares': 765200.0, 'price': 1.427, 'value': 1091940.4000000001, 'profit_pct': 13.320701555995699}}",-0.027686866401418153,1.1017705637302562,-21.702004467813552
2025-02-21,9830.16373025591,1152391.2,1162221.363730256,"{'513050': {'shares': 765200.0, 'price': 1.506, 'value': 1152391.2, 'profit_pct': 19.594237241296085}}",0.0548669586845123,1.162221363730256,-17.40603158186895
2025-02-24,9830.16373025591,1157747.5999999999,1167577.763730256,"{'513050': {'shares': 765200.0, 'price': 1.513, 'value': 1157747.5999999999, 'profit_pct': 20.150120150120166}}",0.004608760574498438,1.1675777637302558,-17.025375756532092
2025-02-25,9830.16373025591,1105714.0,1115544.1637302558,"{'513050': {'shares': 765200.0, 'price': 1.445, 'value': 1105714.0, 'profit_pct': 14.750114750114776}}",-0.04456542563277299,1.1155441637302559,-20.723175202661636
2025-02-26,9830.16373025591,1167695.2,1177525.363730256,"{'513050': {'shares': 765200.0, 'price': 1.526, 'value': 1167695.2, 'profit_pct': 21.182474123650618}}",0.055561404035087136,1.177525363730256,-16.31844350947791
2025-02-27,9830.16373025591,1149330.4,1159160.5637302557,"{'513050': {'shares': 765200.0, 'price': 1.502, 'value': 1149330.4, 'profit_pct': 19.27658986482518}}",-0.015596097176049595,1.1591605637302558,-17.623549196347177
2025-02-28,9830.16373025591,1089644.8,1099474.963730256,"{'513050': {'shares': 765200.0, 'price': 1.424, 'value': 1089644.8, 'profit_pct': 13.08246602364251}}",-0.051490364551333045,1.099474963730256,-21.86514267867221
2025-03-03,9830.16373025591,1097296.8,1107126.963730256,"{'513050': {'shares': 765200.0, 'price': 1.434, 'value': 1097296.8, 'profit_pct': 13.876584464819775}}",0.006959685533937554,1.107126963730256,-21.32134864247669
2025-03-04,9830.16373025591,1108009.5999999999,1117839.763730256,"{'513050': {'shares': 765200.0, 'price': 1.448, 'value': 1108009.5999999999, 'profit_pct': 14.988350282467946}}",0.009676216324733922,1.117839763730256,-20.560036991802978
2025-03-05,9830.16373025591,1134791.6,1144621.763730256,"{'513050': {'shares': 765200.0, 'price': 1.483, 'value': 1134791.6, 'profit_pct': 17.767764826588387}}",0.023958711139983047,1.1446217637302558,-18.656757865118657
2025-03-06,9830.16373025591,1204424.8,1214254.963730256,"{'513050': {'shares': 765200.0, 'price': 1.574, 'value': 1204424.8, 'profit_pct': 24.994242641301494}}",0.06083511794592278,1.214254963730256,-13.708232135739395
2025-03-07,9830.16373025591,1198303.2,1208133.363730256,"{'513050': {'shares': 765200.0, 'price': 1.566, 'value': 1198303.2, 'profit_pct': 24.35894788835968}}",-0.0050414453165538164,1.208133363730256,-14.143267364695822
2025-03-10,9830.16373025591,1166930.0,1176760.1637302558,"{'513050': {'shares': 765200.0, 'price': 1.525, 'value': 1166930.0, 'profit_pct': 21.10306227953288}}",-0.025968325138486126,1.1767601637302558,-16.372822913097473
2025-03-11,9830.16373025591,1151626.0,1161456.1637302558,"{'513050': {'shares': 765200.0, 'price': 1.505, 'value': 1151626.0, 'profit_pct': 19.514825397178353}}",-0.013005198911124949,1.1614561637302558,-17.460410985488515
2025-03-12,9830.16373025591,1142443.6,1152273.763730256,"{'513050': {'shares': 765200.0, 'price': 1.493, 'value': 1142443.6, 'profit_pct': 18.56188326776565}}",-0.007905937638239213,1.1522737637302558,-18.112963828923135
2025-03-13,9830.16373025591,1129435.2,1139265.363730256,"{'513050': {'shares': 765200.0, 'price': 1.476, 'value': 1129435.2, 'profit_pct': 17.21188191776429}}",-0.011289331068241815,1.1392653637302559,-19.03741369045551
2025-03-14,9830.16373025591,1176112.4,1185942.5637302557,"{'513050': {'shares': 765200.0, 'price': 1.537, 'value': 1176112.4, 'profit_pct': 22.0560044089456}}",0.040971314924528324,1.1859425637302556,-15.720270069662856
2025-03-17,9830.16373025591,1179173.2,1189003.363730256,"{'513050': {'shares': 765200.0, 'price': 1.541, 'value': 1179173.2, 'profit_pct': 22.373651785416506}}",0.002580900705994482,1.189003363730256,-15.50275245518462
2025-03-18,9830.16373025591,1220494.0,1230324.1637302558,"{'513050': {'shares': 765200.0, 'price': 1.595, 'value': 1220494.0, 'profit_pct': 26.661891367773745}}",0.03475246686465572,1.2303241637302558,-12.566264659728821
2025-03-19,9830.16373025591,1216668.0,1226498.1637302558,"{'513050': {'shares': 765200.0, 'price': 1.59, 'value': 1216668.0, 'profit_pct': 26.264832147185118}}",-0.003109749538202866,1.2264981637302559,-12.838161677826587
2025-03-20,12273.43698488595,1166039.1,1178312.536984886,"{'518880': {'shares': 171300.0, 'price': 6.807, 'value': 1166039.1, 'profit_pct': -0.09990009990010326}}",-0.03928715767402258,1.1783125369848861,-16.262502563147475
2025-03-21,12273.43698488595,1160386.2,1172659.636984886,"{'518880': {'shares': 171300.0, 'price': 6.774, 'value': 1160386.2, 'profit_pct': -0.5842108530517608}}",-0.004797453835520549,1.1726596369848858,-16.6642293414028
2025-03-24,11759.01393548632,1158912.0,1170671.0139354863,"{'513050': {'shares': 768000.0, 'price': 1.509, 'value': 1158912.0, 'profit_pct': -0.09990009990008407}}",-0.0016958228855840085,1.1706710139354863,-16.805552048473427
2025-03-25,11448.137622986455,1127871.0,1139319.1376229865,"{'518880': {'shares': 166500.0, 'price': 6.774, 'value': 1127871.0, 'profit_pct': -0.09990009990008766}}",-0.02678111607726852,1.1393191376229865,-19.033592216047534
2025-03-26,11448.137622986455,1131367.5,1142815.6376229865,"{'518880': {'shares': 166500.0, 'price': 6.795, 'value': 1131367.5, 'profit_pct': 0.2097990583375989}}",0.003068938179424441,1.1428156376229865,-18.785111315948523
2025-03-27,11448.137622986455,1134198.0,1145646.1376229865,"{'518880': {'shares': 166500.0, 'price': 6.812, 'value': 1134198.0, 'profit_pct': 0.4605079007204943}}",0.0024767774493243966,1.1456461376229865,-18.583960111106467
2025-03-28,11448.137622986455,1155177.0,1166625.1376229865,"{'518880': {'shares': 166500.0, 'price': 6.938, 'value': 1155177.0, 'profit_pct': 2.3187028501466136}}",0.018311937090389696,1.1666251376229864,-17.09307471051239
2025-03-31,11448.137622986455,1167498.0,1178946.1376229865,"{'518880': {'shares': 166500.0, 'price': 7.012, 'value': 1167498.0, 'profit_pct': 3.4100236934603694}}",0.010561233083922872,1.1789461376229864,-16.217475348258723
2025-04-01,11448.137622986455,1174824.0,1186272.1376229865,"{'518880': {'shares': 166500.0, 'price': 7.056, 'value': 1174824.0, 'profit_pct': 4.058917167863151}}",0.006214024344463054,1.1862721376229866,-15.69684870043223
2025-04-02,11448.137622986455,1170328.5,1181776.6376229865,"{'518880': {'shares': 166500.0, 'price': 7.029, 'value': 1170328.5, 'profit_pct': 3.6607325358432643}}",-0.003789602619351684,1.1817766376229863,-16.01632414341667
2025-04-03,11448.137622986455,1181151.0,1192599.1376229865,"{'518880': {'shares': 166500.0, 'price': 7.094, 'value': 1181151.0, 'profit_pct': 4.619325168483733}}",0.009157821922904263,1.1925991376229865,-15.247216595491164
2025-04-07,11448.137622986455,1145020.5,1156468.6376229865,"{'518880': {'shares': 166500.0, 'price': 6.877, 'value': 1145020.5, 'profit_pct': 1.4191005333609497}}",-0.030295594605252774,1.1564686376229865,-17.81485256318095
2025-04-08,11448.137622986455,1153012.5,1164460.6376229865,"{'518880': {'shares': 166500.0, 'price': 6.925, 'value': 1153012.5, 'profit_pct': 2.126984323618523}}",0.006910693243205257,1.1644606376229865,-17.246896220097497
2025-04-09,11448.137622986455,1167498.0,1178946.1376229865,"{'518880': {'shares': 166500.0, 'price': 7.012, 'value': 1167498.0, 'profit_pct': 3.4100236934603694}}",0.01243966479585712,1.1789461376229864,-16.217475348258723
2025-04-10,11448.137622986455,1192806.0,1204254.1376229865,"{'518880': {'shares': 166500.0, 'price': 7.164, 'value': 1192806.0, 'profit_pct': 5.651655695942684}}",0.021466629553599903,1.2042541376229865,-14.418946928494458
2025-04-11,11448.137622986455,1210954.5,1222402.6376229865,"{'518880': {'shares': 166500.0, 'price': 7.273, 'value': 1210954.5, 'profit_pct': 7.25914180298592}}",0.015070323973162658,1.2224026376229864,-13.129212732742435
2025-04-14,11448.137622986455,1219945.5,1231393.6376229865,"{'518880': {'shares': 166500.0, 'price': 7.327, 'value': 1219945.5, 'profit_pct': 8.055511067025694}}",0.007355187008990294,1.2313936376229864,-12.490261846773553
2025-04-15,11448.137622986455,1219612.5,1231060.6376229865,"{'518880': {'shares': 166500.0, 'price': 7.325, 'value': 1219612.5, 'profit_pct': 8.026015909098298}}",-0.0002704253049762295,1.2310606376229865,-12.513926694402034
2025-04-16,11448.137622986455,1249249.5,1260697.6376229865,"{'518880': {'shares': 166500.0, 'price': 7.503, 'value': 1249249.5, 'profit_pct': 10.651084964636794}}",0.02407436245969574,1.2606976376229864,-10.407755255467544
2025-04-17,11448.137622986455,1259572.5,1271020.6376229865,"{'518880': {'shares': 166500.0, 'price': 7.565, 'value': 1259572.5, 'profit_pct': 11.565434860386164}}",0.008188323426594035,1.2710206376229864,-9.674144978984744
2025-04-18,11448.137622986455,1262569.5,1274017.6376229865,"{'518880': {'shares': 166500.0, 'price': 7.583, 'value': 1262569.5, 'profit_pct': 11.83089128173275}}",0.002357947551193895,1.2740176376229864,-9.461161350328451
2025-04-21,11448.137622986455,1286046.0,1297494.1376229865,"{'518880': {'shares': 166500.0, 'price': 7.724, 'value': 1286046.0, 'profit_pct': 13.910299915614369}}",0.018427138923917452,1.2974941376229865,-7.7927895925207995
2025-04-22,11448.137622986455,1329003.0,1340451.1376229865,"{'518880': {'shares': 166500.0, 'price': 7.982, 'value': 1329003.0, 'profit_pct': 17.715175288248822}}",0.03310766403823395,1.3404511376229864,-4.740024248447227
2025-04-23,11448.137622986455,1248750.0,1260198.1376229865,"{'518880': {'shares': 166500.0, 'price': 7.5, 'value': 1248750.0, 'profit_pct': 10.606842227745696}}",-0.059870142034652685,1.2601981376229865,-10.443252526910262
2025-04-24,11448.137622986455,1262403.0,1273851.1376229865,"{'518880': {'shares': 166500.0, 'price': 7.582, 'value': 1262403.0, 'profit_pct': 11.816143702769045}}",0.010834010614991563,1.2738511376229864,-9.47299377414269
2025-04-25,11448.137622986455,1253745.0,1265193.1376229865,"{'518880': {'shares': 166500.0, 'price': 7.53, 'value': 1253745.0, 'profit_pct': 11.049269596656682}}",-0.006796712539077321,1.2651931376229864,-10.088279812483103
2025-04-28,11448.137622986455,1242922.5,1254370.6376229865,"{'518880': {'shares': 166500.0, 'price': 7.465, 'value': 1242922.5, 'profit_pct': 10.090676964016215}}",-0.008554029956511666,1.2543706376229864,-10.85738736040861
2025-04-29,11448.137622986455,1251580.5,1263028.6376229865,"{'518880': {'shares': 166500.0, 'price': 7.517, 'value': 1251580.5, 'profit_pct': 10.85755107012859}}",0.006902266156681325,1.2630286376229864,-10.242101322068208
2025-04-30,11448.137622986455,1243921.5,1255369.6376229865,"{'518880': {'shares': 166500.0, 'price': 7.471, 'value': 1243921.5, 'profit_pct': 10.179162437798412}}",-0.0060639955198594775,1.2553696376229864,-10.786392817523183
2025-05-06,11448.137622986455,1267398.0,1278846.1376229865,"{'518880': {'shares': 166500.0, 'price': 7.612, 'value': 1267398.0, 'profit_pct': 12.258571071680032}}",0.01870086649893188,1.2788461376229865,-9.118021059715531
2025-05-07,12976.558945856523,1272378.5999999999,1285355.1589458564,"{'513100': {'shares': 870300.0, 'price': 1.462, 'value': 1272378.5999999999, 'profit_pct': -0.09990009990008981}}",0.005089761098992174,1.2853551589458563,-8.655453498705846
2025-05-08,13175.953212356893,1288840.5,1302016.453212357,"{'513050': {'shares': 923900.0, 'price': 1.395, 'value': 1288840.5, 'profit_pct': -0.09990009990008653}}",0.012962405099120389,1.3020164532123568,-7.471408483360619
2025-05-09,12981.462074476993,1281080.6,1294062.062074477,"{'513100': {'shares': 862100.0, 'price': 1.486, 'value': 1281080.6, 'profit_pct': -0.09990009990009159}}",-0.00610928619085771,1.2940620620744772,-8.036692129772739
2025-05-12,13322.264034677064,1303209.6,1316531.8640346772,"{'513050': {'shares': 918400.0, 'price': 1.419, 'value': 1303209.6, 'profit_pct': -0.09990009990008843}}",0.01736377459685312,1.3165318640346773,-6.439861980733119
2025-05-13,13322.264034677064,1295862.4000000001,1309184.6640346772,"{'513050': {'shares': 918400.0, 'price': 1.411, 'value': 1295862.4000000001, 'profit_pct': -0.6631141937695739}}",-0.005580723262924692,1.3091846640346771,-6.961995219459682
2025-05-14,13322.264034677064,1331680.0,1345002.264034677,"{'513050': {'shares': 918400.0, 'price': 1.45, 'value': 1331680.0, 'profit_pct': 2.08255451384416}}",0.027358707280924266,1.345002264034677,-4.4165956806676565
2025-05-15,13322.264034677064,1316985.5999999999,1330307.864034677,"{'513050': {'shares': 918400.0, 'price': 1.434, 'value': 1316985.5999999999, 'profit_pct': 0.9561263261051891}}",-0.010925186070631976,1.3303078640346768,-5.460862158120805
2025-05-16,13249.949004617054,1295317.8,1308567.749004617,"{'513100': {'shares': 829800.0, 'price': 1.561, 'value': 1295317.8, 'profit_pct': -0.09990009990009502}}",-0.016342168318936645,1.308567749004617,-7.005836661459952
2025-05-19,13249.949004617054,1283700.5999999999,1296950.549004617,"{'513100': {'shares': 829800.0, 'price': 1.547, 'value': 1283700.5999999999, 'profit_pct': -0.9958651214256555}}",-0.00887779788920906,1.296950549004617,-7.831420048455606
2025-05-20,13249.949004617054,1297807.2,1311057.149004617,"{'513100': {'shares': 829800.0, 'price': 1.564, 'value': 1297807.2, 'profit_pct': 0.0920924047125322}}",0.010876744692252638,1.311057149004617,-6.828925935675178
2025-05-21,13249.949004617054,1285360.2,1298610.149004617,"{'513100': {'shares': 829800.0, 'price': 1.549, 'value': 1285360.2, 'profit_pct': -0.8678701183505755}}",-0.009493865320401973,1.298610149004617,-7.71347956459908
2025-05-22,13249.949004617054,1277062.2,1290312.149004617,"{'513100': {'shares': 829800.0, 'price': 1.539, 'value': 1277062.2, 'profit_pct': -1.5078451337259757}}",-0.0063899084774290404,1.290312149004617,-8.30318198388168
2025-05-23,13249.949004617054,1272913.2,1286163.149004617,"{'513100': {'shares': 829800.0, 'price': 1.534, 'value': 1272913.2, 'profit_pct': -1.8278326414136687}}",-0.003215500995786713,1.286163149004617,-8.59803319352297
2025-05-26,13249.949004617054,1280381.4,1293631.349004617,"{'513100': {'shares': 829800.0, 'price': 1.543, 'value': 1280381.4, 'profit_pct': -1.2518551275758156}}",0.00580657283314312,1.293631349004617,-8.067301016168638
2025-05-27,13249.949004617054,1286190.0,1299439.949004617,"{'513100': {'shares': 829800.0, 'price': 1.55, 'value': 1286190.0, 'profit_pct': -0.8038726168130284}}",0.0044901509262815775,1.2994399490046171,-7.65450932267081
2025-05-28,13249.949004617054,1301126.4000000001,1314376.3490046172,"{'513100': {'shares': 829800.0, 'price': 1.568, 'value': 1301126.4000000001, 'profit_pct': 0.3480824108626923}}",0.011494490385216771,1.3143763490046172,-6.5930449679621255
2025-05-29,13249.949004617054,1318552.2,1331802.149004617,"{'513100': {'shares': 829800.0, 'price': 1.589, 'value': 1318552.2, 'profit_pct': 1.6920299431510262}}",0.01325784659256568,1.331802149004617,-5.354669887468688
2025-05-30,13249.949004617054,1291168.8,1304418.749004617,"{'513100': {'shares': 829800.0, 'price': 1.556, 'value': 1291168.8, 'profit_pct': -0.4198876075877881}}",-0.020561162197002103,1.304418749004617,-7.300687871101252
2025-06-03,13249.949004617054,1296147.6,1309397.5490046171,"{'513100': {'shares': 829800.0, 'price': 1.562, 'value': 1296147.6, 'profit_pct': -0.035902598362547875}}",0.0038168724604727977,1.3093975490046172,-6.946866419531695
2025-06-04,13249.949004617054,1306935.0,1320184.949004617,"{'513100': {'shares': 829800.0, 'price': 1.575, 'value': 1306935.0, 'profit_pct': 0.7960649216254655}}",0.008238445236284697,1.3201849490046171,-6.18025327446432
2025-06-05,13249.949004617054,1303615.8,1316865.749004617,"{'513100': {'shares': 829800.0, 'price': 1.571, 'value': 1303615.8, 'profit_pct': 0.5400749154753053}}",-0.0025141931836918374,1.3168657490046172,-6.4161342421773515
2025-06-06,13249.949004617054,1300296.5999999999,1313546.549004617,"{'513100': {'shares': 829800.0, 'price': 1.567, 'value': 1300296.5999999999, 'profit_pct': 0.2840849093251452}}",-0.002520530283750655,1.313546549004617,-6.652015209890405
2025-06-09,13249.949004617054,1303615.8,1316865.749004617,"{'513100': {'shares': 829800.0, 'price': 1.571, 'value': 1303615.8, 'profit_pct': 0.5400749154753053}}",0.0025268994102380926,1.3168657490046172,-6.4161342421773515
2025-06-10,13249.949004617054,1303615.8,1316865.749004617,"{'513100': {'shares': 829800.0, 'price': 1.571, 'value': 1303615.8, 'profit_pct': 0.5400749154753053}}",0.0,1.3168657490046172,-6.4161342421773515
2025-06-11,13347.147593117086,1305099.6,1318446.7475931172,"{'518880': {'shares': 175700.0, 'price': 7.428, 'value': 1305099.6, 'profit_pct': -0.09990009990009976}}",0.001200576892287808,1.3184467475931172,-6.303779615457561
2025-06-12,13347.147593117086,1317222.9,1330570.047593117,"{'518880': {'shares': 175700.0, 'price': 7.497, 'value': 1317222.9, 'profit_pct': 0.8280895195273219}}",0.009195138159452831,1.330570047593117,-5.442229924003161
2025-06-13,13347.147593117086,1333211.6,1346558.7475931172,"{'518880': {'shares': 175700.0, 'price': 7.588, 'value': 1333211.6, 'profit_pct': 2.0519598871779827}}",0.012016428619389341,1.3465587475931171,-4.305983229476318
2025-06-16,13347.147593117086,1328819.0999999999,1342166.247593117,"{'518880': {'shares': 175700.0, 'price': 7.563, 'value': 1328819.0999999999, 'profit_pct': 1.715731764197028}}",-0.0032620188371665915,1.3421662475931169,-4.618138914785897
2025-06-17,13347.147593117086,1317574.3,1330921.4475931171,"{'518880': {'shares': 175700.0, 'price': 7.499, 'value': 1317574.3, 'profit_pct': 0.854987769365795}}",-0.008378097735779688,1.330921447593117,-5.417257469178383
2025-06-18,13433.29001584719,1314768.0,1328201.2900158472,"{'513100': {'shares': 838500.0, 'price': 1.568, 'value': 1314768.0, 'profit_pct': -0.09990009990008665}}",-0.002043815269630822,1.328201290015847,-5.610567122606436
2025-06-19,13433.29001584719,1307221.5,1320654.7900158472,"{'513100': {'shares': 838500.0, 'price': 1.559, 'value': 1307221.5, 'profit_pct': -0.6733062855511779}}",-0.005681744218084539,1.3206547900158472,-6.146863737105845
2025-06-20,13433.29001584719,1309737.0,1323170.2900158472,"{'513100': {'shares': 838500.0, 'price': 1.562, 'value': 1309737.0, 'profit_pct': -0.4821708903341428}}",0.0019047369676141734,1.3231702900158473,-5.9680981989393755
2025-06-23,13299.454004057217,1303960.8,1317260.2540040573,"{'518880': {'shares': 174700.0, 'price': 7.464, 'value': 1303960.8, 'profit_pct': -0.09990009990008392}}",-0.004466572486085063,1.3172602540040572,-6.388098504338247
2025-06-24,13189.549854377052,1284654.0,1297843.549854377,"{'159915': {'shares': 628500.0, 'price': 2.044, 'value': 1284654.0, 'profit_pct': -0.09990009990008587}}",-0.01474021863990771,1.297843549854377,-7.767958399681807
2025-06-25,13189.549854377052,1325506.5,1338696.049854377,"{'159915': {'shares': 628500.0, 'price': 2.109, 'value': 1325506.5, 'profit_pct': 3.076962176766494}}",0.03147721464931874,1.338696049854377,-4.864750628683701
2025-06-26,13189.549854377052,1315450.5,1328640.049854377,"{'159915': {'shares': 628500.0, 'price': 2.093, 'value': 1315450.5, 'profit_pct': 2.29496530866395}}",-0.007511787310565343,1.3286400498543771,-5.579386387698615
2025-06-27,13189.549854377052,1320478.5,1333668.049854377,"{'159915': {'shares': 628500.0, 'price': 2.101, 'value': 1320478.5, 'profit_pct': 2.685963742715222}}",0.003784320667250096,1.3336680498543771,-5.222068508191158
2025-06-30,13189.549854377052,1340590.5,1353780.049854377,"{'159915': {'shares': 628500.0, 'price': 2.133, 'value': 1340590.5, 'profit_pct': 4.24995747892031}}",0.015080214302349182,1.353780049854377,-3.792796990161318
2025-07-01,13189.549854377052,1336191.0,1349380.549854377,"{'159915': {'shares': 628500.0, 'price': 2.126, 'value': 1336191.0, 'profit_pct': 3.9078338491254416}}",-0.0032497893586725946,1.349380549854377,-4.105450134730349
2025-07-02,13189.549854377052,1322364.0,1335553.549854377,"{'159915': {'shares': 628500.0, 'price': 2.104, 'value': 1322364.0, 'profit_pct': 2.832588155484454}}",-0.010246924043400663,1.3355535498543771,-5.088074303375856
2025-07-03,13189.549854377052,1345618.5,1358808.049854377,"{'159915': {'shares': 628500.0, 'price': 2.141, 'value': 1345618.5, 'profit_pct': 4.640955912971582}}",0.01741188138995664,1.358808049854377,-3.4354791106538607
2025-07-04,13189.549854377052,1340590.5,1353780.049854377,"{'159915': {'shares': 628500.0, 'price': 2.133, 'value': 1340590.5, 'profit_pct': 4.24995747892031}}",-0.00370030189366255,1.353780049854377,-3.792796990161318
2025-07-07,13189.549854377052,1326135.0,1339324.549854377,"{'159915': {'shares': 628500.0, 'price': 2.11, 'value': 1326135.0, 'profit_pct': 3.1258369810228976}}",-0.010677879321352779,1.339324549854377,-4.820085893745263
2025-07-08,13189.549854377052,1356931.4999999998,1370121.0498543768,"{'159915': {'shares': 628500.0, 'price': 2.159, 'value': 1356931.4999999998, 'profit_pct': 5.520702389586933}}",0.02299405323627357,1.3701210498543768,-2.631513881762093
2025-07-09,13189.549854377052,1359445.4999999998,1372635.0498543768,"{'159915': {'shares': 628500.0, 'price': 2.163, 'value': 1359445.4999999998, 'profit_pct': 5.716201606612569}}",0.001834874371331896,1.372635049854377,-2.4528549420083645
2025-07-10,13189.549854377052,1363216.5,1376406.049854377,"{'159915': {'shares': 628500.0, 'price': 2.169, 'value': 1363216.5, 'profit_pct': 6.009450432151034}}",0.0027472706604718677,1.376406049854377,-2.1848665323777494
2025-07-11,13189.549854377052,1373272.5,1386462.049854377,"{'159915': {'shares': 628500.0, 'price': 2.185, 'value': 1373272.5, 'profit_pct': 6.791447300253578}}",0.007305983580255138,1.3864620498543772,-1.470230773362835
2025-07-14,13189.549854377052,1368244.5,1381434.049854377,"{'159915': {'shares': 628500.0, 'price': 2.177, 'value': 1368244.5, 'profit_pct': 6.400448866202306}}",-0.003626496665039003,1.3814340498543771,-1.8275486528702922
2025-07-15,13189.549854377052,1390242.0000000002,1403431.5498543773,"{'159915': {'shares': 628500.0, 'price': 2.212, 'value': 1390242.0000000002, 'profit_pct': 8.111067015176626}}",0.01592367004586226,1.4034315498543772,-0.26428293002513925
2025-07-16,13189.549854377052,1386471.0,1399660.549854377,"{'159915': {'shares': 628500.0, 'price': 2.206, 'value': 1386471.0, 'profit_pct': 7.817818189638162}}",-0.0026869853398917565,1.399660549854377,-0.5322713396557543
2025-07-17,13189.549854377052,1412239.5,1425429.049854377,"{'159915': {'shares': 628500.0, 'price': 2.247, 'value': 1412239.5, 'profit_pct': 9.821685164150926}}",0.01841053532778436,1.4254290498543771,0.0
2025-07-18,13189.549854377052,1415381.9999999998,1428571.5498543768,"{'159915': {'shares': 628500.0, 'price': 2.252, 'value': 1415381.9999999998, 'profit_pct': 10.066059185432964}}",0.002204599380320582,1.4285715498543767,0.0
2025-07-21,13189.549854377052,1429837.5,1443027.049854377,"{'159915': {'shares': 628500.0, 'price': 2.275, 'value': 1429837.5, 'profit_pct': 11.190179683330378}}",0.01011884914092942,1.4430270498543771,0.0
2025-07-22,13189.549854377052,1438636.5,1451826.049854377,"{'159915': {'shares': 628500.0, 'price': 2.289, 'value': 1438636.5, 'profit_pct': 11.874426942920115}}",0.00609759879476135,1.4518260498543771,0.0
2025-07-23,13189.549854377052,1437379.5,1450569.049854377,"{'159915': {'shares': 628500.0, 'price': 2.287, 'value': 1437379.5, 'profit_pct': 11.776677334407285}}",-0.0008658062032473879,1.450569049854377,-0.08658062032473879
2025-07-24,13189.549854377052,1461262.5,1474452.049854377,"{'159915': {'shares': 628500.0, 'price': 2.325, 'value': 1461262.5, 'profit_pct': 13.63391989615084}}",0.016464572991129023,1.474452049854377,0.0
2025-07-25,13189.549854377052,1456863.0,1470052.549854377,"{'159915': {'shares': 628500.0, 'price': 2.318, 'value': 1456863.0, 'profit_pct': 13.29179626635597}}",-0.002983820328666842,1.470052549854377,-0.2983820328666842
2025-07-28,13189.549854377052,1471947.0,1485136.549854377,"{'159915': {'shares': 628500.0, 'price': 2.342, 'value': 1471947.0, 'profit_pct': 14.464791568509785}}",0.010260857682600655,1.4851365498543772,0.0
2025-07-29,13189.549854377052,1497715.5,1510905.049854377,"{'159915': {'shares': 628500.0, 'price': 2.383, 'value': 1497715.5, 'profit_pct': 16.46865854302255}}",0.017350929786575264,1.510905049854377,0.0
2025-07-30,13189.549854377052,1473832.5000000002,1487022.0498543773,"{'159915': {'shares': 628500.0, 'price': 2.345, 'value': 1473832.5000000002, 'profit_pct': 14.61141598127902}}",-0.015807081988574723,1.4870220498543774,-1.5807081988574723
2025-07-31,13189.549854377052,1446178.5,1459368.049854377,"{'159915': {'shares': 628500.0, 'price': 2.301, 'value': 1446178.5, 'profit_pct': 12.460924593997023}}",-0.018596899758620555,1.459368049854377,-3.411001902797739
2025-08-01,13189.549854377052,1447435.5,1460625.049854377,"{'159915': {'shares': 628500.0, 'price': 2.303, 'value': 1447435.5, 'profit_pct': 12.55867420250983}}",0.0008613317251431329,1.4606250498543771,-3.3278067344368223
2025-08-04,13189.549854377052,1453720.5,1466910.049854377,"{'159915': {'shares': 628500.0, 'price': 2.313, 'value': 1453720.5, 'profit_pct': 13.04742224507393}}",0.0043029523563398175,1.466910049854377,-2.9118308926322167
2025-08-05,13189.549854377052,1458120.0,1471309.549854377,"{'159915': {'shares': 628500.0, 'price': 2.32, 'value': 1458120.0, 'profit_pct': 13.389545874868777}}",0.0029991614008211265,1.4713095498543771,-2.620647803369003
2025-08-06,13189.549854377052,1468176.0,1481365.549854377,"{'159915': {'shares': 628500.0, 'price': 2.336, 'value': 1468176.0, 'profit_pct': 14.171542742971322}}",0.006834727607793578,1.481365549854377,-1.9550864564816361
2025-08-07,14770.413963877363,1452755.0,1467525.4139638774,"{'513050': {'shares': 1001900.0, 'price': 1.45, 'value': 1452755.0, 'profit_pct': -0.09990009990008128}}",-0.00934282283792831,1.4675254139638774,-2.871102713878726
2025-08-08,14563.01628858759,1430203.2,1444766.2162885875,"{'159915': {'shares': 618600.0, 'price': 2.312, 'value': 1430203.2, 'profit_pct': -0.09990009990009428}}",-0.015508554372367422,1.4447662162885875,-4.37743149856863
2025-08-11,14563.01628858759,1458040.2000000002,1472603.2162885878,"{'159915': {'shares': 618600.0, 'price': 2.357, 'value': 1458040.2000000002, 'profit_pct': 1.844522259747195}}",0.019267477108863895,1.4726032162885878,-2.5350258488765265
2025-08-12,14563.01628858759,1475360.9999999998,1489924.0162885874,"{'159915': {'shares': 618600.0, 'price': 2.385, 'value': 1475360.9999999998, 'profit_pct': 3.0543850613054806}}",0.011762027821488275,1.4899240162885874,-1.3886401112903735
2025-08-13,14563.01628858759,1529797.7999999998,1544360.8162885874,"{'159915': {'shares': 618600.0, 'price': 2.473, 'value': 1529797.7999999998, 'profit_pct': 6.856811009060151}}",0.03653662831451143,1.5443608162885873,0.0
2025-08-14,14563.01628858759,1513095.6,1527658.6162885877,"{'159915': {'shares': 618600.0, 'price': 2.446, 'value': 1513095.6, 'profit_pct': 5.690157593271801}}",-0.010814959706202942,1.5276586162885877,-1.0814959706202942
2025-08-15,14563.01628858759,1552067.4,1566630.4162885875,"{'159915': {'shares': 618600.0, 'price': 2.509, 'value': 1552067.4, 'profit_pct': 8.41234889677797}}",0.025510804301736467,1.5666304162885876,0.0
2025-08-18,14563.01628858759,1597225.2,1611788.2162885875,"{'159915': {'shares': 618600.0, 'price': 2.582, 'value': 1597225.2, 'profit_pct': 11.566634057983546}}",0.028824794623214745,1.6117882162885875,0.0
2025-08-19,14563.01628858759,1592895.0,1607458.0162885876,"{'159915': {'shares': 618600.0, 'price': 2.575, 'value': 1592895.0, 'profit_pct': 11.264168357593986}}",-0.002686581249471409,1.6074580162885876,-0.2686581249471409
2025-08-20,14563.01628858759,1600936.8,1615499.8162885876,"{'159915': {'shares': 618600.0, 'price': 2.588, 'value': 1600936.8, 'profit_pct': 11.825890372603192}}",0.0050028056213671235,1.6154998162885876,0.0
2025-08-21,14563.01628858759,1591039.2,1605602.2162885875,"{'159915': {'shares': 618600.0, 'price': 2.572, 'value': 1591039.2, 'profit_pct': 11.134540200284162}}",-0.006126648793274736,1.6056022162885875,-0.6126648793274736
2025-08-22,14563.01628858759,1646713.2,1661276.2162885875,"{'159915': {'shares': 618600.0, 'price': 2.662, 'value': 1646713.2, 'profit_pct': 15.023384919578703}}",0.034674840028990905,1.6612762162885875,0.0
2025-08-25,14563.01628858759,1693108.2,1707671.2162885875,"{'159915': {'shares': 618600.0, 'price': 2.737, 'value': 1693108.2, 'profit_pct': 18.264088852324164}}",0.027927324514191776,1.7076712162885876,0.0
2025-08-26,14563.01628858759,1680117.6,1694680.6162885877,"{'159915': {'shares': 618600.0, 'price': 2.716, 'value': 1680117.6, 'profit_pct': 17.35669175115544}}",-0.007607202063306562,1.6946806162885877,-0.7607202063306562
2025-08-27,14563.01628858759,1667745.6,1682308.6162885877,"{'159915': {'shares': 618600.0, 'price': 2.696, 'value': 1667745.6, 'profit_pct': 16.492504035756653}}",-0.007300490653569414,1.6823086162885876,-1.4852156409313033
2025-08-28,14563.01628858759,1735791.6,1750354.6162885877,"{'159915': {'shares': 618600.0, 'price': 2.806, 'value': 1735791.6, 'profit_pct': 21.245536470449984}}",0.04044798875851874,1.7503546162885877,0.0
2025-08-29,14563.01628858759,1772289.0000000002,1786852.0162885878,"{'159915': {'shares': 618600.0, 'price': 2.865, 'value': 1772289.0000000002, 'profit_pct': 23.794890230876415}}",0.02085143185292848,1.786852016288588,0.0
2025-09-01,14563.01628858759,1810642.2,1825205.2162885875,"{'159915': {'shares': 618600.0, 'price': 2.927, 'value': 1810642.2, 'profit_pct': 26.473872148612653}}",0.021464116586253024,1.8252052162885875,0.0
2025-09-02,14563.01628858759,1761772.7999999998,1776335.8162885874,"{'159915': {'shares': 618600.0, 'price': 2.848, 'value': 1761772.7999999998, 'profit_pct': 23.06033067278743}}",-0.0267747426776328,1.7763358162885874,-2.67747426776328
2025-09-03,14563.01628858759,1775382.0,1789945.0162885876,"{'159915': {'shares': 618600.0, 'price': 2.87, 'value': 1775382.0, 'profit_pct': 24.010937159726108}}",0.007661389178333922,1.7899450162885875,-1.9318485223102089
2025-09-04,14563.01628858759,1701768.5999999999,1716331.6162885875,"{'159915': {'shares': 618600.0, 'price': 2.751, 'value': 1701768.5999999999, 'profit_pct': 18.869020253103308}}",-0.041126067745162365,1.7163316162885875,-5.965005963624526
2025-09-05,14563.01628858759,1821158.4,1835721.4162885875,"{'159915': {'shares': 618600.0, 'price': 2.944, 'value': 1821158.4, 'profit_pct': 27.208431706701617}}",0.06956103288370907,1.8357214162885875,0.0
2025-09-08,14563.01628858759,1798888.8,1813451.8162885876,"{'159915': {'shares': 618600.0, 'price': 2.908, 'value': 1798888.8, 'profit_pct': 25.652893818983795}}",-0.012131252488748467,1.8134518162885875,-1.2131252488748467
2025-09-09,14563.01628858759,1759917.0000000002,1774480.0162885878,"{'159915': {'shares': 618600.0, 'price': 2.845, 'value': 1759917.0000000002, 'profit_pct': 22.930702515477627}}",-0.02149039729092972,1.7744800162885879,-3.336094434405845
2025-09-10,14563.01628858759,1778475.0,1793038.0162885876,"{'159915': {'shares': 618600.0, 'price': 2.875, 'value': 1778475.0, 'profit_pct': 24.2269840885758}}",0.010458275004310735,1.7930380162885875,-2.325156727010136
2025-09-11,14563.01628858759,1871265.0,1885828.0162885876,"{'159915': {'shares': 618600.0, 'price': 3.025, 'value': 1871265.0, 'profit_pct': 30.708391954066705}}",0.051750157641423655,1.8858280162885876,0.0
2025-09-12,14563.01628858759,1852707.0,1867270.0162885876,"{'159915': {'shares': 618600.0, 'price': 2.995, 'value': 1852707.0, 'profit_pct': 29.41211038096853}}",-0.00984077012310125,1.8672700162885876,-0.984077012310125
2025-09-15,14563.01628858759,1878688.2,1893251.2162885875,"{'159915': {'shares': 618600.0, 'price': 3.037, 'value': 1878688.2, 'profit_pct': 31.22690458330598}}",0.013914002674150217,1.8932512162885875,0.0
2025-09-16,14563.01628858759,1892297.4000000001,1906860.4162885877,"{'159915': {'shares': 618600.0, 'price': 3.059, 'value': 1892297.4000000001, 'profit_pct': 32.177511070244655}}",0.007188269513793699,1.9068604162885878,0.0
2025-09-17,14563.01628858759,1929413.4000000001,1943976.4162885877,"{'159915': {'shares': 618600.0, 'price': 3.119, 'value': 1929413.4000000001, 'profit_pct': 34.770074216441024}}",0.019464455648117385,1.9439764162885877,0.0
2025-09-18,14563.01628858759,1897246.2000000002,1911809.2162885878,"{'159915': {'shares': 618600.0, 'price': 3.067, 'value': 1897246.2000000002, 'profit_pct': 32.52318615640417}}",-0.016547114322206236,1.9118092162885878,-1.6547114322206236
2025-09-19,14563.01628858759,1894153.2,1908716.2162885875,"{'159915': {'shares': 618600.0, 'price': 3.062, 'value': 1894153.2, 'profit_pct': 32.30713922755446}}",-0.001617839255950826,1.9087162162885876,-1.8138183007033848
2025-09-22,14563.01628858759,1906525.2,1921088.2162885875,"{'159915': {'shares': 618600.0, 'price': 3.082, 'value': 1906525.2, 'profit_pct': 33.17132694295325}}",0.0064818436048375005,1.9210882162885876,-1.1773908267723732
2025-09-23,14563.01628858759,1913329.8,1927892.8162885876,"{'159915': {'shares': 618600.0, 'price': 3.093, 'value': 1913329.8, 'profit_pct': 33.64663018642259}}",0.0035420549365223764,1.9278928162885876,-0.8273557161103118
2025-09-24,19810.012583388016,1944460.0,1964270.012583388,"{'513050': {'shares': 1130500.0, 'price': 1.72, 'value': 1944460.0, 'profit_pct': -0.09990009990008376}}",0.01886888938402209,1.964270012583388,0.0
2025-09-25,19810.012583388016,1959156.5,1978966.512583388,"{'513050': {'shares': 1130500.0, 'price': 1.733, 'value': 1959156.5, 'profit_pct': 0.6551587946937018}}",0.007481914352839514,1.978966512583388,0.0
2025-09-26,19810.012583388016,1922980.5,1942790.512583388,"{'513050': {'shares': 1130500.0, 'price': 1.701, 'value': 1922980.5, 'profit_pct': -1.2034477150756007}}",-0.018280248690401013,1.942790512583388,-1.8280248690401013
2025-09-29,19890.46051276801,1952861.4000000001,1972751.8605127682,"{'159915': {'shares': 607800.0, 'price': 3.213, 'value': 1952861.4000000001, 'profit_pct': -0.0999000999000902}}",0.015421810913385459,1.972751860512768,-0.3140352315768702
2025-09-30,19774.250671098707,1950331.4999999998,1970105.7506710985,"{'513050': {'shares': 1111300.0, 'price': 1.755, 'value': 1950331.4999999998, 'profit_pct': -0.0999000999000845}}",-0.0013413292845567693,1.9701057506710984,-0.4477469353800445
2025-10-09,19660.439215029124,1930971.5,1950631.9392150291,"{'159915': {'shares': 596900.0, 'price': 3.235, 'value': 1930971.5, 'profit_pct': -0.09990009990008926}}",-0.00988465286669804,1.950631939215029,-1.4317863990214952
2025-10-10,18859.282084099017,1843408.6,1862267.882084099,"{'518880': {'shares': 214300.0, 'price': 8.602, 'value': 1843408.6, 'profit_pct': -0.0999000999000973}}",-0.04530022058722638,1.8622678820840992,-5.8969482180346695
2025-10-13,18859.282084099017,1898483.7,1917342.982084099,"{'518880': {'shares': 214300.0, 'price': 8.859, 'value': 1898483.7, 'profit_pct': 2.8847924918606145}}",0.029574209236946203,1.917342982084099,-3.113924874799634
2025-10-14,18859.282084099017,1923556.8000000003,1942416.0820840993,"{'518880': {'shares': 214300.0, 'price': 8.976, 'value': 1923556.8000000003, 'profit_pct': 4.243582504452078}}",0.013077003037164747,1.9424160820840992,-1.8469453761284171
2025-10-15,18859.282084099017,1968774.0999999999,1987633.3820840989,"{'518880': {'shares': 214300.0, 'price': 9.187, 'value': 1968774.0999999999, 'profit_pct': 6.694049963057163}}",0.02327889498911273,1.9876333820840988,0.0
2025-10-16,18859.282084099017,1980989.2,1999848.482084099,"{'518880': {'shares': 214300.0, 'price': 9.244, 'value': 1980989.2, 'profit_pct': 7.3560245845760805}}",0.006145549833336039,1.999848482084099,0.0
2025-10-17,18859.282084099017,2050422.4,2069281.682084099,"{'518880': {'shares': 214300.0, 'price': 9.568, 'value': 2050422.4, 'profit_pct': 11.118827696367797}}",0.03471923029270774,2.069281682084099,0.0
2025-10-20,18859.282084099017,1986132.4000000001,2004991.6820840992,"{'518880': {'shares': 214300.0, 'price': 9.268, 'value': 1986132.4000000001, 'profit_pct': 7.634750741005107}}",-0.031068752290528856,2.004991682084099,-3.1068752290528856
2025-10-21,18859.282084099017,2033707.0,2052566.282084099,"{'518880': {'shares': 214300.0, 'price': 9.49, 'value': 2033707.0, 'profit_pct': 10.212967687973503}}",0.02372807848786085,2.052566282084099,-0.807787559553752
2025-10-22,18859.282084099017,1950344.3000000003,1969203.5820840993,"{'518880': {'shares': 214300.0, 'price': 9.101, 'value': 1950344.3000000003, 'profit_pct': 5.695281235853205}}",-0.04061388941620747,1.9692035820840994,-4.83636910655899
2025-10-23,18859.282084099017,1927414.2,1946273.482084099,"{'518880': {'shares': 214300.0, 'price': 8.994, 'value': 1927414.2, 'profit_pct': 4.452627121773828}}",-0.01164435216786086,1.946273482084099,-5.9444879382545395
2025-10-24,18859.282084099017,1917984.9999999998,1936844.2820840988,"{'518880': {'shares': 214300.0, 'price': 8.95, 'value': 1917984.9999999998, 'profit_pct': 3.941629168320626}}",-0.004844745657174188,1.9368442820840988,-6.400162971848977
2025-10-27,18859.282084099017,1910270.2,1929129.482084099,"{'518880': {'shares': 214300.0, 'price': 8.914, 'value': 1910270.2, 'profit_pct': 3.5235399336771063}}",-0.003983180305903833,1.929129482084099,-6.772987999335312
2025-10-28,18759.296229299158,1837653.1,1856412.3962292993,"{'513100': {'shares': 937100.0, 'price': 1.961, 'value': 1837653.1, 'profit_pct': -0.09990009990009377}}",-0.037694248379969375,1.8564123962292993,-10.287110145410761
2025-10-29,18759.296229299158,1874200.0,1892959.2962292992,"{'513100': {'shares': 937100.0, 'price': 2.0, 'value': 1874200.0, 'profit_pct': 1.8868943397245306}}",0.019686843329765003,1.8929592962292991,-8.520946538182994
2025-10-30,18759.296229299158,1860143.5,1878902.7962292992,"{'513100': {'shares': 937100.0, 'price': 1.985, 'value': 1860143.5, 'profit_pct': 1.1227426321766016}}",-0.007425674724226727,1.8789027962292992,-9.200240233270595
2025-10-31,18759.296229299158,1857332.2,1876091.496229299,"{'513100': {'shares': 937100.0, 'price': 1.982, 'value': 1857332.2, 'profit_pct': 0.969912290667009}}",-0.001496245577813804,1.8760914962292992,-9.33609897228812
2025-11-03,18759.296229299158,1851709.6,1870468.8962292993,"{'513100': {'shares': 937100.0, 'price': 1.976, 'value': 1851709.6, 'profit_pct': 0.6642516076478353}}",-0.0029969753667667964,1.8704688962292992,-9.607816450323147
2025-11-04,18759.296229299158,1817974.0,1836733.2962292992,"{'513100': {'shares': 937100.0, 'price': 1.94, 'value': 1817974.0, 'profit_pct': -1.169712490467208}}",-0.01803590536469657,1.8367332962292993,-11.2381213185334
2025-11-05,18759.296229299158,1791735.2,1810494.496229299,"{'513100': {'shares': 937100.0, 'price': 1.912, 'value': 1791735.2, 'profit_pct': -2.5961290112233524}}",-0.014285579759384048,1.810494496229299,-12.506136216030272
2025-11-06,18759.296229299158,1826407.9000000001,1845167.1962292993,"{'513100': {'shares': 937100.0, 'price': 1.949, 'value': 1826407.9000000001, 'profit_pct': -0.7112214659384415}}",0.019150955759441812,1.8451671962292993,-10.830545101480837
2025-11-07,18759.296229299158,1802980.4,1821739.696229299,"{'513100': {'shares': 937100.0, 'price': 1.924, 'value': 1802980.4, 'profit_pct': -1.984807645185005}}",-0.012696681389022912,1.821739696229299,-11.962701259960184
2025-11-10,18759.296229299158,1828282.1,1847041.3962292993,"{'513100': {'shares': 937100.0, 'price': 1.951, 'value': 1828282.1, 'profit_pct': -0.6093345715987168}}",0.01388875702295489,1.8470413962292993,-10.739972608802494
2025-11-11,18759.296229299158,1835778.9000000001,1854538.1962292993,"{'513100': {'shares': 937100.0, 'price': 1.959, 'value': 1835778.9000000001, 'profit_pct': -0.2017869942398184}}",0.004058815365646229,1.8545381962292993,-10.377682638089103
2025-11-12,18759.296229299158,1849835.4,1868594.696229299,"{'513100': {'shares': 937100.0, 'price': 1.974, 'value': 1849835.4, 'profit_pct': 0.5623647133081106}}",0.007579514958807376,1.868594696229299,-9.698388943001513
2025-11-13,18759.296229299158,1850772.5,1869531.7962292992,"{'513100': {'shares': 937100.0, 'price': 1.975, 'value': 1850772.5, 'profit_pct': 0.6133081604779785}}",0.0005014998714762964,1.8695317962292992,-9.65310269666233
2025-11-14,18759.296229299158,1802043.3,1820802.5962292992,"{'513100': {'shares': 937100.0, 'price': 1.923, 'value': 1802043.3, 'profit_pct': -2.0357510923548614}}",-0.02606492176184594,1.8208025962292993,-12.007987506299356
2025-11-17,27817.797666869592,1775231.9999999998,1803049.7976668694,"{'511260': {'shares': 13400.0, 'price': 132.48, 'value': 1775231.9999999998, 'profit_pct': -0.09990009990009}}",-0.0097499853082339,1.8030497976668693,-12.86590833535487
2025-11-18,27817.797666869592,1775633.9999999998,1803451.7976668694,"{'511260': {'shares': 13400.0, 'price': 132.51, 'value': 1775633.9999999998, 'profit_pct': -0.07727779466908824}}",0.00022295557256390985,1.8034517976668694,-12.846481304057944
2025-11-19,27817.797666869592,1774897.0000000002,1802714.7976668698,"{'511260': {'shares': 13400.0, 'price': 132.455, 'value': 1774897.0000000002, 'profit_pct': -0.1187520209259069}}",-0.0004086607698375877,1.8027147976668698,-12.882097528102287
2025-11-20,27817.797666869592,1775379.4000000001,1803197.1976668697,"{'511260': {'shares': 13400.0, 'price': 132.491, 'value': 1775379.4000000001, 'profit_pct': -0.09160525464870482}}",0.0002675964055014468,1.8031971976668697,-12.858785090545977
2025-11-21,27817.797666869592,1775017.6,1802835.3976668697,"{'511260': {'shares': 13400.0, 'price': 132.464, 'value': 1775017.6, 'profit_pct': -0.11196532935661711}}",-0.00020064361261662444,1.8028353976668696,-12.876269418713216
2025-11-24,27817.797666869592,1775205.2000000002,1803022.9976668698,"{'511260': {'shares': 13400.0, 'price': 132.478, 'value': 1775205.2000000002, 'profit_pct': -0.10140825358214249}}",0.00010405830739901312,1.8030229976668697,-12.867203470774646
2025-11-25,18223.173613830004,1778574.0,1796797.17361383,"{'518880': {'shares': 197400.0, 'price': 9.01, 'value': 1778574.0, 'profit_pct': -0.09990009990007982}}",-0.003452992036760527,1.79679717361383,-13.168072323330737
2025-11-26,18223.173613830004,1778771.4,1796994.57361383,"{'518880': {'shares': 197400.0, 'price': 9.011, 'value': 1778771.4, 'profit_pct': -0.08881240845723358}}",0.00010986214966202112,1.79699457361383,-13.158532781096877
2025-11-27,18223.173613830004,1778574.0,1796797.17361383,"{'518880': {'shares': 197400.0, 'price': 9.01, 'value': 1778574.0, 'profit_pct': -0.09990009990007982}}",-0.00010985008129593687,1.79679717361383,-13.168072323330737
2025-11-28,18223.173613830004,1789825.8,1808048.97361383,"{'518880': {'shares': 197400.0, 'price': 9.067, 'value': 1789825.8, 'profit_pct': 0.5320983123425099}}",0.006262142530739645,1.80804897361383,-12.624318416000547
2025-12-01,18223.173613830004,1808381.4,1826604.57361383,"{'518880': {'shares': 197400.0, 'price': 9.161, 'value': 1808381.4, 'profit_pct': 1.574341307970627}}",0.010262775107751532,1.8266045736138299,-11.727601446017456
2025-12-02,18223.173613830004,1798708.8,1816931.97361383,"{'518880': {'shares': 197400.0, 'price': 9.112, 'value': 1798708.8, 'profit_pct': 1.031044427270866}}",-0.005295398982201771,1.81693197361383,-12.195039015476727
2025-12-03,18223.173613830004,1795550.4,1813773.57361383,"{'518880': {'shares': 197400.0, 'price': 9.096, 'value': 1795550.4, 'profit_pct': 0.853641364185228}}",-0.0017383149429189837,1.8137735736138298,-12.347671691218531
2025-12-04,18223.173613830004,1789233.6,1807456.77361383,"{'518880': {'shares': 197400.0, 'price': 9.064, 'value': 1789233.6, 'profit_pct': 0.4988352380139516}}",-0.0034826838872803467,1.80745677361383,-12.652937042702138
2025-12-05,18223.173613830004,1803446.4,1821669.57361383,"{'518880': {'shares': 197400.0, 'price': 9.136, 'value': 1803446.4, 'profit_pct': 1.2971490218993136}}",0.007863424568424149,1.82166957361383,-11.966090001864027
2025-12-08,18350.193972750334,1793517.5999999999,1811867.7939727502,"{'159915': {'shares': 565600.0, 'price': 3.171, 'value': 1793517.5999999999, 'profit_pct': -0.09990009990008702}}",-0.005380657273445499,1.81186779397275,-12.439770300005348
2025-12-09,18350.193972750334,1803132.8,1821482.9939727504,"{'159915': {'shares': 565600.0, 'price': 3.188, 'value': 1803132.8, 'profit_pct': 0.43567281031805655}}",0.005306788956669806,1.8214829939727504,-11.97510663998994
2025-12-10,18350.193972750334,1805395.2000000002,1823745.3939727505,"{'159915': {'shares': 565600.0, 'price': 3.192, 'value': 1805395.2000000002, 'profit_pct': 0.5616899656634997}}",0.001242064849074298,1.8237453939727506,-11.86577401410397
2025-12-11,18350.193972750334,1779377.5999999999,1797727.7939727502,"{'159915': {'shares': 565600.0, 'price': 3.146, 'value': 1779377.5999999999, 'profit_pct': -0.8875073208091028}}",-0.01426602643438346,1.7977277939727503,-13.123099211792677
2025-12-12,18865.76740567037,1790038.0,1808903.7674056704,"{'518880': {'shares': 194000.0, 'price': 9.227, 'value': 1790038.0, 'profit_pct': -0.09990009990009134}}",0.006216721725274432,1.8089037674056703,-12.583009695238111
2025-12-15,18865.76740567037,1814094.0000000002,1832959.7674056706,"{'518880': {'shares': 194000.0, 'price': 9.351, 'value': 1814094.0000000002, 'profit_pct': 1.2426394457390595}}",0.013298662114293203,1.8329597674056706,-11.420480678126632
2025-12-16,18865.76740567037,1792560.0,1811425.7674056704,"{'518880': {'shares': 194000.0, 'price': 9.24, 'value': 1792560.0, 'profit_pct': 0.04085001375562437}}",-0.011748212035487815,1.8114257674056704,-12.461131653121594
2025-12-17,18865.76740567037,1806140.0,1825005.7674056704,"{'518880': {'shares': 194000.0, 'price': 9.31, 'value': 1806140.0, 'profit_pct': 0.798735241132564}}",0.007496857030718562,1.8250057674056703,-11.804865272494148
2025-12-18,18299.536364190513,1803563.6,1821863.1363641906,"{'159915': {'shares': 583300.0, 'price': 3.092, 'value': 1803563.6, 'profit_pct': -0.09990009990008862}}",-0.0017219841699169791,1.8218631363641906,-11.956735898358605
2025-12-19,18299.536364190513,1812313.1,1830612.6363641906,"{'159915': {'shares': 583300.0, 'price': 3.107, 'value': 1812313.1, 'profit_pct': 0.3847381596411504}}",0.004802501255643632,1.8306126363641906,-11.533908011959504
2025-12-22,18299.536364190513,1851977.5,1870277.0363641905,"{'159915': {'shares': 583300.0, 'price': 3.175, 'value': 1851977.5, 'profit_pct': 2.58176493622807}}",0.02166728187716327,1.8702770363641905,-9.61708826028358
2025-12-23,19635.83709177072,1851651.9,1871287.7370917706,"{'518880': {'shares': 192100.0, 'price': 9.639, 'value': 1851651.9, 'profit_pct': -0.09990009990008103}}",0.0005404016131989042,1.8712877370917707,-9.568245188973822
2025-12-24,19635.83709177072,1852228.2,1871864.0370917707,"{'518880': {'shares': 192100.0, 'price': 9.642, 'value': 1852228.2, 'profit_pct': -0.06880763183282186}}",0.00030796974114499776,1.8718640370917707,-9.54039494485337
2025-12-25,18851.588848290965,1833640.2,1852491.788848291,"{'159915': {'shares': 569100.0, 'price': 3.222, 'value': 1833640.2, 'profit_pct': -0.09990009990008795}}",-0.010349174865059929,1.852491788848291,-10.476577215793348
2025-12-26,19396.71236177138,1830605.0,1850001.7123617714,"{'518880': {'shares': 189700.0, 'price': 9.65, 'value': 1830605.0, 'profit_pct': -0.09990009990008776}}",-0.0013441768009496702,1.8500017123617714,-10.596912523841484
2025-12-29,18602.242906901753,1810184.0,1828786.2429069018,"{'159915': {'shares': 564800.0, 'price': 3.205, 'value': 1810184.0, 'profit_pct': -0.09990009990008303}}",-0.011467810712339932,1.8287862429069017,-11.622170208116845
2025-12-30,18602.242906901753,1823739.2,1842341.4429069017,"{'159915': {'shares': 564800.0, 'price': 3.229, 'value': 1823739.2, 'profit_pct': 0.6481817714267188}}",0.007412129248333343,1.8423414429069016,-10.967102311012189
2025-12-31,18602.242906901753,1799452.8,1818055.0429069018,"{'159915': {'shares': 564800.0, 'price': 3.186, 'value': 1799452.8, 'profit_pct': -0.692131581367138}}",-0.013182355579908211,1.8180550429069018,-12.140765626658023
2026-01-05,18602.242906901753,1853108.8,1871711.0429069018,"{'159915': {'shares': 564800.0, 'price': 3.281, 'value': 1853108.8, 'profit_pct': 2.269025825968123}}",0.02951285782536539,1.8717110429069017,-9.547788533952117
2026-01-06,19440.24047120218,1859853.4,1879293.640471202,"{'518880': {'shares': 194200.0, 'price': 9.577, 'value': 1859853.4, 'profit_pct': -0.09990009990008314}}",0.004051158213248529,1.8792936404712022,-9.18135231456495
2026-01-07,19440.24047120218,1848395.6,1867835.8404712023,"{'518880': {'shares': 194200.0, 'price': 9.518, 'value': 1848395.6, 'profit_pct': -0.7153439647957522}}",-0.006096865201505652,1.8678358404712023,-9.735061367286079
2026-01-08,19440.24047120218,1847036.2,1866476.4404712021,"{'518880': {'shares': 194200.0, 'price': 9.511, 'value': 1847036.2, 'profit_pct': -0.7883627284274578}}",-0.0007277941511483199,1.8664764404712022,-9.80075566167673
2026-01-09,18877.806873762747,1858491.2,1877369.0068737627,"{'159915': {'shares': 560800.0, 'price': 3.314, 'value': 1858491.2, 'profit_pct': -0.09990009990008772}}",0.005835898148176311,1.8773690068737627,-9.27436205867581
2026-01-12,18877.806873762747,1890456.8,1909334.6068737628,"{'159915': {'shares': 560800.0, 'price': 3.371, 'value': 1890456.8, 'profit_pct': 1.618357502485455}}",0.017026807134325583,1.9093346068737629,-7.7295941193102236
2026-01-13,18877.806873762747,1854004.8,1872882.6068737628,"{'159915': {'shares': 560800.0, 'price': 3.306, 'value': 1854004.8, 'profit_pct': -0.34105906163841}}",-0.019091467712767485,1.8728826068737627,-9.49117159402536
2026-01-14,18877.806873762747,1868585.5999999999,1887463.4068737626,"{'159915': {'shares': 560800.0, 'price': 3.332, 'value': 1868585.5999999999, 'profit_pct': 0.44270756401113065}}",0.007785218329481092,1.8874634068737626,-8.786540604139315
2026-01-15,19068.517315242905,1874730.0000000002,1893798.5173152431,"{'518880': {'shares': 190000.0, 'price': 9.867, 'value': 1874730.0000000002, 'profit_pct': -0.09990009990008039}}",0.003356414973879396,1.8937985173152432,-8.480390383203707
2026-01-16,18963.54640270304,1868071.8,1887035.346402703,"{'159915': {'shares': 558300.0, 'price': 3.346, 'value': 1868071.8, 'profit_pct': -0.09990009990008877}}",-0.0035712198793607097,1.887035346402703,-8.807227032418542
2026-01-19,19485.93690224318,1847107.6,1866593.5369022433,"{'518880': {'shares': 184600.0, 'price': 10.006, 'value': 1847107.6, 'profit_pct': -0.09990009990008843}}",-0.010832764494543512,1.8665935369022433,-9.795096865580721
2026-01-20,19485.93690224318,1861137.2000000002,1880623.1369022434,"{'518880': {'shares': 184600.0, 'price': 10.082, 'value': 1861137.2000000002, 'profit_pct': 0.6588853880479072}}",0.0075161516005692874,1.8806231369022435,-9.117103138507765
2026-01-21,19485.93690224318,1915594.2000000002,1935080.1369022434,"{'518880': {'shares': 184600.0, 'price': 10.377, 'value': 1915594.2000000002, 'profit_pct': 3.6041711636355016}}",0.028956891432114107,1.9350801369022435,-6.485416961053514
2026-01-22,19485.93690224318,1908948.5999999999,1928434.536902243,"{'518880': {'shares': 184600.0, 'price': 10.341, 'value': 1908948.5999999999, 'profit_pct': 3.244746458818019}}",-0.0034342763760879524,1.928434536902243,-6.806571884403878
2026-01-23,19485.93690224318,1959898.2000000002,1979384.1369022434,"{'518880': {'shares': 184600.0, 'price': 10.617, 'value': 1959898.2000000002, 'profit_pct': 6.000335862418631}}",0.02642018643881139,1.9793841369022434,-4.3443841387178495
2026-01-26,19485.93690224318,2016570.4,2036056.336902243,"{'518880': {'shares': 184600.0, 'price': 10.924, 'value': 2016570.4, 'profit_pct': 9.06542987294537}}",0.0286312287460746,2.0360563369022433,-1.6056463201468363
2026-01-27,19485.93690224318,2018416.4,2037902.336902243,"{'518880': {'shares': 184600.0, 'price': 10.934, 'value': 2018416.4, 'profit_pct': 9.165270068727997}}",0.0009066546767604322,2.037902336902243,-1.5164366192161771
2026-01-28,19485.93690224318,2082287.9999999998,2101773.9369022427,"{'518880': {'shares': 184600.0, 'price': 11.28, 'value': 2082287.9999999998, 'profit_pct': 12.619740842807007}}",0.031341835594088874,2.1017739369022426,0.0
2026-01-29,19485.93690224318,2197478.4,2216964.336902243,"{'518880': {'shares': 184600.0, 'price': 11.904, 'value': 2197478.4, 'profit_pct': 18.849769059643144}}",0.05480627482219935,2.216964336902243,0.0
2026-01-30,19485.93690224318,2032261.4000000001,2051747.3369022433,"{'518880': {'shares': 184600.0, 'price': 11.009, 'value': 2032261.4000000001, 'profit_pct': 9.914071537097735}}",-0.07452397733689164,2.051747336902243,-7.452397733689164
2026-02-02,23576.78111268324,1820182.0000000002,1843758.7811126835,"{'511260': {'shares': 13700.0, 'price': 132.86, 'value': 1820182.0000000002, 'profit_pct': -0.0999000999000952}}",-0.10137142719706604,1.8437587811126834,-16.83408025909151
2026-02-03,19072.115220723674,1819681.2000000002,1838753.3152207239,"{'518880': {'shares': 174600.0, 'price': 10.422, 'value': 1819681.2000000002, 'profit_pct': -0.09990009990008435}}",-0.0027148160286666334,1.8387533152207238,-17.05986043104294
2026-02-04,19072.115220723674,1897378.2000000002,1916450.3152207239,"{'518880': {'shares': 174600.0, 'price': 10.867, 'value': 1897378.2000000002, 'profit_pct': 4.165648207099003}}",0.04225526032059013,1.916450315220724,-13.555203242530567
2026-02-05,19072.115220723674,1837315.8,1856387.9152207237,"{'518880': {'shares': 174600.0, 'price': 10.523, 'value': 1837315.8, 'profit_pct': 0.868235583261497}}",-0.031340442026060344,1.8563879152207237,-16.264421383762606
2026-02-06,19072.115220723674,1808332.2,1827404.3152207236,"{'518880': {'shares': 174600.0, 'price': 10.357, 'value': 1808332.2, 'profit_pct': -0.7229577177763674}}",-0.015612900602487434,1.8274043152207236,-17.571776649589697
2026-02-09,19072.115220723674,1871537.4,1890609.5152207236,"{'518880': {'shares': 174600.0, 'price': 10.719, 'value': 1871537.4, 'profit_pct': 2.746993938703788}}",0.03458741969336199,1.8906095152207236,-14.720797093990878
2026-02-10,19072.115220723674,1862807.4000000001,1881879.5152207238,"{'518880': {'shares': 174600.0, 'price': 10.669, 'value': 1862807.4000000001, 'profit_pct': 2.2677188480297437}}",-0.004617558480329853,1.8818795152207237,-15.114578800565292
2026-02-11,19072.115220723674,1878346.7999999998,1897418.9152207235,"{'518880': {'shares': 174600.0, 'price': 10.758, 'value': 1878346.7999999998, 'profit_pct': 3.1208285094295474}}",0.00825738304408774,1.8974189152207235,-14.413647362862836
2026-02-12,19072.115220723674,1871712.0,1890784.1152207237,"{'518880': {'shares': 174600.0, 'price': 10.72, 'value': 1871712.0, 'profit_pct': 2.7565794405172808}}",-0.0034967502151352914,1.8907841152207236,-14.712921459859384
2026-02-13,19072.115220723674,1846394.9999999998,1865467.1152207234,"{'518880': {'shares': 174600.0, 'price': 10.575, 'value': 1846394.9999999998, 'profit_pct': 1.3666816775625097}}",-0.013389683040067601,1.8654671152207234,-15.854888408925227
2026-02-24,19072.115220723674,1911869.9999999998,1930942.1152207234,"{'518880': {'shares': 174600.0, 'price': 10.95, 'value': 1911869.9999999998, 'profit_pct': 4.961244857617919}}",0.03509844771091175,1.9309421152207233,-12.901525609617048
2026-02-25,19072.115220723674,1913441.4,1932513.5152207236,"{'518880': {'shares': 174600.0, 'price': 10.959, 'value': 1913441.4, 'profit_pct': 5.047514373939252}}",0.0008137996409181003,1.9325135152207236,-12.83064490243364
2026-02-26,19072.115220723674,1905409.8,1924481.9152207237,"{'518880': {'shares': 174600.0, 'price': 10.913, 'value': 1905409.8, 'profit_pct': 4.606581290519127}}",-0.004156038204515489,1.9244819152207238,-13.192924072482104
2026-02-27,19072.115220723674,1908901.8,1927973.9152207237,"{'518880': {'shares': 174600.0, 'price': 10.933, 'value': 1908901.8, 'profit_pct': 4.798291326788745}}",0.0018145143232481953,1.9279739152207238,-13.035411389852335
2026-03-02,19072.115220723674,1993408.2,2012480.3152207236,"{'518880': {'shares': 174600.0, 'price': 11.417, 'value': 1993408.2, 'profit_pct': 9.437674204513593}}",0.043831713350916957,2.012480315220724,-9.22360447021192
2026-03-03,19072.115220723674,1965821.4000000001,1984893.5152207238,"{'518880': {'shares': 174600.0, 'price': 11.259, 'value': 1965821.4000000001, 'profit_pct': 7.923164917983584}}",-0.013707860788180759,1.9848935152207239,-10.46795466298709
2026-03-04,24962.556718963897,1906247.2,1931209.7567189639,"{'511260': {'shares': 14300.0, 'price': 133.304, 'value': 1906247.2, 'profit_pct': -0.09990009990008583}}",-0.02704616549457073,1.9312097567189639,-12.889453178239352
2026-03-05,24962.556718963897,1906232.9,1931195.4567189638,"{'511260': {'shares': 14300.0, 'price': 133.303, 'value': 1906232.9, 'profit_pct': -0.10064951552077671}}",-7.4046850427889055e-06,1.9311954567189638,-12.890098204402477
2026-03-06,24962.556718963897,1906862.1,1931824.656718964,"{'511260': {'shares': 14300.0, 'price': 133.347, 'value': 1906862.1, 'profit_pct': -0.06767522821052714}}",0.0003258085543911271,1.931824656718964,-12.861717053225307
2026-03-09,19257.876081594033,1902986.8,1922244.676081594,"{'518880': {'shares': 175100.0, 'price': 10.868, 'value': 1902986.8, 'profit_pct': -0.09990009990008654}}",-0.00495903217926652,1.922244676081594,-13.293838602404396
2026-03-10,19257.876081594033,1918395.5999999999,1937653.476081594,"{'518880': {'shares': 175100.0, 'price': 10.956, 'value': 1918395.5999999999, 'profit_pct': 0.7090075915986908}}",0.008016045091309598,1.937653476081594,-12.598798102946906
2026-03-11,19525.087738514412,1916291.0,1935816.0877385144,"{'159915': {'shares': 574600.0, 'price': 3.335, 'value': 1916291.0, 'profit_pct': -0.0999000999000826}}",-0.0009482543528862575,1.9358160877385144,-12.681676673093268
2026-03-12,19811.25744493422,1895555.4000000001,1915366.6574449344,"{'518880': {'shares': 173300.0, 'price': 10.938, 'value': 1895555.4000000001, 'profit_pct': -0.09990009990009487}}",-0.010563725770803889,1.9153666574449344,-13.604083495485098
2026-03-13,19136.136120914714,1867800.0,1886936.1361209147,"{'159915': {'shares': 566000.0, 'price': 3.3, 'value': 1867800.0, 'profit_pct': -0.09990009990008221}}",-0.01484338323083556,1.8869361361209147,-14.88649119374088
2026-03-16,19136.136120914714,1895534.0,1914670.1361209147,"{'159915': {'shares': 566000.0, 'price': 3.349, 'value': 1895534.0, 'profit_pct': 1.3834650198286855}}",0.014697900723346313,1.9146701361209146,-13.635501291090824
2026-03-17,1869246.4184763147,0.0,1869246.4184763147,{},-0.023724043524608107,1.8692464184763147,-15.684416417441948
2026-03-18,18926.772261274746,1847916.8,1866843.5722612748,"{'159915': {'shares': 553600.0, 'price': 3.338, 'value': 1847916.8, 'profit_pct': -0.09990009990009516}}",-0.0012854625218426952,1.8668435722612748,-15.792800940144613
2026-03-19,18618.940293455264,1824100.1999999997,1842719.140293455,"{'511260': {'shares': 13700.0, 'price': 133.146, 'value': 1824100.1999999997, 'profit_pct': -0.09990009990008658}}",-0.012922578156132403,1.842719140293455,-16.880975051304603
2026-03-20,18483.45647225529,1817504.0,1835987.4564722553,"{'159915': {'shares': 544000.0, 'price': 3.341, 'value': 1817504.0, 'profit_pct': -0.09990009990009441}}",-0.0036531252506161183,1.8359874564722554,-17.18461926015127
2026-03-23,1772233.1416818553,0.0,1772233.1416818553,{},-0.034724809565366166,1.7722331416818553,-20.06036758542581
2026-03-24,1772233.1416818553,0.0,1772233.1416818553,{},0.0,1.7722331416818553,-20.06036758542581
2026-03-25,17906.35288727563,1752048.5999999999,1769954.9528872755,"{'159915': {'shares': 529800.0, 'price': 3.307, 'value': 1752048.5999999999, 'profit_pct': -0.09990009990008496}}",-0.0012854904589008065,1.7699549528872756,-20.163129220182785
2026-03-26,24580.139193475945,1717583.4,1742163.5391934759,"{'511260': {'shares': 12900.0, 'price': 133.146, 'value': 1717583.4, 'profit_pct': -0.09990009990008658}}",-0.015701763284124426,1.7421635391934758,-21.4167088665127
2026-03-27,17644.916893495945,1719933.9000000001,1737578.816893496,"{'159915': {'shares': 522300.0, 'price': 3.293, 'value': 1719933.9000000001, 'profit_pct': -0.09990009990009288}}",-0.002631625675108662,1.737578816893496,-21.623510673094128
2026-03-30,25155.980151896132,1692859.2,1718015.180151896,"{'511260': {'shares': 12700.0, 'price': 133.296, 'value': 1692859.2, 'profit_pct': -0.0999000999000797}}",-0.011259136305872164,1.7180151801518961,-22.505962249601495
2026-03-31,25155.980151896132,1693227.4999999998,1718383.480151896,"{'511260': {'shares': 12700.0, 'price': 133.325, 'value': 1693227.4999999998, 'profit_pct': -0.07816574255175314}}",0.00021437528856260712,1.7183834801518958,-22.489349442896877
2026-04-01,25155.980151896132,1691258.9999999998,1716414.980151896,"{'511260': {'shares': 12700.0, 'price': 133.17, 'value': 1691258.9999999998, 'profit_pct': -0.19433213527558282}}",-0.0011455533777745552,1.716414980151896,-22.57814203045607
2026-04-02,25155.980151896132,1692084.5000000002,1717240.4801518964,"{'511260': {'shares': 12700.0, 'price': 133.235, 'value': 1692084.5000000002, 'profit_pct': -0.14561719639137696}}",0.0004809442993369828,1.7172404801518963,-22.54090642922155
2026-04-03,25155.980151896132,1692160.7000000002,1717316.6801518963,"{'511260': {'shares': 12700.0, 'price': 133.241, 'value': 1692160.7000000002, 'profit_pct': -0.1411204328020673}}",4.437351721020555e-05,1.7173166801518964,-22.537469296799905
2026-04-07,25155.980151896132,1692833.8,1717989.7801518962,"{'511260': {'shares': 12700.0, 'price': 133.294, 'value': 1692833.8, 'profit_pct': -0.10139902109650203}}",0.0003919486765482372,1.7179897801518962,-22.50710796040871
2026-04-08,17173.557598856278,1696258.2,1713431.7575988562,"{'513100': {'shares': 925400.0, 'price': 1.833, 'value': 1696258.2, 'profit_pct': -0.09990009990008637}}",-0.002653113892584935,1.7134317575988562,-22.71270542885553
2026-04-09,17173.557598856278,1670347.0,1687520.5575988563,"{'513100': {'shares': 925400.0, 'price': 1.805, 'value': 1670347.0, 'profit_pct': -1.625924539181483}}",-0.015122399760064575,1.6875205575988563,-23.88147479373425
2026-04-10,17180.69274505647,1669694.5999999999,1686875.2927450563,"{'159915': {'shares': 485800.0, 'price': 3.437, 'value': 1669694.5999999999, 'profit_pct': -0.09990009990008446}}",-0.00038237451442846293,1.6868752927450563,-23.910580577849004
2026-04-13,17180.69274505647,1684754.4,1701935.0927450564,"{'159915': {'shares': 485800.0, 'price': 3.468, 'value': 1684754.4, 'profit_pct': 0.8011482262282574}}",0.008927630907139106,1.7019350927450563,-23.231282325309543
2026-04-14,17180.69274505647,1724590.0,1741770.6927450565,"{'159915': {'shares': 485800.0, 'price': 3.55, 'value': 1724590.0, 'profit_pct': 3.1845663792128893}}",0.023406062998412747,1.7417706927450565,-21.43442888310838
2026-04-15,17180.69274505647,1705643.8,1722824.4927450565,"{'159915': {'shares': 485800.0, 'price': 3.511, 'value': 1705643.8, 'profit_pct': 2.0509894527933756}}",-0.0108775512637318,1.7228244927450564,-22.289029910496737
2026-04-16,17180.69274505647,1760539.2,1777719.8927450564,"{'159915': {'shares': 485800.0, 'price': 3.624, 'value': 1760539.2, 'profit_pct': 5.335455931906349}}",0.03186360551011935,1.7777198927450564,-19.812878215756125
2026-04-17,17180.69274505647,1782886.0,1800066.6927450565,"{'159915': {'shares': 485800.0, 'price': 3.67, 'value': 1782886.0, 'profit_pct': 6.672495383580652}}",0.012570484299128548,1.8000666927450564,-18.80488726037498
2026-04-20,17180.69274505647,1783857.6,1801038.2927450566,"{'159915': {'shares': 485800.0, 'price': 3.672, 'value': 1783857.6, 'profit_pct': 6.730627533653455}}",0.0005397577789290064,1.8010382927450566,-18.76106156666275
2026-04-21,17180.69274505647,1788229.8,1805410.4927450565,"{'159915': {'shares': 485800.0, 'price': 3.681, 'value': 1788229.8, 'profit_pct': 6.992222208981033}}",0.0024275996893636798,1.8054104927450565,-18.56384594495776
2026-04-22,17180.69274505647,1825636.4,1842817.0927450564,"{'159915': {'shares': 485800.0, 'price': 3.758, 'value': 1825636.4, 'profit_pct': 9.230309986783677}}",0.020719166167647796,1.8428170927450565,-16.876556737037163
2026-04-23,17180.69274505647,1811062.4000000001,1828243.0927450566,"{'159915': {'shares': 485800.0, 'price': 3.728, 'value': 1811062.4000000001, 'profit_pct': 8.358327735691743}}",-0.007908543966395731,1.8282430927450566,-17.533942142720505
2026-04-24,18145.616164516425,1779231.0,1797376.6161645164,"{'513100': {'shares': 933000.0, 'price': 1.907, 'value': 1779231.0, 'profit_pct': -0.09990009990009367}}",-0.01688313589315682,1.7973766161645164,-18.926227804097884
2026-04-27,18145.616164516425,1814685.0,1832830.6161645164,"{'513100': {'shares': 933000.0, 'price': 1.945, 'value': 1814685.0, 'profit_pct': 1.8907678582560679}}",0.01972541518630444,1.8328306161645165,-17.327013986813856
2026-04-28,18145.616164516425,1831479.0,1849624.6161645164,"{'513100': {'shares': 933000.0, 'price': 1.963, 'value': 1831479.0, 'profit_pct': 2.833715838435302}}",0.009162876182821522,1.8496246161645165,-16.569491652310887
2026-04-29,18733.740946696606,1825205.4,1843939.1409466965,"{'159915': {'shares': 494100.0, 'price': 3.694, 'value': 1825205.4, 'profit_pct': -0.09990009990008422}}",-0.003073853563654194,1.8439391409466965,-16.825944817712923
2026-04-30,18733.740946696606,1822734.9000000001,1841468.6409466967,"{'159915': {'shares': 494100.0, 'price': 3.689, 'value': 1822734.9000000001, 'profit_pct': -0.23511950961867897}}",-0.0013397947606510474,1.8414686409466967,-16.93738098106825
2026-05-06,18733.740946696606,1870662.6,1889396.3409466967,"{'159915': {'shares': 494100.0, 'price': 3.786, 'value': 1870662.6, 'profit_pct': 2.388137038922114}}",0.026026889046212753,1.8893963409466967,-14.775519411974669
2026-05-07,18733.740946696606,1899814.5,1918548.2409466966,"{'159915': {'shares': 494100.0, 'price': 3.845, 'value': 1899814.5, 'profit_pct': 3.9837260736015705}}",0.015429213748446857,1.9185482409466965,-13.460572684381667
2026-05-08,18733.740946696606,1880544.6,1899278.3409466967,"{'159915': {'shares': 494100.0, 'price': 3.806, 'value': 1880544.6, 'profit_pct': 2.929014677796505}}",-0.010044000765126126,1.8992783409466967,-14.329774758553304
2026-05-11,18733.740946696606,1950212.7,1968946.4409466966,"{'159915': {'shares': 494100.0, 'price': 3.947, 'value': 1950212.7, 'profit_pct': 6.742202031860958}}",0.036681353384609094,1.9689464409466966,-11.187274951932746
2026-05-12,19693.399770717137,1940740.5999999999,1960433.999770717,"{'513100': {'shares': 932600.0, 'price': 2.081, 'value': 1940740.5999999999, 'profit_pct': -0.09990009990007859}}",-0.004323348263290838,1.960433999770717,-11.571243292527434
2026-05-13,19873.801845297683,1946683.2,1966557.0018452976,"{'159915': {'shares': 480900.0, 'price': 4.048, 'value': 1946683.2, 'profit_pct': -0.09990009990007928}}",0.003123289065225743,1.9665570018452976,-11.295054723651477
2026-05-14,19377.892610567855,1900394.0,1919771.8926105679,"{'513100': {'shares': 902800.0, 'price': 2.105, 'value': 1900394.0, 'profit_pct': -0.0999000999000905}}",-0.023790365186887263,1.9197718926105678,-13.405377765658654
2026-05-15,19424.06580126821,1890911.0,1910335.0658012682,"{'159915': {'shares': 476300.0, 'price': 3.97, 'value': 1890911.0, 'profit_pct': -0.09990009990008387}}",-0.004915597965374441,1.910335065801268,-13.83104211452616
2026-05-18,18944.687403198797,1864151.7999999998,1883096.4874031986,"{'513100': {'shares': 902300.0, 'price': 2.066, 'value': 1864151.7999999998, 'profit_pct': -0.09990009990008442}}",-0.014258534476853546,1.8830964874031986,-15.05968517137073
2026-05-19,18944.687403198797,1847008.1,1865952.787403199,"{'513100': {'shares': 902300.0, 'price': 2.047, 'value': 1847008.1, 'profit_pct': -1.0186328676163803}}",-0.009103994465860299,1.865952787403199,-15.832981327498995
2026-05-20,18944.687403198797,1856933.4,1875878.0874031987,"{'513100': {'shares': 902300.0, 'price': 2.058, 'value': 1856933.4, 'profit_pct': -0.4867349494648473}}",0.005319159234362214,1.8758780874031986,-15.385283552898422
2026-05-21,18944.687403198797,1897536.9000000001,1916481.587403199,"{'513100': {'shares': 902300.0, 'price': 2.103, 'value': 1897536.9000000001, 'profit_pct': 1.6892110793369601}}",0.02164506332935967,1.9164815874031988,-13.553792656805097
2026-05-22,18944.687403198797,1936335.7999999998,1955280.4874031986,"{'513100': {'shares': 902300.0, 'price': 2.146, 'value': 1936335.7999999998, 'profit_pct': 3.7684483957475443}}",0.02024485925407271,1.9552804874031986,-11.803701356093732
2026-05-25,18944.687403198797,2013031.2999999998,2031975.9874031986,"{'513100': {'shares': 902300.0, 'price': 2.231, 'value': 2013031.2999999998, 'profit_pct': 7.878568672373144}}",0.03922480712823928,2.0319759874031984,-8.344218552361927
2026-05-26,18944.687403198797,1971525.5,1990470.1874031988,"{'513100': {'shares': 902300.0, 'price': 2.185, 'value': 1971525.5, 'profit_pct': 5.654268287375769}}",-0.02042632405958833,1.9904701874031987,-10.216409246146185
2026-05-27,18944.687403198797,2005812.9,2024757.5874031987,"{'513100': {'shares': 902300.0, 'price': 2.223, 'value': 2005812.9, 'profit_pct': 7.491733822808381}}",0.01722577922391877,2.0247575874031987,-8.669816933889617
2026-05-28,20245.72220917931,1991205.5999999999,2011451.3222091792,"{'159915': {'shares': 481200.0, 'price': 4.138, 'value': 1991205.5999999999, 'profit_pct': -0.09990009990008322}}",-0.0065717818650503634,2.011451322209179,-9.270018974695216
2026-05-29,19796.534513859544,1945688.0,1965484.5345138595,"{'513100': {'shares': 856000.0, 'price': 2.273, 'value': 1945688.0, 'profit_pct': -0.0999000999000888}}",-0.02285254790299085,1.9654845345138596,-11.343430212313443
2026-06-01,19796.534513859544,2024440.0000000002,2044236.5345138598,"{'513100': {'shares': 856000.0, 'price': 2.365, 'value': 2024440.0000000002, 'profit_pct': 3.943570727556664}}",0.0400674737537321,2.0442365345138596,-7.791185429249403
2026-06-02,19796.534513859544,2005608.0,2025404.5345138595,"{'513100': {'shares': 856000.0, 'price': 2.343, 'value': 2005608.0, 'profit_pct': 2.9766537905561266}}",-0.009212241187382286,2.0254045345138594,-8.640635268677777
2026-06-03,19796.534513859544,1967944.0,1987740.5345138595,"{'513100': {'shares': 856000.0, 'price': 2.299, 'value': 1967944.0, 'profit_pct': 1.0428199165550707}}",-0.018595791289190644,1.9877405345138595,-10.339534947534478
2026-06-04,19796.534513859544,1917440.0000000002,1937236.5345138598,"{'513100': {'shares': 856000.0, 'price': 2.24, 'value': 1917440.0000000002, 'profit_pct': -1.5502755054008757}}",-0.02540774267218504,1.9372365345138598,-12.617604971455975
2026-06-05,19796.534513859544,1887480.0,1907276.5345138595,"{'513100': {'shares': 856000.0, 'price': 2.205, 'value': 1887480.0, 'profit_pct': -3.088552450628993}}",-0.015465328815677415,1.9072765345138596,-13.969002443273816
2026-06-08,20640.822376459604,1804042.0,1824682.8223764596,"{'511260': {'shares': 13400.0, 'price': 134.63, 'value': 1804042.0, 'profit_pct': -0.09990009990009038}}",-0.04330452907210547,1.8246828223764595,-17.694534278071295
2026-06-09,18404.08409007988,1799600.0000000002,1818004.08409008,"{'513100': {'shares': 818000.0, 'price': 2.2, 'value': 1799600.0000000002, 'profit_pct': -0.09990009990008891}}",-0.0036602187538988806,1.8180040840900802,-17.995790287255087
2026-06-10,18404.08409007988,1752973.9999999998,1771378.0840900796,"{'513100': {'shares': 818000.0, 'price': 2.143, 'value': 1752973.9999999998, 'profit_pct': -2.6882208700390584}}",-0.025646807071578737,1.7713780840900797,-20.09893643281514
2026-06-11,1758479.5647920796,0.0,1758479.5647920796,{},-0.007281629717478255,1.7584795647920797,-20.680746391744066
2026-06-12,17754.839792819927,1738464.2,1756219.0397928199,"{'513100': {'shares': 804100.0, 'price': 2.162, 'value': 1738464.2, 'profit_pct': -0.09990009990008954}}",-0.0012854997263087586,1.75621903979282,-20.782711270548493
2026-06-15,17754.839792819927,1815657.8,1833412.63979282,"{'513100': {'shares': 804100.0, 'price': 2.258, 'value': 1815657.8, 'profit_pct': 4.335997027948939}}",0.04395442610000777,1.8334126397928199,-17.30076080724684
2026-06-16,17754.839792819927,1833347.9999999998,1851102.8397928197,"{'513100': {'shares': 804100.0, 'price': 2.28, 'value': 1833347.9999999998, 'profit_pct': 5.352556786414332}}",0.009648782612297735,1.8511028397928198,-16.50281382607356
2026-06-17,18825.60354115977,1826716.0999999999,1845541.7035411596,"{'159915': {'shares': 436700.0, 'price': 4.183, 'value': 1826716.0999999999, 'profit_pct': -0.09990009990008515}}",-0.003004228685793864,1.8455417035411597,-16.753658467960342
2026-06-18,18825.60354115977,1864272.3,1883097.9035411598,"{'159915': {'shares': 436700.0, 'price': 4.269, 'value': 1864272.3, 'profit_pct': 1.9539867256817038}}",0.0203496891606072,1.88309790354116,-15.059621294025582
2026-06-22,18825.60354115977,1912309.2999999998,1931134.9035411596,"{'159915': {'shares': 436700.0, 'price': 4.379, 'value': 1912309.2999999998, 'profit_pct': 4.58105127003048}}",0.025509560554268784,1.9311349035411596,-12.892829559923014
2026-06-23,18825.60354115977,1838507.0,1857332.6035411598,"{'159915': {'shares': 436700.0, 'price': 4.21, 'value': 1838507.0, 'profit_pct': 0.5449248337128031}}",-0.03821706078879683,1.8573326035411597,-16.221809587771517
2026-06-24,18825.60354115977,1859468.6,1878294.2035411599,"{'159915': {'shares': 436700.0, 'price': 4.258, 'value': 1859468.6, 'profit_pct': 1.6912802712468218}}",0.011285862295226545,1.8782942035411598,-15.276300467435844
2026-06-25,18825.60354115977,1919296.4999999998,1938122.1035411595,"{'159915': {'shares': 436700.0, 'price': 4.395, 'value': 1919296.4999999998, 'profit_pct': 4.963169749208487}}",0.03185225183957119,1.9381221035411595,-12.577659853144452
2026-06-26,18825.60354115977,1840690.5,1859516.1035411598,"{'159915': {'shares': 436700.0, 'price': 4.215, 'value': 1840690.5, 'profit_pct': 0.6643368584559274}}",-0.04055781617493448,1.8595161035411598,-16.12331905440322
2026-06-29,18825.60354115977,1849861.2,1868686.8035411597,"{'159915': {'shares': 436700.0, 'price': 4.236, 'value': 1849861.2, 'profit_pct': 1.165867362377058}}",0.004931766916422831,1.8686868035411597,-15.709658814256366
2026-06-30,18825.60354115977,1905758.8,1924584.4035411598,"{'159915': {'shares': 436700.0, 'price': 4.364, 'value': 1905758.8, 'profit_pct': 4.2228151958011075}}",0.029912770772541508,1.92458440354116,-13.188301160027894
2026-07-01,18825.60354115977,1866455.8,1885281.4035411598,"{'159915': {'shares': 436700.0, 'price': 4.274, 'value': 1866455.8, 'profit_pct': 2.073398750424828}}",-0.02042155175303506,1.8852814035411598,-14.961130760657282
2026-07-02,24819.983750119805,1751958.0,1776777.9837501198,"{'511260': {'shares': 13000.0, 'price': 134.766, 'value': 1751958.0, 'profit_pct': -0.09990009990008869}}",-0.05755290408489466,1.7767779837501199,-19.85536464547708
2026-07-03,24819.983750119805,1751503.0,1776322.9837501198,"{'511260': {'shares': 13000.0, 'price': 134.731, 'value': 1751503.0, 'profit_pct': -0.12584509712864156}}",-0.0002560815161833929,1.7763229837501198,-19.875888205212632
2026-07-06,24819.983750119805,1752946.0000000002,1777765.98375012,"{'511260': {'shares': 13000.0, 'price': 134.842, 'value': 1752946.0000000002, 'profit_pct': -0.043562391632352204}}",0.0008123522654386317,1.77776598375012,-19.810799201479867
2026-07-07,24819.983750119805,1753167.0,1777986.9837501198,"{'511260': {'shares': 13000.0, 'price': 134.859, 'value': 1753167.0, 'profit_pct': -0.030960535835628324}}",0.00012431332471196654,1.7779869837501199,-19.800830615322607
2026-07-08,24819.983750119805,1753934.0,1778753.9837501198,"{'511260': {'shares': 13000.0, 'price': 134.918, 'value': 1753934.0, 'profit_pct': 0.012775316635363208}}",0.0004313867351166678,1.7787539837501198,-19.766233757482688
2026-07-09,18106.112165180035,1756486.8,1774592.91216518,"{'510300': {'shares': 357300.0, 'price': 4.916, 'value': 1756486.8, 'profit_pct': -0.09990009990009377}}",-0.002339318209799268,1.77459291216518,-19.95392606789459
2026-07-10,17488.791714289924,1721538.0000000002,1739026.7917142902,"{'513050': {'shares': 1576500.0, 'price': 1.092, 'value': 1721538.0000000002, 'profit_pct': -0.09990009990008808}}",-0.020041847460945728,1.73902679171429,-21.55819727148942
2026-07-13,23590.88478499977,1699966.8,1723557.6847849998,"{'511260': {'shares': 12600.0, 'price': 134.918, 'value': 1699966.8, 'profit_pct': -0.09990009990009914}}",-0.00889526659565798,1.7235576847849998,-22.25595801900353
2026-07-14,17215.54970889003,1701605.5,1718821.04970889,"{'513050': {'shares': 1568300.0, 'price': 1.085, 'value': 1701605.5, 'profit_pct': -0.09990009990007971}}",-0.0027481732221226185,1.71882104970889,-22.469612113355286
2026-07-15,17215.54970889003,1756496.0000000002,1773711.5497088903,"{'513050': {'shares': 1568300.0, 'price': 1.12, 'value': 1756496.0000000002, 'profit_pct': 3.1226837678450923}}",0.031934970780871375,1.7737115497088902,-19.99368144156566
2026-07-16,17215.54970889003,1795703.5,1812919.04970889,"{'513050': {'shares': 1568300.0, 'price': 1.145, 'value': 1795703.5, 'profit_pct': 5.424529387663054}}",0.022104777976122758,1.81291904970889,-18.22515953314451
2026-07-17,17215.54970889003,1720425.0999999999,1737640.64970889,"{'513050': {'shares': 1568300.0, 'price': 1.097, 'value': 1720425.0999999999, 'profit_pct': 1.0049857976125471}}",-0.041523310162187355,1.7376406497088899,-21.620721597313132
2026-07-20,17215.54970889003,1783157.1,1800372.6497088901,"{'513050': {'shares': 1568300.0, 'price': 1.137, 'value': 1783157.1, 'profit_pct': 4.687938789321303}}",0.03610182577767729,1.80037264970889,-18.791086543839274
2026-07-21,17215.54970889003,1775315.5999999999,1792531.14970889,"{'513050': {'shares': 1568300.0, 'price': 1.132, 'value': 1775315.5999999999, 'profit_pct': 4.227569665357699}}",-0.004355487182760798,1.7925311497088898,-19.144790925523512
2026-07-22,17215.54970889003,1696900.6,1714116.1497088901,"{'513050': {'shares': 1568300.0, 'price': 1.082, 'value': 1696900.6, 'profit_pct': -0.3761215742782262}}",-0.04374540437566987,1.7141161497088901,-22.681834742365815
2026-07-23,17215.54970889003,1717288.5,1734504.04970889,"{'513050': {'shares': 1568300.0, 'price': 1.095, 'value': 1717288.5, 'profit_pct': 0.8208381480271093}}",0.011894118145647559,1.73450404970889,-21.76220334998682
2026-07-24,17215.54970889003,1667102.9,1684318.44970889,"{'513050': {'shares': 1568300.0, 'price': 1.063, 'value': 1667102.9, 'profit_pct': -2.125524245339896}}",-0.028933688571337157,1.6843184497088899,-24.02591139276591
2026-07-27,17215.54970889003,1709447.0000000002,1726662.5497088903,"{'513050': {'shares': 1568300.0, 'price': 1.09, 'value': 1709447.0000000002, 'profit_pct': 0.36046902406352505}}",0.025140198403288183,1.7266625497088903,-22.115907731671047
2026-07-28,17215.54970889003,1721993.4000000001,1739208.9497088902,"{'513050': {'shares': 1568300.0, 'price': 1.098, 'value': 1721993.4000000001, 'profit_pct': 1.0970596224052764}}",0.007266272151507103,1.73920894970889,-21.54998072097628
2026-07-29,17215.54970889003,1776883.9,1794099.44970889,"{'513050': {'shares': 1568300.0, 'price': 1.133, 'value': 1776883.9, 'profit_pct': 4.319643490150428}}",0.03156061266197341,1.79409944970889,-19.074050049186663
2026-07-30,17215.54970889003,1786293.7,1803509.24970889,"{'513050': {'shares': 1568300.0, 'price': 1.139, 'value': 1786293.7, 'profit_pct': 4.8720864389067415}}",0.005244859754863107,1.80350924970889,-18.649604791165586
2026-07-31,17215.54970889003,1795703.5,1812919.04970889,"{'513050': {'shares': 1568300.0, 'price': 1.145, 'value': 1795703.5, 'profit_pct': 5.424529387663054}}",0.005217494726749372,1.81291904970889,-18.22515953314451
