date,cash,position_value,total_value,positions,return,equity,drawdown
2020-06-01,667166.5787196402,332401.2,999567.7787196401,"{'510300': {'shares': 95600.0, 'price': 3.477, 'value': 332401.2, 'profit_pct': -0.09990009990009216}}",,0.9995677787196401,0.0
2020-06-02,753904.8982150002,246601.6,1000506.4982150001,"{'510300': {'shares': 70700.0, 'price': 3.488, 'value': 246601.6, 'profit_pct': 0.21614853366364412}}",0.0009391254053452425,1.000506498215,0.0
2020-06-03,842707.8308405501,157612.4,1000320.2308405502,"{'510300': {'shares': 45200.0, 'price': 3.487, 'value': 157612.4, 'profit_pct': 0.18741683970330794}}",-0.00018617307811819028,1.00032023084055,-0.01861730781181903
2020-06-04,934000.8229240901,66291.0,1000291.8229240901,"{'510300': {'shares': 19000.0, 'price': 3.489, 'value': 66291.0, 'profit_pct': 0.24488022762398032}}",-2.8398822281339164e-05,1.00029182292409,-0.02145666133034352
2020-06-05,1000642.0965424901,0.0,1000642.0965424901,{},0.00035017143034932197,1.00064209654249,0.0
2020-06-08,1000642.0965424901,0.0,1000642.0965424901,{},0.0,1.00064209654249,0.0
2020-06-09,1000642.0965424901,0.0,1000642.0965424901,{},0.0,1.00064209654249,0.0
2020-06-10,1000642.0965424901,0.0,1000642.0965424901,{},0.0,1.00064209654249,0.0
2020-06-11,1000642.0965424901,0.0,1000642.0965424901,{},0.0,1.00064209654249,0.0
2020-06-12,1000642.0965424901,0.0,1000642.0965424901,{},0.0,1.00064209654249,0.0
2020-06-15,1000642.0965424901,0.0,1000642.0965424901,{},0.0,1.00064209654249,0.0
2020-06-16,1000642.0965424901,0.0,1000642.0965424901,{},0.0,1.00064209654249,0.0
2020-06-17,1000642.0965424901,0.0,1000642.0965424901,{},0.0,1.00064209654249,0.0
2020-06-18,1000642.0965424901,0.0,1000642.0965424901,{},0.0,1.00064209654249,0.0
2020-06-19,1000642.0965424901,0.0,1000642.0965424901,{},0.0,1.00064209654249,0.0
2020-06-22,1000642.0965424901,0.0,1000642.0965424901,{},0.0,1.00064209654249,0.0
2020-06-23,1000642.0965424901,0.0,1000642.0965424901,{},0.0,1.00064209654249,0.0
2020-06-24,1000642.0965424901,0.0,1000642.0965424901,{},0.0,1.00064209654249,0.0
2020-06-29,1000642.0965424901,0.0,1000642.0965424901,{},0.0,1.00064209654249,0.0
2020-06-30,1000642.0965424901,0.0,1000642.0965424901,{},0.0,1.00064209654249,0.0
2020-07-01,1000642.0965424901,0.0,1000642.0965424901,{},0.0,1.00064209654249,0.0
2020-07-02,1000642.0965424901,0.0,1000642.0965424901,{},0.0,1.00064209654249,0.0
2020-07-03,1000642.0965424901,0.0,1000642.0965424901,{},0.0,1.00064209654249,0.0
2020-07-06,1000642.0965424901,0.0,1000642.0965424901,{},0.0,1.00064209654249,0.0
2020-07-07,917331.9089818901,83202.0,1000533.9089818901,"{'510300': {'shares': 19600.0, 'price': 4.245, 'value': 83202.0, 'profit_pct': -0.0999000999000803}}",-0.00010811813831723693,1.00053390898189,-0.010811813831723693
2020-07-08,917331.9089818901,84417.20000000001,1001749.1089818901,"{'510300': {'shares': 19600.0, 'price': 4.307, 'value': 84417.20000000001, 'profit_pct': 1.3591826312674633}}",0.0012145515400239226,1.0017491089818902,0.0
2020-07-09,917331.9089818901,85867.6,1003199.50898189,"{'510300': {'shares': 19600.0, 'price': 4.381, 'value': 85867.6, 'profit_pct': 3.10066847169323}}",0.0014478675219127268,1.0031995089818901,0.0
2020-07-10,917331.9089818901,84162.4,1001494.3089818901,"{'510300': {'shares': 19600.0, 'price': 4.294, 'value': 84162.4, 'profit_pct': 1.0532459295710257}}",-0.0016997615975016256,1.0014943089818902,-0.16997615975016256
2020-07-13,917331.9089818901,86122.40000000001,1003454.3089818901,"{'510300': {'shares': 19600.0, 'price': 4.394, 'value': 86122.40000000001, 'profit_pct': 3.4066051733896465}}",0.001957075524465557,1.0034543089818901,0.0
2020-07-14,917331.9089818901,85279.6,1002611.50898189,"{'510300': {'shares': 19600.0, 'price': 4.351, 'value': 85279.6, 'profit_pct': 2.3946606985476415}}",-0.0008398987302722372,1.00261150898189,-0.08398987302722372
2020-07-15,917331.9089818901,84142.8,1001474.7089818901,"{'510300': {'shares': 19600.0, 'price': 4.293, 'value': 84142.8, 'profit_pct': 1.0297123371328527}}",-0.0011338389693474893,1.00147470898189,-0.19727853897089087
2020-07-16,834298.08030409,162600.00000000003,996898.08030409,"{'510300': {'shares': 40000.0, 'price': 4.065, 'value': 162600.00000000003, 'profit_pct': -2.221442238778264}}",-0.004569889420824924,0.99689808030409,-0.6533659399451941
2020-07-17,834298.08030409,164560.0,998858.08030409,"{'510300': {'shares': 40000.0, 'price': 4.114, 'value': 164560.0, 'profit_pct': -1.0428077171792938}}",0.0019660986802203517,0.9988580803040901,-0.45804065383538983
2020-07-20,920600.16750841,83025.59999999999,1003625.76750841,"{'510300': {'shares': 19600.0, 'price': 4.236, 'value': 83025.59999999999, 'profit_pct': 1.8917517039447014}}",0.004773137744321421,1.00362576750841,0.0
2020-07-21,920600.16750841,83260.8,1003860.9675084101,"{'510300': {'shares': 19600.0, 'price': 4.248, 'value': 83260.8, 'profit_pct': 2.180396892907728}}",0.000234350300295727,1.00386096750841,0.0
2020-07-22,920600.16750841,84299.6,1004899.76750841,"{'510300': {'shares': 19600.0, 'price': 4.301, 'value': 84299.6, 'profit_pct': 3.4552464774943816}}",0.001034804652857657,1.00489976750841,0.0
2020-07-23,920600.16750841,83790.0,1004390.16750841,"{'510300': {'shares': 19600.0, 'price': 4.275, 'value': 83790.0, 'profit_pct': 2.8298485680745182}}",-0.0005071152531594958,1.0043901675084101,-0.05071152531594958
2020-07-24,920600.16750841,79634.79999999999,1000234.9675084101,"{'510300': {'shares': 19600.0, 'price': 4.063, 'value': 79634.79999999999, 'profit_pct': -2.269549770272116}}",-0.004137037711458014,1.0002349675084101,-0.46420550096911706
2020-07-27,920600.16750841,80183.6,1000783.76750841,"{'510300': {'shares': 19600.0, 'price': 4.091, 'value': 80183.6, 'profit_pct': -1.5960443293584006}}",0.000548671080123242,1.0007837675084101,-0.4095930890904098
2020-07-28,920600.16750841,80869.6,1001469.76750841,"{'510300': {'shares': 19600.0, 'price': 4.126, 'value': 80869.6, 'profit_pct': -0.7541625282162665}}",0.0006854627565631155,1.00146976750841,-0.3413275742420008
2020-07-29,920600.16750841,83456.8,1004056.9675084101,"{'510300': {'shares': 19600.0, 'price': 4.258, 'value': 83456.8, 'profit_pct': 2.4209345503769035}}",0.0025834029982121365,1.0040569675084101,-0.0838690610994619
2020-07-30,920600.16750841,82770.8,1003370.9675084101,"{'510300': {'shares': 19600.0, 'price': 4.223, 'value': 82770.8, 'profit_pct': 1.5790527492347697}}",-0.0006832281655315686,1.0033709675084101,-0.15213457594785984
2020-07-31,920600.16750841,83476.40000000001,1004076.5675084101,"{'510300': {'shares': 19600.0, 'price': 4.259, 'value': 83476.40000000001, 'profit_pct': 2.4449883161238297}}",0.0007032294364188729,1.00407656750841,-0.08191861781807752
2020-08-03,920600.16750841,84946.4,1005546.5675084101,"{'510300': {'shares': 19600.0, 'price': 4.334, 'value': 84946.4, 'profit_pct': 4.249020747142664}}",0.0014640317756322574,1.00554656750841,0.0
2020-08-04,920600.16750841,85024.8,1005624.9675084101,"{'510300': {'shares': 19600.0, 'price': 4.338, 'value': 85024.8, 'profit_pct': 4.3452358101303465}}",7.796754773314873e-05,1.0056249675084101,0.0
2020-08-05,920600.16750841,85064.0,1005664.16750841,"{'510300': {'shares': 19600.0, 'price': 4.34, 'value': 85064.0, 'profit_pct': 4.393343341624177}}",3.898073463415308e-05,1.0056641675084101,0.0
2020-08-06,920600.16750841,84711.2,1005311.36750841,"{'510300': {'shares': 19600.0, 'price': 4.322, 'value': 84711.2, 'profit_pct': 3.960375558179658}}",-0.00035081293676209047,1.00531136750841,-0.03508129367620905
2020-08-07,920600.16750841,83770.4,1004370.5675084101,"{'510300': {'shares': 19600.0, 'price': 4.274, 'value': 83770.4, 'profit_pct': 2.805794802327592}}",-0.0009358294657819677,1.00437056750841,-0.12863141014608503
2020-08-10,920600.16750841,84084.0,1004684.16750841,"{'510300': {'shares': 19600.0, 'price': 4.29, 'value': 84084.0, 'profit_pct': 3.1906550542782806}}",0.0003122353543054679,1.0046841675084102,-0.0974480379894671
2020-08-11,920600.16750841,83162.8,1003762.9675084101,"{'510300': {'shares': 19600.0, 'price': 4.243, 'value': 83162.8, 'profit_pct': 2.060128064173141}}",-0.0009169050630950526,1.00376296750841,-0.1890491936995531
2020-08-12,920600.16750841,82535.6,1003135.76750841,"{'510300': {'shares': 19600.0, 'price': 4.211, 'value': 82535.6, 'profit_pct': 1.290407560271764}}",-0.0006248487145893433,1.00313576750841,-0.25141593801281115
2020-08-13,920600.16750841,82241.59999999999,1002841.76750841,"{'510300': {'shares': 19600.0, 'price': 4.196, 'value': 82241.59999999999, 'profit_pct': 0.9296010740679799}}",-0.0002930809662288203,1.00284176750841,-0.28065034940965017
2020-08-14,920600.16750841,84025.2,1004625.36750841,"{'510300': {'shares': 19600.0, 'price': 4.287, 'value': 84025.2, 'profit_pct': 3.1184937570375237}}",0.0017785457863721543,1.00462536750841,-0.10329492026883713
2020-08-17,920600.16750841,85965.6,1006565.76750841,"{'510300': {'shares': 19600.0, 'price': 4.386, 'value': 85965.6, 'profit_pct': 5.499816565982412}}",0.0019314662587233133,1.00656576750841,0.0
2020-08-18,920600.16750841,85828.4,1006428.5675084101,"{'510300': {'shares': 19600.0, 'price': 4.379, 'value': 85828.4, 'profit_pct': 5.331440205753973}}",-0.00013630505271355897,1.0064285675084101,-0.013630505271355897
2020-08-19,920600.16750841,84338.8,1004938.9675084101,"{'510300': {'shares': 19600.0, 'price': 4.303, 'value': 84338.8, 'profit_pct': 3.5033540089882123}}",-0.0014800851725500497,1.0049389675084102,-0.16161884821761507
2020-08-20,920600.16750841,83339.2,1003939.36750841,"{'510300': {'shares': 19600.0, 'price': 4.252, 'value': 83339.2, 'profit_pct': 2.27661195589539}}",-0.0009946872718832322,1.00393936750841,-0.2609268151947286
2020-08-21,920600.16750841,84142.8,1004742.9675084101,"{'510300': {'shares': 19600.0, 'price': 4.293, 'value': 84142.8, 'profit_pct': 3.262816351519037}}",0.0008004467460962505,1.00474296750841,-0.18109099860528222
2020-08-24,920600.16750841,84730.8,1005330.9675084101,"{'510300': {'shares': 19600.0, 'price': 4.323, 'value': 84730.8, 'profit_pct': 3.9844293239265838}}",0.0005852243001591706,1.0053309675084101,-0.12267454744229189
2020-08-25,920600.16750841,84907.2,1005507.36750841,"{'510300': {'shares': 19600.0, 'price': 4.332, 'value': 84907.2, 'profit_pct': 4.200913215648833}}",0.00017546460389761265,1.00550736750841,-0.10514961209340257
2020-08-26,920600.16750841,83750.79999999999,1004350.9675084101,"{'510300': {'shares': 19600.0, 'price': 4.273, 'value': 83750.79999999999, 'profit_pct': 2.781741036580666}}",-0.0011500661629814113,1.0043509675084101,-0.2200352993806165
2020-08-27,920600.16750841,84456.40000000001,1005056.5675084101,"{'510300': {'shares': 19600.0, 'price': 4.309, 'value': 84456.40000000001, 'profit_pct': 3.647676603469726}}",0.0007025432571150514,1.00505656750841,-0.1499355579850259
2020-08-28,1006352.96954773,885.2,1007238.16954773,"{'510300': {'shares': 200.0, 'price': 4.426, 'value': 885.2, 'profit_pct': 6.461967195859134}}",0.0021706261217995237,1.00723816954773,0.0
2020-08-31,1006352.96954773,876.6,1007229.56954773,"{'510300': {'shares': 200.0, 'price': 4.383, 'value': 876.6, 'profit_pct': 5.427655268741655}}",-8.538199067542607e-06,1.00722956954773,-0.0008538199067542607
2020-09-01,1006352.96954773,883.4,1007236.3695477301,"{'510300': {'shares': 200.0, 'price': 4.417, 'value': 883.4, 'profit_pct': 6.245483304136863}}",6.75119178938921e-06,1.00723636954773,-0.00017870649210438572
2020-09-02,1006352.96954773,882.6,1007235.56954773,"{'510300': {'shares': 200.0, 'price': 4.413, 'value': 882.6, 'profit_pct': 6.149268241149201}}",-7.942524954396291e-07,1.00723556954773,-0.00025813159971743715
2020-09-03,1006352.96954773,878.5999999999999,1007231.56954773,"{'510300': {'shares': 200.0, 'price': 4.393, 'value': 878.5999999999999, 'profit_pct': 5.66819292621083}}",-3.971265631341758e-06,1.00723156954773,-0.0006552571377382854
2020-09-04,1006352.96954773,867.6,1007220.56954773,"{'510300': {'shares': 200.0, 'price': 4.338, 'value': 867.6, 'profit_pct': 4.3452358101303465}}",-1.0921023856469425e-05,1.00722056954773,-0.0017473523672983937
2020-09-07,1006352.96954773,848.1999999999999,1007201.16954773,"{'510300': {'shares': 200.0, 'price': 4.241, 'value': 848.1999999999999, 'profit_pct': 2.012020532679289}}",-1.9260925150366148e-05,1.00720116954773,-0.0036734112267233776
2020-09-08,1006352.96954773,852.9999999999999,1007205.96954773,"{'510300': {'shares': 200.0, 'price': 4.265, 'value': 852.9999999999999, 'profit_pct': 2.5893109106053216}}",4.765681519414144e-06,1.00720596954773,-0.003196860581089478
2020-09-09,1006352.96954773,830.8,1007183.7695477301,"{'510300': {'shares': 200.0, 'price': 4.154, 'value': 830.8, 'profit_pct': -0.08065708730257218}}",-2.2041171985787145e-05,1.0071837695477301,-0.005400907317121284
2020-09-10,1006352.96954773,831.6,1007184.56954773,"{'510300': {'shares': 200.0, 'price': 4.158, 'value': 831.6, 'profit_pct': 0.015557975685110649}}",7.942939750371636e-07,1.00718456954773,-0.005321482209519335
2020-09-11,1006352.96954773,838.8,1007191.7695477301,"{'510300': {'shares': 200.0, 'price': 4.194, 'value': 838.8, 'profit_pct': 0.8814935425741491}}",7.148640098098014e-06,1.0071917695477302,-0.004606656241068485
2020-09-14,1006352.96954773,844.2,1007197.16954773,"{'510300': {'shares': 200.0, 'price': 4.221, 'value': 844.2, 'profit_pct': 1.5309452177409388}}",5.361441746343232e-06,1.00719716954773,-0.004070536764744226
2020-09-15,1006352.96954773,851.2,1007204.16954773,"{'510300': {'shares': 200.0, 'price': 4.256, 'value': 851.2, 'profit_pct': 2.372827018883073}}",6.949979816983642e-06,1.00720416954773,-0.003375567073204966
2020-09-16,1006352.96954773,845.5999999999999,1007198.56954773,"{'510300': {'shares': 200.0, 'price': 4.228, 'value': 845.5999999999999, 'profit_pct': 1.6993215779693573}}",-5.559945212008088e-06,1.0071985695477301,-0.003931542826440815
2020-09-17,1006352.96954773,839.8,1007192.7695477301,"{'510300': {'shares': 200.0, 'price': 4.199, 'value': 839.8, 'profit_pct': 1.0017623713087367}}",-5.758546701040146e-06,1.00719276954773,-0.004507374856566049
2020-09-18,1006352.96954773,864.0,1007216.96954773,"{'510300': {'shares': 200.0, 'price': 4.32, 'value': 864.0, 'profit_pct': 3.912268026685827}}",2.4027178045393782e-05,1.00721696954773,-0.0021047653515182674
2020-09-21,1006352.96954773,852.9999999999999,1007205.96954773,"{'510300': {'shares': 200.0, 'price': 4.265, 'value': 852.9999999999999, 'profit_pct': 2.5893109106053216}}",-1.092118216095006e-05,1.00720596954773,-0.003196860581089478
2020-09-22,1006352.96954773,841.6,1007194.56954773,"{'510300': {'shares': 200.0, 'price': 4.208, 'value': 841.6, 'profit_pct': 1.2182462630310071}}",-1.1318439668395186e-05,1.00719456954773,-0.004328668364461663
2020-09-23,1006352.96954773,844.4000000000001,1007197.3695477301,"{'510300': {'shares': 200.0, 'price': 4.222, 'value': 844.4000000000001, 'profit_pct': 1.5549989834878648}}",2.7799991031418614e-06,1.00719736954773,-0.004050680487843739
2020-09-24,1006352.96954773,828.9999999999999,1007181.96954773,"{'510300': {'shares': 200.0, 'price': 4.145, 'value': 828.9999999999999, 'profit_pct': -0.29714097902484254}}",-1.5289952561059472e-05,1.00718196954773,-0.005579613809236772
2020-09-25,1006352.96954773,829.5999999999999,1007182.56954773,"{'510300': {'shares': 200.0, 'price': 4.148, 'value': 829.5999999999999, 'profit_pct': -0.22497968178408573}}",5.95721545870731e-07,1.0071825695477301,-0.00552004497853531
2020-09-28,1006352.96954773,831.6,1007184.56954773,"{'510300': {'shares': 200.0, 'price': 4.158, 'value': 831.6, 'profit_pct': 0.015557975685110649}}",1.985737303700219e-06,1.00718456954773,-0.005321482209519335
2020-09-29,1006352.96954773,833.8,1007186.7695477301,"{'510300': {'shares': 200.0, 'price': 4.169, 'value': 833.8, 'profit_pct': 0.28014939890119034}}",2.184306696628724e-06,1.0071867695477301,-0.005103063163602872
2020-09-30,1006352.96954773,831.0,1007183.96954773,"{'510300': {'shares': 200.0, 'price': 4.155, 'value': 831.0, 'profit_pct': -0.05660332155564613}}",-2.7800206324757326e-06,1.00718396954773,-0.005381051040220797
2020-10-09,1006352.96954773,849.6,1007202.56954773,"{'510300': {'shares': 200.0, 'price': 4.248, 'value': 849.6, 'profit_pct': 2.180396892907728}}",1.8467331254656827e-05,1.00720256954773,-0.0035344172884088643
2020-10-12,1006352.96954773,879.1999999999999,1007232.16954773,"{'510300': {'shares': 200.0, 'price': 4.396, 'value': 879.1999999999999, 'profit_pct': 5.740354223451587}}",2.9388328519841522e-05,1.00723216954773,-0.0005956883070368235
2020-10-13,1006352.96954773,882.4,1007235.3695477301,"{'510300': {'shares': 200.0, 'price': 4.412, 'value': 882.4, 'profit_pct': 6.1252144754022755}}",3.1770232293837353e-06,1.00723536954773,-0.0002779878766068222
2020-10-14,1006352.96954773,877.6,1007230.56954773,"{'510300': {'shares': 200.0, 'price': 4.388, 'value': 877.6, 'profit_pct': 5.547924097476243}}",-4.765519703853194e-06,1.00723056954773,-0.0007545385222407219
2020-10-15,1006352.96954773,875.2,1007228.16954773,"{'510300': {'shares': 200.0, 'price': 4.376, 'value': 875.2, 'profit_pct': 5.259278908513236}}",-2.3827712071211593e-06,1.00722816954773,-0.0009928138450576718
2020-10-16,1006352.96954773,872.4,1007225.3695477301,"{'510300': {'shares': 200.0, 'price': 4.362, 'value': 872.4, 'profit_pct': 4.92252618805638}}",-2.7799063654354583e-06,1.00722536954773,-0.001270801721664494
2020-10-19,1006352.96954773,866.2,1007219.16954773,"{'510300': {'shares': 200.0, 'price': 4.331, 'value': 866.2, 'profit_pct': 4.1768594499019285}}",-6.1555240639110664e-06,1.00721916954773,-0.001886346305612907
2020-10-20,1006352.96954773,872.1999999999999,1007225.16954773,"{'510300': {'shares': 200.0, 'price': 4.361, 'value': 872.1999999999999, 'profit_pct': 4.898472422309453}}",5.956995439815316e-06,1.0072251695477301,-0.0012906579985760835
2020-10-21,1006352.96954773,873.4,1007226.3695477301,"{'510300': {'shares': 200.0, 'price': 4.367, 'value': 873.4, 'profit_pct': 5.042795016790967}}",1.1913919908401738e-06,1.0072263695477301,-0.0011715203371620575
2020-10-22,1006352.96954773,870.2,1007223.16954773,"{'510300': {'shares': 200.0, 'price': 4.351, 'value': 870.2, 'profit_pct': 4.657934764840278}}",-3.177041523971802e-06,1.00722316954773,-0.0014892207675920588
2020-10-23,1006352.96954773,859.0,1007211.96954773,"{'510300': {'shares': 200.0, 'price': 4.295, 'value': 859.0, 'profit_pct': 3.310923883012868}}",-1.1119680661253462e-05,1.00721196954773,-0.0026011722740526544
2020-10-26,1006352.96954773,851.8000000000001,1007204.7695477301,"{'510300': {'shares': 200.0, 'price': 4.259, 'value': 851.8000000000001, 'profit_pct': 2.4449883161238297}}",-7.148445627769284e-06,1.0072047695477302,-0.0033159982424924017
2020-10-27,1006352.96954773,854.5999999999999,1007207.56954773,"{'510300': {'shares': 200.0, 'price': 4.273, 'value': 854.5999999999999, 'profit_pct': 2.781741036580666}}",2.7799709498843583e-06,1.00720756954773,-0.0030380103658855795
2020-10-28,1006352.96954773,862.5999999999999,1007215.56954773,"{'510300': {'shares': 200.0, 'price': 4.313, 'value': 862.5999999999999, 'profit_pct': 3.743891666457387}}",7.942752062062297e-06,1.00721556954773,-0.0022437592898327807
2020-10-29,1006352.96954773,871.4000000000001,1007224.3695477301,"{'510300': {'shares': 200.0, 'price': 4.357, 'value': 871.4000000000001, 'profit_pct': 4.802257359321792}}",8.736957872956808e-06,1.00722436954773,-0.0013700831061780328
2020-10-30,1006352.96954773,853.2,1007206.16954773,"{'510300': {'shares': 200.0, 'price': 4.266, 'value': 853.2, 'profit_pct': 2.613364676352248}}",-1.8069459546743438e-05,1.00720616954773,-0.0031770043041889906
2020-11-02,1006352.96954773,858.8,1007211.7695477301,"{'510300': {'shares': 200.0, 'price': 4.294, 'value': 858.8, 'profit_pct': 3.2868701172659422}}",5.559934171728287e-06,1.00721176954773,-0.0026210285509531417
2020-11-03,1006352.96954773,869.0,1007221.96954773,"{'510300': {'shares': 200.0, 'price': 4.345, 'value': 869.0, 'profit_pct': 4.513612170358765}}",1.0126966650148006e-05,1.00722196954773,-0.0016083584289949826
2020-11-04,1006352.96954773,876.4,1007229.3695477301,"{'510300': {'shares': 200.0, 'price': 4.382, 'value': 876.4, 'profit_pct': 5.4036015029947295}}",7.346940618546682e-06,1.0072293695477301,-0.0008736761836436457
2020-11-05,1006352.96954773,891.6,1007244.56954773,"{'510300': {'shares': 200.0, 'price': 4.458, 'value': 891.6, 'profit_pct': 7.231687699760511}}",1.5090902290459951e-05,1.0072445695477301,0.0
2020-11-06,1006352.96954773,892.0,1007244.96954773,"{'510300': {'shares': 200.0, 'price': 4.46, 'value': 892.0, 'profit_pct': 7.279795231254341}}",3.9712301469485567e-07,1.0072449695477301,0.0
2020-11-09,1006352.96954773,911.4000000000001,1007264.3695477301,"{'510300': {'shares': 200.0, 'price': 4.557, 'value': 911.4000000000001, 'profit_pct': 9.613010508705399}}",1.926045856426306e-05,1.0072643695477301,0.0
2020-11-10,1006352.96954773,906.0,1007258.96954773,"{'510300': {'shares': 200.0, 'price': 4.53, 'value': 906.0, 'profit_pct': 8.96355883353861}}",-5.361055313013452e-06,1.00725896954773,-0.0005361055313013452
2020-11-11,1006352.96954773,896.5999999999999,1007249.56954773,"{'510300': {'shares': 200.0, 'price': 4.483, 'value': 896.5999999999999, 'profit_pct': 7.8330318434334485}}",-9.33225742749677e-06,1.00724956954773,-0.001469326270986393
2020-11-12,1006352.96954773,896.0000000000001,1007248.96954773,"{'510300': {'shares': 200.0, 'price': 4.48, 'value': 896.0000000000001, 'profit_pct': 7.760870546192712}}",-5.956815650742797e-07,1.00724896954773,-0.0015288935522383973
2020-11-13,1006352.96954773,885.8000000000001,1007238.7695477301,"{'510300': {'shares': 200.0, 'price': 4.429, 'value': 885.8000000000001, 'profit_pct': 6.534128493099891}}",-1.0126592638326493e-05,1.00723876954773,-0.0025415373335890834
2020-11-16,1006352.96954773,896.4000000000001,1007249.3695477301,"{'510300': {'shares': 200.0, 'price': 4.482, 'value': 896.4000000000001, 'profit_pct': 7.808978077686543}}",1.0523820488606006e-05,1.00724936954773,-0.001489182031400027
2020-11-17,1006352.96954773,894.6,1007247.56954773,"{'510300': {'shares': 200.0, 'price': 4.473, 'value': 894.6, 'profit_pct': 7.592494185964273}}",-1.7870450500501178e-06,1.00724756954773,-0.0016678838751782443
2020-11-18,1006352.96954773,893.2,1007246.16954773,"{'510300': {'shares': 200.0, 'price': 4.466, 'value': 893.2, 'profit_pct': 7.424117825735854}}",-1.389926411743403e-06,1.00724616954773,-0.0018068741981069891
2020-11-19,1006352.96954773,901.6,1007254.56954773,"{'510300': {'shares': 200.0, 'price': 4.508, 'value': 901.6, 'profit_pct': 8.434375987106407}}",8.33957006141084e-06,1.00725456954773,-0.0009729322605234181
2020-11-20,1006352.96954773,904.5999999999999,1007257.56954773,"{'510300': {'shares': 200.0, 'price': 4.523, 'value': 904.5999999999999, 'profit_pct': 8.795182473310168}}",2.978393040642402e-06,1.00725756954773,-0.0006750958542411922
2020-11-23,1006352.96954773,916.2,1007269.16954773,"{'510300': {'shares': 200.0, 'price': 4.581, 'value': 916.2, 'profit_pct': 10.190300886631432}}",1.1516418789714322e-05,1.00726916954773,0.0
2020-11-24,1006352.96954773,909.8000000000001,1007262.7695477301,"{'510300': {'shares': 200.0, 'price': 4.549, 'value': 909.8000000000001, 'profit_pct': 9.420580382730053}}",-6.353813055581803e-06,1.00726276954773,-0.0006353813055581803
2020-11-25,1006352.96954773,897.4,1007250.3695477301,"{'510300': {'shares': 200.0, 'price': 4.487, 'value': 897.4, 'profit_pct': 7.929246906421131}}",-1.2310591014474959e-05,1.0072503695477302,-0.0018664325850847874
2020-11-26,1006352.96954773,898.8,1007251.7695477301,"{'510300': {'shares': 200.0, 'price': 4.494, 'value': 898.8, 'profit_pct': 8.09762326664955}}",1.3899225479452326e-06,1.00725176954773,-0.0017274429244928946
2020-11-27,1006352.96954773,913.0000000000001,1007265.96954773,"{'510300': {'shares': 200.0, 'price': 4.565, 'value': 913.0000000000001, 'profit_pct': 9.805440634680743}}",1.4097766247944676e-05,1.00726596954773,-0.00031769065277353903
2020-11-30,1006352.96954773,908.0,1007260.96954773,"{'510300': {'shares': 200.0, 'price': 4.54, 'value': 908.0, 'profit_pct': 9.204096491007784}}",-4.963932219603784e-06,1.0072609695477301,-0.0008140822977509288
2020-12-01,1006352.96954773,930.1999999999999,1007283.16954773,"{'510300': {'shares': 200.0, 'price': 4.651, 'value': 930.1999999999999, 'profit_pct': 11.874064488915678}}",2.203996846006362e-05,1.00728316954773,0.0
2020-12-02,1006352.96954773,927.9999999999999,1007280.96954773,"{'510300': {'shares': 200.0, 'price': 4.64, 'value': 927.9999999999999, 'profit_pct': 11.609473065699577}}",-2.184092881218902e-06,1.00728096954773,-0.0002184092881218902
2020-12-03,1006352.96954773,927.6,1007280.56954773,"{'510300': {'shares': 200.0, 'price': 4.638, 'value': 927.6, 'profit_pct': 11.561365534205747}}",-3.9710866395203936e-07,1.00728056954773,-0.0002581200677753692
2020-12-04,1006352.96954773,929.8,1007282.7695477301,"{'510300': {'shares': 200.0, 'price': 4.649, 'value': 929.8, 'profit_pct': 11.825956957421848}}",2.184098518931421e-06,1.00728276954773,-3.971077965347902e-05
2020-12-07,1006352.96954773,921.0000000000001,1007273.96954773,"{'510300': {'shares': 200.0, 'price': 4.605, 'value': 921.0000000000001, 'profit_pct': 10.767591264557465}}",-8.73637499432256e-06,1.00727396954773,-0.000913347932152142
2020-12-08,1006352.96954773,917.8000000000001,1007270.7695477301,"{'510300': {'shares': 200.0, 'price': 4.589, 'value': 917.8000000000001, 'profit_pct': 10.382731012606776}}",-3.1768913887342265e-06,1.00727076954773,-0.001231034169413281
2020-12-09,1006352.96954773,905.8,1007258.7695477301,"{'510300': {'shares': 200.0, 'price': 4.529, 'value': 905.8, 'profit_pct': 8.939505067791682}}",-1.1913380555395037e-05,1.0072587695477302,-0.002422357559184185
2020-12-10,1006352.96954773,903.8000000000001,1007256.7695477301,"{'510300': {'shares': 200.0, 'price': 4.519, 'value': 903.8000000000001, 'profit_pct': 8.698967410322508}}",-1.9855870809770693e-06,1.0072567695477301,-0.0026209114574737846
2020-12-11,1006352.96954773,892.6,1007245.56954773,"{'510300': {'shares': 200.0, 'price': 4.463, 'value': 892.6, 'profit_pct': 7.351956528495098}}",-1.1119309731855154e-05,1.00724556954773,-0.0037328132879266285
2020-12-14,1006352.96954773,901.4,1007254.3695477301,"{'510300': {'shares': 200.0, 'price': 4.507, 'value': 901.4, 'profit_pct': 8.41032222135948}}",8.736697649558423e-06,1.00725436954773,-0.0028591761354279654
2020-12-15,1006352.96954773,904.4000000000001,1007257.3695477301,"{'510300': {'shares': 200.0, 'price': 4.522, 'value': 904.4000000000001, 'profit_pct': 8.771128707563266}}",2.978393631947185e-06,1.00725736954773,-0.002561345287988015
2020-12-16,1006352.96954773,906.4,1007259.3695477301,"{'510300': {'shares': 200.0, 'price': 4.532, 'value': 906.4, 'profit_pct': 9.01166636503244}}",1.985589840769464e-06,1.00725936954773,-0.0023627913896984154
2020-12-17,1006352.96954773,920.5999999999999,1007273.56954773,"{'510300': {'shares': 200.0, 'price': 4.603, 'value': 920.5999999999999, 'profit_pct': 10.719483733063612}}",1.4097659877254642e-05,1.00727356954773,-0.0009530587118056211
2020-12-18,1006352.96954773,914.8,1007267.7695477301,"{'510300': {'shares': 200.0, 'price': 4.574, 'value': 914.8, 'profit_pct': 10.021924526402993}}",-5.758117928689188e-06,1.0072677695477301,-0.0015288650168532314
2020-12-21,1006352.96954773,923.8,1007276.7695477301,"{'510300': {'shares': 200.0, 'price': 4.619, 'value': 923.8, 'profit_pct': 11.104343985014301}}",8.935062028259111e-06,1.00727676954773,-0.00063537247453338
2020-12-22,1006352.96954773,908.4,1007261.3695477301,"{'510300': {'shares': 200.0, 'price': 4.542, 'value': 908.4, 'profit_pct': 9.252204022501614}}",-1.5288747309161188e-05,1.0072613695477302,-0.0021642374913977136
2020-12-23,1006352.96954773,916.6,1007269.56954773,"{'510300': {'shares': 200.0, 'price': 4.583, 'value': 916.6, 'profit_pct': 10.238408418125262}}",8.140886018193072e-06,1.00726956954773,-0.0013501665083959224
2020-12-24,1006352.96954773,916.6,1007269.56954773,"{'510300': {'shares': 200.0, 'price': 4.583, 'value': 916.6, 'profit_pct': 10.238408418125262}}",0.0,1.00726956954773,-0.0013501665083959224
2020-12-25,1006352.96954773,925.0,1007277.96954773,"{'510300': {'shares': 200.0, 'price': 4.625, 'value': 925.0, 'profit_pct': 11.248666579495815}}",8.339376323940328e-06,1.00727796954773,-0.0005162401355618407
2020-12-28,1006352.96954773,927.8000000000001,1007280.7695477301,"{'510300': {'shares': 200.0, 'price': 4.639, 'value': 927.8000000000001, 'profit_pct': 11.585419299952672}}",2.7797689263753256e-06,1.0072807695477302,-0.0002382646779430786
2020-12-29,1006352.96954773,924.6,1007277.56954773,"{'510300': {'shares': 200.0, 'price': 4.623, 'value': 924.6, 'profit_pct': 11.200559048001983}}",-3.1768699421119706e-06,1.00727756954773,-0.0005559509152264219
2020-12-30,1006352.96954773,937.4000000000001,1007290.3695477301,"{'510300': {'shares': 200.0, 'price': 4.687, 'value': 937.4000000000001, 'profit_pct': 12.740000055804737}}",1.2707520138377504e-05,1.00729036954773,0.0
2020-12-31,1006352.96954773,959.2,1007312.16954773,"{'510300': {'shares': 200.0, 'price': 4.796, 'value': 959.2, 'profit_pct': 15.361860522218802}}",2.1642220216611108e-05,1.00731216954773,0.0
2021-01-04,1006352.96954773,968.6,1007321.56954773,"{'510300': {'shares': 200.0, 'price': 4.843, 'value': 968.6, 'profit_pct': 16.49238751232394}}",9.331764555309263e-06,1.00732156954773,0.0
2021-01-05,1006352.96954773,988.4000000000001,1007341.3695477301,"{'510300': {'shares': 200.0, 'price': 4.942, 'value': 988.4000000000001, 'profit_pct': 18.87371032126883}}",1.9656086595043476e-05,1.00734136954773,0.0
2021-01-06,1006352.96954773,998.1999999999999,1007351.16954773,"{'510300': {'shares': 200.0, 'price': 4.991, 'value': 998.1999999999999, 'profit_pct': 20.0523448428678}}",9.728578906909036e-06,1.00735116954773,0.0
2021-01-07,1006352.96954773,1021.5999999999999,1007374.56954773,"{'510300': {'shares': 200.0, 'price': 5.108, 'value': 1021.5999999999999, 'profit_pct': 22.86663543525721}}",2.3229237933408697e-05,1.00737456954773,0.0
2021-01-08,1006352.96954773,1016.0,1007368.96954773,"{'510300': {'shares': 200.0, 'price': 5.08, 'value': 1016.0, 'profit_pct': 22.193129994343515}}",-5.5590047329800996e-06,1.0073689695477301,-0.00055590047329801
2021-01-11,1006352.96954773,1003.4000000000001,1007356.3695477301,"{'510300': {'shares': 200.0, 'price': 5.017, 'value': 1003.4000000000001, 'profit_pct': 20.677742752287685}}",-1.250783018025281e-05,1.0073563695477301,-0.0018066765382185324
2021-01-12,1006352.96954773,1035.3999999999999,1007388.3695477301,"{'510300': {'shares': 200.0, 'price': 5.177, 'value': 1035.3999999999999, 'profit_pct': 24.526345271794547}}",3.176631524581808e-05,1.0073883695477301,0.0
2021-01-13,923249.5504990801,84026.5,1007276.0504990801,"{'510300': {'shares': 16300.0, 'price': 5.155, 'value': 84026.5, 'profit_pct': 0.13887964131172084}}",-0.00011149528031617617,1.00727605049908,-0.011149528031617617
2021-01-14,923249.5504990801,82347.59999999999,1005597.1504990801,"{'510300': {'shares': 16300.0, 'price': 5.052, 'value': 82347.59999999999, 'profit_pct': -1.8619553932285644}}",-0.0016667724792703842,1.0055971504990802,-0.17780819223217614
2021-01-15,840064.0248258301,165148.0,1005212.0248258301,"{'510300': {'shares': 32800.0, 'price': 5.035, 'value': 165148.0, 'profit_pct': -1.1507376453760985}}",-0.0003829820649937643,1.00521202482583,-0.2160383013829148
2021-01-18,840064.0248258301,167083.2,1007147.2248258302,"{'510300': {'shares': 32800.0, 'price': 5.094, 'value': 167083.2, 'profit_pct': 0.0075754586800735576}}",0.0019251659870815896,1.0071472248258302,-0.02393761226449076
2021-01-19,840064.0248258301,164623.2,1004687.2248258302,"{'510300': {'shares': 32800.0, 'price': 5.019, 'value': 164623.2, 'profit_pct': -1.4648564532557378}}",-0.002442542598898978,1.0046872248258303,-0.26813340351671267
2021-01-20,840064.0248258301,165607.2,1005671.2248258302,"{'510300': {'shares': 32800.0, 'price': 5.049, 'value': 165607.2, 'profit_pct': -0.8758836884814097}}",0.0009794092884685135,1.0056712248258302,-0.17045508701581946
2021-01-21,840064.0248258301,168690.4,1008754.4248258302,"{'510300': {'shares': 32800.0, 'price': 5.143, 'value': 168690.4, 'profit_pct': 0.969564307811458}}",0.003065813084722535,1.0087544248258302,0.0
2021-01-22,840064.0248258301,168788.8,1008852.8248258301,"{'510300': {'shares': 32800.0, 'price': 5.146, 'value': 168788.8, 'profit_pct': 1.0284615842888927}}",9.754604052103488e-05,1.0088528248258302,0.0
2021-01-25,925950.2532252301,84955.59999999999,1010905.8532252301,"{'510300': {'shares': 16300.0, 'price': 5.212, 'value': 84955.59999999999, 'profit_pct': 2.3242016667924004}}",0.0020350127876724855,1.0109058532252302,0.0
2021-01-26,925950.2532252301,82999.59999999999,1008949.8532252301,"{'510300': {'shares': 16300.0, 'price': 5.092, 'value': 82999.59999999999, 'profit_pct': -0.03168939230489443}}",-0.0019348982833163886,1.0089498532252301,-0.19348982833163886
2021-01-27,925950.2532252301,83162.6,1009112.8532252301,"{'510300': {'shares': 16300.0, 'price': 5.102, 'value': 83162.6, 'profit_pct': 0.1646348626198932}}",0.0001615541143882293,1.00911285322523,-0.17736567597067543
2021-01-28,925950.2532252301,80945.8,1006896.0532252302,"{'510300': {'shares': 16300.0, 'price': 4.966, 'value': 80945.8, 'profit_pct': -2.505375004357041}}",-0.0021967810566625445,1.0068960532252302,-0.3966541480798558
2021-01-29,925950.2532252301,80342.70000000001,1006292.9532252301,"{'510300': {'shares': 16300.0, 'price': 4.929, 'value': 80342.70000000001, 'profit_pct': -3.2317747475787044}}",-0.0005989694746227903,1.00629295322523,-0.45631351181545377
2021-02-01,925950.2532252301,81369.6,1007319.8532252301,"{'510300': {'shares': 16300.0, 'price': 4.992, 'value': 81369.6, 'profit_pct': -1.9949319415526312}}",0.0010204781785549955,1.00731985322523,-0.35473135194133976
2021-02-02,925950.2532252301,82673.6,1008623.8532252301,"{'510300': {'shares': 16300.0, 'price': 5.072, 'value': 82673.6, 'profit_pct': -0.4243379021544348}}",0.001294524272330122,1.00862385322523,-0.22573813305357682
2021-02-03,925950.2532252301,82575.8,1008526.0532252302,"{'510300': {'shares': 16300.0, 'price': 5.066, 'value': 82575.8, 'profit_pct': -0.542132455109304}}",-9.696379843404657e-05,1.0085260532252303,-0.23541262447015487
2021-02-04,925950.2532252301,82396.5,1008346.7532252301,"{'510300': {'shares': 16300.0, 'price': 5.055, 'value': 82396.5, 'profit_pct': -0.7580891355265581}}",-0.00017778420242753334,1.0083467532252302,-0.25314919206722575
2021-02-05,925950.2532252301,82526.9,1008477.1532252302,"{'510300': {'shares': 16300.0, 'price': 5.063, 'value': 82526.9, 'profit_pct': -0.6010297315867384}}",0.00012932059292403153,1.0084771532252301,-0.2402498701784439
2021-02-08,925950.2532252301,83700.5,1009650.7532252301,"{'510300': {'shares': 16300.0, 'price': 5.135, 'value': 83700.5, 'profit_pct': 0.8125049038716383}}",0.0011637348414355042,1.0096507532252301,-0.12415597317946281
2021-02-09,925950.2532252301,85949.9,1011900.1532252302,"{'510300': {'shares': 16300.0, 'price': 5.273, 'value': 85949.9, 'profit_pct': 3.521779621833523}}",0.0022278990956174916,1.01190015322523,0.0
2021-02-10,1012584.3084092701,1077.6,1013661.9084092701,"{'510300': {'shares': 200.0, 'price': 5.388, 'value': 1077.6, 'profit_pct': 5.779508553468432}}",0.0017410365819441331,1.0136619084092702,0.0
2021-02-18,1012584.3084092701,1069.0,1013653.3084092701,"{'510300': {'shares': 200.0, 'price': 5.345, 'value': 1069.0, 'profit_pct': 4.935314257291899}}",-8.484091124083548e-06,1.01365330840927,-0.0008484091124083548
2021-02-19,1012584.3084092701,1075.3999999999999,1013659.7084092702,"{'510300': {'shares': 200.0, 'price': 5.377, 'value': 1075.3999999999999, 'profit_pct': 5.5635518730511775}}",6.313795798851274e-06,1.0136597084092702,-0.00021703488921609448
2021-02-22,1012584.3084092701,1034.0,1013618.3084092701,"{'510300': {'shares': 200.0, 'price': 5.17, 'value': 1034.0, 'profit_pct': 1.4996397961083514}}",-4.08421087042532e-05,1.01361830840927,-0.004301236895487559
2021-02-23,1012584.3084092701,1031.0,1013615.3084092701,"{'510300': {'shares': 200.0, 'price': 5.155, 'value': 1031.0, 'profit_pct': 1.205153413721196}}",-2.9596939746801e-06,1.01361530840927,-0.004597193562605462
2021-02-24,1012584.3084092701,1001.6,1013585.9084092701,"{'510300': {'shares': 200.0, 'price': 5.008, 'value': 1001.6, 'profit_pct': -1.680813133672992}}",-2.9005086797817548e-05,1.0135859084092702,-0.007497568900394214
2021-02-25,1012584.3084092701,1011.8000000000001,1013596.1084092702,"{'510300': {'shares': 200.0, 'price': 5.059, 'value': 1011.8000000000001, 'profit_pct': -0.6795594335566395}}",1.0063281183692041e-05,1.0135961084092702,-0.00649131623217114
2021-02-26,929497.4108155702,83961.0,1013458.4108155702,"{'510300': {'shares': 17100.0, 'price': 4.91, 'value': 83961.0, 'profit_pct': -0.14236539951742072}}",-0.00013585055482912,1.0134584108155702,-0.02007548986616703
2021-03-01,929497.4108155702,85482.9,1014980.3108155702,"{'510300': {'shares': 17100.0, 'price': 4.999, 'value': 85482.9, 'profit_pct': 1.667681337639993}}",0.0015016896438555527,1.0149803108155702,0.0
2021-03-02,929497.4108155702,84303.0,1013800.4108155702,"{'510300': {'shares': 17100.0, 'price': 4.93, 'value': 84303.0, 'profit_pct': 0.26438667624828377}}",-0.0011624856043285225,1.0138004108155703,-0.11624856043285225
2021-03-03,929497.4108155702,86098.5,1015595.9108155702,"{'510300': {'shares': 17100.0, 'price': 5.035, 'value': 86098.5, 'profit_pct': 2.3998350740182866}}",0.001771058662873859,1.01559591081557,0.0
2021-03-04,929497.4108155702,83242.8,1012740.2108155702,"{'510300': {'shares': 17100.0, 'price': 4.868, 'value': 83242.8, 'profit_pct': -0.9965447586254145}}",-0.002811846689798836,1.0127402108155703,-0.2811846689798836
2021-03-05,929497.4108155702,82883.70000000001,1012381.1108155702,"{'510300': {'shares': 17100.0, 'price': 4.847, 'value': 82883.70000000001, 'profit_pct': -1.4236344381794115}}",-0.00035458254364240105,1.0123811108155703,-0.3165432201689633
2021-03-08,846423.7303858302,162668.9,1009092.6303858302,"{'510300': {'shares': 34900.0, 'price': 4.661, 'value': 162668.9, 'profit_pct': -2.6689294774912593}}",-0.0032482633215972223,1.00909263038583,-0.6403413365969057
2021-03-09,763323.8158882302,242135.99999999997,1005459.8158882302,"{'510300': {'shares': 53100.0, 'price': 4.56, 'value': 242135.99999999997, 'profit_pct': -3.22474652893842}}",-0.0036000802980901137,1.0054598158882302,-0.9980440861759865
2021-03-10,763323.8158882302,243251.10000000003,1006574.9158882303,"{'510300': {'shares': 53100.0, 'price': 4.581, 'value': 243251.10000000003, 'profit_pct': -2.7790710195321986}}",0.0011090448194739366,1.0065749158882302,-0.8882464798519729
2021-03-11,848934.4030048302,164379.0,1013313.4030048302,"{'510300': {'shares': 34900.0, 'price': 4.71, 'value': 164379.0, 'profit_pct': -0.041350033179807864}}",0.006694471529378188,1.0133134030048303,-0.22474566768460047
2021-03-12,848934.4030048302,164832.69999999998,1013767.1030048302,"{'510300': {'shares': 34900.0, 'price': 4.723, 'value': 164832.69999999998, 'profit_pct': 0.23454432978593578}}",0.00044773906932893404,1.01376710300483,-0.1800723881677846
2021-03-15,848934.4030048302,161272.90000000002,1010207.3030048303,"{'510300': {'shares': 34900.0, 'price': 4.621, 'value': 161272.90000000002, 'profit_pct': -1.9301652873299033}}",-0.0035114574042189872,1.0102073030048302,-0.5305858120689511
2021-03-16,848934.4030048302,162424.6,1011359.0030048302,"{'510300': {'shares': 34900.0, 'price': 4.654, 'value': 162424.6, 'profit_pct': -1.2298180582630214}}",0.0011400630311959592,1.0113590030048303,-0.417184410218574
2021-03-17,848934.4030048302,163227.3,1012161.7030048303,"{'510300': {'shares': 34900.0, 'price': 4.677, 'value': 163227.3, 'profit_pct': -0.7416972622467086}}",0.0007936845349822974,1.0121617030048302,-0.33814706953497753
2021-03-18,848934.4030048302,164623.3,1013557.7030048303,"{'510300': {'shares': 34900.0, 'price': 4.717, 'value': 164623.3, 'profit_pct': 0.10720846995558675}}",0.0013792262598513183,1.0135577030048304,-0.20069082486784406
2021-03-19,848934.4030048302,159772.2,1008706.6030048302,"{'510300': {'shares': 34900.0, 'price': 4.578, 'value': 159772.2, 'profit_pct': -2.8427389494473734}}",-0.004786209986484602,1.0087066030048302,-0.6783512750861198
2021-03-22,848934.4030048302,161761.5,1010695.9030048302,"{'510300': {'shares': 34900.0, 'price': 4.635, 'value': 161761.5, 'profit_pct': -1.633048281059114}}",0.0019721294517891508,1.0106959030048301,-0.48247612643546045
2021-03-23,848934.4030048302,160191.0,1009125.4030048302,"{'510300': {'shares': 34900.0, 'price': 4.59, 'value': 160191.0, 'profit_pct': -2.588067229786694}}",-0.0015538798518237584,1.0091254030048302,-0.6371144016859787
2021-03-24,848934.4030048302,157538.6,1006473.0030048302,"{'510300': {'shares': 34900.0, 'price': 4.514, 'value': 157538.6, 'profit_pct': -4.200988120971045}}",-0.0026284146569911515,1.0064730030048301,-0.8982812665535245
2021-03-25,848934.4030048302,157399.0,1006333.4030048302,"{'510300': {'shares': 34900.0, 'price': 4.51, 'value': 157399.0, 'profit_pct': -4.285878694191285}}",-0.00013870218036970972,1.0063334030048303,-0.9120268910202345
2021-03-26,848934.4030048302,161028.6,1009963.0030048302,"{'510300': {'shares': 34900.0, 'price': 4.614, 'value': 161028.6, 'profit_pct': -2.078723790465317}}",0.003606756954665613,1.00996300300483,-0.5546406548857075
2021-03-29,848934.4030048302,161377.59999999998,1010312.0030048302,"{'510300': {'shares': 34900.0, 'price': 4.624, 'value': 161377.59999999998, 'profit_pct': -1.8664973574147476}}",0.0003455572124539952,1.0103120030048303,-0.5202765937189269
2021-03-30,848934.4030048302,162913.2,1011847.6030048302,"{'510300': {'shares': 34900.0, 'price': 4.668, 'value': 162913.2, 'profit_pct': -0.9327010519922133}}",0.001519926513228409,1.0118476030048302,-0.3690747245850834
2021-03-31,848934.4030048302,161621.9,1010556.3030048303,"{'510300': {'shares': 34900.0, 'price': 4.631, 'value': 161621.9, 'profit_pct': -1.7179388542793341}}",-0.0012761803221801316,1.0105563030048303,-0.49622175090217047
2021-04-01,848934.4030048302,163785.69999999998,1012720.1030048302,"{'510300': {'shares': 34900.0, 'price': 4.693, 'value': 163785.69999999998, 'profit_pct': -0.4021349693657905}}",0.002141196876973561,1.0127201030048303,-0.28316457166812636
2021-04-02,848934.4030048302,165495.8,1014430.2030048303,"{'510300': {'shares': 34900.0, 'price': 4.742, 'value': 165495.8, 'profit_pct': 0.6377745525820284}}",0.0016886205723833925,1.0144302030048302,-0.11478067195088704
2021-04-06,848934.4030048302,164518.6,1013453.0030048302,"{'510300': {'shares': 34900.0, 'price': 4.714, 'value': 164518.6, 'profit_pct': 0.0435405400404311}}",-0.000963299394187489,1.0134530030048303,-0.21100004321789045
2021-04-07,848934.4030048302,163297.1,1012231.5030048302,"{'510300': {'shares': 34900.0, 'price': 4.679, 'value': 163297.1, 'profit_pct': -0.6992519756365797}}",-0.0012052852933271962,1.0122315030048301,-0.3312742573016281
2021-04-08,848934.4030048302,163681.0,1012615.4030048302,"{'510300': {'shares': 34900.0, 'price': 4.69, 'value': 163681.0, 'profit_pct': -0.4658028992809461}}",0.00037926106711805296,1.0126154030048302,-0.29347379001816165
2021-04-09,848934.4030048302,161203.1,1010137.5030048302,"{'510300': {'shares': 34900.0, 'price': 4.619, 'value': 161203.1, 'profit_pct': -1.9726105739400324}}",-0.0024470297337439995,1.0101375030048303,-0.5374586243023116
2021-04-12,848934.4030048302,158271.5,1007205.9030048302,"{'510300': {'shares': 34900.0, 'price': 4.535, 'value': 158271.5, 'profit_pct': -3.7553126115648436}}",-0.0029021791501447902,1.0072059030048301,-0.8261167381032886
2021-04-13,848934.4030048302,158027.19999999998,1006961.6030048302,"{'510300': {'shares': 34900.0, 'price': 4.528, 'value': 158027.19999999998, 'profit_pct': -3.9038711147002565}}",-0.0002425521924277474,1.0069616030048303,-0.8501715809200339
2021-04-14,848934.4030048302,159004.4,1007938.8030048303,"{'510300': {'shares': 34900.0, 'price': 4.556, 'value': 159004.4, 'profit_pct': -3.3096371021586406}}",0.0009704441530680175,1.0079388030048302,-0.7539522096530415
2021-04-15,848934.4030048302,158027.19999999998,1006961.6030048302,"{'510300': {'shares': 34900.0, 'price': 4.528, 'value': 158027.19999999998, 'profit_pct': -3.9038711147002565}}",-0.0009695033042550483,1.0069616030048303,-0.8501715809200339
2021-04-16,848934.4030048302,158585.59999999998,1007520.0030048302,"{'510300': {'shares': 34900.0, 'price': 4.544, 'value': 158585.59999999998, 'profit_pct': -3.5643088218193384}}",0.0005545395160388988,1.0075200030048301,-0.7951890830531827
2021-04-19,848934.4030048302,162983.0,1011917.4030048302,"{'510300': {'shares': 34900.0, 'price': 4.67, 'value': 162983.0, 'profit_pct': -0.8902557653821033}}",0.004364578357635818,1.0119174030048301,-0.36220191235172283
2021-04-20,848934.4030048302,162703.8,1011638.2030048303,"{'510300': {'shares': 34900.0, 'price': 4.662, 'value': 162703.8, 'profit_pct': -1.0600369118225623}}",-0.0002759118473215638,1.0116382030048303,-0.38969316128514286
2021-04-21,848934.4030048302,163122.6,1012057.0030048302,"{'510300': {'shares': 34900.0, 'price': 4.674, 'value': 163122.6, 'profit_pct': -0.8053651921618643}}",0.0004139819935189415,1.0120570030048301,-0.3484562878850128
2021-04-22,848934.4030048302,162983.0,1011917.4030048302,"{'510300': {'shares': 34900.0, 'price': 4.67, 'value': 162983.0, 'profit_pct': -0.8902557653821033}}",-0.00013793689444907553,1.0119174030048301,-0.36220191235172283
2021-04-23,848934.4030048302,164762.9,1013697.3030048303,"{'510300': {'shares': 34900.0, 'price': 4.721, 'value': 164762.9, 'profit_pct': 0.1920990431758257}}",0.0017589380266755938,1.0136973030048302,-0.18694520040113405
2021-04-26,848934.4030048302,162529.3,1011463.7030048303,"{'510300': {'shares': 34900.0, 'price': 4.657, 'value': 162529.3, 'profit_pct': -1.166150128347847}}",-0.002203419100927917,1.0114637030048304,-0.4068751918685387
2021-04-27,848934.4030048302,162983.0,1011917.4030048302,"{'510300': {'shares': 34900.0, 'price': 4.67, 'value': 162983.0, 'profit_pct': -0.8902557653821033}}",0.0004485578658455225,1.0119174030048301,-0.36220191235172283
2021-04-28,848934.4030048302,164309.2,1013243.6030048302,"{'510300': {'shares': 34900.0, 'price': 4.708, 'value': 164309.2, 'profit_pct': -0.08379531978991793}}",0.001310581274777789,1.0132436030048302,-0.23161847991796103
2021-04-29,848934.4030048302,165914.59999999998,1014849.0030048302,"{'510300': {'shares': 34900.0, 'price': 4.754, 'value': 165914.59999999998, 'profit_pct': 0.8924462722427076}}",0.0015844166153520245,1.0148490030048303,-0.07354379855075699
2021-04-30,848934.4030048302,164344.09999999998,1013278.5030048302,"{'510300': {'shares': 34900.0, 'price': 4.709, 'value': 164344.09999999998, 'profit_pct': -0.06257267648487232}}",-0.0015475208581275934,1.0132785030048301,-0.2281820738012752
2021-05-06,848934.4030048302,162005.80000000002,1010940.2030048303,"{'510300': {'shares': 34900.0, 'price': 4.642, 'value': 162005.80000000002, 'profit_pct': -1.4844897779237005}}",-0.002307657759506254,1.0109402030048302,-0.45842128361871515
2021-05-07,848934.4030048302,159876.90000000002,1008811.3030048303,"{'510300': {'shares': 34900.0, 'price': 4.581, 'value': 159876.90000000002, 'profit_pct': -2.7790710195321986}}",-0.0021058614482560856,1.0088113030048302,-0.6680420567360845
2021-05-10,848934.4030048302,159842.0,1008776.4030048302,"{'510300': {'shares': 34900.0, 'price': 4.58, 'value': 159842.0, 'profit_pct': -2.800293662837263}}",-3.459517146175983e-05,1.0087764030048303,-0.6714784628527593
2021-05-11,848934.4030048302,160749.4,1009683.8030048303,"{'510300': {'shares': 34900.0, 'price': 4.606, 'value': 160749.4, 'profit_pct': -2.248504936905776}}",0.0008995055765550486,1.0096838030048303,-0.5821319038191275
2021-05-12,848934.4030048302,161831.3,1010765.7030048303,"{'510300': {'shares': 34900.0, 'price': 4.637, 'value': 161831.3, 'profit_pct': -1.590602994449004}}",0.0010715235767675413,1.0107657030048303,-0.4756033142020999
2021-05-13,848934.4030048302,159911.8,1008846.2030048303,"{'510300': {'shares': 34900.0, 'price': 4.582, 'value': 159911.8, 'profit_pct': -2.757848376227153}}",-0.0018990553342813632,1.0088462030048302,-0.6646056506193987
2021-05-14,848934.4030048302,164309.2,1013243.6030048302,"{'510300': {'shares': 34900.0, 'price': 4.708, 'value': 164309.2, 'profit_pct': -0.08379531978991793}}",0.004358840809334685,1.0132436030048302,-0.23161847991796103
2021-05-17,848934.4030048302,166438.1,1015372.5030048302,"{'510300': {'shares': 34900.0, 'price': 4.769, 'value': 166438.1, 'profit_pct': 1.2107859218185801}}",0.002101074207314646,1.0153725030048302,-0.021997706800580552
2021-05-18,848934.4030048302,166507.9,1015442.3030048303,"{'510300': {'shares': 34900.0, 'price': 4.771, 'value': 166507.9, 'profit_pct': 1.2532312084286903}}",6.874324427097456e-05,1.0154423030048303,-0.015124894567219993
2021-05-19,848934.4030048302,166019.3,1014953.7030048303,"{'510300': {'shares': 34900.0, 'price': 4.757, 'value': 166019.3, 'profit_pct': 0.9561142021578822}}",-0.00048116963273459046,1.0149537030048303,-0.0632345802007217
2021-05-20,848934.4030048302,166507.9,1015442.3030048303,"{'510300': {'shares': 34900.0, 'price': 4.771, 'value': 166507.9, 'profit_pct': 1.2532312084286903}}",0.00048140126840601205,1.0154423030048303,-0.015124894567219993
2021-05-21,848934.4030048302,164588.4,1013522.8030048303,"{'510300': {'shares': 34900.0, 'price': 4.716, 'value': 164588.4, 'profit_pct': 0.08598582665054115}}",-0.00189030927145728,1.0135228030048302,-0.2041272309845299
2021-05-24,848934.4030048302,165565.6,1014500.0030048302,"{'510300': {'shares': 34900.0, 'price': 4.744, 'value': 165565.6, 'profit_pct': 0.6802198391921385}}",0.0009641618295146426,1.0145000030048301,-0.10790785971753758
2021-05-25,935693.0959863103,84417.6,1020110.6959863103,"{'510300': {'shares': 17200.0, 'price': 4.908, 'value': 84417.6, 'profit_pct': 4.160733341221559}}",0.005530500704644448,1.0201106959863102,0.0
2021-05-26,935693.0959863103,84434.8,1020127.8959863103,"{'510300': {'shares': 17200.0, 'price': 4.909, 'value': 84434.8, 'profit_pct': 4.1819559845266046}}",1.6860915259320208e-05,1.0201278959863103,0.0
2021-05-27,935693.0959863103,84761.6,1020454.6959863103,"{'510300': {'shares': 17200.0, 'price': 4.928, 'value': 84761.6, 'profit_pct': 4.585186207322697}}",0.00032035198849644786,1.0204546959863103,0.0
2021-05-28,935693.0959863103,84503.6,1020196.6959863103,"{'510300': {'shares': 17200.0, 'price': 4.913, 'value': 84503.6, 'profit_pct': 4.2668465577468435}}",-0.0002528284704992334,1.0201966959863102,-0.02528284704992334
2021-05-31,935693.0959863103,84606.79999999999,1020299.8959863102,"{'510300': {'shares': 17200.0, 'price': 4.919, 'value': 84606.79999999999, 'profit_pct': 4.3941824175771735}}",0.00010115696356005621,1.02029989598631,-0.015169708229956225
2021-06-01,935693.0959863103,84744.4,1020437.4959863103,"{'510300': {'shares': 17200.0, 'price': 4.927, 'value': 84744.4, 'profit_pct': 4.563963564017633}}",0.00013486230915193964,1.0204374959863103,-0.001685523136651934
2021-06-02,935693.0959863103,84004.8,1019697.8959863103,"{'510300': {'shares': 17200.0, 'price': 4.884, 'value': 84004.8, 'profit_pct': 3.6513899019001816}}",-0.0007247871652198423,1.0196978959863103,-0.07416301801310698
2021-06-03,935693.0959863103,83299.6,1018992.6959863103,"{'510300': {'shares': 17200.0, 'price': 4.843, 'value': 83299.6, 'profit_pct': 2.781261526392822}}",-0.0006915773806888126,1.0189926959863103,-0.14326946661624707
2021-06-04,935693.0959863103,83867.20000000001,1019560.2959863103,"{'510300': {'shares': 17200.0, 'price': 4.876, 'value': 83867.20000000001, 'profit_pct': 3.4816087554597224}}",0.0005570206756493334,1.0195602959863104,-0.08764720310640017
2021-06-07,935693.0959863103,83764.0,1019457.0959863103,"{'510300': {'shares': 17200.0, 'price': 4.87, 'value': 83764.0, 'profit_pct': 3.354272895629374}}",-0.00010122010479063359,1.0194570959863103,-0.09776034192637839
2021-06-08,935693.0959863103,83041.6,1018734.6959863103,"{'510300': {'shares': 17200.0, 'price': 4.828, 'value': 83041.6, 'profit_pct': 2.462921876816968}}",-0.0007086124593611576,1.0187346959863102,-0.1685523136661704
2021-06-09,935693.0959863103,83179.20000000001,1018872.2959863103,"{'510300': {'shares': 17200.0, 'price': 4.836, 'value': 83179.20000000001, 'profit_pct': 2.6327030232574273}}",0.00013506951372344034,1.0188722959863104,-0.15506812857286612
2021-06-10,935693.0959863103,83764.0,1019457.0959863103,"{'510300': {'shares': 17200.0, 'price': 4.87, 'value': 83764.0, 'profit_pct': 3.354272895629374}}",0.0005739679077580995,1.0194570959863103,-0.09776034192637839
2021-06-11,935693.0959863103,82921.2,1018614.2959863102,"{'510300': {'shares': 17200.0, 'price': 4.821, 'value': 82921.2, 'profit_pct': 2.3143633736815548}}",-0.0008267145359213135,1.0186142959863103,-0.18035097562280056
2021-06-15,935693.0959863103,81906.4,1017599.4959863103,"{'510300': {'shares': 17200.0, 'price': 4.762, 'value': 81906.4, 'profit_pct': 1.0622274186831668}}",-0.000996255406976454,1.0175994959863104,-0.279796840685842
2021-06-16,935693.0959863103,80685.2,1016378.2959863102,"{'510300': {'shares': 17200.0, 'price': 4.691, 'value': 80685.2, 'profit_pct': -0.4445802559759005}}",-0.0012000792107472735,1.0163782959863101,-0.39946898338882875
2021-06-17,935693.0959863103,80874.4,1016567.4959863103,"{'510300': {'shares': 17200.0, 'price': 4.702, 'value': 80874.4, 'profit_pct': -0.21113117962026695}}",0.00018615116118403385,1.0165674959863102,-0.38092822888553535
2021-06-18,935693.0959863103,80960.4,1016653.4959863103,"{'510300': {'shares': 17200.0, 'price': 4.707, 'value': 80960.4, 'profit_pct': -0.10501796309498238}}",8.45984160811053e-05,1.0166534959863103,-0.37250061320223127
2021-06-21,935693.0959863103,80840.0,1016533.0959863103,"{'510300': {'shares': 17200.0, 'price': 4.7, 'value': 80840.0, 'profit_pct': -0.253576466230377}}",-0.00011842776371240316,1.0165330959863104,-0.3842992751588614
2021-06-22,935693.0959863103,81287.2,1016980.2959863102,"{'510300': {'shares': 17200.0, 'price': 4.726, 'value': 81287.2, 'profit_pct': 0.29821225970111026}}",0.00043992665046088675,1.0169802959863101,-0.3404756736056669
2021-06-23,935693.0959863103,81820.4,1017513.4959863103,"{'510300': {'shares': 17200.0, 'price': 4.757, 'value': 81820.4, 'profit_pct': 0.9561142021578822}}",0.0005242972770509446,1.0175134959863104,-0.28822445636914606
2021-06-24,935693.0959863103,82043.99999999999,1017737.0959863103,"{'510300': {'shares': 17200.0, 'price': 4.77, 'value': 82043.99999999999, 'profit_pct': 1.2320085651236257}}",0.00021975138500085478,1.0177370959863103,-0.2663126555925488
2021-06-25,935693.0959863103,83437.2,1019130.2959863102,"{'510300': {'shares': 17200.0, 'price': 4.851, 'value': 83437.2, 'profit_pct': 2.951042672833281}}",0.0013689193461596805,1.0191302959863102,-0.12978528152295388
2021-06-28,935693.0959863103,83592.0,1019285.0959863103,"{'510300': {'shares': 17200.0, 'price': 4.86, 'value': 83592.0, 'profit_pct': 3.1420464625788047}}",0.00015189421863892605,1.0192850959863102,-0.11461557329299765
2021-06-29,935693.0959863103,82663.2,1018356.2959863102,"{'510300': {'shares': 17200.0, 'price': 4.806, 'value': 82663.2, 'profit_pct': 1.996023724105701}}",-0.0009112269017347296,1.0183562959863102,-0.2056338226727239
2021-06-30,935693.0959863103,83196.4,1018889.4959863103,"{'510300': {'shares': 17200.0, 'price': 4.837, 'value': 83196.4, 'profit_pct': 2.653925666562473}}",0.0005235888481287532,1.0188894959863104,-0.15338260543621418
2021-07-01,935693.0959863103,83162.0,1018855.0959863103,"{'510300': {'shares': 17200.0, 'price': 4.835, 'value': 83162.0, 'profit_pct': 2.611480379952363}}",-3.376224814910511e-05,1.0188550959863103,-0.15675365170954025
2021-07-02,935693.0959863103,80736.8,1016429.8959863103,"{'510300': {'shares': 17200.0, 'price': 4.694, 'value': 80736.8, 'profit_pct': -0.38091232606072606}}",-0.002380318859427466,1.0164298959863103,-0.39441241397882854
2021-07-05,935693.0959863103,80857.2,1016550.2959863102,"{'510300': {'shares': 17200.0, 'price': 4.701, 'value': 80857.2, 'profit_pct': -0.23235382292533138}}",0.00011845381612185513,1.0165502959863102,-0.3826137520222095
2021-07-06,935693.0959863103,80977.6,1016670.6959863103,"{'510300': {'shares': 17200.0, 'price': 4.708, 'value': 80977.6, 'profit_pct': -0.08379531978991793}}",0.00011843978647729791,1.0166706959863103,-0.37081509006556823
2021-07-07,935693.0959863103,81889.2,1017582.2959863102,"{'510300': {'shares': 17200.0, 'price': 4.761, 'value': 81889.2, 'profit_pct': 1.041004775378121}}",0.0008966521840345631,1.0175822959863103,-0.281482363822505
2021-07-08,935693.0959863103,81132.4,1016825.4959863103,"{'510300': {'shares': 17200.0, 'price': 4.717, 'value': 81132.4, 'profit_pct': 0.10720846995558675}}",-0.000743723630987847,1.0168254959863103,-0.355645381835612
2021-07-09,935693.0959863103,80719.59999999999,1016412.6959863103,"{'510300': {'shares': 17200.0, 'price': 4.693, 'value': 80719.59999999999, 'profit_pct': -0.4021349693657905}}",-0.0004059693640938722,1.0164126959863102,-0.3960979371155027
2021-07-12,935693.0959863103,81889.2,1017582.2959863102,"{'510300': {'shares': 17200.0, 'price': 4.761, 'value': 81889.2, 'profit_pct': 1.041004775378121}}",0.0011507136861026446,1.0175822959863103,-0.281482363822505
2021-07-13,935693.0959863103,82164.40000000001,1017857.4959863103,"{'510300': {'shares': 17200.0, 'price': 4.777, 'value': 82164.40000000001, 'profit_pct': 1.3805670682590394}}",0.00027044495672301494,1.0178574959863103,-0.25451399363590754
2021-07-14,935693.0959863103,81184.0,1016877.0959863103,"{'510300': {'shares': 17200.0, 'price': 4.72, 'value': 81184.0, 'profit_pct': 0.17087639987076128}}",-0.0009631996658333586,1.0168770959863103,-0.350588812425634
2021-07-15,935693.0959863103,82353.6,1018046.6959863103,"{'510300': {'shares': 17200.0, 'price': 4.788, 'value': 82353.6, 'profit_pct': 1.6140161446146728}}",0.001150188163954624,1.0180466959863101,-0.23597323913263635
2021-07-16,935693.0959863103,81476.40000000001,1017169.4959863103,"{'510300': {'shares': 17200.0, 'price': 4.737, 'value': 81476.40000000001, 'profit_pct': 0.5316613360567439}}",-0.0008616500632616653,1.0171694959863102,-0.3219349191023735
2021-07-19,935693.0959863103,81854.8,1017547.8959863103,"{'510300': {'shares': 17200.0, 'price': 4.759, 'value': 81854.8, 'profit_pct': 0.998559488768011}}",0.0003720127289434938,1.0175478959863102,-0.28485341009582
2021-07-20,935693.0959863103,81631.20000000001,1017324.2959863103,"{'510300': {'shares': 17200.0, 'price': 4.746, 'value': 81631.20000000001, 'profit_pct': 0.7226651258022674}}",-0.00021974395591795037,1.0173242959863102,-0.30676521087241726
2021-07-21,935693.0959863103,82302.0,1017995.0959863103,"{'510300': {'shares': 17200.0, 'price': 4.785, 'value': 82302.0, 'profit_pct': 1.5503482146994982}}",0.0006593767618117141,1.0179950959863102,-0.24102980854261435
2021-07-22,935693.0959863103,82388.0,1018081.0959863103,"{'510300': {'shares': 17200.0, 'price': 4.79, 'value': 82388.0, 'profit_pct': 1.656461431224783}}",8.447977828085484e-05,1.0180810959863102,-0.23260219285931027
2021-07-23,935693.0959863103,81493.6,1017186.6959863103,"{'510300': {'shares': 17200.0, 'price': 4.738, 'value': 81493.6, 'profit_pct': 0.5528839793618083}}",-0.0008785154773289783,1.0171866959863103,-0.32024939596572155
2021-07-26,935693.0959863103,78483.59999999999,1014176.6959863103,"{'510300': {'shares': 17200.0, 'price': 4.563, 'value': 78483.59999999999, 'profit_pct': -3.161078599023246}}",-0.0029591421239356652,1.0141766959863103,-0.6152159448815198
2021-07-27,852614.2087950103,158479.0,1011093.2087950103,"{'510300': {'shares': 36100.0, 'price': 4.39, 'value': 158479.0, 'profit_pct': -3.4250463387424643}}",-0.0030403845833798515,1.0110932087950104,-0.9173839101452419
2021-07-28,852614.2087950103,158840.0,1011454.2087950103,"{'510300': {'shares': 36100.0, 'price': 4.4, 'value': 158840.0, 'profit_pct': -3.2050578338193114}}",0.00035703928862318435,1.0114542087950102,-0.8820075233815783
2021-07-29,852614.2087950103,161980.7,1014594.9087950103,"{'510300': {'shares': 36100.0, 'price': 4.487, 'value': 161980.7, 'profit_pct': -1.2911578409880171}}",0.0031051331564893037,1.0145949087950104,-0.5742329585377903
2021-07-30,852614.2087950103,160753.30000000002,1013367.5087950104,"{'510300': {'shares': 36100.0, 'price': 4.453, 'value': 160753.30000000002, 'profit_pct': -2.039118757726682}}",-0.0012097438981412134,1.0133675087950105,-0.6945126735342089
2021-08-02,937580.0349979303,80045.0,1017625.0349979303,"{'510300': {'shares': 17500.0, 'price': 4.574, 'value': 80045.0, 'profit_pct': 0.6227421518432771}}",0.00420136442699115,1.0176250349979303,-0.277294131675776
2021-08-03,937580.0349979303,80080.0,1017660.0349979303,"{'510300': {'shares': 17500.0, 'price': 4.576, 'value': 80080.0, 'profit_pct': 0.6667398528278998}}",3.43938079314654e-05,1.0176600349979303,-0.2738642880837361
2021-08-04,937580.0349979303,80850.0,1018430.0349979303,"{'510300': {'shares': 17500.0, 'price': 4.62, 'value': 80850.0, 'profit_pct': 1.6346892744897175}}",0.0007566377508394506,1.0184300349979303,-0.19840772905876936
2021-08-05,937580.0349979303,80325.0,1017905.0349979303,"{'510300': {'shares': 17500.0, 'price': 4.59, 'value': 80325.0, 'profit_pct': 0.974723759720298}}",-0.0005154993293192689,1.0179050349979304,-0.24985538293942344
2021-08-06,937580.0349979303,80045.0,1017625.0349979303,"{'510300': {'shares': 17500.0, 'price': 4.574, 'value': 80045.0, 'profit_pct': 0.6227421518432771}}",-0.00027507477649968415,1.0176250349979303,-0.277294131675776
2021-08-09,937580.0349979303,81007.49999999999,1018587.5349979303,"{'510300': {'shares': 17500.0, 'price': 4.629, 'value': 81007.49999999999, 'profit_pct': 1.8326789289205294}}",0.0009458297181161868,1.0185875349979303,-0.18297343289456203
2021-08-10,937580.0349979303,82005.0,1019585.0349979303,"{'510300': {'shares': 17500.0, 'price': 4.686, 'value': 82005.0, 'profit_pct': 3.086613406982424}}",0.000979297277579505,1.0195850349979303,-0.08522289052130816
2021-08-11,937580.0349979303,81532.5,1019112.5349979303,"{'510300': {'shares': 17500.0, 'price': 4.659, 'value': 81532.5, 'profit_pct': 2.4926444436899486}}",-0.00046342382810760085,1.0191125349979302,-0.13152577901390794
2021-08-12,937580.0349979303,80972.5,1018552.5349979303,"{'510300': {'shares': 17500.0, 'price': 4.627, 'value': 80972.5, 'profit_pct': 1.7886812279359066}}",-0.0005494977058653205,1.0185525349979303,-0.18640327648661303
2021-08-13,937580.0349979303,80500.0,1018080.0349979303,"{'510300': {'shares': 17500.0, 'price': 4.6, 'value': 80500.0, 'profit_pct': 1.1947122646434314}}",-0.0004638935977916425,1.0180800349979302,-0.2327061649792017
2021-08-16,937580.0349979303,80447.50000000001,1018027.5349979303,"{'510300': {'shares': 17500.0, 'price': 4.597, 'value': 80447.50000000001, 'profit_pct': 1.128715713166507}}",-5.156765499292337e-05,1.0180275349979302,-0.23785093036727822
2021-08-17,937580.0349979303,78487.5,1016067.5349979303,"{'510300': {'shares': 17500.0, 'price': 4.485, 'value': 78487.5, 'profit_pct': -1.33515554197264}}",-0.0019252917358507649,1.0160675349979302,-0.42992217152174605
2021-08-18,937580.0349979303,79415.0,1016995.0349979303,"{'510300': {'shares': 17500.0, 'price': 4.538, 'value': 79415.0, 'profit_pct': -0.1692164658800103}}",0.0009128330234484672,1.0169950349979302,-0.339031316332572
2021-08-19,937580.0349979303,78819.99999999999,1016400.0349979303,"{'510300': {'shares': 17500.0, 'price': 4.504, 'value': 78819.99999999999, 'profit_pct': -0.9171773826186944}}",-0.0005850569368819336,1.0164000349979303,-0.3973386573973281
2021-08-20,937580.0349979303,77245.0,1014825.0349979303,"{'510300': {'shares': 17500.0, 'price': 4.414, 'value': 77245.0, 'profit_pct': -2.8970739269269323}}",-0.0015495867235022498,1.0148250349979302,-0.5516816190393126
2021-08-23,937580.0349979303,78505.0,1016085.0349979303,"{'510300': {'shares': 17500.0, 'price': 4.486, 'value': 78505.0, 'profit_pct': -1.313156691480338}}",0.0012415933353502329,1.0160850349979302,-0.42820724972572055
2021-08-24,937580.0349979303,79415.0,1016995.0349979303,"{'510300': {'shares': 17500.0, 'price': 4.538, 'value': 79415.0, 'profit_pct': -0.1692164658800103}}",0.0008955943337969341,1.0169950349979302,-0.339031316332572
2021-08-25,937580.0349979303,79660.0,1017240.0349979303,"{'510300': {'shares': 17500.0, 'price': 4.552, 'value': 79660.0, 'profit_pct': 0.1387674410123684}}",0.0002409057975396589,1.0172400349979303,-0.31502241118827046
2021-08-26,937580.0349979303,78172.5,1015752.5349979303,"{'510300': {'shares': 17500.0, 'price': 4.467, 'value': 78172.5, 'profit_pct': -1.7311348508343032}}",-0.0014622900680496542,1.0157525349979304,-0.4607907638501385
2021-08-27,937580.0349979303,78400.00000000001,1015980.0349979303,"{'510300': {'shares': 17500.0, 'price': 4.48, 'value': 78400.00000000001, 'profit_pct': -1.4451497944342064}}",0.000223971875197293,1.0159800349979302,-0.43849678050185137
2021-08-30,937580.0349979303,78085.0,1015665.0349979303,"{'510300': {'shares': 17500.0, 'price': 4.462, 'value': 78085.0, 'profit_pct': -1.8411291032958699}}",-0.0003100454626557836,1.0156650349979304,-0.4693653728302549
2021-08-31,937580.0349979303,78050.0,1015630.0349979303,"{'510300': {'shares': 17500.0, 'price': 4.46, 'value': 78050.0, 'profit_pct': -1.8851268042804923}}",-3.4460180073137e-05,1.0156300349979304,-0.47279521642229483
2021-09-01,937580.0349979303,79275.0,1016855.0349979303,"{'510300': {'shares': 17500.0, 'price': 4.53, 'value': 79275.0, 'profit_pct': -0.34520726981852073}}",0.0012061478666318681,1.0168550349979302,-0.3527506907007538
2021-09-02,937580.0349979303,79205.0,1016785.0349979303,"{'510300': {'shares': 17500.0, 'price': 4.526, 'value': 79205.0, 'profit_pct': -0.4332026717877858}}",-6.88397043735467e-05,1.0167850349979304,-0.35961037788484473
2021-09-03,937580.0349979303,78732.5,1016312.5349979303,"{'510300': {'shares': 17500.0, 'price': 4.499, 'value': 78732.5, 'profit_pct': -1.027171635080261}}",-0.0004646999943316299,1.0163125349979303,-0.4059132663774334
2021-09-06,937580.0349979303,80202.5,1017782.5349979303,"{'510300': {'shares': 17500.0, 'price': 4.583, 'value': 80202.5, 'profit_pct': 0.8207318062741088}}",0.0014464054603076093,1.0177825349979304,-0.26185983551157976
2021-09-07,937580.0349979303,81305.0,1018885.0349979303,"{'510300': {'shares': 17500.0, 'price': 4.646, 'value': 81305.0, 'profit_pct': 2.2066593872898714}}",0.0010832372948925695,1.0188850349979304,-0.15381976236219508
2021-09-08,937580.0349979303,80937.5,1018517.5349979303,"{'510300': {'shares': 17500.0, 'price': 4.625, 'value': 80937.5, 'profit_pct': 1.744683526951284}}",-0.0003606883871846156,1.0185175349979303,-0.18983312007865294
2021-09-09,937580.0349979303,80902.5,1018482.5349979303,"{'510300': {'shares': 17500.0, 'price': 4.623, 'value': 80902.5, 'profit_pct': 1.700685825966661}}",-3.4363669546566555e-05,1.0184825349979303,-0.19326296367070395
2021-09-10,937580.0349979303,81760.0,1019340.0349979303,"{'510300': {'shares': 17500.0, 'price': 4.672, 'value': 81760.0, 'profit_pct': 2.778629500090026}}",0.00084193883599748,1.0193400349979302,-0.1092317956656208
2021-09-13,937580.0349979303,81287.49999999999,1018867.5349979303,"{'510300': {'shares': 17500.0, 'price': 4.645, 'value': 81287.49999999999, 'profit_pct': 2.1846605367975505}}",-0.0004635352127624337,1.0188675349979304,-0.15553468415820948
2021-09-14,937580.0349979303,80132.5,1017712.5349979303,"{'510300': {'shares': 17500.0, 'price': 4.579, 'value': 80132.5, 'profit_pct': 0.7327364043048438}}",-0.0011336115445098605,1.0177125349979304,-0.2687195226956707
2021-09-15,937580.0349979303,79205.0,1016785.0349979303,"{'510300': {'shares': 17500.0, 'price': 4.526, 'value': 79205.0, 'profit_pct': -0.4332026717877858}}",-0.0009113575475434565,1.0167850349979304,-0.35961037788484473
2021-09-16,937580.0349979303,78225.0,1015805.0349979303,"{'510300': {'shares': 17500.0, 'price': 4.47, 'value': 78225.0, 'profit_pct': -1.6651382993573591}}",-0.000963822210465537,1.0158050349979302,-0.4556459984620731
2021-09-17,937580.0349979303,78907.5,1016487.5349979303,"{'510300': {'shares': 17500.0, 'price': 4.509, 'value': 78907.5, 'profit_pct': -0.8071831301571084}}",0.0006718808988788183,1.0164875349979303,-0.3887640484172117
2021-09-22,937580.0349979303,78330.0,1015910.0349979303,"{'510300': {'shares': 17500.0, 'price': 4.476, 'value': 78330.0, 'profit_pct': -1.5331451964034715}}",-0.0005681328891073978,1.0159100349979302,-0.4453564676859423
2021-09-23,937580.0349979303,78837.5,1016417.5349979303,"{'510300': {'shares': 17500.0, 'price': 4.505, 'value': 78837.5, 'profit_pct': -0.8951785321263733}}",0.0004995521084709686,1.0164175349979303,-0.3956237356013026
2021-09-24,937580.0349979303,78959.99999999999,1016540.0349979303,"{'510300': {'shares': 17500.0, 'price': 4.512, 'value': 78959.99999999999, 'profit_pct': -0.741186578680184}}",0.00012052133673612353,1.0165400349979303,-0.3836192830291463
2021-09-27,937580.0349979303,79520.0,1017100.0349979303,"{'510300': {'shares': 17500.0, 'price': 4.544, 'value': 79520.0, 'profit_pct': -0.03722336292614209}}",0.0005508882884295296,1.0171000349979302,-0.3287417855564412
2021-09-28,937580.0349979303,79362.5,1016942.5349979303,"{'510300': {'shares': 17500.0, 'price': 4.535, 'value': 79362.5, 'profit_pct': -0.23521301735695416}}",-0.0001548520249537999,1.0169425349979302,-0.3441760817206374
2021-09-29,937580.0349979303,78785.0,1016365.0349979303,"{'510300': {'shares': 17500.0, 'price': 4.502, 'value': 78785.0, 'profit_pct': -0.9611750836033172}}",-0.0005678786953298154,1.0163650349979303,-0.400768500989368
2021-09-30,937580.0349979303,79030.0,1016610.0349979303,"{'510300': {'shares': 17500.0, 'price': 4.516, 'value': 79030.0, 'profit_pct': -0.653191176710919}}",0.00024105512445182775,1.0166100349979303,-0.37675959584506646
2021-10-08,937580.0349979303,80272.5,1017852.5349979303,"{'510300': {'shares': 17500.0, 'price': 4.587, 'value': 80272.5, 'profit_pct': 0.9087272082433542}}",0.0012221992280476712,1.0178525349979304,-0.25500014832748885
2021-10-11,937580.0349979303,80255.0,1017835.0349979303,"{'510300': {'shares': 17500.0, 'price': 4.586, 'value': 80255.0, 'profit_pct': 0.8867283577510525}}",-1.7193060289466544e-05,1.0178350349979304,-0.25671507012351436
2021-10-12,937580.0349979303,79345.0,1016925.0349979303,"{'510300': {'shares': 17500.0, 'price': 4.534, 'value': 79345.0, 'profit_pct': -0.2572118678492753}}",-0.0008940545065849737,1.0169250349979302,-0.3458910035166629
2021-10-13,937580.0349979303,80325.0,1017905.0349979303,"{'510300': {'shares': 17500.0, 'price': 4.59, 'value': 80325.0, 'profit_pct': 0.974723759720298}}",0.0009636895211277974,1.0179050349979304,-0.24985538293942344
2021-10-14,937580.0349979303,79852.5,1017432.5349979303,"{'510300': {'shares': 17500.0, 'price': 4.563, 'value': 79852.5, 'profit_pct': 0.3807547964278228}}",-0.00046418868534325863,1.0174325349979303,-0.2961582714320232
2021-10-15,937580.0349979303,80272.5,1017852.5349979303,"{'510300': {'shares': 17500.0, 'price': 4.587, 'value': 80272.5, 'profit_pct': 0.9087272082433542}}",0.00041280378359509484,1.0178525349979304,-0.25500014832748885
2021-10-18,937580.0349979303,79257.5,1016837.5349979303,"{'510300': {'shares': 17500.0, 'price': 4.529, 'value': 79257.5, 'profit_pct': -0.36720612031084193}}",-0.0009971974967887265,1.0168375349979304,-0.3544656124967793
2021-10-19,937580.0349979303,80080.0,1017660.0349979303,"{'510300': {'shares': 17500.0, 'price': 4.576, 'value': 80080.0, 'profit_pct': 0.6667398528278998}}",0.0008088804471617639,1.0176600349979303,-0.2738642880837361
2021-10-20,937580.0349979303,79835.0,1017415.0349979303,"{'510300': {'shares': 17500.0, 'price': 4.562, 'value': 79835.0, 'profit_pct': 0.3587559459355212}}",-0.00024074837526710802,1.0174150349979303,-0.2978731932280487
2021-10-21,937580.0349979303,80220.0,1017800.0349979303,"{'510300': {'shares': 17500.0, 'price': 4.584, 'value': 80220.0, 'profit_pct': 0.8427306567664103}}",0.00037840997700677725,1.0178000349979304,-0.26014491371556536
2021-10-22,937580.0349979303,80797.5,1018377.5349979303,"{'510300': {'shares': 17500.0, 'price': 4.617, 'value': 80797.5, 'profit_pct': 1.5686927230127732}}",0.0005674002555926538,1.0183775349979303,-0.20355249444683476
2021-10-25,937580.0349979303,81095.0,1018675.0349979303,"{'510300': {'shares': 17500.0, 'price': 4.634, 'value': 81095.0, 'profit_pct': 1.9426731813821156}}",0.0002921313459656183,1.0186750349979303,-0.1743988239144567
2021-10-26,937580.0349979303,80797.5,1018377.5349979303,"{'510300': {'shares': 17500.0, 'price': 4.617, 'value': 80797.5, 'profit_pct': 1.5686927230127732}}",-0.000292046030165638,1.0183775349979303,-0.20355249444683476
2021-10-27,937580.0349979303,79642.5,1017222.5349979303,"{'510300': {'shares': 17500.0, 'price': 4.551, 'value': 79642.5, 'profit_pct': 0.1167685905200668}}",-0.0011341569902191262,1.0172225349979303,-0.31673733298428486
2021-10-28,937580.0349979303,79275.0,1016855.0349979303,"{'510300': {'shares': 17500.0, 'price': 4.53, 'value': 79275.0, 'profit_pct': -0.34520726981852073}}",-0.00036127787908346587,1.0168550349979302,-0.3527506907007538
2021-10-29,937580.0349979303,79835.0,1017415.0349979303,"{'510300': {'shares': 17500.0, 'price': 4.562, 'value': 79835.0, 'profit_pct': 0.3587559459355212}}",0.0005507176349883736,1.0174150349979303,-0.2978731932280487
2021-11-01,937580.0349979303,79555.0,1017135.0349979303,"{'510300': {'shares': 17500.0, 'price': 4.546, 'value': 79555.0, 'profit_pct': 0.00677433805850019}}",-0.000275207256004939,1.0171350349979302,-0.3253119419644013
2021-11-02,937580.0349979303,78645.0,1016225.0349979303,"{'510300': {'shares': 17500.0, 'price': 4.494, 'value': 78645.0, 'profit_pct': -1.1371658875418278}}",-0.0008946698016373267,1.0162250349979303,-0.41448787535754983
2021-11-03,937580.0349979303,78295.0,1015875.0349979303,"{'510300': {'shares': 17500.0, 'price': 4.474, 'value': 78295.0, 'profit_pct': -1.577142897388094}}",-0.0003444119047910643,1.0158750349979302,-0.4487863112779933
2021-11-04,937580.0349979303,79117.5,1016697.5349979303,"{'510300': {'shares': 17500.0, 'price': 4.521, 'value': 79117.5, 'profit_pct': -0.5431969242493524}}",0.0008096468282652314,1.0166975349979304,-0.36818498686495005
2021-11-05,937580.0349979303,78819.99999999999,1016400.0349979303,"{'510300': {'shares': 17500.0, 'price': 4.504, 'value': 78819.99999999999, 'profit_pct': -0.9171773826186944}}",-0.00029261406638558807,1.0164000349979303,-0.3973386573973281
2021-11-08,937580.0349979303,78750.0,1016330.0349979303,"{'510300': {'shares': 17500.0, 'price': 4.5, 'value': 78750.0, 'profit_pct': -1.00517278458794}}",-6.88705210445395e-05,1.0163300349979303,-0.404198344581419
2021-11-09,937580.0349979303,78715.0,1016295.0349979303,"{'510300': {'shares': 17500.0, 'price': 4.498, 'value': 78715.0, 'profit_pct': -1.0491704855725628}}",-3.443763225996488e-05,1.0162950349979303,-0.4076281881734589
2021-11-10,937580.0349979303,78277.5,1015857.5349979303,"{'510300': {'shares': 17500.0, 'price': 4.473, 'value': 78277.5, 'profit_pct': -1.5991417478804153}}",-0.00043048522814137513,1.0158575349979302,-0.4505012330740077
2021-11-11,937580.0349979303,79677.5,1017257.5349979303,"{'510300': {'shares': 17500.0, 'price': 4.553, 'value': 79677.5, 'profit_pct': 0.16076629150468955}}",0.001378146001548286,1.0172575349979303,-0.31330748939224495
2021-11-12,937580.0349979303,79642.5,1017222.5349979303,"{'510300': {'shares': 17500.0, 'price': 4.551, 'value': 79642.5, 'profit_pct': 0.1167685905200668}}",-3.44062332259254e-05,1.0172225349979303,-0.31673733298428486
2021-11-15,937580.0349979303,79537.5,1017117.5349979303,"{'510300': {'shares': 17500.0, 'price': 4.545, 'value': 79537.5, 'profit_pct': -0.015224512433820947}}",-0.00010322225116676798,1.0171175349979302,-0.3270268637604157
2021-11-16,937580.0349979303,79467.5,1017047.5349979303,"{'510300': {'shares': 17500.0, 'price': 4.541, 'value': 79467.5, 'profit_pct': -0.10321991440306642}}",-6.882193806656556e-05,1.0170475349979302,-0.3338865509445066
2021-11-17,937580.0349979303,79450.0,1017030.0349979303,"{'510300': {'shares': 17500.0, 'price': 4.54, 'value': 79450.0, 'profit_pct': -0.12521876489538755}}",-1.7206668712965723e-05,1.0170300349979302,-0.3356014727405321
2021-11-18,937580.0349979303,78680.00000000001,1016260.0349979303,"{'510300': {'shares': 17500.0, 'price': 4.496, 'value': 78680.00000000001, 'profit_pct': -1.0931681865571854}}",-0.0007571064506483038,1.0162600349979303,-0.4110580317654988
2021-11-19,937580.0349979303,79642.5,1017222.5349979303,"{'510300': {'shares': 17500.0, 'price': 4.551, 'value': 79642.5, 'profit_pct': 0.1167685905200668}}",0.0009471001189198525,1.0172225349979303,-0.31673733298428486
2021-11-22,937580.0349979303,79870.0,1017450.0349979303,"{'510300': {'shares': 17500.0, 'price': 4.564, 'value': 79870.0, 'profit_pct': 0.40275364692014387}}",0.0002236482108612936,1.0174500349979303,-0.2944433496359977
2021-11-23,937580.0349979303,79922.5,1017502.5349979303,"{'510300': {'shares': 17500.0, 'price': 4.567, 'value': 79922.5, 'profit_pct': 0.4687501983970878}}",5.159958542844123e-05,1.0175025349979303,-0.2892985842479323
2021-11-24,937580.0349979303,80115.0,1017695.0349979303,"{'510300': {'shares': 17500.0, 'price': 4.578, 'value': 80115.0, 'profit_pct': 0.7107375538125421}}",0.0001891887178446794,1.0176950349979303,-0.2704344444916962
2021-11-25,937580.0349979303,79782.5,1017362.5349979303,"{'510300': {'shares': 17500.0, 'price': 4.559, 'value': 79782.5, 'profit_pct': 0.2927593944585773}}",-0.00032671870114864277,1.0173625349979303,-0.30301795861611414
2021-11-26,937580.0349979303,79047.5,1016627.5349979303,"{'510300': {'shares': 17500.0, 'price': 4.517, 'value': 79047.5, 'profit_pct': -0.6311923262185979}}",-0.0007224563267425044,1.0166275349979303,-0.37504467404904096
2021-11-29,937580.0349979303,78925.0,1016505.0349979303,"{'510300': {'shares': 17500.0, 'price': 4.51, 'value': 78925.0, 'profit_pct': -0.7851842796648069}}",-0.00012049644120670777,1.0165050349979303,-0.3870491266211973
2021-11-30,937580.0349979303,78610.0,1016190.0349979303,"{'510300': {'shares': 17500.0, 'price': 4.492, 'value': 78610.0, 'profit_pct': -1.1811635885264504}}",-0.0003098853317540229,1.0161900349979303,-0.41791771894958973
2021-12-01,937580.0349979303,78837.5,1016417.5349979303,"{'510300': {'shares': 17500.0, 'price': 4.505, 'value': 78837.5, 'profit_pct': -0.8951785321263733}}",0.00022387544865121178,1.0164175349979303,-0.3956237356013026
2021-12-02,937580.0349979303,79012.5,1016592.5349979303,"{'510300': {'shares': 17500.0, 'price': 4.515, 'value': 79012.5, 'profit_pct': -0.6751900272032402}}",0.00017217333819452563,1.0165925349979303,-0.37847451764108087
2021-12-03,937580.0349979303,79800.0,1017380.0349979303,"{'510300': {'shares': 17500.0, 'price': 4.56, 'value': 79800.0, 'profit_pct': 0.3147582449508789}}",0.0007746466483757874,1.0173800349979303,-0.30130303682008863
2021-12-06,937580.0349979303,79712.5,1017292.5349979303,"{'510300': {'shares': 17500.0, 'price': 4.555, 'value': 79712.5, 'profit_pct': 0.20476399248931226}}",-8.600522615931361e-05,1.0172925349979303,-0.30987764580020505
2021-12-07,937580.0349979303,80202.5,1017782.5349979303,"{'510300': {'shares': 17500.0, 'price': 4.583, 'value': 80202.5, 'profit_pct': 0.8207318062741088}}",0.0004816706926891179,1.0177825349979304,-0.26185983551157976
2021-12-08,937580.0349979303,81462.5,1019042.5349979303,"{'510300': {'shares': 17500.0, 'price': 4.655, 'value': 81462.5, 'profit_pct': 2.404649041720703}}",0.0012379854798771905,1.0190425349979302,-0.13838546619798775
2021-12-09,937580.0349979303,82932.5,1020512.5349979303,"{'510300': {'shares': 17500.0, 'price': 4.739, 'value': 82932.5, 'profit_pct': 4.252552483075053}}",0.0014425305613008366,1.0205125349979303,0.0
2021-12-10,937580.0349979303,82670.0,1020250.0349979303,"{'510300': {'shares': 17500.0, 'price': 4.724, 'value': 82670.0, 'profit_pct': 3.922569725690354}}",-0.00025722369005543033,1.0202500349979302,-0.025722369005543033
2021-12-13,937580.0349979303,82897.5,1020477.5349979303,"{'510300': {'shares': 17500.0, 'price': 4.737, 'value': 82897.5, 'profit_pct': 4.20855478209043}}",0.00022298455495817215,1.0204775349979303,-0.0034296492007368506
2021-12-14,937580.0349979303,82355.0,1019935.0349979303,"{'510300': {'shares': 17500.0, 'price': 4.706, 'value': 82355.0, 'profit_pct': 3.52659041682871}}",-0.0005316138586050068,1.0199350349979304,-0.05658921181219689
2021-12-15,937580.0349979303,81550.0,1019130.0349979303,"{'510300': {'shares': 17500.0, 'price': 4.66, 'value': 81550.0, 'profit_pct': 2.5146432941822696}}",-0.0007892659555533976,1.0191300349979302,-0.13547114342919997
2021-12-16,937580.0349979303,82022.5,1019602.5349979303,"{'510300': {'shares': 17500.0, 'price': 4.687, 'value': 82022.5, 'profit_pct': 3.108612257474745}}",0.0004636307279481944,1.0196025349979303,-0.08917087921922473
2021-12-17,937580.0349979303,80745.0,1018325.0349979303,"{'510300': {'shares': 17500.0, 'price': 4.614, 'value': 80745.0, 'profit_pct': 1.5026961715358296}}",-0.0012529392151841012,1.0183250349979303,-0.21435307504620305
2021-12-20,937580.0349979303,79432.5,1017012.5349979303,"{'510300': {'shares': 17500.0, 'price': 4.539, 'value': 79432.5, 'profit_pct': -0.1472176153877087}}",-0.0012888812067776145,1.0170125349979302,-0.3429649200739182
2021-12-21,937580.0349979303,79800.0,1017380.0349979303,"{'510300': {'shares': 17500.0, 'price': 4.56, 'value': 79800.0, 'profit_pct': 0.3147582449508789}}",0.0003613524783161459,1.0173800349979303,-0.3069536034661646
2021-12-22,937580.0349979303,79852.5,1017432.5349979303,"{'510300': {'shares': 17500.0, 'price': 4.563, 'value': 79852.5, 'profit_pct': 0.3807547964278228}}",5.1603135695632574e-05,1.0174325349979303,-0.3018091296650538
2021-12-23,937580.0349979303,80517.5,1018097.5349979303,"{'510300': {'shares': 17500.0, 'price': 4.601, 'value': 80517.5, 'profit_pct': 1.2167111151357526}}",0.0006536059906923075,1.0180975349979302,-0.23664579485100923
2021-12-24,937580.0349979303,80115.0,1017695.0349979303,"{'510300': {'shares': 17500.0, 'price': 4.578, 'value': 80115.0, 'profit_pct': 0.7107375538125421}}",-0.0003953452259373158,1.0176950349979303,-0.27608676065951077
2021-12-27,937580.0349979303,80185.0,1017765.0349979303,"{'510300': {'shares': 17500.0, 'price': 4.582, 'value': 80185.0, 'profit_pct': 0.7987329557817877}}",6.878288445233416e-05,1.0177650349979304,-0.26922746225802596
2021-12-28,937580.0349979303,80640.0,1018220.0349979303,"{'510300': {'shares': 17500.0, 'price': 4.608, 'value': 80640.0, 'profit_pct': 1.3707030685819417}}",0.00044705799900168763,1.0182200349979302,-0.2246420226484136
2021-12-29,937580.0349979303,79467.5,1017047.5349979303,"{'510300': {'shares': 17500.0, 'price': 4.541, 'value': 79467.5, 'profit_pct': -0.10321991440306642}}",-0.0011515192784459227,1.0170475349979302,-0.33953527087318136
2021-12-30,937580.0349979303,80097.5,1017677.5349979303,"{'510300': {'shares': 17500.0, 'price': 4.577, 'value': 80097.5, 'profit_pct': 0.688738703320221}}",0.0006194400736649897,1.0176775349979303,-0.27780158525987364
2021-12-31,937580.0349979303,80307.5,1017887.5349979303,"{'510300': {'shares': 17500.0, 'price': 4.589, 'value': 80307.5, 'profit_pct': 0.9527249092279965}}",0.0002063522017319297,1.0178875349979304,-0.25722369005544143
2022-01-04,937580.0349979303,79992.5,1017572.5349979303,"{'510300': {'shares': 17500.0, 'price': 4.571, 'value': 79992.5, 'profit_pct': 0.5567456003663332}}",-0.00030946444392865313,1.0175725349979303,-0.2880905328620953
2022-01-05,937580.0349979303,79170.0,1016750.0349979303,"{'510300': {'shares': 17500.0, 'price': 4.524, 'value': 79170.0, 'profit_pct': -0.4772003727724085}}",-0.0008082961869658734,1.0167500349979304,-0.36868728907946124
2022-01-06,937580.0349979303,78190.0,1015770.0349979303,"{'510300': {'shares': 17500.0, 'price': 4.468, 'value': 78190.0, 'profit_pct': -1.709136000341982}}",-0.0009638553885095158,1.0157700349979304,-0.4647174667001597
2022-01-07,937580.0349979303,78400.00000000001,1015980.0349979303,"{'510300': {'shares': 17500.0, 'price': 4.48, 'value': 78400.00000000001, 'profit_pct': -1.4451497944342064}}",0.00020673970757600912,1.0159800349979302,-0.44413957149572747
2022-01-10,937580.0349979303,78627.5,1016207.5349979303,"{'510300': {'shares': 17500.0, 'price': 4.493, 'value': 78627.5, 'profit_pct': -1.1591647380341292}}",0.00022392172302909685,1.0162075349979303,-0.4218468516909213
2022-01-11,937580.0349979303,77840.0,1015420.0349979303,"{'510300': {'shares': 17500.0, 'price': 4.448, 'value': 77840.0, 'profit_pct': -2.1491130101882483}}",-0.0007749401307102222,1.0154200349979303,-0.4990139587075504
2022-01-12,937580.0349979303,78750.0,1016330.0349979303,"{'510300': {'shares': 17500.0, 'price': 4.5, 'value': 78750.0, 'profit_pct': -1.00517278458794}}",0.0008961808597778287,1.0163300349979303,-0.40984307948833676
2022-01-13,937580.0349979303,77332.5,1014912.5349979303,"{'510300': {'shares': 17500.0, 'price': 4.419, 'value': 77332.5, 'profit_pct': -2.787079674465366}}",-0.001394724106527967,1.0149125349979302,-0.5487438721182736
2022-01-14,937580.0349979303,76562.5,1014142.5349979303,"{'510300': {'shares': 17500.0, 'price': 4.375, 'value': 76562.5, 'profit_pct': -3.755029096127164}}",-0.0007586860674664297,1.0141425349979303,-0.6241961545345398
2022-01-17,937580.0349979303,77280.0,1014860.0349979303,"{'510300': {'shares': 17500.0, 'price': 4.416, 'value': 77280.0, 'profit_pct': -2.8530762259422904}}",0.0007074942379785565,1.0148600349979302,-0.5538883459193844
2022-01-18,937580.0349979303,78085.0,1015665.0349979303,"{'510300': {'shares': 17500.0, 'price': 4.462, 'value': 78085.0, 'profit_pct': -1.8411291032958699}}",0.0007932128295915497,1.0156650349979304,-0.47500641430238133
2022-01-19,937580.0349979303,77630.0,1015210.0349979303,"{'510300': {'shares': 17500.0, 'price': 4.436, 'value': 77630.0, 'profit_pct': -2.413099216096024}}",-0.000447982340950559,1.0152100349979303,-0.5195918539119937
2022-01-20,937580.0349979303,78295.0,1015875.0349979303,"{'510300': {'shares': 17500.0, 'price': 4.474, 'value': 78295.0, 'profit_pct': -1.577142897388094}}",0.0006550368663380546,1.0158750349979302,-0.4544285190979491
2022-01-21,937580.0349979303,77700.0,1015280.0349979303,"{'510300': {'shares': 17500.0, 'price': 4.44, 'value': 77700.0, 'profit_pct': -2.325103814126759}}",-0.0005857019608728198,1.0152800349979303,-0.5127325555105089
2022-01-24,937580.0349979303,77735.0,1015315.0349979303,"{'510300': {'shares': 17500.0, 'price': 4.442, 'value': 77735.0, 'profit_pct': -2.281106113142136}}",3.447324757055448e-05,1.0153150349979303,-0.509302906309772
2022-01-25,854654.7472726502,158697.6,1013352.3472726502,"{'510300': {'shares': 36600.0, 'price': 4.336, 'value': 158697.6, 'profit_pct': -2.30989718612468}}",-0.0019330824991516948,1.0133523472726502,-0.7016266316899888
2022-01-26,854654.7472726502,159649.2,1014303.9472726502,"{'510300': {'shares': 36600.0, 'price': 4.362, 'value': 159649.2, 'profit_pct': -1.7241170493256166}}",0.0009390613270507941,1.0143039472726503,-0.6083793694207418
2022-01-27,854654.7472726502,156684.59999999998,1011339.3472726502,"{'510300': {'shares': 36600.0, 'price': 4.281, 'value': 156684.59999999998, 'profit_pct': -3.5490474755073373}}",-0.00292279252976535,1.0113393472726502,-0.8988804557210739
2022-01-28,771609.9042915503,237023.0,1008632.9042915503,"{'510300': {'shares': 56300.0, 'price': 4.21, 'value': 237023.0, 'profit_pct': -3.44114018934495}}",-0.002676097779047759,1.0086329042915503,-1.1640847416346634
2022-02-07,771609.9042915503,241076.6,1012686.5042915503,"{'510300': {'shares': 56300.0, 'price': 4.282, 'value': 241076.6, 'profit_pct': -1.7897772662173559}}",0.004018905176256471,1.0126865042915503,-0.7668725702027701
2022-02-08,771609.9042915503,239838.0,1011447.9042915503,"{'510300': {'shares': 56300.0, 'price': 4.26, 'value': 239838.0, 'profit_pct': -2.294360381617459}}",-0.001223083347858478,1.0114479042915503,-0.8882429559180616
2022-02-09,771609.9042915503,242033.7,1013643.6042915503,"{'510300': {'shares': 56300.0, 'price': 4.299, 'value': 242033.7, 'profit_pct': -1.3998721315899998}}",0.002170848336017883,1.0136436042915504,-0.6730863630591166
2022-02-10,771609.9042915503,241414.40000000002,1013024.3042915503,"{'510300': {'shares': 56300.0, 'price': 4.288, 'value': 241414.40000000002, 'profit_pct': -1.6521636892900513}}",-0.0006109642455968123,1.0130243042915503,-0.7337715559167735
2022-02-11,771609.9042915503,239387.59999999998,1010997.5042915503,"{'510300': {'shares': 56300.0, 'price': 4.252, 'value': 239387.59999999998, 'profit_pct': -2.477845150853858}}",-0.002000741730888156,1.0109975042915502,-0.9323776416327201
2022-02-14,771609.9042915503,236628.90000000002,1008238.8042915503,"{'510300': {'shares': 56300.0, 'price': 4.203, 'value': 236628.90000000002, 'profit_pct': -3.6016893624267916}}",-0.002728691206743461,1.0082388042915502,-1.2027025916349854
2022-02-15,771609.9042915503,238993.5,1010603.4042915503,"{'510300': {'shares': 56300.0, 'price': 4.245, 'value': 238993.5, 'profit_pct': -2.6383943239357004}}",0.002345277715889438,1.0106034042915504,-0.9709954916330421
2022-02-16,771609.9042915503,240175.8,1011785.7042915502,"{'510300': {'shares': 56300.0, 'price': 4.266, 'value': 240175.8, 'profit_pct': -2.1567468046901546}}",0.001169895128968701,1.0117857042915501,-0.855141941632076
2022-02-17,771609.9042915503,240738.8,1012348.7042915502,"{'510300': {'shares': 56300.0, 'price': 4.276, 'value': 240738.8, 'profit_pct': -1.9273908431446602}}",0.0005564419398416121,1.0123487042915502,-0.7999735844887668
2022-02-18,771609.9042915503,242090.0,1013699.9042915503,"{'510300': {'shares': 56300.0, 'price': 4.3, 'value': 242090.0, 'profit_pct': -1.3769365354354626}}",0.0013347179625677885,1.0136999042915502,-0.6675695273447912
2022-02-21,771609.9042915503,241132.90000000002,1012742.8042915503,"{'510300': {'shares': 56300.0, 'price': 4.283, 'value': 241132.90000000002, 'profit_pct': -1.7668416700627982}}",-0.0009441650294609305,1.0127428042915503,-0.7613557344884336
2022-02-22,771609.9042915503,237754.9,1009364.8042915503,"{'510300': {'shares': 56300.0, 'price': 4.223, 'value': 237754.9, 'profit_pct': -3.1429774393358034}}",-0.0033354964218808014,1.0093648042915504,-1.0923658773483447
2022-02-23,771609.9042915503,240457.3,1012067.2042915502,"{'510300': {'shares': 56300.0, 'price': 4.271, 'value': 240457.3, 'profit_pct': -2.0420688239174076}}",0.0026773273533118314,1.0120672042915502,-0.8275577630604269
2022-02-24,771609.9042915503,235671.8,1007281.7042915502,"{'510300': {'shares': 56300.0, 'price': 4.186, 'value': 235671.8, 'profit_pct': -3.9915944970541477}}",-0.004728440937229905,1.0072817042915503,-1.2964887987786389
2022-02-25,771609.9042915503,237642.30000000002,1009252.2042915503,"{'510300': {'shares': 56300.0, 'price': 4.221, 'value': 237642.30000000002, 'profit_pct': -3.188848631644898}}",0.00195625512863451,1.0092522042915504,-1.1033995487770065
2022-02-28,771609.9042915503,237980.1,1009590.0042915503,"{'510300': {'shares': 56300.0, 'price': 4.227, 'value': 237980.1, 'profit_pct': -3.0512350547175933}}",0.0003347032570883979,1.0095900042915502,-1.070298534491021
2022-03-01,771609.9042915503,240119.49999999997,1011729.4042915503,"{'510300': {'shares': 56300.0, 'price': 4.265, 'value': 240119.49999999997, 'profit_pct': -2.179682400844712}}",0.002119078032573496,1.0117294042915503,-0.8606587773464014
2022-03-02,771609.9042915503,238149.00000000003,1009758.9042915503,"{'510300': {'shares': 56300.0, 'price': 4.23, 'value': 238149.00000000003, 'profit_pct': -2.982428266253941}}",-0.0019476551651474994,1.0097589042915502,-1.0537480273480226
2022-03-03,771609.9042915503,236516.3,1008126.2042915502,"{'510300': {'shares': 56300.0, 'price': 4.201, 'value': 236516.3, 'profit_pct': -3.647560554735907}}",-0.0016169206263604297,1.0081262042915502,-1.2137362630636583
2022-03-04,771609.9042915503,233645.00000000003,1005254.9042915503,"{'510300': {'shares': 56300.0, 'price': 4.15, 'value': 233645.00000000003, 'profit_pct': -4.817275958617935}}",-0.0028481553081121103,1.0052549042915502,-1.4950948844945744
2022-03-07,771609.9042915503,225312.59999999998,996922.5042915503,"{'510300': {'shares': 56300.0, 'price': 4.002, 'value': 225312.59999999998, 'profit_pct': -8.211744189491332}}",-0.008288842923747985,0.9969225042915503,-2.311586570215707
2022-03-08,688397.8441603503,303800.0,992197.8441603503,"{'510300': {'shares': 77500.0, 'price': 3.92, 'value': 303800.0, 'profit_pct': -7.5632237783959475}}",-0.004739245137772796,0.9921978441603503,-2.7745559085795457
2022-03-09,605257.8776507503,383732.0,988989.8776507503,"{'510300': {'shares': 98900.0, 'price': 3.88, 'value': 383732.0, 'profit_pct': -6.809616661429299}}",-0.0032331923804114204,0.9889898776507503,-3.088904473598053
2022-03-10,605257.8776507503,389666.0,994923.8776507503,"{'510300': {'shares': 98900.0, 'price': 3.94, 'value': 389666.0, 'profit_pct': -5.368528259286453}}",0.0060000614102295735,0.9949238776507503,-2.5074319491070085
2022-03-11,605257.8776507503,392435.2,997693.0776507503,"{'510300': {'shares': 98900.0, 'price': 3.968, 'value': 392435.2, 'profit_pct': -4.696020338286457}}",0.00278332851608587,0.9976930776507503,-2.23607810434453
2022-03-14,605257.8776507503,378589.2,983847.0776507503,"{'510300': {'shares': 98900.0, 'price': 3.828, 'value': 378589.2, 'profit_pct': -8.058559943286433}}",-0.013878015504129704,0.9838470776507503,-3.592847328156956
2022-03-15,522045.7173895204,442012.2,964057.9173895204,"{'510300': {'shares': 121800.0, 'price': 3.629, 'value': 442012.2, 'profit_pct': -10.697264426864098}}",-0.0201140611287709,0.9640579173895204,-5.531986690249169
2022-03-16,522045.7173895204,463083.6,985129.3173895204,"{'510300': {'shares': 121800.0, 'price': 3.802, 'value': 463083.6, 'profit_pct': -6.440065955066768}}",0.021856985581381938,0.9851293173895204,-3.4672006854361337
2022-03-17,608978.9831834404,386268.4,995247.3831834404,"{'510300': {'shares': 99400.0, 'price': 3.886, 'value': 386268.4, 'profit_pct': -4.37298692829812}}",0.010270799594850999,0.9952473831834404,-2.475731649346291
2022-03-18,608978.9831834404,389051.60000000003,998030.5831834404,"{'510300': {'shares': 99400.0, 'price': 3.914, 'value': 389051.60000000003, 'profit_pct': -3.6839605860419047}}",0.0027964906484831964,0.9980305831834404,-2.2030059449035133
2022-03-21,608978.9831834404,388455.2,997434.1831834405,"{'510300': {'shares': 99400.0, 'price': 3.908, 'value': 388455.2, 'profit_pct': -3.8316090879539564}}",-0.0005975768779525881,0.9974341831834405,-2.261447167284092
2022-03-22,608978.9831834404,388057.6,997036.5831834404,"{'510300': {'shares': 99400.0, 'price': 3.904, 'value': 388057.6, 'profit_pct': -3.930041422561987}}",-0.0003986227930660169,0.9970365831834404,-2.3004079822045
2022-03-23,608978.9831834404,390542.6,999521.5831834404,"{'510300': {'shares': 99400.0, 'price': 3.929, 'value': 390542.6, 'profit_pct': -3.314839331261797}}",0.0024923859785221936,0.9995215831834404,-2.056902888952017
2022-03-24,608978.9831834404,387858.8,996837.7831834403,"{'510300': {'shares': 99400.0, 'price': 3.902, 'value': 387858.8, 'profit_pct': -3.979257589865997}}",-0.002685084589621578,0.9968377831834403,-2.319888389664704
2022-03-25,608978.9831834404,380205.0,989183.9831834404,"{'510300': {'shares': 99400.0, 'price': 3.825, 'value': 380205.0, 'profit_pct': -5.874080031070588}}",-0.007678079752913458,0.9891839831834404,-3.0698840768823454
2022-03-28,608978.9831834404,377720.0,986698.9831834404,"{'510300': {'shares': 99400.0, 'price': 3.8, 'value': 377720.0, 'profit_pct': -6.489282122370789}}",-0.0025121716912587244,0.9866989831834404,-3.3133891701348395
2022-03-29,608978.9831834404,375930.8,984909.7831834403,"{'510300': {'shares': 99400.0, 'price': 3.782, 'value': 375930.8, 'profit_pct': -6.932227628106922}}",-0.0018133189863310806,0.9849097831834404,-3.4887128372766307
2022-03-30,608978.9831834404,388157.0,997135.9831834404,"{'510300': {'shares': 99400.0, 'price': 3.905, 'value': 388157.0, 'profit_pct': -3.905433338909982}}",0.01241352274975105,0.9971359831834404,-2.290667778474398
2022-03-31,608978.9831834404,385075.60000000003,994054.5831834404,"{'510300': {'shares': 99400.0, 'price': 3.874, 'value': 385075.60000000003, 'profit_pct': -4.668283932122213}}",-0.0030902505294838623,0.9940545831834404,-2.5926140941074816
2022-04-01,608978.9831834404,390145.0,999123.9831834404,"{'510300': {'shares': 99400.0, 'price': 3.925, 'value': 390145.0, 'profit_pct': -3.4132716658698277}}",0.005099719960814708,0.9991239831834404,-2.0958637038724137
2022-04-06,608978.9831834404,388952.19999999995,997931.1831834404,"{'510300': {'shares': 99400.0, 'price': 3.913, 'value': 388952.19999999995, 'profit_pct': -3.70856866969392}}",-0.0011938458290225995,0.9979311831834403,-2.2127461486336153
2022-04-07,608978.9831834404,383783.4,992762.3831834404,"{'510300': {'shares': 99400.0, 'price': 3.861, 'value': 383783.4, 'profit_pct': -4.988189019598311}}",-0.005179515468703211,0.9927623831834405,-2.719236742598774
2022-04-08,608978.9831834404,386566.6,995545.5831834404,"{'510300': {'shares': 99400.0, 'price': 3.889, 'value': 386566.6, 'profit_pct': -4.299162677342105}}",0.0028034905906437757,0.9955455831834403,-2.4465110381559962
2022-04-11,608978.9831834404,373445.8,982424.7831834403,"{'510300': {'shares': 99400.0, 'price': 3.757, 'value': 373445.8, 'profit_pct': -7.547429719407112}}",-0.013179507017693659,0.9824247831834403,-3.7322179305291137
2022-04-12,608978.9831834404,380403.8,989382.7831834403,"{'510300': {'shares': 99400.0, 'price': 3.827, 'value': 380403.8, 'profit_pct': -5.824863863766578}}",0.0070824760522156804,0.9893827831834403,-3.0504036694221637
2022-04-13,608978.9831834404,377223.0,986201.9831834404,"{'510300': {'shares': 99400.0, 'price': 3.795, 'value': 377223.0, 'profit_pct': -6.612322540630824}}",-0.0032149336475871815,0.9862019831834404,-3.362090188785327
2022-04-14,608978.9831834404,381596.6,990575.5831834404,"{'510300': {'shares': 99400.0, 'price': 3.839, 'value': 381596.6, 'profit_pct': -5.529566859942485}}",0.0044347913252842375,0.9905755831834404,-2.933521224660962
2022-04-15,608978.9831834404,381397.80000000005,990376.7831834404,"{'510300': {'shares': 99400.0, 'price': 3.837, 'value': 381397.80000000005, 'profit_pct': -5.578783027246495}}",-0.00020069139939937752,0.9903767831834405,-2.953001632121155
2022-04-18,608978.9831834404,379409.8,988388.7831834403,"{'510300': {'shares': 99400.0, 'price': 3.817, 'value': 379409.8, 'profit_pct': -6.07094470028665}}",-0.002007316845221263,0.9883887831834404,-3.14780570672315
2022-04-19,608978.9831834404,376726.0,985704.9831834404,"{'510300': {'shares': 99400.0, 'price': 3.79, 'value': 376726.0, 'profit_pct': -6.73536295889086}}",-0.0027153282652154775,0.9857049831834404,-3.410791207435826
2022-04-20,608978.9831834404,369768.0,978746.9831834404,"{'510300': {'shares': 99400.0, 'price': 3.72, 'value': 369768.0, 'profit_pct': -8.457928814531394}}",-0.007058907197088904,0.9787469831834404,-4.0926054685427875
2022-04-21,608978.9831834404,363008.8,971987.7831834403,"{'510300': {'shares': 99400.0, 'price': 3.652, 'value': 363008.8, 'profit_pct': -10.131278502867918}}",-0.006905972755098855,0.9719877831834404,-4.754939322189545
2022-04-22,608978.9831834404,364002.8,972981.7831834403,"{'510300': {'shares': 99400.0, 'price': 3.662, 'value': 364002.8, 'profit_pct': -9.885197666347848}}",0.0010226465982365873,0.9729817831834403,-4.657537284888558
2022-04-25,525962.0764807104,427727.7,953689.7764807104,"{'510300': {'shares': 123300.0, 'price': 3.469, 'value': 427727.7, 'profit_pct': -12.157251985215128}}",-0.019827716239053994,0.9536897764807104,-6.547960581136369
2022-04-26,442630.06057357043,507252.5,949882.5605735704,"{'510300': {'shares': 147500.0, 'price': 3.439, 'value': 507252.5, 'profit_pct': -11.044436788834505}}",-0.003992090511014235,0.9498825605735705,-6.921029580935334
2022-04-27,527953.5213539205,437453.0,965406.5213539205,"{'510300': {'shares': 123400.0, 'price': 3.545, 'value': 437453.0, 'profit_pct': -8.30256714638509}}",0.01634303168064921,0.9654065213539205,-5.3998370185743605
2022-04-28,527953.5213539205,440661.4,968614.9213539205,"{'510300': {'shares': 123400.0, 'price': 3.571, 'value': 440661.4, 'profit_pct': -7.6300330831427745}}",0.0033233668190892907,0.9686149213539205,-5.085445975841452
2022-04-29,614109.8981844705,366732.89999999997,980842.7981844705,"{'510300': {'shares': 99900.0, 'price': 3.671, 'value': 366732.89999999997, 'profit_pct': -5.0433636091339}}",0.012624084722397289,0.9808427981844705,-3.887236604451927
2022-05-05,614109.8981844705,365234.4,979344.2981844705,"{'510300': {'shares': 99900.0, 'price': 3.656, 'value': 365234.4, 'profit_pct': -5.431364030235225}}",-0.0015277677552139046,0.9793442981844706,-4.034074585232139
2022-05-06,614109.8981844705,355544.10000000003,969653.9981844705,"{'510300': {'shares': 99900.0, 'price': 3.559, 'value': 355544.10000000003, 'profit_pct': -7.94043342002384}}",-0.009894681592535037,0.9696539981844705,-4.983626860944234
2022-05-09,614109.8981844705,352347.3,966457.1981844704,"{'510300': {'shares': 99900.0, 'price': 3.527, 'value': 352347.3, 'profit_pct': -8.768167651706685}}",-0.00329684609766534,0.9664571981844704,-5.296881219942051
2022-05-10,614109.8981844705,356842.8,970952.6981844704,"{'510300': {'shares': 99900.0, 'price': 3.572, 'value': 356842.8, 'profit_pct': -7.604166388402689}}",0.004651525187504335,0.9709526981844704,-4.856367277601381
2022-05-11,614109.8981844705,362337.3,976447.1981844704,"{'510300': {'shares': 99900.0, 'price': 3.627, 'value': 362337.3, 'profit_pct': -6.181498177697811}}",0.0056588750515589314,0.9764471981844705,-4.317961348073906
2022-05-12,614109.8981844705,360339.30000000005,974449.1981844705,"{'510300': {'shares': 99900.0, 'price': 3.607, 'value': 360339.30000000005, 'profit_pct': -6.6988320724995765}}",-0.002046193592152079,0.9744491981844705,-4.513745322447527
2022-05-13,614109.8981844705,363436.2,977546.0981844706,"{'510300': {'shares': 99900.0, 'price': 3.638, 'value': 363436.2, 'profit_pct': -5.89696453555683}}",0.0031781030819975076,0.9775460981844706,-4.2102801621684005
2022-05-16,614109.8981844705,360339.30000000005,974449.1981844705,"{'510300': {'shares': 99900.0, 'price': 3.607, 'value': 360339.30000000005, 'profit_pct': -6.6988320724995765}}",-0.003168034741023118,0.9744491981844705,-4.513745322447527
2022-05-17,614109.8981844705,365234.4,979344.2981844705,"{'510300': {'shares': 99900.0, 'price': 3.656, 'value': 365234.4, 'profit_pct': -5.431364030235225}}",0.005023453258641064,0.9793442981844706,-4.034074585232139
2022-05-18,614109.8981844705,363835.8,977945.6981844704,"{'510300': {'shares': 99900.0, 'price': 3.642, 'value': 363835.8, 'profit_pct': -5.793497756596475}}",-0.0014280983741804532,0.9779456981844704,-4.171123367293694
2022-05-19,614109.8981844705,364734.89999999997,978844.7981844705,"{'510300': {'shares': 99900.0, 'price': 3.651, 'value': 364734.89999999997, 'profit_pct': -5.560697503935677}}",0.0009193762002013273,0.9788447981844705,-4.083020578825547
2022-05-20,614109.8981844705,373126.5,987236.3981844705,"{'510300': {'shares': 99900.0, 'price': 3.735, 'value': 373126.5, 'profit_pct': -3.387895145768214}}",0.008572962757287472,0.9872363981844705,-3.260727886456316
2022-05-23,614109.8981844705,369929.7,984039.5981844706,"{'510300': {'shares': 99900.0, 'price': 3.703, 'value': 369929.7, 'profit_pct': -4.215629377451057}}",-0.0032381302045577653,0.9840395981844705,-3.5739822454541104
2022-05-24,614109.8981844705,361737.9,975847.7981844705,"{'510300': {'shares': 99900.0, 'price': 3.621, 'value': 361737.9, 'profit_pct': -6.336698346138338}}",-0.008324664998353493,0.9758477981844705,-4.376696540385994
2022-05-25,614109.8981844705,363436.2,977546.0981844706,"{'510300': {'shares': 99900.0, 'price': 3.638, 'value': 363436.2, 'profit_pct': -5.89696453555683}}",0.0017403328707199517,0.9775460981844706,-4.2102801621684005
2022-05-26,614109.8981844705,364435.2,978545.0981844706,"{'510300': {'shares': 99900.0, 'price': 3.648, 'value': 364435.2, 'profit_pct': -5.638297588155935}}",0.0010219466906526975,0.9785450981844706,-4.112388174981585
2022-05-27,614109.8981844705,365434.2,979544.0981844706,"{'510300': {'shares': 99900.0, 'price': 3.658, 'value': 365434.2, 'profit_pct': -5.379630640755053}}",0.0010209033818200375,0.9795440981844705,-4.01449618779478
2022-05-30,614109.8981844705,367731.9,981841.7981844705,"{'510300': {'shares': 99900.0, 'price': 3.681, 'value': 367731.9, 'profit_pct': -4.784696661733006}}",0.002345683062415116,0.9818417981844705,-3.7893446172651113
2022-05-31,614109.8981844705,374125.5,988235.3981844705,"{'510300': {'shares': 99900.0, 'price': 3.745, 'value': 374125.5, 'profit_pct': -3.12922819836732}}",0.006511843366031389,0.9882353981844705,-3.1628358992695005
2022-06-01,614109.8981844705,373526.1,987635.9981844705,"{'510300': {'shares': 99900.0, 'price': 3.739, 'value': 373526.1, 'profit_pct': -3.284428366807858}}",-0.0006065356504140196,0.9876359981844705,-3.2215710915815987
2022-06-02,614109.8981844705,374625.0,988734.8981844705,"{'510300': {'shares': 99900.0, 'price': 3.75, 'value': 374625.0, 'profit_pct': -2.999894724666878}}",0.00111265689183071,0.9887348981844705,-3.1138899056760927
2022-06-06,614109.8981844705,382816.8,996926.6981844704,"{'510300': {'shares': 99900.0, 'price': 3.832, 'value': 382816.8, 'profit_pct': -0.8788257559795976}}",0.00828513286528243,0.9969266981844704,-2.3111756107442316
2022-06-07,614109.8981844705,383416.2,997526.0981844706,"{'510300': {'shares': 99900.0, 'price': 3.838, 'value': 383416.2, 'profit_pct': -0.7236255875390588}}",0.0006012478160046797,0.9975260981844706,-2.2524404184321334
2022-06-08,614109.8981844705,387612.0,1001721.8981844705,"{'510300': {'shares': 99900.0, 'price': 3.88, 'value': 387612.0, 'profit_pct': 0.36277559154466743}}",0.004206205740016733,1.0017218981844704,-1.8412940722475235
2022-06-09,614109.8981844705,384215.4,998325.2981844705,"{'510300': {'shares': 99900.0, 'price': 3.846, 'value': 384215.4, 'profit_pct': -0.516692029618348}}",-0.0033907614540082953,0.9983252981844705,-2.1741268286826876
2022-06-10,614109.8981844705,390009.6,1004119.4981844705,"{'510300': {'shares': 99900.0, 'price': 3.904, 'value': 390009.6, 'profit_pct': 0.9835762653067999}}",0.005803919835084992,1.0041194981844705,-1.606353302999175
2022-06-13,614109.8981844705,384814.8,998924.6981844704,"{'510300': {'shares': 99900.0, 'price': 3.852, 'value': 384814.8, 'profit_pct': -0.36149186117782056}}",-0.0051734878262922335,0.9989246981844704,-2.1153916363706116
2022-06-14,614109.8981844705,388810.8,1002920.6981844704,"{'510300': {'shares': 99900.0, 'price': 3.892, 'value': 388810.8, 'profit_pct': 0.6731759284257337}}",0.0040003015314995505,1.0029206981844705,-1.7238236876233493
2022-06-15,614109.8981844705,393705.89999999997,1007815.7981844705,"{'510300': {'shares': 99900.0, 'price': 3.941, 'value': 393705.89999999997, 'profit_pct': 1.9406439706900849}}",0.0048808445262535916,1.0078157981844704,-1.2441529504079618
2022-06-16,614109.8981844705,391008.60000000003,1005118.4981844705,"{'510300': {'shares': 99900.0, 'price': 3.914, 'value': 391008.60000000003, 'profit_pct': 1.2422432127076941}}",-0.0026763819389010735,1.0051184981844705,-1.5084613158123594
2022-06-17,614109.8981844705,397302.3,1011412.1981844704,"{'510300': {'shares': 99900.0, 'price': 3.977, 'value': 397302.3, 'profit_pct': 2.8718449813332834}}",0.006261649757086429,1.0114121981844704,-0.8917417965354391
2022-06-20,614109.8981844705,399400.2,1013510.0981844706,"{'510300': {'shares': 99900.0, 'price': 3.998, 'value': 399400.2, 'profit_pct': 3.415045570875158}}",0.0020742284933541466,1.0135100981844705,-0.6861686234431175
2022-06-21,614109.8981844705,399200.4,1013310.2981844705,"{'510300': {'shares': 99900.0, 'price': 3.996, 'value': 399200.4, 'profit_pct': 3.3633121813949742}}",-0.00019713666430942745,1.0133102981844706,-0.7057470208804872
2022-06-22,614109.8981844705,394205.4,1008315.2981844705,"{'510300': {'shares': 99900.0, 'price': 3.946, 'value': 394205.4, 'profit_pct': 2.0699774443905374}}",-0.004929388370916055,1.0083152981844705,-1.195206956814554
2022-06-23,699645.8823886605,316050.6,1015696.4823886604,"{'510300': {'shares': 78600.0, 'price': 4.021, 'value': 316050.6, 'profit_pct': 4.009979549897193}}",0.007320313613688345,1.0156964823886605,-0.4719248852028679
2022-06-24,699645.8823886605,319823.4,1019469.2823886605,"{'510300': {'shares': 78600.0, 'price': 4.069, 'value': 319823.4, 'profit_pct': 5.251580897421458}}",0.0037144954870054203,1.0194692823886604,-0.10222829935860878
2022-06-27,785168.1843987404,237962.6,1023130.7843987404,"{'510300': {'shares': 57800.0, 'price': 4.117, 'value': 237962.6, 'profit_pct': 6.493182244945723}}",0.0035915765912053477,1.0231307843987405,0.0
2022-06-28,785168.1843987404,240968.19999999998,1026136.3843987404,"{'510300': {'shares': 57800.0, 'price': 4.169, 'value': 240968.19999999998, 'profit_pct': 7.838250371430331}}",0.0029376498545747864,1.0261363843987403,0.0
2022-06-29,785168.1843987404,237789.19999999998,1022957.3843987404,"{'510300': {'shares': 57800.0, 'price': 4.114, 'value': 237789.19999999998, 'profit_pct': 6.415582160725454}}",-0.0030980287302284637,1.0229573843987403,-0.30980287302284637
2022-06-30,785168.1843987404,240679.19999999998,1025847.3843987404,"{'510300': {'shares': 57800.0, 'price': 4.164, 'value': 240679.19999999998, 'profit_pct': 7.708916897729891}}",0.002825142126227087,1.0258473843987403,-0.02816389754752846
2022-07-01,785168.1843987404,239812.2,1024980.3843987405,"{'510300': {'shares': 57800.0, 'price': 4.149, 'value': 239812.2, 'profit_pct': 7.320916476628566}}",-0.0008451549550014814,1.0249803843987404,-0.11265559019011384
2022-07-04,785168.1843987404,241430.59999999998,1026598.7843987404,"{'510300': {'shares': 57800.0, 'price': 4.177, 'value': 241430.59999999998, 'profit_pct': 8.045183929351044}}",0.0015789570460407187,1.0265987843987403,0.0
2022-07-05,785168.1843987404,240852.59999999998,1026020.7843987404,"{'510300': {'shares': 57800.0, 'price': 4.167, 'value': 240852.59999999998, 'profit_pct': 7.78651698195016}}",-0.0005630242396386098,1.0260207843987403,-0.05630242396386098
2022-07-06,785168.1843987404,237442.4,1022610.5843987404,"{'510300': {'shares': 57800.0, 'price': 4.108, 'value': 237442.4, 'profit_pct': 6.260381992284915}}",-0.0033237143456098517,1.0226105843987405,-0.388486725350623
2022-07-07,785168.1843987404,238367.19999999998,1023535.3843987404,"{'510300': {'shares': 57800.0, 'price': 4.124, 'value': 238367.19999999998, 'profit_pct': 6.674249108126337}}",0.0009043520711686792,1.0235353843987405,-0.2984028470084499
2022-07-08,785168.1843987404,238136.0,1023304.1843987404,"{'510300': {'shares': 57800.0, 'price': 4.12, 'value': 238136.0, 'profit_pct': 6.5707823291659935}}",-0.00022588373936460737,1.0233041843987405,-0.3209238165939876
2022-07-11,785168.1843987404,233743.19999999998,1018911.3843987404,"{'510300': {'shares': 57800.0, 'price': 4.044, 'value': 233743.19999999998, 'profit_pct': 4.604913528919228}}",-0.004292760712769961,1.0189113843987403,-0.7488222387193266
2022-07-12,785168.1843987404,231662.4,1016830.5843987404,"{'510300': {'shares': 57800.0, 'price': 4.008, 'value': 231662.4, 'profit_pct': 3.673712518276041}}",-0.0020421795573790646,1.0168305843987404,-0.9515109649892106
2022-07-13,785168.1843987404,232066.99999999997,1017235.1843987404,"{'510300': {'shares': 57800.0, 'price': 4.015, 'value': 232066.99999999997, 'profit_pct': 3.8547793814566544}}",0.000397903058983351,1.0172351843987404,-0.9120992682145057
2022-07-14,785168.1843987404,232124.8,1017292.9843987403,"{'510300': {'shares': 57800.0, 'price': 4.016, 'value': 232124.8, 'profit_pct': 3.8806460761967516}}",5.682068501600135e-05,1.0172929843987404,-0.9064690258181352
2022-07-15,785168.1843987404,228367.80000000002,1013535.9843987405,"{'510300': {'shares': 57800.0, 'price': 3.951, 'value': 228367.80000000002, 'profit_pct': 2.199310918090979}}",-0.003693134679603083,1.0135359843987404,-1.2724347815831982
2022-07-18,785168.1843987404,231026.6,1016194.7843987404,"{'510300': {'shares': 57800.0, 'price': 3.997, 'value': 231026.6, 'profit_pct': 3.3891788761350607}}",0.0026232911716275176,1.0161947843987404,-1.0134436313494644
2022-07-19,785168.1843987404,229755.0,1014923.1843987404,"{'510300': {'shares': 57800.0, 'price': 3.975, 'value': 229755.0, 'profit_pct': 2.8201115918531117}}",-0.0012513349010665475,1.0149231843987405,-1.1373089640699496
2022-07-20,785168.1843987404,230448.6,1015616.7843987404,"{'510300': {'shares': 57800.0, 'price': 3.987, 'value': 230448.6, 'profit_pct': 3.1305119287341774}}",0.0006834014737882033,1.0156167843987405,-1.0697460553133142
2022-07-21,785168.1843987404,227847.6,1013015.7843987404,"{'510300': {'shares': 57800.0, 'price': 3.942, 'value': 227847.6, 'profit_pct': 1.9665106654301823}}",-0.0025610053318878556,1.0130157843987404,-1.3231069631506776
2022-07-22,785168.1843987404,228021.0,1013189.1843987404,"{'510300': {'shares': 57800.0, 'price': 3.945, 'value': 228021.0, 'profit_pct': 2.04411074965044}}",0.00017117206135441876,1.0131891843987404,-1.3062162359615215
2022-07-25,785168.1843987404,226980.6,1012148.7843987404,"{'510300': {'shares': 57800.0, 'price': 3.927, 'value': 226980.6, 'profit_pct': 1.5785102443288463}}",-0.0010268565989651757,1.0121487843987405,-1.407560599096469
2022-07-26,785168.1843987404,228656.8,1013824.9843987403,"{'510300': {'shares': 57800.0, 'price': 3.956, 'value': 228656.8, 'profit_pct': 2.3286443917914204}}",0.0016560806334373623,1.0138249843987404,-1.24428356960129
2022-07-27,785168.1843987404,227269.6,1012437.7843987404,"{'510300': {'shares': 57800.0, 'price': 3.932, 'value': 227269.6, 'profit_pct': 1.707843718029288}}",-0.0013682835019326323,1.0124377843987404,-1.3794093871145385
2022-07-28,785168.1843987404,227443.0,1012611.1843987404,"{'510300': {'shares': 57800.0, 'price': 3.935, 'value': 227443.0, 'profit_pct': 1.7854438022495571}}",0.0001712697833604615,1.0126111843987404,-1.3625186599253825
2022-07-29,785168.1843987404,224032.8,1009200.9843987403,"{'510300': {'shares': 57800.0, 'price': 3.876, 'value': 224032.8, 'profit_pct': 0.259308812584312}}",-0.003367728949216553,1.0092009843987404,-1.6947029613121556
2022-08-01,785168.1843987404,225073.2,1010241.3843987405,"{'510300': {'shares': 57800.0, 'price': 3.894, 'value': 225073.2, 'profit_pct': 0.7249093179059171}}",0.001030914571114927,1.0102413843987406,-1.593358598177197
2022-08-02,785168.1843987404,220969.4,1006137.5843987404,"{'510300': {'shares': 57800.0, 'price': 3.823, 'value': 220969.4, 'profit_pct': -1.1116260086403946}}",-0.004062197474163587,1.0061375843987403,-1.9931058083205944
2022-08-03,785168.1843987404,218368.4,1003536.5843987404,"{'510300': {'shares': 57800.0, 'price': 3.778, 'value': 218368.4, 'profit_pct': -2.27562727194439}}",-0.002585133524809491,1.0035365843987405,-2.246466716157969
2022-08-04,785168.1843987404,220160.2,1005328.3843987405,"{'510300': {'shares': 57800.0, 'price': 3.809, 'value': 220160.2, 'profit_pct': -1.4737597350016327}}",0.0017854854799075337,1.0053283843987404,-2.071929201869993
2022-08-05,785168.1843987404,223917.2,1009085.3843987405,"{'510300': {'shares': 57800.0, 'price': 3.874, 'value': 223917.2, 'profit_pct': 0.20757542310413998}}",0.0037370873620035105,1.0090853843987404,-1.705963446104919
2022-08-08,785168.1843987404,223108.0,1008276.1843987404,"{'510300': {'shares': 57800.0, 'price': 3.86, 'value': 223108.0, 'profit_pct': -0.15455830325710973}}",-0.0008019143003267226,1.0082761843987404,-1.7847868396543176
2022-08-09,785168.1843987404,223512.6,1008680.7843987404,"{'510300': {'shares': 57800.0, 'price': 3.867, 'value': 223512.6, 'profit_pct': 0.026508559923515137}}",0.00040127894148489496,1.0086807843987404,-1.7453751428796238
2022-08-10,785168.1843987404,220911.6,1006079.7843987404,"{'510300': {'shares': 57800.0, 'price': 3.822, 'value': 220911.6, 'profit_pct': -1.1374927033804805}}",-0.002578615593981426,1.0060797843987404,-1.9987360507169871
2022-08-11,785168.1843987404,225998.0,1011166.1843987404,"{'510300': {'shares': 57800.0, 'price': 3.91, 'value': 225998.0, 'profit_pct': 1.1387764337473387}}",0.005055662661028304,1.0111661843987405,-1.5032747198350238
2022-08-12,785168.1843987404,226055.8,1011223.9843987403,"{'510300': {'shares': 57800.0, 'price': 3.911, 'value': 226055.8, 'profit_pct': 1.1646431284874248}}",5.7161721675136334e-05,1.0112239843987403,-1.4976444774386533
2022-08-15,785168.1843987404,225477.8,1010645.9843987403,"{'510300': {'shares': 57800.0, 'price': 3.901, 'value': 225477.8, 'profit_pct': 0.9059761810865306}}",-0.0005715845439956402,1.0106459843987403,-1.5539469014025031
2022-08-16,785168.1843987404,224899.8,1010067.9843987403,"{'510300': {'shares': 57800.0, 'price': 3.891, 'value': 224899.8, 'profit_pct': 0.6473092336856476}}",-0.0005719114397351177,1.0100679843987403,-1.6102493253663641
2022-08-17,785168.1843987404,227269.6,1012437.7843987404,"{'510300': {'shares': 57800.0, 'price': 3.932, 'value': 227269.6, 'profit_pct': 1.707843718029288}}",0.0023461787093574937,1.0124377843987404,-1.3794093871145385
2022-08-18,785168.1843987404,225131.0,1010299.1843987404,"{'510300': {'shares': 57800.0, 'price': 3.895, 'value': 225131.0, 'profit_pct': 0.7507760126460031}}",-0.0021123273281132837,1.0102991843987403,-1.5877283557808153
2022-08-19,785168.1843987404,223397.0,1008565.1843987404,"{'510300': {'shares': 57800.0, 'price': 3.865, 'value': 223397.0, 'profit_pct': -0.02522482955665683}}",-0.0017163232701528086,1.0085651843987404,-1.7566356276723982
2022-08-22,785168.1843987404,224957.6,1010125.7843987404,"{'510300': {'shares': 57800.0, 'price': 3.892, 'value': 224957.6, 'profit_pct': 0.6731759284257337}}",0.0015473466902691246,1.0101257843987403,-1.6046190829699825
2022-08-23,785168.1843987404,224148.4,1009316.5843987404,"{'510300': {'shares': 57800.0, 'price': 3.878, 'value': 224148.4, 'profit_pct': 0.31104220206449545}}",-0.0008010883520626066,1.0093165843987404,-1.68344247651937
2022-08-24,785168.1843987404,219697.80000000002,1004865.9843987405,"{'510300': {'shares': 57800.0, 'price': 3.801, 'value': 219697.80000000002, 'profit_pct': -1.6806932929223435}}",-0.004409518350133146,1.0048659843987404,-2.1169711410410907
2022-08-25,785168.1843987404,221778.6,1006946.7843987404,"{'510300': {'shares': 57800.0, 'price': 3.837, 'value': 221778.6, 'profit_pct': -0.7494922822791448}}",0.0020707238898578506,1.0069467843987403,-1.9142824147711957
2022-08-26,785168.1843987404,221431.8,1006599.9843987403,"{'510300': {'shares': 57800.0, 'price': 3.831, 'value': 221431.8, 'profit_pct': -0.9046924507196836}}",-0.00034440747552222373,1.0065999843987403,-1.948063869149519
2022-08-29,785168.1843987404,219986.8,1005154.9843987403,"{'510300': {'shares': 57800.0, 'price': 3.806, 'value': 219986.8, 'profit_pct': -1.5513598192219022}}",-0.0014355255537412681,1.0051549843987404,-2.0888199290591714
2022-08-30,785168.1843987404,219466.6,1004634.7843987404,"{'510300': {'shares': 57800.0, 'price': 3.797, 'value': 219466.6, 'profit_pct': -1.784160071882699}}",-0.0005175321299442093,1.0046347843987404,-2.1394921106266396
2022-08-31,785168.1843987404,219466.6,1004634.7843987404,"{'510300': {'shares': 57800.0, 'price': 3.797, 'value': 219466.6, 'profit_pct': -1.784160071882699}}",0.0,1.0046347843987404,-2.1394921106266396
2022-09-01,785168.1843987404,217501.4,1002669.5843987404,"{'510300': {'shares': 57800.0, 'price': 3.763, 'value': 217501.4, 'profit_pct': -2.6636276930457257}}",-0.001956133741851329,1.0026695843987405,-2.330920352103749
2022-09-02,785168.1843987404,216172.0,1001340.1843987404,"{'510300': {'shares': 57800.0, 'price': 3.74, 'value': 216172.0, 'profit_pct': -3.2585616720677604}}",-0.0013258605034850435,1.0013401843987404,-2.460415927220627
2022-09-05,785168.1843987404,216056.4,1001224.5843987404,"{'510300': {'shares': 57800.0, 'price': 3.738, 'value': 216056.4, 'profit_pct': -3.3102950615479445}}",-0.00011544528203411009,1.0012245843987404,-2.4716764120134016
2022-09-06,785168.1843987404,217732.6,1002900.7843987404,"{'510300': {'shares': 57800.0, 'price': 3.767, 'value': 217732.6, 'profit_pct': -2.5601609140853703}}",0.0016741498621974937,1.0029007843987403,-2.3083993825182114
2022-09-07,785168.1843987404,218195.0,1003363.1843987404,"{'510300': {'shares': 57800.0, 'price': 3.775, 'value': 218195.0, 'profit_pct': -2.3532273561646595}}",0.0004610625569281268,1.0033631843987405,-2.263357443347125
2022-09-08,785168.1843987404,217154.6,1002322.7843987404,"{'510300': {'shares': 57800.0, 'price': 3.757, 'value': 217154.6, 'profit_pct': -2.818827861486253}}",-0.0010369126714804278,1.0023227843987403,-2.3647018064820724
2022-09-09,785168.1843987404,220507.0,1005675.1843987404,"{'510300': {'shares': 57800.0, 'price': 3.815, 'value': 220507.0, 'profit_pct': -1.3185595665611054}}",0.003344631142961685,1.0056751843987404,-2.038147747491692
2022-09-13,785168.1843987404,221316.2,1006484.3843987405,"{'510300': {'shares': 57800.0, 'price': 3.829, 'value': 221316.2, 'profit_pct': -0.9564258401998557}}",0.0008046335561953111,1.0064843843987406,-1.9593243539422822
2022-09-14,785168.1843987404,218657.4,1003825.5843987404,"{'510300': {'shares': 57800.0, 'price': 3.783, 'value': 218657.4, 'profit_pct': -2.1462937982439487}}",-0.0026416703937124364,1.0038255843987405,-2.2183155041760383
2022-09-15,785168.1843987404,216518.8,1001686.9843987403,"{'510300': {'shares': 57800.0, 'price': 3.746, 'value': 216518.8, 'profit_pct': -3.1033615036272337}}",-0.002130449784542021,1.0016869843987404,-2.426634472842326
2022-09-16,785168.1843987404,211316.80000000002,996484.9843987405,"{'510300': {'shares': 57800.0, 'price': 3.656, 'value': 211316.80000000002, 'profit_pct': -5.431364030235225}}",-0.005193239086681678,0.9964849843987404,-2.9333562885170417
2022-09-19,785168.1843987404,210681.0,995849.1843987404,"{'510300': {'shares': 57800.0, 'price': 3.645, 'value': 210681.0, 'profit_pct': -5.715897672376205}}",-0.0006380427301507785,0.9958491843987404,-2.9952889548772843
2022-09-20,785168.1843987404,210796.59999999998,995964.7843987404,"{'510300': {'shares': 57800.0, 'price': 3.647, 'value': 210796.59999999998, 'profit_pct': -5.664164282896033}}",0.0001160818342886838,0.9959647843987404,-2.984028470084521
2022-09-21,785168.1843987404,209062.6,994230.7843987404,"{'510300': {'shares': 57800.0, 'price': 3.617, 'value': 209062.6, 'profit_pct': -6.440165125098693}}",-0.0017410254129083258,0.9942307843987404,-3.152935741976093
2022-09-22,785168.1843987404,207386.4,992554.5843987404,"{'510300': {'shares': 57800.0, 'price': 3.588, 'value': 207386.4, 'profit_pct': -7.190299272561266}}",-0.001685926473312338,0.9925545843987404,-3.316212771471283
2022-09-23,785168.1843987404,206924.0,992092.1843987404,"{'510300': {'shares': 57800.0, 'price': 3.58, 'value': 206924.0, 'profit_pct': -7.397232830481978}}",-0.00046586858523267605,0.9920921843987404,-3.3612547106423696
2022-09-26,785168.1843987404,205479.0,990647.1843987404,"{'510300': {'shares': 57800.0, 'price': 3.555, 'value': 205479.0, 'profit_pct': -8.043900198984197}}",-0.001456517874773633,0.9906471843987404,-3.502010770552022
2022-09-27,785168.1843987404,208369.0,993537.1843987404,"{'510300': {'shares': 57800.0, 'price': 3.605, 'value': 208369.0, 'profit_pct': -6.750565461979758}}",0.0029172848270437868,0.9935371843987404,-3.2204986507327282
2022-09-28,785168.1843987404,205132.19999999998,990300.3843987404,"{'510300': {'shares': 57800.0, 'price': 3.549, 'value': 205132.19999999998, 'profit_pct': -8.199100367424734}}",-0.0032578549155750647,0.9903003843987404,-3.535792224930334
2022-09-29,785168.1843987404,205190.0,990358.1843987404,"{'510300': {'shares': 57800.0, 'price': 3.55, 'value': 205190.0, 'profit_pct': -8.173233672684649}}",5.8366129015663404e-05,0.9903581843987405,-3.5301619825339525
2022-09-30,785168.1843987404,203687.2,988855.3843987405,"{'510300': {'shares': 57800.0, 'price': 3.524, 'value': 203687.2, 'profit_pct': -8.845767735926954}}",-0.001517430787843943,0.9888553843987404,-3.6765482848399755
2022-10-10,785168.1843987404,199121.0,984289.1843987404,"{'510300': {'shares': 57800.0, 'price': 3.445, 'value': 199121.0, 'profit_pct': -10.889236620393977}}",-0.0046176620687325975,0.9842891843987405,-4.121337434154471
2022-10-11,785168.1843987404,198947.6,984115.7843987404,"{'510300': {'shares': 57800.0, 'price': 3.442, 'value': 198947.6, 'profit_pct': -10.966836704614234}}",-0.0001761677388602001,0.9841157843987404,-4.138228161343626
2022-10-12,785168.1843987404,202531.2,987699.3843987405,"{'510300': {'shares': 57800.0, 'price': 3.504, 'value': 202531.2, 'profit_pct': -9.36310163072873}}",0.0036414414409473572,0.9876993843987405,-3.7891531327676864
2022-10-13,785168.1843987404,200623.80000000002,985791.9843987405,"{'510300': {'shares': 57800.0, 'price': 3.471, 'value': 200623.80000000002, 'profit_pct': -10.216702557151661}}",-0.001931154387790901,0.9857919843987405,-3.9749511318484254
2022-10-14,785168.1843987404,205710.2,990878.3843987405,"{'510300': {'shares': 57800.0, 'price': 3.559, 'value': 205710.2, 'profit_pct': -7.94043342002384}}",0.0051597092292268165,0.9908783843987404,-3.479489800966462
2022-10-17,785168.1843987404,205652.4,990820.5843987404,"{'510300': {'shares': 57800.0, 'price': 3.558, 'value': 205652.4, 'profit_pct': -7.966300114763938}}",-5.833208283689828e-05,0.9908205843987404,-3.485120043362855
2022-10-18,785168.1843987404,205247.80000000002,990415.9843987405,"{'510300': {'shares': 57800.0, 'price': 3.551, 'value': 205247.80000000002, 'profit_pct': -8.147366977944552}}",-0.00040834839967063274,0.9904159843987405,-3.5245317401375598
2022-10-19,785168.1843987404,201837.6,987005.7843987404,"{'510300': {'shares': 57800.0, 'price': 3.492, 'value': 201837.6, 'profit_pct': -9.673501967609797}}",-0.003443199679446174,0.9870057843987404,-3.856716041524333
2022-10-20,785168.1843987404,201144.0,986312.1843987404,"{'510300': {'shares': 57800.0, 'price': 3.48, 'value': 201144.0, 'profit_pct': -9.983902304490863}}",-0.0007027314438916576,0.9863121843987405,-3.924278950280957
2022-10-21,785168.1843987404,199872.40000000002,985040.5843987404,"{'510300': {'shares': 57800.0, 'price': 3.458, 'value': 199872.40000000002, 'profit_pct': -10.552969588772813}}",-0.0012892469748563284,0.9850405843987404,-4.0481442830014425
2022-10-24,702068.2699011404,277200.0,979268.2699011404,"{'510300': {'shares': 82500.0, 'price': 3.36, 'value': 277200.0, 'profit_pct': -9.567910110429624}}",-0.0058599763187660026,0.9792682699011404,-4.61041988524471
2022-10-25,702068.2699011404,275880.0,977948.2699011404,"{'510300': {'shares': 82500.0, 'price': 3.344, 'value': 275880.0, 'profit_pct': -9.998539109903769}}",-0.0013479452368381217,0.9779482699011404,-4.738999815404387
2022-10-26,702068.2699011404,278190.0,980258.2699011404,"{'510300': {'shares': 82500.0, 'price': 3.372, 'value': 278190.0, 'profit_pct': -9.244938360824015}}",0.0023620881299104557,0.9802582699011404,-4.51398493762496
2022-10-27,702068.2699011404,276045.0,978113.2699011404,"{'510300': {'shares': 82500.0, 'price': 3.346, 'value': 276045.0, 'profit_pct': -9.944710484969495}}",-0.002188198830718635,0.9781132699011403,-4.72292732413443
2022-10-28,618830.1759621403,352080.0,970910.1759621403,"{'510300': {'shares': 108000.0, 'price': 3.26, 'value': 352080.0, 'profit_pct': -9.663196994996998}}",-0.00736427381230409,0.9709101759621404,-5.424573775354302
2022-10-31,618830.1759621403,347868.0,966698.1759621403,"{'510300': {'shares': 108000.0, 'price': 3.221, 'value': 347868.0, 'profit_pct': -10.743913349964817}}",-0.004338197398977783,0.9666981759621404,-5.834860643409268
2022-11-01,618830.1759621403,362772.0,981602.1759621403,"{'510300': {'shares': 108000.0, 'price': 3.359, 'value': 362772.0, 'profit_pct': -6.919840093924816}}",0.015417428490714036,0.9816021759621403,-4.38307634106091
2022-11-02,704561.5059450103,280601.1,985162.6059450103,"{'510300': {'shares': 82700.0, 'price': 3.393, 'value': 280601.1, 'profit_pct': -5.977677117799023}}",0.0036271618686869456,0.9851626059450104,-4.036258281564054
2022-11-03,704561.5059450103,278120.1,982681.6059450103,"{'510300': {'shares': 82700.0, 'price': 3.363, 'value': 278120.1, 'profit_pct': -6.808997390851192}}",-0.0025183659885467113,0.9826816059450103,-4.2779301048414435
2022-11-04,790652.4679059103,202420.0,993072.4679059103,"{'510300': {'shares': 58000.0, 'price': 3.49, 'value': 202420.0, 'profit_pct': -3.2897415682636453}}",0.010573986424532222,0.9930724679059103,-3.2657662372419183
2022-11-07,790652.4679059103,202420.0,993072.4679059103,"{'510300': {'shares': 58000.0, 'price': 3.49, 'value': 202420.0, 'profit_pct': -3.2897415682636453}}",0.0,0.9930724679059103,-3.2657662372419183
2022-11-08,790652.4679059103,201086.0,991738.4679059103,"{'510300': {'shares': 58000.0, 'price': 3.467, 'value': 201086.0, 'profit_pct': -3.9270871109369834}}",-0.0013433057940001047,0.9917384679059104,-3.395709893933596
2022-11-09,790652.4679059103,198766.0,989418.4679059103,"{'510300': {'shares': 58000.0, 'price': 3.427, 'value': 198766.0, 'profit_pct': -5.035514141673217}}",-0.002339326420299881,0.9894184679059104,-3.6216988620930257
2022-11-10,790652.4679059103,197548.0,988200.4679059103,"{'510300': {'shares': 58000.0, 'price': 3.406, 'value': 197548.0, 'profit_pct': -5.617438332809737}}",-0.0012310261426369262,0.9882004679059103,-3.740343070376728
2022-11-11,790652.4679059103,203232.0,993884.4679059103,"{'510300': {'shares': 58000.0, 'price': 3.504, 'value': 203232.0, 'profit_pct': -2.9017921075059694}}",0.0057518693671991805,0.9938844679059103,-3.186670098386124
2022-11-14,790652.4679059103,203348.0,994000.4679059103,"{'510300': {'shares': 58000.0, 'price': 3.506, 'value': 203348.0, 'profit_pct': -2.846370755969164}}",0.0001167137667865692,0.9940004679059103,-3.1753706499781487
2022-11-15,790652.4679059103,207698.0,998350.4679059103,"{'510300': {'shares': 58000.0, 'price': 3.581, 'value': 207698.0, 'profit_pct': -0.7680700733387216}}",0.0043762554852355695,0.9983504679059103,-2.7516413346792112
2022-11-16,790652.4679059103,206016.0,996668.4679059103,"{'510300': {'shares': 58000.0, 'price': 3.552, 'value': 206016.0, 'profit_pct': -1.5716796706224883}}",-0.0016847790971922239,0.9966684679059103,-2.915483336594804
2022-11-17,790652.4679059103,205030.0,995682.4679059103,"{'510300': {'shares': 58000.0, 'price': 3.535, 'value': 205030.0, 'profit_pct': -2.042761158685385}}",-0.0009892958709446509,0.9956824679059103,-3.011528648062556
2022-11-18,790652.4679059103,204276.0,994928.4679059103,"{'510300': {'shares': 58000.0, 'price': 3.522, 'value': 204276.0, 'profit_pct': -2.4029999436746703}}",-0.0007572695355234638,0.9949284679059104,-3.084975062714379
2022-11-21,790652.4679059103,202362.0,993014.4679059103,"{'510300': {'shares': 58000.0, 'price': 3.489, 'value': 202362.0, 'profit_pct': -3.3174522440320606}}",-0.0019237563922847034,0.9930144679059103,-3.2714159614459115
2022-11-22,790652.4679059103,202246.0,992898.4679059103,"{'510300': {'shares': 58000.0, 'price': 3.487, 'value': 202246.0, 'profit_pct': -3.3728735955688656}}",-0.0001168160220712533,0.9928984679059103,-3.2827154098538758
2022-11-23,790652.4679059103,202420.0,993072.4679059103,"{'510300': {'shares': 58000.0, 'price': 3.49, 'value': 202420.0, 'profit_pct': -3.2897415682636453}}",0.00017524450447292672,0.9930724679059103,-3.2657662372419183
2022-11-24,790652.4679059103,201376.0,992028.4679059103,"{'510300': {'shares': 58000.0, 'price': 3.472, 'value': 201376.0, 'profit_pct': -3.7885337320949573}}",-0.0010512827953044201,0.9920284679059104,-3.3674612729136633
2022-11-25,790652.4679059103,202594.0,993246.4679059103,"{'510300': {'shares': 58000.0, 'price': 3.493, 'value': 202594.0, 'profit_pct': -3.206609540958437}}",0.0012277873462351874,0.9932464679059103,-3.248817064629961
2022-11-28,790652.4679059103,199984.0,990636.4679059103,"{'510300': {'shares': 58000.0, 'price': 3.448, 'value': 199984.0, 'profit_pct': -4.453589950536697}}",-0.002627746570801004,0.9906364679059103,-3.5030546538093232
2022-11-29,790652.4679059103,206712.0,997364.4679059103,"{'510300': {'shares': 58000.0, 'price': 3.564, 'value': 206712.0, 'profit_pct': -1.239151561401618}}",0.0067915933018518615,0.9973644679059104,-2.847686646146974
2022-11-30,790652.4679059103,206886.0,997538.4679059103,"{'510300': {'shares': 58000.0, 'price': 3.567, 'value': 206886.0, 'profit_pct': -1.1560195340963975}}",0.00017445979438712733,0.9975384679059104,-2.8307374735350166
2022-12-01,790652.4679059103,209496.0,1000148.4679059103,"{'510300': {'shares': 58000.0, 'price': 3.612, 'value': 209496.0, 'profit_pct': 0.09096087548186299}}",0.0026164404521451523,1.0001484679059103,-2.576499884355654
2022-12-02,790652.4679059103,208162.0,998814.4679059103,"{'510300': {'shares': 58000.0, 'price': 3.589, 'value': 208162.0, 'profit_pct': -0.5463846671914747}}",-0.0013338019732140882,0.9988144679059103,-2.706443541047321
2022-12-05,790652.4679059103,212280.0,1002932.4679059103,"{'510300': {'shares': 58000.0, 'price': 3.66, 'value': 212280.0, 'profit_pct': 1.421073312365344}}",0.004122887815825926,1.0029324679059104,-2.305313122564334
2022-12-06,790652.4679059103,213614.0,1004266.4679059103,"{'510300': {'shares': 58000.0, 'price': 3.683, 'value': 213614.0, 'profit_pct': 2.0584188550386693}}",0.001330099525828743,1.0042664679059103,-2.1753694658726563
2022-12-07,790652.4679059103,212918.0,1003570.4679059103,"{'510300': {'shares': 58000.0, 'price': 3.671, 'value': 212918.0, 'profit_pct': 1.7258907458177992}}",-0.0006930431536276149,1.0035704679059103,-2.2431661563204863
2022-12-08,790652.4679059103,213440.0,1004092.4679059103,"{'510300': {'shares': 58000.0, 'price': 3.68, 'value': 213440.0, 'profit_pct': 1.975286827733461}}",0.000520142846659466,1.0040924679059104,-2.192318638484614
2022-12-09,790652.4679059103,215412.0,1006064.4679059103,"{'510300': {'shares': 58000.0, 'price': 3.714, 'value': 215412.0, 'profit_pct': 2.9174498038592542}}",0.0019639625463108157,1.0060644679059103,-2.0002280155490992
2022-12-12,790652.4679059103,212976.0,1003628.4679059103,"{'510300': {'shares': 58000.0, 'price': 3.672, 'value': 212976.0, 'profit_pct': 1.7536014215862143}}",-0.0024213160067867445,1.0036284679059104,-2.237516432116504
2022-12-13,790652.4679059103,212338.0,1002990.4679059103,"{'510300': {'shares': 58000.0, 'price': 3.661, 'value': 212338.0, 'profit_pct': 1.448783988133747}}",-0.0006356934068751929,1.0029904679059103,-2.299663398360341
2022-12-14,790652.4679059103,212918.0,1003570.4679059103,"{'510300': {'shares': 58000.0, 'price': 3.671, 'value': 212918.0, 'profit_pct': 1.7258907458177992}}",0.0005782707000305809,1.0035704679059103,-2.2431661563204863
2022-12-15,790652.4679059103,212802.0,1003454.4679059103,"{'510300': {'shares': 58000.0, 'price': 3.669, 'value': 212802.0, 'profit_pct': 1.6704693942809938}}",-0.00011558729925764677,1.0034544679059103,-2.2544656047284617
2022-12-16,790652.4679059103,213034.0,1003686.4679059103,"{'510300': {'shares': 58000.0, 'price': 3.673, 'value': 213034.0, 'profit_pct': 1.7813120973546173}}",0.00023120132245169067,1.0036864679059103,-2.231866707912511
2022-12-19,790652.4679059103,209670.0,1000322.4679059103,"{'510300': {'shares': 58000.0, 'price': 3.615, 'value': 209670.0, 'profit_pct': 0.17409290278708361}}",-0.0033516442709630168,1.0003224679059104,-2.5595507117436966
2022-12-20,790652.4679059103,206016.0,996668.4679059103,"{'510300': {'shares': 58000.0, 'price': 3.552, 'value': 206016.0, 'profit_pct': -1.5716796706224883}}",-0.0036528220821124835,0.9966684679059103,-2.915483336594804
2022-12-21,790652.4679059103,205842.0,996494.4679059103,"{'510300': {'shares': 58000.0, 'price': 3.549, 'value': 205842.0, 'profit_pct': -1.6548116979277088}}",-0.0001745816242842979,0.9964944679059103,-2.9324325092067616
2022-12-22,790652.4679059103,206306.0,996958.4679059103,"{'510300': {'shares': 58000.0, 'price': 3.557, 'value': 206306.0, 'profit_pct': -1.4331262917804621}}",0.00046563228893292674,0.9969584679059104,-2.887234715574871
2022-12-23,790652.4679059103,205726.0,996378.4679059103,"{'510300': {'shares': 58000.0, 'price': 3.547, 'value': 205726.0, 'profit_pct': -1.7102330494645146}}",-0.0005817694705159138,0.9963784679059103,-2.943731957614726
2022-12-26,790652.4679059103,206248.0,996900.4679059103,"{'510300': {'shares': 58000.0, 'price': 3.556, 'value': 206248.0, 'profit_pct': -1.4608369675488648}}",0.000523897310925614,0.9969004679059104,-2.8928844397788533
2022-12-27,790652.4679059103,208974.0,999626.4679059103,"{'510300': {'shares': 58000.0, 'price': 3.603, 'value': 208974.0, 'profit_pct': -0.1584352064337866}}",0.0027344755948668364,0.9996264679059104,-2.6273474021915266
2022-12-28,790652.4679059103,208220.0,998872.4679059103,"{'510300': {'shares': 58000.0, 'price': 3.59, 'value': 208220.0, 'profit_pct': -0.518673991423072}}",-0.0007542817484410547,0.9988724679059103,-2.7007938168433387
2022-12-29,790652.4679059103,207524.0,998176.4679059103,"{'510300': {'shares': 58000.0, 'price': 3.578, 'value': 207524.0, 'profit_pct': -0.8512021006439422}}",-0.0006967856481809864,0.9981764679059103,-2.7685905072911687
2022-12-30,790652.4679059103,208452.0,999104.4679059103,"{'510300': {'shares': 58000.0, 'price': 3.594, 'value': 208452.0, 'profit_pct': -0.40783128834944854}}",0.0009296953292705634,0.9991044679059103,-2.678194920027399
2023-01-03,790652.4679059103,209090.0,999742.4679059103,"{'510300': {'shares': 58000.0, 'price': 3.605, 'value': 209090.0, 'profit_pct': -0.10301385489698107}}",0.0006385718615964375,0.9997424679059104,-2.6160479537835513
2023-01-04,790652.4679059103,209380.0,1000032.4679059103,"{'510300': {'shares': 58000.0, 'price': 3.61, 'value': 209380.0, 'profit_pct': 0.03553952394504513}}",0.00029007470354591725,1.0000324679059103,-2.5877993327636184
2023-01-05,790652.4679059103,213730.0,1004382.4679059103,"{'510300': {'shares': 58000.0, 'price': 3.685, 'value': 213730.0, 'profit_pct': 2.1138402065754875}}",0.004349858769194803,1.0043824679059103,-2.164070017464681
2023-01-06,790652.4679059103,214658.0,1005310.4679059103,"{'510300': {'shares': 58000.0, 'price': 3.701, 'value': 214658.0, 'profit_pct': 2.5572110188699813}}",0.0009239508152056874,1.0053104679059104,-2.0736744302009114
2023-01-09,790652.4679059103,216108.0,1006760.4679059103,"{'510300': {'shares': 58000.0, 'price': 3.726, 'value': 216108.0, 'profit_pct': 3.2499779130801243}}",0.0014423404970809184,1.0067604679059103,-1.9324313251012692
2023-01-10,790652.4679059103,216456.0,1007108.4679059103,"{'510300': {'shares': 58000.0, 'price': 3.732, 'value': 216456.0, 'profit_pct': 3.4162419676905658}}",0.0003456631553320211,1.0071084679059104,-1.8985329798773543
2023-01-11,790652.4679059103,216456.0,1007108.4679059103,"{'510300': {'shares': 58000.0, 'price': 3.732, 'value': 216456.0, 'profit_pct': 3.4162419676905658}}",0.0,1.0071084679059104,-1.8985329798773543
2023-01-12,790652.4679059103,216804.0,1007456.4679059103,"{'510300': {'shares': 58000.0, 'price': 3.738, 'value': 216804.0, 'profit_pct': 3.5825060223009944}}",0.00034554371360173697,1.0074564679059104,-1.8646346346534393
2023-01-13,790652.4679059103,220400.0,1011052.4679059103,"{'510300': {'shares': 58000.0, 'price': 3.8, 'value': 220400.0, 'profit_pct': 5.300567919942152}}",0.0035693849953384316,1.0110524679059103,-1.514351734006314
2023-01-16,790652.4679059103,224054.0,1014706.4679059103,"{'510300': {'shares': 58000.0, 'price': 3.863, 'value': 224054.0, 'profit_pct': 7.046340493351723}}",0.003614055764651125,1.0147064679059103,-1.1584191091552065
2023-01-17,790652.4679059103,223822.0,1014474.4679059103,"{'510300': {'shares': 58000.0, 'price': 3.859, 'value': 223822.0, 'profit_pct': 6.9354977902781005}}",-0.00022863754922031188,1.0144744679059103,-1.1810180059711461
2023-01-18,790652.4679059103,223300.0,1013952.4679059103,"{'510300': {'shares': 58000.0, 'price': 3.85, 'value': 223300.0, 'profit_pct': 6.68610170836245}}",-0.000514552131684054,1.0139524679059104,-1.2318655238070186
2023-01-19,790652.4679059103,224924.0,1015576.4679059103,"{'510300': {'shares': 58000.0, 'price': 3.878, 'value': 224924.0, 'profit_pct': 7.4620006298778145}}",0.0016016529880873431,1.0155764679059103,-1.073673246095419
2023-01-20,790652.4679059103,226258.0,1016910.4679059103,"{'510300': {'shares': 58000.0, 'price': 3.901, 'value': 226258.0, 'profit_pct': 8.09934617255114}}",0.0013135396911574393,1.0169104679059104,-0.9437295894037412
2023-01-30,790652.4679059103,227650.0,1018302.4679059103,"{'510300': {'shares': 58000.0, 'price': 3.925, 'value': 227650.0, 'profit_pct': 8.76440239099288}}",0.0013688520709855823,1.0183024679059103,-0.8081362085080812
2023-01-31,790652.4679059103,224982.0,1015634.4679059103,"{'510300': {'shares': 58000.0, 'price': 3.879, 'value': 224982.0, 'profit_pct': 7.489711305646217}}",-0.0026200466797322575,1.0156344679059104,-1.068023521891437
2023-02-01,790652.4679059103,226780.0,1017432.4679059103,"{'510300': {'shares': 58000.0, 'price': 3.91, 'value': 226780.0, 'profit_pct': 8.348742254466801}}",0.0017703219581619578,1.0174324679059104,-0.8928820715678687
2023-02-02,790652.4679059103,226200.0,1016852.4679059103,"{'510300': {'shares': 58000.0, 'price': 3.9, 'value': 226200.0, 'profit_pct': 8.071635496782736}}",-0.0005700624054132408,1.0168524679059103,-0.9493793136077344
2023-02-03,790652.4679059103,223706.0,1014358.4679059103,"{'510300': {'shares': 58000.0, 'price': 3.857, 'value': 223706.0, 'profit_pct': 6.880076438741295}}",-0.0024526665162509786,1.0143584679059103,-1.1923174543791215
2023-02-06,790652.4679059103,220400.0,1011052.4679059103,"{'510300': {'shares': 58000.0, 'price': 3.8, 'value': 220400.0, 'profit_pct': 5.300567919942152}}",-0.003259202840614206,1.0110524679059103,-1.514351734006314
2023-02-07,790652.4679059103,220980.0,1011632.4679059103,"{'510300': {'shares': 58000.0, 'price': 3.81, 'value': 220980.0, 'profit_pct': 5.5776746776262165}}",0.0005736596451826337,1.0116324679059103,-1.4578544919664593
2023-02-08,790652.4679059103,219994.0,1010646.4679059103,"{'510300': {'shares': 58000.0, 'price': 3.793, 'value': 219994.0, 'profit_pct': 5.10659318956332}}",-0.0009746622723972864,1.0106464679059104,-1.553899803434211
2023-02-09,790652.4679059103,223126.0,1013778.4679059103,"{'510300': {'shares': 58000.0, 'price': 3.847, 'value': 223126.0, 'profit_pct': 6.60296968105723}}",0.003099006526475767,1.0137784679059103,-1.2488146964189761
2023-02-10,790652.4679059103,221734.0,1012386.4679059103,"{'510300': {'shares': 58000.0, 'price': 3.823, 'value': 221734.0, 'profit_pct': 5.937913462615489}}",-0.0013730810468636223,1.0123864679059102,-1.384408077314636
2023-02-13,790652.4679059103,223590.0,1014242.4679059103,"{'510300': {'shares': 58000.0, 'price': 3.855, 'value': 223590.0, 'profit_pct': 6.824655087204477}}",0.0018332919876329345,1.0142424679059103,-1.2036169027870969
2023-02-14,790652.4679059103,224112.0,1014764.4679059103,"{'510300': {'shares': 58000.0, 'price': 3.864, 'value': 224112.0, 'profit_pct': 7.074051169120127}}",0.0005146698314435483,1.0147644679059102,-1.1527693849512244
2023-02-15,790652.4679059103,222488.0,1013140.4679059103,"{'510300': {'shares': 58000.0, 'price': 3.836, 'value': 222488.0, 'profit_pct': 6.2981522476047616}}",-0.0016003713682952725,1.0131404679059104,-1.310961662662824
2023-02-16,790652.4679059103,220806.0,1011458.4679059103,"{'510300': {'shares': 58000.0, 'price': 3.807, 'value': 220806.0, 'profit_pct': 5.494542650320996}}",-0.0016601844001716826,1.0114584679059104,-1.4748036645784168
2023-02-17,790652.4679059103,217442.0,1008094.4679059103,"{'510300': {'shares': 58000.0, 'price': 3.749, 'value': 217442.0, 'profit_pct': 3.8873234557534624}}",-0.003325890391688291,1.0080944679059103,-1.8024876684095914
2023-02-20,790652.4679059103,223532.0,1014184.4679059103,"{'510300': {'shares': 58000.0, 'price': 3.854, 'value': 223532.0, 'profit_pct': 6.7969444114360735}}",0.00604110050583917,1.0141844679059104,-1.209266626991079
2023-02-21,790652.4679059103,223822.0,1014474.4679059103,"{'510300': {'shares': 58000.0, 'price': 3.859, 'value': 223822.0, 'profit_pct': 6.9354977902781005}}",0.00028594403599857543,1.0144744679059103,-1.1810180059711461
2023-02-22,790652.4679059103,221502.0,1012154.4679059103,"{'510300': {'shares': 58000.0, 'price': 3.819, 'value': 221502.0, 'profit_pct': 5.827070759541866}}",-0.0022868983630400797,1.0121544679059102,-1.4070069741305868
2023-02-23,790652.4679059103,221502.0,1012154.4679059103,"{'510300': {'shares': 58000.0, 'price': 3.819, 'value': 221502.0, 'profit_pct': 5.827070759541866}}",0.0,1.0121544679059102,-1.4070069741305868
2023-02-24,790652.4679059103,219240.0,1009892.4679059103,"{'510300': {'shares': 58000.0, 'price': 3.78, 'value': 219240.0, 'profit_pct': 4.746354404574035}}",-0.002234836748465807,1.0098924679059103,-1.6273462180860343
2023-02-27,790652.4679059103,218370.0,1009022.4679059103,"{'510300': {'shares': 58000.0, 'price': 3.765, 'value': 218370.0, 'profit_pct': 4.330694268047956}}",-0.0008614778579386639,1.0090224679059103,-1.7120920811458218
2023-02-28,790652.4679059103,219878.0,1010530.4679059103,"{'510300': {'shares': 58000.0, 'price': 3.791, 'value': 219878.0, 'profit_pct': 5.051171838026502}}",0.0014945157793460062,1.0105304679059104,-1.5651992518421864
2023-03-01,790652.4679059103,222720.0,1013372.4679059103,"{'510300': {'shares': 58000.0, 'price': 3.84, 'value': 222720.0, 'profit_pct': 6.408994950678386}}",0.0028123842776253127,1.0133724679059104,-1.2883627658468844
2023-03-02,790652.4679059103,222430.0,1013082.4679059103,"{'510300': {'shares': 58000.0, 'price': 3.835, 'value': 222430.0, 'profit_pct': 6.270441571836359}}",-0.00028617315862078385,1.0130824679059103,-1.3166113868668061
2023-03-03,790652.4679059103,222952.0,1013604.4679059103,"{'510300': {'shares': 58000.0, 'price': 3.844, 'value': 222952.0, 'profit_pct': 6.519837653752009}}",0.0005152591388526417,1.0136044679059104,-1.2657638690309336
2023-03-06,790652.4679059103,221502.0,1012154.4679059103,"{'510300': {'shares': 58000.0, 'price': 3.819, 'value': 221502.0, 'profit_pct': 5.827070759541866}}",-0.0014305382877757289,1.0121544679059102,-1.4070069741305868
2023-03-07,790652.4679059103,218196.0,1008848.4679059103,"{'510300': {'shares': 58000.0, 'price': 3.762, 'value': 218196.0, 'profit_pct': 4.247562240742735}}",-0.003266299863142308,1.0088484679059104,-1.7290412537577793
2023-03-08,790652.4679059103,217268.0,1007920.4679059103,"{'510300': {'shares': 58000.0, 'price': 3.746, 'value': 217268.0, 'profit_pct': 3.804191428448241}}",-0.000919860642625836,1.0079204679059104,-1.819436841021549
2023-03-09,790652.4679059103,216688.0,1007340.4679059103,"{'510300': {'shares': 58000.0, 'price': 3.736, 'value': 216688.0, 'profit_pct': 3.527084670764189}}",-0.0005754422282990834,1.0073404679059104,-1.8759340830614035
2023-03-10,790652.4679059103,213498.0,1004150.4679059103,"{'510300': {'shares': 58000.0, 'price': 3.681, 'value': 213498.0, 'profit_pct': 2.002997503501864}}",-0.003166754539933758,1.0041504679059103,-2.1866689142806317
2023-03-13,790652.4679059103,216050.0,1006702.4679059103,"{'510300': {'shares': 58000.0, 'price': 3.725, 'value': 216050.0, 'profit_pct': 3.222267237311722}}",0.0025414517859281283,1.0067024679059102,-1.9380810493052514
2023-03-14,790652.4679059103,214600.0,1005252.4679059103,"{'510300': {'shares': 58000.0, 'price': 3.7, 'value': 214600.0, 'profit_pct': 2.5295003431015783}}",-0.0014403461263149397,1.0052524679059103,-2.0793241544048935
2023-03-15,790652.4679059103,214542.0,1005194.4679059103,"{'510300': {'shares': 58000.0, 'price': 3.699, 'value': 214542.0, 'profit_pct': 2.501789667333163}}",-5.769694862900465e-05,1.0051944679059104,-2.0849738786088867
2023-03-16,790652.4679059103,211874.0,1002526.4679059103,"{'510300': {'shares': 58000.0, 'price': 3.653, 'value': 211874.0, 'profit_pct': 1.2270985819865001}}",-0.0026542127769149104,1.0025264679059103,-2.3448611919922313
2023-03-17,790652.4679059103,213092.0,1003744.4679059103,"{'510300': {'shares': 58000.0, 'price': 3.674, 'value': 213092.0, 'profit_pct': 1.8090227731230197}}",0.001214930517040802,1.0037444679059104,-2.226216983708529
2023-03-20,790652.4679059103,211816.0,1002468.4679059103,"{'510300': {'shares': 58000.0, 'price': 3.652, 'value': 211816.0, 'profit_pct': 1.1993879062180972}}",-0.001271239883057218,1.0024684679059104,-2.3505109161962134
2023-03-21,790652.4679059103,214310.0,1004962.4679059103,"{'510300': {'shares': 58000.0, 'price': 3.695, 'value': 214310.0, 'profit_pct': 2.39094696425954}}",0.002487858800396703,1.0049624679059104,-2.1075727754248264
2023-03-22,790652.4679059103,215354.0,1006006.4679059103,"{'510300': {'shares': 58000.0, 'price': 3.713, 'value': 215354.0, 'profit_pct': 2.8897391280908513}}",0.0010388447661886513,1.0060064679059104,-2.0058777397530814
2023-03-23,790652.4679059103,217558.0,1008210.4679059103,"{'510300': {'shares': 58000.0, 'price': 3.751, 'value': 217558.0, 'profit_pct': 3.9427448072902673}}",0.0021908407851372047,1.0082104679059103,-1.791188220001616
2023-03-24,790652.4679059103,217268.0,1007920.4679059103,"{'510300': {'shares': 58000.0, 'price': 3.746, 'value': 217268.0, 'profit_pct': 3.804191428448241}}",-0.00028763835452172426,1.0079204679059104,-1.819436841021549
2023-03-27,790652.4679059103,216050.0,1006702.4679059103,"{'510300': {'shares': 58000.0, 'price': 3.725, 'value': 216050.0, 'profit_pct': 3.222267237311722}}",-0.001208428679428053,1.0067024679059102,-1.9380810493052514
2023-03-28,790652.4679059103,215586.0,1006238.4679059103,"{'510300': {'shares': 58000.0, 'price': 3.717, 'value': 215586.0, 'profit_pct': 3.000581831164475}}",-0.00046091076042076295,1.0062384679059104,-1.9832788429371417
2023-03-29,790652.4679059103,215586.0,1006238.4679059103,"{'510300': {'shares': 58000.0, 'price': 3.717, 'value': 215586.0, 'profit_pct': 3.000581831164475}}",0.0,1.0062384679059104,-1.9832788429371417
2023-03-30,790652.4679059103,218080.0,1008732.4679059103,"{'510300': {'shares': 58000.0, 'price': 3.76, 'value': 218080.0, 'profit_pct': 4.192140889205917}}",0.0024785377219678217,1.0087324679059104,-1.7403407021657435
2023-03-31,790652.4679059103,218660.0,1009312.4679059103,"{'510300': {'shares': 58000.0, 'price': 3.77, 'value': 218660.0, 'profit_pct': 4.469247646889982}}",0.0005749790142117739,1.0093124679059102,-1.683843460125889
2023-04-03,790652.4679059103,220400.0,1011052.4679059103,"{'510300': {'shares': 58000.0, 'price': 3.8, 'value': 220400.0, 'profit_pct': 5.300567919942152}}",0.0017239458099731486,1.0110524679059103,-1.514351734006314
2023-04-04,790652.4679059103,221560.0,1012212.4679059103,"{'510300': {'shares': 58000.0, 'price': 3.82, 'value': 221560.0, 'profit_pct': 5.854781435310268}}",0.0011473192903654894,1.0122124679059104,-1.4013572499265936
2023-04-06,790652.4679059103,220864.0,1011516.4679059103,"{'510300': {'shares': 58000.0, 'price': 3.808, 'value': 220864.0, 'profit_pct': 5.522253326089398}}",-0.0006876026744068175,1.0115164679059103,-1.4691539403744236
2023-04-07,790652.4679059103,222546.0,1013198.4679059103,"{'510300': {'shares': 58000.0, 'price': 3.837, 'value': 222546.0, 'profit_pct': 6.325862923373177}}",0.0016628498431490168,1.0131984679059103,-1.3053119384588419
2023-04-10,790652.4679059103,221676.0,1012328.4679059103,"{'510300': {'shares': 58000.0, 'price': 3.822, 'value': 221676.0, 'profit_pct': 5.910202786847087}}",-0.0008586669123159529,1.0123284679059104,-1.3900578015186293
2023-04-11,790652.4679059103,221096.0,1011748.4679059103,"{'510300': {'shares': 58000.0, 'price': 3.812, 'value': 221096.0, 'profit_pct': 5.633096029163022}}",-0.0005729365698859956,1.0117484679059103,-1.446555043558484
2023-04-12,790652.4679059103,220864.0,1011516.4679059103,"{'510300': {'shares': 58000.0, 'price': 3.808, 'value': 220864.0, 'profit_pct': 5.522253326089398}}",-0.00022930600575077342,1.0115164679059103,-1.4691539403744236
2023-04-13,790652.4679059103,219414.0,1010066.4679059103,"{'510300': {'shares': 58000.0, 'price': 3.783, 'value': 219414.0, 'profit_pct': 4.829486431879255}}",-0.0014334912440939762,1.0100664679059104,-1.6103970454740768
2023-04-14,790652.4679059103,220632.0,1011284.4679059103,"{'510300': {'shares': 58000.0, 'price': 3.804, 'value': 220632.0, 'profit_pct': 5.411410623015775}}",0.0012058612365630772,1.0112844679059103,-1.4917528371903743
2023-04-17,790652.4679059103,224170.0,1014822.4679059103,"{'510300': {'shares': 58000.0, 'price': 3.865, 'value': 224170.0, 'profit_pct': 7.101761844888542}}",0.003498521051476411,1.0148224679059104,-1.1471196607472312
2023-04-18,790652.4679059103,224576.0,1015228.4679059103,"{'510300': {'shares': 58000.0, 'price': 3.872, 'value': 224576.0, 'profit_pct': 7.295736575267372}}",0.00040006997562613833,1.0152284679059103,-1.107571591319334
2023-04-19,790652.4679059103,222662.0,1013314.4679059103,"{'510300': {'shares': 58000.0, 'price': 3.839, 'value': 222662.0, 'profit_pct': 6.381284274909984}}",-0.0018852899229155895,1.0133144679059103,-1.2940124900508665
2023-04-20,790652.4679059103,221734.0,1012386.4679059103,"{'510300': {'shares': 58000.0, 'price': 3.823, 'value': 221734.0, 'profit_pct': 5.937913462615489}}",-0.0009158065234357027,1.0123864679059102,-1.384408077314636
2023-04-21,790652.4679059103,217500.0,1008152.4679059103,"{'510300': {'shares': 58000.0, 'price': 3.75, 'value': 217500.0, 'profit_pct': 3.915034131521865}}",-0.004182197346787819,1.0081524679059104,-1.7968379442056093
2023-04-24,790652.4679059103,214542.0,1005194.4679059103,"{'510300': {'shares': 58000.0, 'price': 3.699, 'value': 214542.0, 'profit_pct': 2.501789667333163}}",-0.0029340800069103112,1.0051944679059104,-2.0849738786088867
2023-04-25,790652.4679059103,213440.0,1004092.4679059103,"{'510300': {'shares': 58000.0, 'price': 3.68, 'value': 213440.0, 'profit_pct': 1.975286827733461}}",-0.0010963052774213278,1.0040924679059104,-2.192318638484614
2023-04-26,790652.4679059103,212918.0,1003570.4679059103,"{'510300': {'shares': 58000.0, 'price': 3.671, 'value': 212918.0, 'profit_pct': 1.7258907458177992}}",-0.0005198724387293074,1.0035704679059103,-2.2431661563204863
2023-04-27,790652.4679059103,214948.0,1005600.4679059103,"{'510300': {'shares': 58000.0, 'price': 3.706, 'value': 214948.0, 'profit_pct': 2.6957643977120074}}",0.002022777737009207,1.0056004679059103,-2.0454258091809785
2023-04-28,790652.4679059103,217210.0,1007862.4679059103,"{'510300': {'shares': 58000.0, 'price': 3.745, 'value': 217210.0, 'profit_pct': 3.7764807526798387}}",0.002249402294641323,1.0078624679059103,-1.825086565225531
2023-05-04,790652.4679059103,217210.0,1007862.4679059103,"{'510300': {'shares': 58000.0, 'price': 3.745, 'value': 217210.0, 'profit_pct': 3.7764807526798387}}",0.0,1.0078624679059103,-1.825086565225531
2023-05-05,790652.4679059103,216282.0,1006934.4679059103,"{'510300': {'shares': 58000.0, 'price': 3.729, 'value': 216282.0, 'profit_pct': 3.3331099403853446}}",-0.000920760549728783,1.0069344679059102,-1.9154821524893118
2023-05-08,790652.4679059103,218892.0,1009544.4679059103,"{'510300': {'shares': 58000.0, 'price': 3.774, 'value': 218892.0, 'profit_pct': 4.580090349963605}}",0.0025920256811031717,1.0095444679059102,-1.6612445633099493
2023-05-09,790652.4679059103,216862.0,1007514.4679059103,"{'510300': {'shares': 58000.0, 'price': 3.739, 'value': 216862.0, 'profit_pct': 3.6102166980693977}}",-0.002010807908452872,1.0075144679059103,-1.858984910449446
2023-05-10,790652.4679059103,215064.0,1005716.4679059103,"{'510300': {'shares': 58000.0, 'price': 3.708, 'value': 215064.0, 'profit_pct': 2.751185749248825}}",-0.0017845897575416991,1.0057164679059103,-2.0341263607730142
2023-05-11,790652.4679059103,214774.0,1005426.4679059103,"{'510300': {'shares': 58000.0, 'price': 3.703, 'value': 214774.0, 'profit_pct': 2.6126323704067866}}",-0.000288351647063978,1.0054264679059104,-2.062374981792936
2023-05-12,790652.4679059103,211816.0,1002468.4679059103,"{'510300': {'shares': 58000.0, 'price': 3.652, 'value': 211816.0, 'profit_pct': 1.1993879062180972}}",-0.00294203514073077,1.0024684679059104,-2.3505109161962134
2023-05-15,790652.4679059103,215470.0,1006122.4679059103,"{'510300': {'shares': 58000.0, 'price': 3.715, 'value': 215470.0, 'profit_pct': 2.9451604796276567}}",0.0036450024284884197,1.0061224679059104,-1.994578291345106
2023-05-16,790652.4679059103,214484.0,1005136.4679059103,"{'510300': {'shares': 58000.0, 'price': 3.698, 'value': 214484.0, 'profit_pct': 2.4740789915647605}}",-0.0009799999815650606,1.0051364679059103,-2.090623602812869
2023-05-17,790652.4679059103,212918.0,1003570.4679059103,"{'510300': {'shares': 58000.0, 'price': 3.671, 'value': 212918.0, 'profit_pct': 1.7258907458177992}}",-0.0015579973963760763,1.0035704679059103,-2.2431661563204863
2023-05-18,790652.4679059103,212860.0,1003512.4679059103,"{'510300': {'shares': 58000.0, 'price': 3.67, 'value': 212860.0, 'profit_pct': 1.6981800700493963}}",-5.7793649628878896e-05,1.0035124679059104,-2.2488158805244685
2023-05-19,790652.4679059103,212512.0,1003164.4679059103,"{'510300': {'shares': 58000.0, 'price': 3.664, 'value': 212512.0, 'profit_pct': 1.5319160154389675}}",-0.0003467819395669425,1.0031644679059104,-2.2827142257483835
2023-05-22,790652.4679059103,213672.0,1004324.4679059103,"{'510300': {'shares': 58000.0, 'price': 3.684, 'value': 213672.0, 'profit_pct': 2.0861295308070846}}",0.0011563407966606043,1.0043244679059102,-2.169719741668674
2023-05-23,790652.4679059103,210366.0,1001018.4679059103,"{'510300': {'shares': 58000.0, 'price': 3.627, 'value': 210366.0, 'profit_pct': 0.5066210120079416}}",-0.003291764868472491,1.0010184679059104,-2.4917540212958667
2023-05-24,790652.4679059103,207292.0,997944.4679059103,"{'510300': {'shares': 58000.0, 'price': 3.574, 'value': 207292.0, 'profit_pct': -0.9620448037175657}}",-0.003070872415002146,0.9979444679059103,-2.7911894041071084
2023-05-25,790652.4679059103,206770.0,997422.4679059103,"{'510300': {'shares': 58000.0, 'price': 3.565, 'value': 206770.0, 'profit_pct': -1.2114408856332153}}",-0.0005230751978567705,0.9974224679059104,-2.842036921942981
2023-05-26,790652.4679059103,207060.0,997712.4679059103,"{'510300': {'shares': 58000.0, 'price': 3.57, 'value': 207060.0, 'profit_pct': -1.072887506791189}}",0.0002907494159509749,0.9977124679059103,-2.813788300923059
2023-05-29,790652.4679059103,206132.0,996784.4679059103,"{'510300': {'shares': 58000.0, 'price': 3.554, 'value': 206132.0, 'profit_pct': -1.5162583190856826}}",-0.0009301276969584382,0.9967844679059104,-2.9041838881868287
2023-05-30,790652.4679059103,206364.0,997016.4679059103,"{'510300': {'shares': 58000.0, 'price': 3.558, 'value': 206364.0, 'profit_pct': -1.4054156160120594}}",0.00023274840998221968,0.9970164679059104,-2.881584991370889
2023-05-31,790652.4679059103,204276.0,994928.4679059103,"{'510300': {'shares': 58000.0, 'price': 3.522, 'value': 204276.0, 'profit_pct': -2.4029999436746703}}",-0.002094248256887421,0.9949284679059104,-3.084975062714379
2023-06-01,790652.4679059103,204740.0,995392.4679059103,"{'510300': {'shares': 58000.0, 'price': 3.53, 'value': 204740.0, 'profit_pct': -2.1813145375274234}}",0.0004663651860083995,0.9953924679059103,-3.0397772690824887
2023-06-02,790652.4679059103,207814.0,998466.4679059103,"{'510300': {'shares': 58000.0, 'price': 3.583, 'value': 207814.0, 'profit_pct': -0.7126487218019038}}",0.0030882291147602547,0.9984664679059103,-2.740341886271236
2023-06-05,790652.4679059103,206770.0,997422.4679059103,"{'510300': {'shares': 58000.0, 'price': 3.565, 'value': 206770.0, 'profit_pct': -1.2114408856332153}}",-0.0010456034664735325,0.9974224679059104,-2.842036921942981
2023-06-06,790652.4679059103,204624.0,995276.4679059103,"{'510300': {'shares': 58000.0, 'price': 3.528, 'value': 204624.0, 'profit_pct': -2.236735889064229}}",-0.0021515456780369924,0.9952764679059103,-3.051076717490464
2023-06-07,790652.4679059103,203928.0,994580.4679059103,"{'510300': {'shares': 58000.0, 'price': 3.516, 'value': 203928.0, 'profit_pct': -2.5692639982850993}}",-0.0006993031810190731,0.9945804679059104,-3.118873407938294
2023-06-08,790652.4679059103,205784.0,996436.4679059103,"{'510300': {'shares': 58000.0, 'price': 3.548, 'value': 205784.0, 'profit_pct': -1.6825223736961117}}",0.0018661134617974362,0.9964364679059103,-2.9380822334107437
2023-06-09,790652.4679059103,206712.0,997364.4679059103,"{'510300': {'shares': 58000.0, 'price': 3.564, 'value': 206712.0, 'profit_pct': -1.239151561401618}}",0.0009313187843780213,0.9973644679059104,-2.847686646146974
2023-06-12,790652.4679059103,206944.0,997596.4679059103,"{'510300': {'shares': 58000.0, 'price': 3.568, 'value': 206944.0, 'profit_pct': -1.1283088583279948}}",0.00023261305918298447,0.9975964679059104,-2.8250877493310234
2023-06-13,790652.4679059103,208626.0,999278.4679059103,"{'510300': {'shares': 58000.0, 'price': 3.597, 'value': 208626.0, 'profit_pct': -0.3246992610442279}}",0.001686052481250977,0.9992784679059104,-2.6612457474154416
2023-06-14,790652.4679059103,208626.0,999278.4679059103,"{'510300': {'shares': 58000.0, 'price': 3.597, 'value': 208626.0, 'profit_pct': -0.3246992610442279}}",0.0,0.9992784679059104,-2.6612457474154416
2023-06-15,790652.4679059103,212396.0,1003048.4679059103,"{'510300': {'shares': 58000.0, 'price': 3.662, 'value': 212396.0, 'profit_pct': 1.4764946639021497}}",0.003772722140106266,1.0030484679059104,-2.294013674156359
2023-06-16,790652.4679059103,214542.0,1005194.4679059103,"{'510300': {'shares': 58000.0, 'price': 3.699, 'value': 214542.0, 'profit_pct': 2.501789667333163}}",0.002139477870376716,1.0051944679059104,-2.0849738786088867
2023-06-19,790652.4679059103,212802.0,1003454.4679059103,"{'510300': {'shares': 58000.0, 'price': 3.669, 'value': 212802.0, 'profit_pct': 1.6704693942809938}}",-0.0017310083327705117,1.0034544679059103,-2.2544656047284617
2023-06-20,790652.4679059103,212396.0,1003048.4679059103,"{'510300': {'shares': 58000.0, 'price': 3.662, 'value': 212396.0, 'profit_pct': 1.4764946639021497}}",-0.0004046023142906252,1.0030484679059104,-2.294013674156359
2023-06-21,790652.4679059103,209206.0,999858.4679059103,"{'510300': {'shares': 58000.0, 'price': 3.607, 'value': 209206.0, 'profit_pct': -0.047592503360163206}}",-0.003180304942451917,0.9998584679059104,-2.604748505375576
2023-06-26,790652.4679059103,206654.0,997306.4679059103,"{'510300': {'shares': 58000.0, 'price': 3.563, 'value': 206654.0, 'profit_pct': -1.2668622371700209}}",-0.002552361241031309,0.9973064679059104,-2.853336370350956
2023-06-27,790652.4679059103,208162.0,998814.4679059103,"{'510300': {'shares': 58000.0, 'price': 3.589, 'value': 208162.0, 'profit_pct': -0.5463846671914747}}",0.0015120728166602149,0.9988144679059103,-2.706443541047321
2023-06-28,790652.4679059103,208626.0,999278.4679059103,"{'510300': {'shares': 58000.0, 'price': 3.597, 'value': 208626.0, 'profit_pct': -0.3246992610442279}}",0.0004645507398113313,0.9992784679059104,-2.6612457474154416
2023-06-29,790652.4679059103,207582.0,998234.4679059103,"{'510300': {'shares': 58000.0, 'price': 3.579, 'value': 207582.0, 'profit_pct': -0.8234914248755271}}",-0.0010447538234140685,0.9982344679059103,-2.7629407830871866
2023-06-30,790652.4679059103,208916.0,999568.4679059103,"{'510300': {'shares': 58000.0, 'price': 3.602, 'value': 208916.0, 'profit_pct': -0.1861458822022017}}",0.0013363593853841227,0.9995684679059104,-2.6329971263955088
2023-07-03,790652.4679059103,211526.0,1002178.4679059103,"{'510300': {'shares': 58000.0, 'price': 3.647, 'value': 211526.0, 'profit_pct': 1.0608345273760587}}",0.002611126785009521,1.0021784679059103,-2.3787595372161463
2023-07-04,790652.4679059103,211932.0,1002584.4679059103,"{'510300': {'shares': 58000.0, 'price': 3.654, 'value': 211932.0, 'profit_pct': 1.2548092577549028}}",0.00040511746460514253,1.0025844679059104,-2.339211467788249
2023-07-05,790652.4679059103,210366.0,1001018.4679059103,"{'510300': {'shares': 58000.0, 'price': 3.627, 'value': 210366.0, 'profit_pct': 0.5066210120079416}}",-0.001561963156352153,1.0010184679059104,-2.4917540212958667
2023-07-06,790652.4679059103,208742.0,999394.4679059103,"{'510300': {'shares': 58000.0, 'price': 3.599, 'value': 208742.0, 'profit_pct': -0.26927790950741004}}",-0.0016223476909444923,0.9993944679059104,-2.6499462990074663
2023-07-07,790652.4679059103,208104.0,998756.4679059103,"{'510300': {'shares': 58000.0, 'price': 3.588, 'value': 208104.0, 'profit_pct': -0.5740953429598775}}",-0.0006383865635526398,0.9987564679059103,-2.712093265251314
2023-07-10,790652.4679059103,209032.0,999684.4679059103,"{'510300': {'shares': 58000.0, 'price': 3.604, 'value': 209032.0, 'profit_pct': -0.13072453066538384}}",0.0009291554346033681,0.9996844679059104,-2.6216976779875334
2023-07-11,790652.4679059103,210540.0,1001192.4679059103,"{'510300': {'shares': 58000.0, 'price': 3.63, 'value': 210540.0, 'profit_pct': 0.5897530393131623}}",0.0015084759725825236,1.0011924679059103,-2.474804848683909
2023-07-12,790652.4679059103,209438.0,1000090.4679059103,"{'510300': {'shares': 58000.0, 'price': 3.611, 'value': 209438.0, 'profit_pct': 0.06325019971346021}}",-0.0011006874655229426,1.0000904679059104,-2.5821496085596363
2023-07-13,790652.4679059103,213092.0,1003744.4679059103,"{'510300': {'shares': 58000.0, 'price': 3.674, 'value': 213092.0, 'profit_pct': 1.8090227731230197}}",0.0036536694601749797,1.0037444679059104,-2.226216983708529
2023-07-14,790652.4679059103,212976.0,1003628.4679059103,"{'510300': {'shares': 58000.0, 'price': 3.672, 'value': 212976.0, 'profit_pct': 1.7536014215862143}}",-0.0001155672620961612,1.0036284679059104,-2.237516432116504
2023-07-17,790652.4679059103,211352.0,1002004.4679059103,"{'510300': {'shares': 58000.0, 'price': 3.644, 'value': 211352.0, 'profit_pct': 0.9777025000708505}}",-0.0016181286720458044,1.0020044679059104,-2.395708709828104
2023-07-18,790652.4679059103,211004.0,1001656.4679059103,"{'510300': {'shares': 58000.0, 'price': 3.638, 'value': 211004.0, 'profit_pct': 0.8114384454604091}}",-0.0003473038405978901,1.0016564679059103,-2.429607055052019
2023-07-19,790652.4679059103,210888.0,1001540.4679059103,"{'510300': {'shares': 58000.0, 'price': 3.636, 'value': 210888.0, 'profit_pct': 0.7560170939236035}}",-0.00011580816748735234,1.0015404679059103,-2.440906503459994
2023-07-20,790652.4679059103,209264.0,999916.4679059103,"{'510300': {'shares': 58000.0, 'price': 3.608, 'value': 209264.0, 'profit_pct': -0.01988182759176043}}",-0.0016215021280124864,0.9999164679059104,-2.5990987811715938
2023-07-21,790652.4679059103,209380.0,1000032.4679059103,"{'510300': {'shares': 58000.0, 'price': 3.61, 'value': 209380.0, 'profit_pct': 0.03553952394504513}}",0.00011600969053238153,1.0000324679059103,-2.5877993327636184
2023-07-24,790652.4679059103,208394.0,999046.4679059103,"{'510300': {'shares': 58000.0, 'price': 3.593, 'value': 208394.0, 'profit_pct': -0.43554196411785134}}",-0.0009859679876841332,0.9990464679059103,-2.6838446442313812
2023-07-25,790652.4679059103,214890.0,1005542.4679059103,"{'510300': {'shares': 58000.0, 'price': 3.705, 'value': 214890.0, 'profit_pct': 2.6680537219436045}}",0.0065022000564360916,1.0055424679059104,-2.0510755333849717
2023-07-26,790652.4679059103,214368.0,1005020.4679059103,"{'510300': {'shares': 58000.0, 'price': 3.696, 'value': 214368.0, 'profit_pct': 2.4186576400279547}}",-0.0005191227786600638,1.0050204679059103,-2.101923051220844
2023-07-27,790652.4679059103,214136.0,1004788.4679059103,"{'510300': {'shares': 58000.0, 'price': 3.692, 'value': 214136.0, 'profit_pct': 2.3078149369543315}}",-0.0002308410698176333,1.0047884679059103,-2.124521948036784
2023-07-28,790652.4679059103,219704.0,1010356.4679059103,"{'510300': {'shares': 58000.0, 'price': 3.788, 'value': 219704.0, 'profit_pct': 4.968039810721281}}",0.005541464873302537,1.0103564679059103,-1.582148424454144
2023-07-31,790652.4679059103,220632.0,1011284.4679059103,"{'510300': {'shares': 58000.0, 'price': 3.804, 'value': 220632.0, 'profit_pct': 5.411410623015775}}",0.0009184877114938317,1.0112844679059103,-1.4917528371903743
2023-08-01,790652.4679059103,219588.0,1010240.4679059103,"{'510300': {'shares': 58000.0, 'price': 3.786, 'value': 219588.0, 'profit_pct': 4.9126184591844755}}",-0.001032350474206134,1.0102404679059103,-1.5934478728621193
2023-08-02,790652.4679059103,217906.0,1008558.4679059103,"{'510300': {'shares': 58000.0, 'price': 3.757, 'value': 217906.0, 'profit_pct': 4.109008861900709}}",-0.001664950131612275,1.0085584679059103,-1.757289874777701
2023-08-03,790652.4679059103,219994.0,1010646.4679059103,"{'510300': {'shares': 58000.0, 'price': 3.793, 'value': 219994.0, 'profit_pct': 5.10659318956332}}",0.002070281561697973,1.0106464679059104,-1.553899803434211
2023-08-04,790652.4679059103,221212.0,1011864.4679059103,"{'510300': {'shares': 58000.0, 'price': 3.814, 'value': 221212.0, 'profit_pct': 5.68851738069984}}",0.0012051692047405638,1.0118644679059103,-1.4352555951505086
2023-08-07,790652.4679059103,219414.0,1010066.4679059103,"{'510300': {'shares': 58000.0, 'price': 3.783, 'value': 219414.0, 'profit_pct': 4.829486431879255}}",-0.0017769178156052945,1.0100664679059104,-1.6103970454740768
2023-08-08,790652.4679059103,218544.0,1009196.4679059103,"{'510300': {'shares': 58000.0, 'price': 3.768, 'value': 218544.0, 'profit_pct': 4.413826295353164}}",-0.0008613294546879757,1.0091964679059104,-1.6951429085338643
2023-08-09,790652.4679059103,218080.0,1008732.4679059103,"{'510300': {'shares': 58000.0, 'price': 3.76, 'value': 218080.0, 'profit_pct': 4.192140889205917}}",-0.00045977172409528144,1.0087324679059104,-1.7403407021657435
2023-08-10,790652.4679059103,218370.0,1009022.4679059103,"{'510300': {'shares': 58000.0, 'price': 3.765, 'value': 218370.0, 'profit_pct': 4.330694268047956}}",0.00028748950710588694,1.0090224679059103,-1.7120920811458218
2023-08-11,790652.4679059103,212860.0,1003512.4679059103,"{'510300': {'shares': 58000.0, 'price': 3.67, 'value': 212860.0, 'profit_pct': 1.6981800700493963}}",-0.005460730732225638,1.0035124679059104,-2.2488158805244685
2023-08-14,790652.4679059103,211294.0,1001946.4679059103,"{'510300': {'shares': 58000.0, 'price': 3.643, 'value': 211294.0, 'profit_pct': 0.9499918243024352}}",-0.0015605187280511856,1.0019464679059102,-2.401358434032086
2023-08-15,790652.4679059103,211062.0,1001714.4679059103,"{'510300': {'shares': 58000.0, 'price': 3.639, 'value': 211062.0, 'profit_pct': 0.8391491212288118}}",-0.00023154929672530855,1.0017144679059102,-2.4239573308480367
2023-08-16,790652.4679059103,209322.0,999974.4679059103,"{'510300': {'shares': 58000.0, 'price': 3.609, 'value': 209322.0, 'profit_pct': 0.00782884817664235}}",-0.0017370219316463764,0.9999744679059104,-2.5934490569676116
2023-08-17,790652.4679059103,210076.0,1000728.4679059103,"{'510300': {'shares': 58000.0, 'price': 3.622, 'value': 210076.0, 'profit_pct': 0.3680676331659154}}",0.0007540192516903854,1.0007284679059103,-2.5200026423157884
2023-08-18,790652.4679059103,207176.0,997828.4679059103,"{'510300': {'shares': 58000.0, 'price': 3.572, 'value': 207176.0, 'profit_pct': -1.0174661552543711}}",-0.0028978889808825015,0.9978284679059103,-2.8024888525150837
2023-08-21,790652.4679059103,204160.0,994812.4679059103,"{'510300': {'shares': 58000.0, 'price': 3.52, 'value': 204160.0, 'profit_pct': -2.4584212952114757}}",-0.003022563593850447,0.9948124679059104,-3.0962745111223433
2023-08-22,790652.4679059103,205494.0,996146.4679059103,"{'510300': {'shares': 58000.0, 'price': 3.543, 'value': 205494.0, 'profit_pct': -1.8210757525381378}}",0.001340956253602421,0.9961464679059103,-2.9663308544306766
2023-08-23,790652.4679059103,202304.0,992956.4679059103,"{'510300': {'shares': 58000.0, 'price': 3.488, 'value': 202304.0, 'profit_pct': -3.345162919800463}}",-0.0032023403212039225,0.9929564679059103,-3.2770656856498936
2023-08-24,790652.4679059103,203638.0,994290.4679059103,"{'510300': {'shares': 58000.0, 'price': 3.511, 'value': 203638.0, 'profit_pct': -2.7078173771271254}}",0.0013434627228052776,0.9942904679059104,-3.147122028958216
2023-08-25,790652.4679059103,203232.0,993884.4679059103,"{'510300': {'shares': 58000.0, 'price': 3.504, 'value': 203232.0, 'profit_pct': -2.9017921075059694}}",-0.00040833138112561507,0.9938844679059103,-3.186670098386124
2023-08-28,790652.4679059103,206306.0,996958.4679059103,"{'510300': {'shares': 58000.0, 'price': 3.557, 'value': 206306.0, 'profit_pct': -1.4331262917804621}}",0.003092914819845083,0.9969584679059104,-2.887234715574871
2023-08-29,790652.4679059103,207582.0,998234.4679059103,"{'510300': {'shares': 58000.0, 'price': 3.579, 'value': 207582.0, 'profit_pct': -0.8234914248755271}}",0.0012798928351349659,0.9982344679059103,-2.7629407830871866
2023-08-30,790652.4679059103,207524.0,998176.4679059103,"{'510300': {'shares': 58000.0, 'price': 3.578, 'value': 207524.0, 'profit_pct': -0.8512021006439422}}",-5.810258197325169e-05,0.9981764679059103,-2.7685905072911687
2023-08-31,790652.4679059103,206422.0,997074.4679059103,"{'510300': {'shares': 58000.0, 'price': 3.559, 'value': 206422.0, 'profit_pct': -1.3777049402436443}}",-0.0011040132035089467,0.9970744679059104,-2.875935267166896
2023-09-01,790652.4679059103,207756.0,998408.4679059103,"{'510300': {'shares': 58000.0, 'price': 3.582, 'value': 207756.0, 'profit_pct': -0.7403593975703189}}",0.0013379141106699688,0.9984084679059103,-2.745991610475229
2023-09-04,790652.4679059103,211120.0,1001772.4679059103,"{'510300': {'shares': 58000.0, 'price': 3.64, 'value': 211120.0, 'profit_pct': 0.8668597969972269}}",0.003369362448473412,1.0017724679059103,-2.4183076066440434
2023-09-05,790652.4679059103,209554.0,1000206.4679059103,"{'510300': {'shares': 58000.0, 'price': 3.613, 'value': 209554.0, 'profit_pct': 0.11867155125026578}}",-0.001563229226366647,1.0002064679059104,-2.570850160151661
2023-09-06,790652.4679059103,208974.0,999626.4679059103,"{'510300': {'shares': 58000.0, 'price': 3.603, 'value': 208974.0, 'profit_pct': -0.1584352064337866}}",-0.0005798802733343322,0.9996264679059104,-2.6273474021915266
2023-09-07,790652.4679059103,205900.0,996552.4679059103,"{'510300': {'shares': 58000.0, 'price': 3.55, 'value': 205900.0, 'profit_pct': -1.6271010221593063}}",-0.0030751486667210948,0.9965524679059103,-2.9267827850027683
2023-09-08,790652.4679059103,204682.0,995334.4679059103,"{'510300': {'shares': 58000.0, 'price': 3.529, 'value': 204682.0, 'profit_pct': -2.209025213295826}}",-0.001222213620683088,0.9953344679059103,-3.045426993286471
2023-09-11,790652.4679059103,206306.0,996958.4679059103,"{'510300': {'shares': 58000.0, 'price': 3.557, 'value': 206306.0, 'profit_pct': -1.4331262917804621}}",0.0016316123397361881,0.9969584679059104,-2.887234715574871
2023-09-12,790652.4679059103,206016.0,996668.4679059103,"{'510300': {'shares': 58000.0, 'price': 3.552, 'value': 206016.0, 'profit_pct': -1.5716796706224883}}",-0.0002908847352579569,0.9966684679059103,-2.915483336594804
2023-09-13,790652.4679059103,204566.0,995218.4679059103,"{'510300': {'shares': 58000.0, 'price': 3.527, 'value': 204566.0, 'profit_pct': -2.2644465648326317}}",-0.001454846869036186,0.9952184679059103,-3.056726441694446
2023-09-14,790652.4679059103,204392.0,995044.4679059103,"{'510300': {'shares': 58000.0, 'price': 3.524, 'value': 204392.0, 'profit_pct': -2.347578592137852}}",-0.0001748359838680269,0.9950444679059104,-3.0736756143064037
2023-09-15,790652.4679059103,203406.0,994058.4679059103,"{'510300': {'shares': 58000.0, 'price': 3.507, 'value': 203406.0, 'profit_pct': -2.8186600802007487}}",-0.0009909104887292353,0.9940584679059103,-3.1697209257741665
2023-09-18,790652.4679059103,204160.0,994812.4679059103,"{'510300': {'shares': 58000.0, 'price': 3.52, 'value': 204160.0, 'profit_pct': -2.4584212952114757}}",0.000758506691853178,0.9948124679059104,-3.0962745111223433
2023-09-19,790652.4679059103,203870.0,994522.4679059103,"{'510300': {'shares': 58000.0, 'price': 3.515, 'value': 203870.0, 'profit_pct': -2.5969746740535022}}",-0.00029151222904399976,0.9945224679059104,-3.124523132142276
2023-09-20,790652.4679059103,202826.0,993478.4679059103,"{'510300': {'shares': 58000.0, 'price': 3.497, 'value': 202826.0, 'profit_pct': -3.0957668378848133}}",-0.0010497500395323378,0.9934784679059103,-3.226218167814021
2023-09-21,790652.4679059103,200796.0,991448.4679059103,"{'510300': {'shares': 58000.0, 'price': 3.462, 'value': 200796.0, 'profit_pct': -4.0656404897790095}}",-0.0020433256135675704,0.9914484679059103,-3.423958514953529
2023-09-22,790652.4679059103,205146.0,995798.4679059103,"{'510300': {'shares': 58000.0, 'price': 3.537, 'value': 205146.0, 'profit_pct': -1.9873398071485793}}",0.004387520018249491,0.9957984679059103,-3.0002291996545916
2023-09-25,790652.4679059103,203522.0,994174.4679059103,"{'510300': {'shares': 58000.0, 'price': 3.509, 'value': 203522.0, 'profit_pct': -2.7632387286639433}}",-0.001630852077343703,0.9941744679059104,-3.158421477366191
2023-09-26,790652.4679059103,202304.0,992956.4679059103,"{'510300': {'shares': 58000.0, 'price': 3.488, 'value': 202304.0, 'profit_pct': -3.345162919800463}}",-0.0012251370753521007,0.9929564679059103,-3.2770656856498936
2023-09-27,790652.4679059103,202884.0,993536.4679059103,"{'510300': {'shares': 58000.0, 'price': 3.498, 'value': 202884.0, 'profit_pct': -3.0680561621163984}}",0.0005841142273066424,0.9935364679059103,-3.220568443610039
2023-09-28,790652.4679059103,202072.0,992724.4679059103,"{'510300': {'shares': 58000.0, 'price': 3.484, 'value': 202072.0, 'profit_pct': -3.4560056228740867}}",-0.0008172825318747412,0.9927244679059103,-3.2996645824658333
2023-10-09,790652.4679059103,201492.0,992144.4679059103,"{'510300': {'shares': 58000.0, 'price': 3.474, 'value': 201492.0, 'profit_pct': -3.7331123805581385}}",-0.0005842507349732573,0.9921444679059104,-3.356161824505699
2023-10-10,790652.4679059103,199926.0,990578.4679059103,"{'510300': {'shares': 58000.0, 'price': 3.447, 'value': 199926.0, 'profit_pct': -4.4813006263051}}",-0.001578399165300337,0.9905784679059103,-3.5087043780133165
2023-10-11,790652.4679059103,200390.0,991042.4679059103,"{'510300': {'shares': 58000.0, 'price': 3.455, 'value': 200390.0, 'profit_pct': -4.259615220157853}}",0.00046841316971169,0.9910424679059103,-3.463506584381426
2023-10-12,790652.4679059103,202478.0,993130.4679059103,"{'510300': {'shares': 58000.0, 'price': 3.491, 'value': 202478.0, 'profit_pct': -3.262030892495242}}",0.002106872376934632,0.9931304679059103,-3.260116513037936
2023-10-13,790652.4679059103,200448.0,991100.4679059103,"{'510300': {'shares': 58000.0, 'price': 3.456, 'value': 200448.0, 'profit_pct': -4.23190454438945}}",-0.002044041609437719,0.9911004679059103,-3.457856860177444
2023-10-16,790652.4679059103,197954.0,988606.4679059103,"{'510300': {'shares': 58000.0, 'price': 3.413, 'value': 197954.0, 'profit_pct': -5.423463602430905}}",-0.0025163947357118577,0.9886064679059103,-3.700795000948831
2023-10-17,790652.4679059103,198650.0,989302.4679059103,"{'510300': {'shares': 58000.0, 'price': 3.425, 'value': 198650.0, 'profit_pct': -5.0909354932100355}}",0.000704021289152923,0.9893024679059104,-3.632998310501001
2023-10-18,790652.4679059103,197026.0,987678.4679059103,"{'510300': {'shares': 58000.0, 'price': 3.397, 'value': 197026.0, 'profit_pct': -5.866834414725399}}",-0.0016415606477132583,0.9876784679059103,-3.7911905882126007
2023-10-19,790652.4679059103,192560.0,983212.4679059103,"{'510300': {'shares': 58000.0, 'price': 3.32, 'value': 192560.0, 'profit_pct': -8.000556448892647}}",-0.0045217144497123885,0.9832124679059103,-4.2262193519195135
2023-10-20,790652.4679059103,191516.0,982168.4679059103,"{'510300': {'shares': 58000.0, 'price': 3.302, 'value': 191516.0, 'profit_pct': -8.499348612723946}}",-0.0010618254284585626,0.9821684679059104,-4.3279143875912585
2023-10-23,790652.4679059103,189312.0,979964.4679059103,"{'510300': {'shares': 58000.0, 'price': 3.264, 'value': 189312.0, 'profit_pct': -9.552354291923375}}",-0.0022440142114307227,0.9799644679059103,-4.542603907342723
2023-10-24,790652.4679059103,189602.0,980254.4679059103,"{'510300': {'shares': 58000.0, 'price': 3.269, 'value': 189602.0, 'profit_pct': -9.413800913081335}}",0.0002959290969188899,0.9802544679059103,-4.514355286322791
2023-10-25,790652.4679059103,190762.0,981414.4679059103,"{'510300': {'shares': 58000.0, 'price': 3.289, 'value': 190762.0, 'profit_pct': -8.859587397713218}}",0.0011833661951861085,0.9814144679059104,-4.401360802243071
2023-10-26,790652.4679059103,191516.0,982168.4679059103,"{'510300': {'shares': 58000.0, 'price': 3.302, 'value': 191516.0, 'profit_pct': -8.499348612723946}}",0.0007682788716258937,0.9821684679059104,-4.3279143875912585
2023-10-27,790652.4679059103,194648.0,985300.4679059103,"{'510300': {'shares': 58000.0, 'price': 3.356, 'value': 194648.0, 'profit_pct': -7.002972121230036}}",0.0031888623004541206,0.9853004679059103,-4.0228292805760235
2023-10-30,790652.4679059103,195576.0,986228.4679059103,"{'510300': {'shares': 58000.0, 'price': 3.372, 'value': 195576.0, 'profit_pct': -6.559601308935542}}",0.0009418446760431909,0.9862284679059103,-3.932433693312254
2023-10-31,790652.4679059103,195112.0,985764.4679059103,"{'510300': {'shares': 58000.0, 'price': 3.364, 'value': 195112.0, 'profit_pct': -6.781286715082789}}",-0.0004704792196733587,0.9857644679059103,-3.977631486944133
2023-11-01,790652.4679059103,194996.0,985648.4679059103,"{'510300': {'shares': 58000.0, 'price': 3.362, 'value': 194996.0, 'profit_pct': -6.836708066619594}}",-0.00011767516863980809,0.9856484679059103,-3.9889309353521085
2023-11-02,790652.4679059103,194010.0,984662.4679059103,"{'510300': {'shares': 58000.0, 'price': 3.345, 'value': 194010.0, 'profit_pct': -7.307789554682491}}",-0.001000356650576295,0.9846624679059104,-4.084976246819871
2023-11-03,790652.4679059103,195634.0,986286.4679059103,"{'510300': {'shares': 58000.0, 'price': 3.373, 'value': 195634.0, 'profit_pct': -6.531890633167127}}",0.0016492961323628652,0.9862864679059103,-3.9267839691082607
2023-11-06,790652.4679059103,198418.0,989070.4679059103,"{'510300': {'shares': 58000.0, 'price': 3.421, 'value': 198418.0, 'profit_pct': -5.201778196283659}}",0.0028227093147805693,0.9890704679059104,-3.6555972073169407
2023-11-07,790652.4679059103,197780.0,988432.4679059103,"{'510300': {'shares': 58000.0, 'price': 3.41, 'value': 197780.0, 'profit_pct': -5.506595629736114}}",-0.0006450500957234651,0.9884324679059103,-3.7177441735607886
2023-11-08,790652.4679059103,197142.0,987794.4679059103,"{'510300': {'shares': 58000.0, 'price': 3.399, 'value': 197142.0, 'profit_pct': -5.811413063188581}}",-0.0006454664539213839,0.9877944679059103,-3.7798911398046364
2023-11-09,790652.4679059103,197316.0,987968.4679059103,"{'510300': {'shares': 58000.0, 'price': 3.402, 'value': 197316.0, 'profit_pct': -5.72828103588336}}",0.00017615000453363727,0.9879684679059103,-3.762941967192679
2023-11-10,790652.4679059103,195750.0,986402.4679059103,"{'510300': {'shares': 58000.0, 'price': 3.375, 'value': 195750.0, 'profit_pct': -6.4764692816303215}}",-0.0015850708305693573,0.9864024679059104,-3.9154845207002964
2023-11-13,790652.4679059103,195460.0,986112.4679059103,"{'510300': {'shares': 58000.0, 'price': 3.37, 'value': 195460.0, 'profit_pct': -6.615022660472347}}",-0.0002939976423778079,0.9861124679059103,-3.943733141720218
2023-11-14,790652.4679059103,195460.0,986112.4679059103,"{'510300': {'shares': 58000.0, 'price': 3.37, 'value': 195460.0, 'profit_pct': -6.615022660472347}}",0.0,0.9861124679059103,-3.943733141720218
2023-11-15,790652.4679059103,196910.0,987562.4679059103,"{'510300': {'shares': 58000.0, 'price': 3.395, 'value': 196910.0, 'profit_pct': -5.922255766262205}}",0.001470420512053039,0.9875624679059103,-3.802490036620576
2023-11-16,790652.4679059103,194822.0,985474.4679059103,"{'510300': {'shares': 58000.0, 'price': 3.359, 'value': 194822.0, 'profit_pct': -6.919840093924816}}",-0.0021142966322196255,0.9854744679059103,-4.005880107964066
2023-11-17,790652.4679059103,194532.0,985184.4679059103,"{'510300': {'shares': 58000.0, 'price': 3.354, 'value': 194532.0, 'profit_pct': -7.058393472766841}}",-0.00029427449360130975,0.9851844679059103,-4.034128728983999
2023-11-20,790652.4679059103,195170.0,985822.4679059103,"{'510300': {'shares': 58000.0, 'price': 3.365, 'value': 195170.0, 'profit_pct': -6.753576039314374}}",0.0006475944564534597,0.9858224679059103,-3.971981762740151
2023-11-21,790652.4679059103,195460.0,986112.4679059103,"{'510300': {'shares': 58000.0, 'price': 3.37, 'value': 195460.0, 'profit_pct': -6.615022660472347}}",0.00029417061331127314,0.9861124679059103,-3.943733141720218
2023-11-22,790652.4679059103,193198.0,983850.4679059103,"{'510300': {'shares': 58000.0, 'price': 3.331, 'value': 193198.0, 'profit_pct': -7.6957390154401795}}",-0.0022938559988026075,0.9838504679059104,-4.164072385675666
2023-11-23,790652.4679059103,194300.0,984952.4679059103,"{'510300': {'shares': 58000.0, 'price': 3.35, 'value': 194300.0, 'profit_pct': -7.1692361758404655}}",0.0011200889118299084,0.9849524679059103,-4.0567276257999385
2023-11-24,790652.4679059103,192850.0,983502.4679059103,"{'510300': {'shares': 58000.0, 'price': 3.325, 'value': 192850.0, 'profit_pct': -7.862003070050608}}",-0.001472152258354953,0.9835024679059103,-4.197970730899581
2023-11-27,790652.4679059103,191458.0,982110.4679059103,"{'510300': {'shares': 58000.0, 'price': 3.301, 'value': 191458.0, 'profit_pct': -8.52705928849235}}",-0.0014153497783934155,0.9821104679059104,-4.333564111795241
2023-11-28,790652.4679059103,191690.0,982342.4679059103,"{'510300': {'shares': 58000.0, 'price': 3.305, 'value': 191690.0, 'profit_pct': -8.416216585418725}}",0.00023622597210959384,0.9823424679059103,-4.310965214979301
2023-11-29,790652.4679059103,190124.0,980776.4679059103,"{'510300': {'shares': 58000.0, 'price': 3.278, 'value': 190124.0, 'profit_pct': -9.164404831165687}}",-0.001594148732405154,0.9807764679059103,-4.463507768486918
2023-11-30,790652.4679059103,190356.0,981008.4679059103,"{'510300': {'shares': 58000.0, 'price': 3.282, 'value': 190356.0, 'profit_pct': -9.053562128092063}}",0.00023654727411570597,0.9810084679059103,-4.440908871670979
2023-12-01,790652.4679059103,189544.0,980196.4679059103,"{'510300': {'shares': 58000.0, 'price': 3.268, 'value': 189544.0, 'profit_pct': -9.441511588849751}}",-0.0008277196645747331,0.9801964679059103,-4.5200050105267735
2023-12-04,790652.4679059103,188152.0,978804.4679059103,"{'510300': {'shares': 58000.0, 'price': 3.244, 'value': 188152.0, 'profit_pct': -10.10656780729148}}",-0.001420123460528111,0.9788044679059104,-4.6555983914224335
2023-12-05,790652.4679059103,184324.0,974976.4679059103,"{'510300': {'shares': 58000.0, 'price': 3.178, 'value': 184324.0, 'profit_pct': -11.935472408006271}}",-0.003910893468017984,0.9749764679059103,-5.0284801888854975
2023-12-06,707468.1437930204,267690.3,975158.4437930204,"{'510300': {'shares': 84100.0, 'price': 3.183, 'value': 267690.3, 'profit_pct': -8.470993425362586}}",0.0001866464402990875,0.9751584437930204,-5.010754092782954
2023-12-07,624201.2124053804,350092.2,974293.4124053805,"{'510300': {'shares': 110300.0, 'price': 3.174, 'value': 350092.2, 'profit_pct': -6.817746905545386}}",-0.0008870675254323279,0.9742934124053805,-5.095015968092554
2023-12-08,624201.2124053804,350864.3,975065.5124053804,"{'510300': {'shares': 110300.0, 'price': 3.181, 'value': 350864.3, 'profit_pct': -6.612240991348411}}",0.0007924717443112961,0.9750655124053804,-5.019806449852959
2023-12-11,624201.2124053804,353511.5,977712.7124053804,"{'510300': {'shares': 110300.0, 'price': 3.205, 'value': 353511.5, 'profit_pct': -5.907649285530229}}",0.0027148945033137473,0.9777127124053805,-4.761945244459998
2023-12-12,624201.2124053804,354393.9,978595.1124053805,"{'510300': {'shares': 110300.0, 'price': 3.213, 'value': 354393.9, 'profit_pct': -5.672785383590835}}",0.0009025146025043451,0.9785951124053804,-4.675991509329014
2023-12-13,624201.2124053804,347996.5,972197.7124053804,"{'510300': {'shares': 110300.0, 'price': 3.155, 'value': 347996.5, 'profit_pct': -7.375548672651449}}",-0.00653733083161967,0.9721977124053804,-5.299156089028645
2023-12-14,624201.2124053804,346231.69999999995,970432.9124053804,"{'510300': {'shares': 110300.0, 'price': 3.139, 'value': 346231.69999999995, 'profit_pct': -7.8452764765302385}}",-0.0018152686202415058,0.9704329124053804,-5.471063559290624
2023-12-15,624201.2124053804,345459.60000000003,969660.8124053804,"{'510300': {'shares': 110300.0, 'price': 3.132, 'value': 345459.60000000003, 'profit_pct': -8.050782390727198}}",-0.0007956242931684843,0.9696608124053804,-5.546273077530229
2023-12-18,624201.2124053804,343915.39999999997,968116.6124053805,"{'510300': {'shares': 110300.0, 'price': 3.118, 'value': 343915.39999999997, 'profit_pct': -8.461794219121145}}",-0.001592515630459812,0.9681166124053805,-5.6966921140094495
2023-12-19,624201.2124053804,344136.0,968337.2124053804,"{'510300': {'shares': 110300.0, 'price': 3.12, 'value': 344136.0, 'profit_pct': -8.40307824363629}}",0.0002278651116747188,0.9683372124053804,-5.675203680226703
2023-12-20,540999.0651471504,423810.8,964809.8651471504,"{'510300': {'shares': 137200.0, 'price': 3.089, 'value': 423810.8, 'profit_pct': -7.643180423147306}}",-0.003642684813762398,0.9648098651471504,-6.018799183341972
2023-12-21,540999.0651471504,428064.0,969063.0651471504,"{'510300': {'shares': 137200.0, 'price': 3.12, 'value': 428064.0, 'profit_pct': -6.716323379805628}}",0.004408329717225046,0.9690630651471505,-5.604499062921409
2023-12-22,540999.0651471504,428887.2,969886.2651471505,"{'510300': {'shares': 137200.0, 'price': 3.126, 'value': 428887.2, 'profit_pct': -6.536931693997568}}",0.0008494803172331977,0.9698862651471505,-5.524311942839999
2023-12-25,540999.0651471504,430121.99999999994,971121.0651471503,"{'510300': {'shares': 137200.0, 'price': 3.135, 'value': 430121.99999999994, 'profit_pct': -6.267844165285472}}",0.0012731389693536599,0.9711210651471504,-5.404031262717924
2023-12-26,540999.0651471504,427378.00000000006,968377.0651471505,"{'510300': {'shares': 137200.0, 'price': 3.115, 'value': 427378.00000000006, 'profit_pct': -6.865816451312345}}",-0.0028256003277861153,0.9683770651471505,-5.671321662989226
2023-12-27,540999.0651471504,428750.0,969749.0651471504,"{'510300': {'shares': 137200.0, 'price': 3.125, 'value': 428750.0, 'profit_pct': -6.566830308298909}}",0.001416803484282747,0.9697490651471504,-5.537676462853581
2023-12-28,627208.9723137805,353952.7,981161.6723137805,"{'510300': {'shares': 110300.0, 'price': 3.209, 'value': 353952.7, 'profit_pct': -4.055346706985981}}",0.011768618889978821,0.9811616723137805,-4.425985377683017
2023-12-29,627208.9723137805,355055.7,982264.6723137805,"{'510300': {'shares': 110300.0, 'price': 3.219, 'value': 355055.7, 'profit_pct': -3.756360563972544}}",0.0011241776265056291,0.9822646723137806,-4.318543208769288
2024-01-02,627208.9723137805,349981.9,977190.8723137805,"{'510300': {'shares': 110300.0, 'price': 3.173, 'value': 349981.9, 'profit_pct': -5.131696821834378}}",-0.005165410243298751,0.9771908723137804,-4.812777185772454
2024-01-03,627208.9723137805,348878.89999999997,976087.8723137805,"{'510300': {'shares': 110300.0, 'price': 3.163, 'value': 348878.89999999997, 'profit_pct': -5.430682964847828}}",-0.001128745704908507,0.9760878723137805,-4.920219354686184
2024-01-04,627208.9723137805,345569.9,972778.8723137805,"{'510300': {'shares': 110300.0, 'price': 3.133, 'value': 345569.9, 'profit_pct': -6.327641393888153}}",-0.0033900636344923463,0.9727788723137805,-5.242545861427372
2024-01-05,627208.9723137805,343694.8,970903.7723137804,"{'510300': {'shares': 110300.0, 'price': 3.116, 'value': 343694.8, 'profit_pct': -6.835917837011005}}",-0.001927570646698018,0.9709037723137803,-5.425197548580729
2024-01-08,627208.9723137805,338510.7,965719.6723137805,"{'510300': {'shares': 110300.0, 'price': 3.069, 'value': 338510.7, 'profit_pct': -8.241152709174193}}",-0.005339458088256754,0.9657196723137805,-5.930175742475252
2024-01-09,627208.9723137805,339393.1,966602.0723137804,"{'510300': {'shares': 110300.0, 'price': 3.077, 'value': 339393.1, 'profit_pct': -8.001963794763439}}",0.0009137227140518789,0.9666020723137805,-5.8442220073442686
2024-01-10,627208.9723137805,337628.3,964837.2723137804,"{'510300': {'shares': 110300.0, 'price': 3.061, 'value': 337628.3, 'profit_pct': -8.480341623584948}}",-0.0018257771740294304,0.9648372723137804,-6.016129477606247
2024-01-11,627208.9723137805,339724.0,966932.9723137805,"{'510300': {'shares': 110300.0, 'price': 3.08, 'value': 339724.0, 'profit_pct': -7.912267951859402}}",0.002172076121162325,0.9669329723137805,-5.811989356670155
2024-01-12,627208.9723137805,338510.7,965719.6723137805,"{'510300': {'shares': 110300.0, 'price': 3.069, 'value': 338510.7, 'profit_pct': -8.241152709174193}}",-0.001254792250073522,0.9657196723137805,-5.930175742475252
2024-01-15,627208.9723137805,338069.5,965278.4723137805,"{'510300': {'shares': 110300.0, 'price': 3.065, 'value': 338069.5, 'profit_pct': -8.360747166379571}}",-0.00045686135702605046,0.9652784723137805,-5.973152610040744
2024-01-16,627208.9723137805,340496.10000000003,967705.0723137804,"{'510300': {'shares': 110300.0, 'price': 3.087, 'value': 340496.10000000003, 'profit_pct': -7.702977651749989}}",0.002513885960994555,0.9677050723137804,-5.7367798384305395
2024-01-17,543969.6768144205,415354.8,959324.4768144204,"{'510300': {'shares': 137900.0, 'price': 3.012, 'value': 415354.8, 'profit_pct': -8.133309536352817}}",-0.008660278569504687,0.9593244768144205,-6.553125583888287
2024-01-18,543969.6768144205,421560.3,965529.9768144204,"{'510300': {'shares': 137900.0, 'price': 3.057, 'value': 421560.3, 'profit_pct': -6.760799220660879}}",0.006468614269705908,0.9655299768144204,-5.948653798580795
2024-01-19,543969.6768144205,422525.60000000003,966495.2768144205,"{'510300': {'shares': 137900.0, 'price': 3.064, 'value': 422525.60000000003, 'profit_pct': -6.547297615997685}}",0.0009997618128696484,0.9664952768144205,-5.85462485419963
2024-01-22,543969.6768144205,413010.5,956980.1768144205,"{'510300': {'shares': 137900.0, 'price': 2.995, 'value': 413010.5, 'profit_pct': -8.651813433391991}}",-0.009844952405108298,0.9569801768144205,-6.781481591671101
2024-01-23,543969.6768144205,416044.3,960013.9768144204,"{'510300': {'shares': 137900.0, 'price': 3.017, 'value': 416044.3, 'profit_pct': -7.980808390164827}}",0.0031701806092774287,0.9600139768144205,-6.485962052187455
2024-01-24,543969.6768144205,423077.2,967046.8768144206,"{'510300': {'shares': 137900.0, 'price': 3.068, 'value': 423077.2, 'profit_pct': -6.425296699047289}}",0.007325830841897973,0.9670468768144206,-5.800894028838954
2024-01-25,629768.0195874205,344889.60000000003,974657.6195874205,"{'510300': {'shares': 110400.0, 'price': 3.124, 'value': 344889.60000000003, 'profit_pct': -4.717283861741763}}",0.007870086709830248,0.9746576195874205,-5.059538896857441
2024-01-26,629768.0195874205,344227.2,973995.2195874206,"{'510300': {'shares': 110400.0, 'price': 3.118, 'value': 344227.2, 'profit_pct': -4.900285237167362}}",-0.0006796232714830763,0.9739952195874205,-5.124062643628468
2024-01-29,629768.0195874205,340915.2,970683.2195874206,"{'510300': {'shares': 110400.0, 'price': 3.088, 'value': 340915.2, 'profit_pct': -5.815292114295316}}",-0.003400427366987424,0.9706832195874205,-5.446681377483664
2024-01-30,629768.0195874205,334732.8,964500.8195874204,"{'510300': {'shares': 110400.0, 'price': 3.032, 'value': 334732.8, 'profit_pct': -7.523304951600843}}",-0.006369122155658435,0.9645008195874204,-6.048903014013362
2024-01-31,629768.0195874205,332414.4,962182.4195874205,"{'510300': {'shares': 110400.0, 'price': 3.011, 'value': 332414.4, 'profit_pct': -8.163809765590411}}",-0.0024037304613091504,0.9621824195874206,-6.274736127711988
2024-02-01,629768.0195874205,331972.8,961740.8195874204,"{'510300': {'shares': 110400.0, 'price': 3.007, 'value': 331972.8, 'profit_pct': -8.285810682540806}}",-0.0004589566292320102,0.9617408195874204,-6.317751958892693
2024-02-02,629768.0195874205,328660.8,958428.8195874204,"{'510300': {'shares': 110400.0, 'price': 2.977, 'value': 328660.8, 'profit_pct': -9.200817559668774}}",-0.0034437552535420135,0.9584288195874204,-6.640370692747877
2024-02-05,629768.0195874205,330868.8,960636.8195874204,"{'510300': {'shares': 110400.0, 'price': 2.997, 'value': 330868.8, 'profit_pct': -8.590812974916801}}",0.002303770457309895,0.9606368195874204,-6.4252915368444246
2024-02-06,629768.0195874205,342240.0,972008.0195874205,"{'510300': {'shares': 110400.0, 'price': 3.1, 'value': 342240.0, 'profit_pct': -5.449289363444132}}",0.01183714778378353,0.9720080195874206,-5.3176338839415855
2024-02-07,629768.0195874205,345441.6,975209.6195874205,"{'510300': {'shares': 110400.0, 'price': 3.129, 'value': 345441.6, 'profit_pct': -4.564782715553773}}",0.0032937999846534005,0.9752096195874205,-5.005769107881575
2024-02-08,629768.0195874205,347870.39999999997,977638.4195874205,"{'510300': {'shares': 110400.0, 'price': 3.151, 'value': 347870.39999999997, 'profit_pct': -3.8937776723266087}}",0.0024905414704867734,0.9776384195874205,-4.769182036387765
2024-02-19,629768.0195874205,350851.2,980619.2195874206,"{'510300': {'shares': 110400.0, 'price': 3.178, 'value': 350851.2, 'profit_pct': -3.0702714829114406}}",0.003048980011708169,0.9806192195874206,-4.478825175918089
2024-02-20,629768.0195874205,352176.0,981944.0195874205,"{'510300': {'shares': 110400.0, 'price': 3.19, 'value': 352176.0, 'profit_pct': -2.7042687320602563}}",0.0013509831069364875,0.9819440195874205,-4.34977768237601
2024-02-21,629768.0195874205,357475.2,987243.2195874206,"{'510300': {'shares': 110400.0, 'price': 3.238, 'value': 357475.2, 'profit_pct': -1.240257728655519}}",0.0053966416560351504,0.9872432195874206,-3.8335877082077086
2024-02-22,715173.6734024605,274828.8,990002.4734024606,"{'510300': {'shares': 84200.0, 'price': 3.264, 'value': 274828.8, 'profit_pct': -0.44725176847795955}}",0.002794907840636407,0.9900024734024606,-3.5648114484875038
2024-02-23,715173.6734024605,275081.39999999997,990255.0734024604,"{'510300': {'shares': 84200.0, 'price': 3.267, 'value': 275081.39999999997, 'profit_pct': -0.3557510807651601}}",0.00025515087768601674,0.9902550734024604,-3.540205925488782
2024-02-26,715173.6734024605,272134.4,987308.0734024605,"{'510300': {'shares': 84200.0, 'price': 3.232, 'value': 272134.4, 'profit_pct': -1.4232591040811042}}",-0.0029760009104261576,0.9873080734024605,-3.8272703604740443
2024-02-27,715173.6734024605,275586.60000000003,990760.2734024606,"{'510300': {'shares': 84200.0, 'price': 3.273, 'value': 275586.60000000003, 'profit_pct': -0.17274970533956116}}",0.0034965783153206864,0.9907602734024606,-3.4909948794912826
2024-02-28,715173.6734024605,272555.4,987729.0734024605,"{'510300': {'shares': 84200.0, 'price': 3.237, 'value': 272555.4, 'profit_pct': -1.270757957893114}}",-0.003059468653895836,0.9877290734024605,-3.786261155476145
2024-02-29,715173.6734024605,277186.39999999997,992360.0734024604,"{'510300': {'shares': 84200.0, 'price': 3.292, 'value': 277186.39999999997, 'profit_pct': 0.40675465017480383}}",0.00468853263987401,0.9923600734024605,-3.335159900499296
2024-03-01,715173.6734024605,279459.8,994633.4734024606,"{'510300': {'shares': 84200.0, 'price': 3.319, 'value': 279459.8, 'profit_pct': 1.230260839589972}}",0.0022909023256099115,0.9946334734024606,-3.1137101935106326
2024-03-04,715173.6734024605,279207.2,994380.8734024605,"{'510300': {'shares': 84200.0, 'price': 3.316, 'value': 279207.2, 'profit_pct': 1.1387601518771724}}",-0.00025396289865053934,0.9943808734024605,-3.1383157165093767
2024-03-05,800694.3774920605,196017.0,996711.3774920605,"{'510300': {'shares': 58600.0, 'price': 3.345, 'value': 196017.0, 'profit_pct': 2.0232667997675446}}",0.0023436734876303156,0.9967113774920605,-2.9113035550869415
2024-03-06,800694.3774920605,195196.6,995890.9774920605,"{'510300': {'shares': 58600.0, 'price': 3.331, 'value': 195196.6, 'profit_pct': 1.5962635904411562}}",-0.0008231068878378212,0.9958909774920605,-2.9912179298619446
2024-03-07,800694.3774920605,194083.19999999998,994777.5774920605,"{'510300': {'shares': 58600.0, 'price': 3.312, 'value': 194083.19999999998, 'profit_pct': 1.0167592349267778}}",-0.0011179938619424457,0.9947775774920605,-3.0996731527708765
2024-03-08,800694.3774920605,194669.2,995363.5774920606,"{'510300': {'shares': 58600.0, 'price': 3.322, 'value': 194669.2, 'profit_pct': 1.3217615273027714}}",0.0005890764058811282,0.9953635774920606,-3.0425914565030077
2024-03-11,800694.3774920605,197482.0,998176.3774920605,"{'510300': {'shares': 58600.0, 'price': 3.37, 'value': 197482.0, 'profit_pct': 2.7857725307075087}}",0.0028259020759902054,0.9981763774920606,-2.768599314417297
2024-03-12,800694.3774920605,197775.0,998469.3774920605,"{'510300': {'shares': 58600.0, 'price': 3.375, 'value': 197775.0, 'profit_pct': 2.938273676895499}}",0.0002935352975754757,0.9984693774920606,-2.7400584662833682
2024-03-13,800694.3774920605,196544.4,997238.7774920606,"{'510300': {'shares': 58600.0, 'price': 3.354, 'value': 196544.4, 'profit_pct': 2.29776886290593}}",-0.0012324864715340667,0.9972387774920606,-2.8599300284458673
2024-03-14,800694.3774920605,195782.6,996476.9774920605,"{'510300': {'shares': 58600.0, 'price': 3.341, 'value': 195782.6, 'profit_pct': 1.9012658828171498}}",-0.0007639093236184724,0.9964769774920605,-2.934136233594087
2024-03-15,800694.3774920605,196310.0,997004.3774920605,"{'510300': {'shares': 58600.0, 'price': 3.35, 'value': 196310.0, 'profit_pct': 2.175767945955535}}",0.0005292646111376698,0.9970043774920605,-2.8827627069530126
2024-03-18,800694.3774920605,198126.59999999998,998820.9774920605,"{'510300': {'shares': 58600.0, 'price': 3.381, 'value': 198126.59999999998, 'profit_pct': 3.121275052321084}}",0.0018220581985504136,0.9988209774920606,-2.705809448522656
2024-03-19,800694.3774920605,196778.80000000002,997473.1774920606,"{'510300': {'shares': 58600.0, 'price': 3.358, 'value': 196778.80000000002, 'profit_pct': 2.4197697798563245}}",-0.0013493909623165656,0.9974731774920605,-2.837097349938722
2024-03-20,800694.3774920605,196954.6,997648.9774920605,"{'510300': {'shares': 58600.0, 'price': 3.361, 'value': 196954.6, 'profit_pct': 2.511270467569124}}",0.00017624534069371478,0.9976489774920605,-2.8199728410583713
2024-03-21,800694.3774920605,196837.4,997531.7774920606,"{'510300': {'shares': 58600.0, 'price': 3.359, 'value': 196837.4, 'profit_pct': 2.4502700090939196}}",-0.00011747618916480018,0.9975317774920606,-2.8313891803119384
2024-03-22,800694.3774920605,195020.8,995715.1774920605,"{'510300': {'shares': 58600.0, 'price': 3.328, 'value': 195020.8, 'profit_pct': 1.5047629027283567}}",-0.0018210948673407223,0.9957151774920605,-3.0083424387423063
2024-03-25,800694.3774920605,193907.40000000002,994601.7774920606,"{'510300': {'shares': 58600.0, 'price': 3.309, 'value': 193907.40000000002, 'profit_pct': 0.9252585472139918}}",-0.0011181912510405123,0.9946017774920606,-3.116797661651227
2024-03-26,800694.3774920605,194552.0,995246.3774920605,"{'510300': {'shares': 58600.0, 'price': 3.32, 'value': 194552.0, 'profit_pct': 1.2607610688275672}}",0.0006480985803436479,0.9952463774920606,-3.054007795756586
2024-03-27,800694.3774920605,192325.2,993019.5774920606,"{'510300': {'shares': 58600.0, 'price': 3.282, 'value': 192325.2, 'profit_pct': 0.10175235779882369}}",-0.002237435925776743,0.9930195774920606,-3.2709182415744276
2024-03-28,800694.3774920605,193321.4,994015.7774920606,"{'510300': {'shares': 58600.0, 'price': 3.299, 'value': 193321.4, 'profit_pct': 0.6202562548379981}}",0.0010032027792603593,0.9940157774920606,-3.173879357919085
2024-03-29,800694.3774920605,194259.0,994953.3774920605,"{'510300': {'shares': 58600.0, 'price': 3.315, 'value': 194259.0, 'profit_pct': 1.1082599226395773}}",0.0009432445854788973,0.9949533774920606,-3.0825486438905148
2024-04-01,800694.3774920605,197657.80000000002,998352.1774920606,"{'510300': {'shares': 58600.0, 'price': 3.373, 'value': 197657.80000000002, 'profit_pct': 2.8772732184203083}}",0.0034160394616351564,0.9983521774920606,-2.7514748055369354
2024-04-02,800694.3774920605,196954.6,997648.9774920605,"{'510300': {'shares': 58600.0, 'price': 3.361, 'value': 196954.6, 'profit_pct': 2.511270467569124}}",-0.0007043606613515996,0.9976489774920605,-2.8199728410583713
2024-04-03,800694.3774920605,196134.2,996828.5774920606,"{'510300': {'shares': 58600.0, 'price': 3.347, 'value': 196134.2, 'profit_pct': 2.0842672582427353}}",-0.0008223333241540454,0.9968285774920606,-2.8998872158333633
2024-04-08,800694.3774920605,194434.80000000002,995129.1774920606,"{'510300': {'shares': 58600.0, 'price': 3.318, 'value': 194434.80000000002, 'profit_pct': 1.1997606103523766}}",-0.0017048066622202818,0.9951291774920605,-3.065424135010153
2024-04-09,800694.3774920605,194083.19999999998,994777.5774920605,"{'510300': {'shares': 58600.0, 'price': 3.312, 'value': 194083.19999999998, 'profit_pct': 1.0167592349267778}}",-0.0003533209637026635,0.9947775774920605,-3.0996731527708765
2024-04-10,800694.3774920605,192559.6,993253.9774920605,"{'510300': {'shares': 58600.0, 'price': 3.286, 'value': 192559.6, 'profit_pct': 0.22375327474921844}}",-0.0015315986552905114,0.9932539774920605,-3.2480855630673044
2024-04-11,800694.3774920605,192383.8,993078.1774920605,"{'510300': {'shares': 58600.0, 'price': 3.283, 'value': 192383.8, 'profit_pct': 0.13225258703641898}}",-0.00017699400554527234,0.9930781774920605,-3.265210071947666
2024-04-12,800694.3774920605,190743.0,991437.3774920605,"{'510300': {'shares': 58600.0, 'price': 3.255, 'value': 190743.0, 'profit_pct': -0.7217538316163444}}",-0.001652236487708958,0.9914373774920605,-3.42503882149765
2024-04-15,800694.3774920605,195020.8,995715.1774920605,"{'510300': {'shares': 58600.0, 'price': 3.328, 'value': 195020.8, 'profit_pct': 1.5047629027283567}}",0.004314745537253195,0.9957151774920605,-3.0083424387423063
2024-04-16,800694.3774920605,193145.59999999998,993839.9774920605,"{'510300': {'shares': 58600.0, 'price': 3.296, 'value': 193145.59999999998, 'profit_pct': 0.5287555671251987}}",-0.0018832694754368218,0.9938399774920605,-3.1910038667994467
2024-04-17,800694.3774920605,195841.2,996535.5774920606,"{'510300': {'shares': 58600.0, 'price': 3.342, 'value': 195841.2, 'profit_pct': 1.9317661120547454}}",0.0027123078775743714,0.9965355774920606,-2.928428063967292
2024-04-18,800694.3774920605,196192.8,996887.1774920605,"{'510300': {'shares': 58600.0, 'price': 3.348, 'value': 196192.8, 'profit_pct': 2.114767487480331}}",0.0003528223256059615,0.9968871774920605,-2.894179046206591
2024-04-19,800694.3774920605,194552.0,995246.3774920605,"{'510300': {'shares': 58600.0, 'price': 3.32, 'value': 194552.0, 'profit_pct': 1.2607610688275672}}",-0.0016459234676162726,0.9952463774920606,-3.054007795756586
2024-04-22,800694.3774920605,194141.80000000002,994836.1774920606,"{'510300': {'shares': 58600.0, 'price': 3.313, 'value': 194141.80000000002, 'profit_pct': 1.0472594641643864}}",-0.0004121592494851223,0.9948361774920605,-3.093964983144082
2024-04-23,800694.3774920605,192676.8,993371.1774920605,"{'510300': {'shares': 58600.0, 'price': 3.288, 'value': 192676.8, 'profit_pct': 0.28475373322440906}}",-0.0014726042670596406,0.9933711774920605,-3.2366692238137373
2024-04-24,800694.3774920605,193497.2,994191.5774920606,"{'510300': {'shares': 58600.0, 'price': 3.302, 'value': 193497.2, 'profit_pct': 0.7117569425507976}}",0.0008258745759781583,0.9941915774920606,-3.156754849038723
2024-04-25,800694.3774920605,194083.19999999998,994777.5774920605,"{'510300': {'shares': 58600.0, 'price': 3.312, 'value': 194083.19999999998, 'profit_pct': 1.0167592349267778}}",0.0005894236214292192,0.9947775774920605,-3.0996731527708765
2024-04-26,800694.3774920605,197013.2,997707.5774920606,"{'510300': {'shares': 58600.0, 'price': 3.362, 'value': 197013.2, 'profit_pct': 2.541770696806719}}",0.002945382029404975,0.9977075774920606,-2.8142646714315767
2024-04-29,800694.3774920605,199533.0,1000227.3774920605,"{'510300': {'shares': 58600.0, 'price': 3.405, 'value': 199533.0, 'profit_pct': 3.8532805540234527}}",0.0025255897187168586,1.0002273774920605,-2.568813377479795
2024-04-30,800694.3774920605,198478.2,999172.5774920606,"{'510300': {'shares': 58600.0, 'price': 3.387, 'value': 198478.2, 'profit_pct': 3.304276427746683}}",-0.0010545602167426615,0.9991725774920606,-2.6715604307619323
2024-05-06,800694.3774920605,201408.19999999998,1002102.5774920605,"{'510300': {'shares': 58600.0, 'price': 3.437, 'value': 201408.19999999998, 'profit_pct': 4.8292878896266105}}",0.0029324263555694507,1.0021025774920604,-2.3861519494226657
2024-05-07,800694.3774920605,201525.4,1002219.7774920606,"{'510300': {'shares': 58600.0, 'price': 3.439, 'value': 201525.4, 'profit_pct': 4.890288348101815}}",0.00011695409495238174,1.0022197774920605,-2.3747356101690875
2024-05-08,800694.3774920605,199826.0,1000520.3774920605,"{'510300': {'shares': 58600.0, 'price': 3.41, 'value': 199826.0, 'profit_pct': 4.005781700211456}}",-0.0016956360652277125,1.0005203774920606,-2.540272529345877
2024-05-09,800694.3774920605,201877.0,1002571.3774920605,"{'510300': {'shares': 58600.0, 'price': 3.445, 'value': 201877.0, 'profit_pct': 5.073289723527401}}",0.002049933260870773,1.0025713774920606,-2.340486592408375
2024-05-10,800694.3774920605,201994.2,1002688.5774920606,"{'510300': {'shares': 58600.0, 'price': 3.447, 'value': 201994.2, 'profit_pct': 5.134290182002605}}",0.00011689940749470829,1.0026885774920606,-2.329070253154797
2024-05-13,800694.3774920605,201818.4,1002512.7774920606,"{'510300': {'shares': 58600.0, 'price': 3.444, 'value': 201818.4, 'profit_pct': 5.0427894942898055}}",-0.00017532861543090306,1.0025127774920606,-2.3461947620351586
2024-05-14,800694.3774920605,201466.80000000002,1002161.1774920606,"{'510300': {'shares': 58600.0, 'price': 3.438, 'value': 201466.80000000002, 'profit_pct': 4.85978811886422}}",-0.00035071872188952025,1.0021611774920607,-2.380443779795871
2024-05-15,800694.3774920605,199943.19999999998,1000637.5774920605,"{'510300': {'shares': 58600.0, 'price': 3.412, 'value': 199943.19999999998, 'profit_pct': 4.066782158686647}}",-0.0015203143308872846,1.0006375774920604,-2.52885619009231
2024-05-16,800694.3774920605,200646.4,1001340.7774920606,"{'510300': {'shares': 58600.0, 'price': 3.424, 'value': 200646.4, 'profit_pct': 4.4327849095378316}}",0.0007027519411799688,1.0013407774920606,-2.460358154570874
2024-05-17,800694.3774920605,203049.0,1003743.3774920605,"{'510300': {'shares': 58600.0, 'price': 3.465, 'value': 203049.0, 'profit_pct': 5.683294308279374}}",0.002399382961330687,1.0037433774920606,-2.2263231998726596
2024-05-20,800694.3774920605,203517.8,1004212.1774920605,"{'510300': {'shares': 58600.0, 'price': 3.473, 'value': 203517.8, 'profit_pct': 5.927296142180164}}",0.00046705164936811094,1.0042121774920605,-2.18065784285838
2024-05-21,800694.3774920605,202814.6,1003508.9774920605,"{'510300': {'shares': 58600.0, 'price': 3.461, 'value': 202814.6, 'profit_pct': 5.561293391328979}}",-0.00070025042093802,1.0035089774920605,-2.249155878379805
2024-05-22,800694.3774920605,203283.4,1003977.7774920606,"{'510300': {'shares': 58600.0, 'price': 3.469, 'value': 203283.4, 'profit_pct': 5.805295225229769}}",0.0004671607434660885,1.0039777774920606,-2.2034905213655143
2024-05-23,800694.3774920605,201115.19999999998,1001809.5774920605,"{'510300': {'shares': 58600.0, 'price': 3.432, 'value': 201115.19999999998, 'profit_pct': 4.676786743438621}}",-0.0021596095537256277,1.0018095774920606,-2.4146927975565946
2024-05-24,800694.3774920605,198712.6,999406.9774920605,"{'510300': {'shares': 58600.0, 'price': 3.391, 'value': 198712.6, 'profit_pct': 3.426277344697078}}",-0.0023982601623899757,0.9994069774920605,-2.648727752254798
2024-05-27,800694.3774920605,200470.59999999998,1001164.9774920605,"{'510300': {'shares': 58600.0, 'price': 3.421, 'value': 200470.59999999998, 'profit_pct': 4.341284221825032}}",0.0017590431521816718,1.0011649774920606,-2.477482663451236
2024-05-28,800694.3774920605,199122.80000000002,999817.1774920606,"{'510300': {'shares': 58600.0, 'price': 3.398, 'value': 199122.80000000002, 'profit_pct': 3.639778949360272}}",-0.0013462316704048183,0.9998171774920606,-2.608770564867291
2024-05-29,800694.3774920605,199181.4,999875.7774920606,"{'510300': {'shares': 58600.0, 'price': 3.399, 'value': 199181.4, 'profit_pct': 3.6702791785978675}}",5.8610715357954035e-05,0.9998757774920606,-2.6030623952405074
2024-05-30,800694.3774920605,198361.0,999055.3774920605,"{'510300': {'shares': 58600.0, 'price': 3.385, 'value': 198361.0, 'profit_pct': 3.2432759692714788}}",-0.0008205019248068712,0.9990553774920605,-2.6829767700155105
2024-05-31,800694.3774920605,197540.6,998234.9774920605,"{'510300': {'shares': 58600.0, 'price': 3.371, 'value': 197540.6, 'profit_pct': 2.816272759945104}}",-0.0008211757010502252,0.9982349774920605,-2.7628911447905136
2024-06-03,800694.3774920605,197833.6,998527.9774920605,"{'510300': {'shares': 58600.0, 'price': 3.376, 'value': 197833.6, 'profit_pct': 2.968773906133094}}",0.00029351806599287045,0.9985279774920605,-2.7343502966565847
2024-06-04,800694.3774920605,199298.59999999998,999992.9774920605,"{'510300': {'shares': 58600.0, 'price': 3.401, 'value': 199298.59999999998, 'profit_pct': 3.731279637073058}}",0.001467159692089437,0.9999929774920605,-2.5916460559869403
2024-06-05,800694.3774920605,198536.8,999231.1774920605,"{'510300': {'shares': 58600.0, 'price': 3.388, 'value': 198536.8, 'profit_pct': 3.3347766569842783}}",-0.0007618053497842059,0.9992311774920605,-2.66585226113516
2024-06-06,800694.3774920605,198536.8,999231.1774920605,"{'510300': {'shares': 58600.0, 'price': 3.388, 'value': 198536.8, 'profit_pct': 3.3347766569842783}}",0.0,0.9992311774920605,-2.66585226113516
2024-06-07,800694.3774920605,197189.0,997883.3774920605,"{'510300': {'shares': 58600.0, 'price': 3.365, 'value': 197189.0, 'profit_pct': 2.6332713845195186}}",-0.0013488370162575425,0.9978833774920606,-2.797140162551226
2024-06-11,800694.3774920605,195724.0,996418.3774920605,"{'510300': {'shares': 58600.0, 'price': 3.34, 'value': 195724.0, 'profit_pct': 1.8707656535795412}}",-0.00146810742922876,0.9964183774920605,-2.9398444032208704
2024-06-12,800694.3774920605,195489.6,996183.9774920605,"{'510300': {'shares': 58600.0, 'price': 3.336, 'value': 195489.6, 'profit_pct': 1.7487647366291466}}",-0.00023524255001194927,0.9961839774920606,-2.9626770817280157
2024-06-13,800694.3774920605,194727.8,995422.1774920605,"{'510300': {'shares': 58600.0, 'price': 3.323, 'value': 194727.8, 'profit_pct': 1.3522617565403667}}",-0.0007647181817940218,0.9954221774920604,-3.036883286876235
2024-06-14,800694.3774920605,195899.8,996594.1774920605,"{'510300': {'shares': 58600.0, 'price': 3.343, 'value': 195899.8, 'profit_pct': 1.9622663412923407}}",0.00117738988190208,0.9965941774920605,-2.9227198943405197
2024-06-17,800694.3774920605,195313.80000000002,996008.1774920606,"{'510300': {'shares': 58600.0, 'price': 3.333, 'value': 195313.80000000002, 'profit_pct': 1.6572640489163606}}",-0.0005880026326007259,0.9960081774920606,-2.9798015906083664
2024-06-18,800694.3774920605,195958.4,996652.7774920606,"{'510300': {'shares': 58600.0, 'price': 3.344, 'value': 195958.4, 'profit_pct': 1.9927665705299358}}",0.000647183441428334,0.9966527774920606,-2.917011724713725
2024-06-19,800694.3774920605,195372.4,996066.7774920606,"{'510300': {'shares': 58600.0, 'price': 3.334, 'value': 195372.4, 'profit_pct': 1.6877642781539557}}",-0.0005879680599241155,0.9960667774920605,-2.974093420981583
2024-06-20,800694.3774920605,194024.6,994718.9774920605,"{'510300': {'shares': 58600.0, 'price': 3.311, 'value': 194024.6, 'profit_pct': 0.9862590056891823}}",-0.001353122130419382,0.9947189774920605,-3.10538132239766
2024-06-21,800694.3774920605,193673.0,994367.3774920605,"{'510300': {'shares': 58600.0, 'price': 3.305, 'value': 193673.0, 'profit_pct': 0.803257630263597}}",-0.0003534666654158025,0.9943673774920605,-3.1396303401583725
2024-06-24,800694.3774920605,192676.8,993371.1774920605,"{'510300': {'shares': 58600.0, 'price': 3.288, 'value': 192676.8, 'profit_pct': 0.28475373322440906}}",-0.001001843003450742,0.9933711774920605,-3.2366692238137373
2024-06-25,800694.3774920605,191446.19999999998,992140.5774920605,"{'510300': {'shares': 58600.0, 'price': 3.267, 'value': 191446.19999999998, 'profit_pct': -0.3557510807651601}}",-0.0012388118639669043,0.9921405774920605,-3.3565407859762253
2024-06-26,800694.3774920605,192676.8,993371.1774920605,"{'510300': {'shares': 58600.0, 'price': 3.288, 'value': 192676.8, 'profit_pct': 0.28475373322440906}}",0.0012403484223080241,0.9933711774920605,-3.2366692238137373
2024-06-27,800694.3774920605,191563.4,992257.7774920606,"{'510300': {'shares': 58600.0, 'price': 3.269, 'value': 191563.4, 'profit_pct': -0.29475062228995597}}",-0.0011208297816842627,0.9922577774920606,-3.345124446722647
2024-06-28,800694.3774920605,191973.59999999998,992667.9774920605,"{'510300': {'shares': 58600.0, 'price': 3.276, 'value': 191973.59999999998, 'profit_pct': -0.08124901762677525}}",0.0004134006397378265,0.9926679774920605,-3.305167259335151
2024-07-01,800694.3774920605,192794.0,993488.3774920605,"{'510300': {'shares': 58600.0, 'price': 3.29, 'value': 192794.0, 'profit_pct': 0.34575419169961324}}",0.0008264596205396213,0.9934883774920605,-3.225252884560159
2024-07-02,800694.3774920605,192501.0,993195.3774920605,"{'510300': {'shares': 58600.0, 'price': 3.285, 'value': 192501.0, 'profit_pct': 0.19325304551162314}}",-0.00029492041038226,0.9931953774920605,-3.253793732694088
2024-07-03,800694.3774920605,192149.4,992843.7774920606,"{'510300': {'shares': 58600.0, 'price': 3.279, 'value': 192149.4, 'profit_pct': 0.010251670086024215}}",-0.00035400889690784254,0.9928437774920605,-3.2880427504547893
2024-07-04,800694.3774920605,191270.4,991964.7774920606,"{'510300': {'shares': 58600.0, 'price': 3.264, 'value': 191270.4, 'profit_pct': -0.44725176847795955}}",-0.0008853356589697547,0.9919647774920606,-3.373665294856576
2024-07-05,800694.3774920605,190274.19999999998,990968.5774920605,"{'510300': {'shares': 58600.0, 'price': 3.247, 'value': 190274.19999999998, 'profit_pct': -0.965755665517134}}",-0.0010042695291245796,0.9909685774920605,-3.470704178511941
2024-07-08,800694.3774920605,188867.8,989562.1774920605,"{'510300': {'shares': 58600.0, 'price': 3.223, 'value': 188867.8, 'profit_pct': -1.6977611672195025}}",-0.0014192175533550566,0.9895621774920604,-3.6077002495548016
2024-07-09,800694.3774920605,191036.0,991730.3774920605,"{'510300': {'shares': 58600.0, 'price': 3.26, 'value': 191036.0, 'profit_pct': -0.5692526854283543}}",0.0021910699997600425,0.9917303774920605,-3.3964979733637213
2024-07-10,800694.3774920605,190567.19999999998,991261.5774920605,"{'510300': {'shares': 58600.0, 'price': 3.252, 'value': 190567.19999999998, 'profit_pct': -0.8132545193291438}}",-0.00047270912602837,0.9912615774920605,-3.442163330378012
2024-07-11,800694.3774920605,193262.8,993957.1774920605,"{'510300': {'shares': 58600.0, 'price': 3.298, 'value': 193262.8, 'profit_pct': 0.5897560256004027}}",0.0027193629423425403,0.9939571774920605,-3.1795875275458796
2024-07-12,800694.3774920605,193848.8,994543.1774920605,"{'510300': {'shares': 58600.0, 'price': 3.308, 'value': 193848.8, 'profit_pct': 0.8947583179763829}}",0.0005895626222838235,0.9945431774920604,-3.122505831278022
2024-07-15,800694.3774920605,194259.0,994953.3774920605,"{'510300': {'shares': 58600.0, 'price': 3.315, 'value': 194259.0, 'profit_pct': 1.1082599226395773}}",0.00041245067009998415,0.9949533774920606,-3.0825486438905148
2024-07-16,800694.3774920605,195724.0,996418.3774920605,"{'510300': {'shares': 58600.0, 'price': 3.34, 'value': 195724.0, 'profit_pct': 1.8707656535795412}}",0.0014724308024289812,0.9964183774920605,-2.9398444032208704
2024-07-17,800694.3774920605,196017.0,996711.3774920605,"{'510300': {'shares': 58600.0, 'price': 3.345, 'value': 196017.0, 'profit_pct': 2.0232667997675446}}",0.0002940531875148533,0.9967113774920605,-2.9113035550869415
2024-07-18,800694.3774920605,197247.6,997941.9774920605,"{'510300': {'shares': 58600.0, 'price': 3.366, 'value': 197247.6, 'profit_pct': 2.663771613757114}}",0.0012346603317565652,0.9979419774920605,-2.7914319929244424
2024-07-19,800694.3774920605,198595.4,999289.7774920606,"{'510300': {'shares': 58600.0, 'price': 3.389, 'value': 198595.4, 'profit_pct': 3.3652768862218743}}",0.0013505795230572826,0.9992897774920606,-2.660144091508365
2024-07-22,800694.3774920605,196896.0,997590.3774920605,"{'510300': {'shares': 58600.0, 'price': 3.36, 'value': 196896.0, 'profit_pct': 2.480770238331515}}",-0.0017006078099438549,0.9975903774920606,-2.825681010685155
2024-07-23,800694.3774920605,192794.0,993488.3774920605,"{'510300': {'shares': 58600.0, 'price': 3.29, 'value': 192794.0, 'profit_pct': 0.34575419169961324}}",-0.004111908146420151,0.9934883774920605,-3.225252884560159
2024-07-24,800694.3774920605,191504.8,992199.1774920605,"{'510300': {'shares': 58600.0, 'price': 3.268, 'value': 191504.8, 'profit_pct': -0.3252508515275648}}",-0.001297649805682144,0.9921991774920604,-3.3508326163494417
2024-07-25,800694.3774920605,190332.80000000002,991027.1774920606,"{'510300': {'shares': 58600.0, 'price': 3.248, 'value': 190332.80000000002, 'profit_pct': -0.9352554362795251}}",-0.0011812144442230332,0.9910271774920606,-3.464996008885146
2024-07-26,800694.3774920605,191211.8,991906.1774920605,"{'510300': {'shares': 58600.0, 'price': 3.263, 'value': 191211.8, 'profit_pct': -0.47775199771555493}}",0.0008869585213842068,0.9919061774920604,-3.3793734644833706
2024-07-29,800694.3774920605,190039.8,990734.1774920605,"{'510300': {'shares': 58600.0, 'price': 3.243, 'value': 190039.8, 'profit_pct': -1.0877565824675286}}",-0.0011815633641513168,0.9907341774920605,-3.493536857019086
2024-07-30,800694.3774920605,188692.0,989386.3774920605,"{'510300': {'shares': 58600.0, 'price': 3.22, 'value': 188692.0, 'profit_pct': -1.7892618549322885}}",-0.0013604052738058758,0.9893863774920605,-3.6248247584351523
2024-07-31,800694.3774920605,193204.2,993898.5774920606,"{'510300': {'shares': 58600.0, 'price': 3.297, 'value': 193204.2, 'profit_pct': 0.5592557963628074}}",0.004560604534942003,0.9938985774920606,-3.185295697172652
2024-08-01,800694.3774920605,191739.19999999998,992433.5774920605,"{'510300': {'shares': 58600.0, 'price': 3.272, 'value': 191739.19999999998, 'profit_pct': -0.20324993457717005}}",-0.0014739934568542834,0.9924335774920605,-3.3279999378422964
2024-08-02,800694.3774920605,189629.6,990323.9774920605,"{'510300': {'shares': 58600.0, 'price': 3.236, 'value': 189629.6, 'profit_pct': -1.3012581871307094}}",-0.0021256838219149143,0.9903239774920605,-3.533494044406582
2024-08-05,800694.3774920605,187344.2,988038.5774920606,"{'510300': {'shares': 58600.0, 'price': 3.197, 'value': 187344.2, 'profit_pct': -2.490767127397062}}",-0.0023077296439772965,0.9880385774920606,-3.7561126598512184
2024-08-06,800694.3774920605,187344.2,988038.5774920606,"{'510300': {'shares': 58600.0, 'price': 3.197, 'value': 187344.2, 'profit_pct': -2.490767127397062}}",0.0,0.9880385774920606,-3.7561126598512184
2024-08-07,800694.3774920605,186934.0,987628.3774920605,"{'510300': {'shares': 58600.0, 'price': 3.19, 'value': 186934.0, 'profit_pct': -2.7042687320602563}}",-0.000415165975645726,0.9876283774920606,-3.7960698472387255
2024-08-08,800694.3774920605,187168.4,987862.7774920606,"{'510300': {'shares': 58600.0, 'price': 3.194, 'value': 187168.4, 'profit_pct': -2.5822678151098613}}",0.00023733623429822437,0.9878627774920605,-3.77323716873158
2024-08-09,800694.3774920605,186465.19999999998,987159.5774920605,"{'510300': {'shares': 58600.0, 'price': 3.182, 'value': 186465.19999999998, 'profit_pct': -2.948270565961046}}",-0.0007118397575271995,0.9871595774920605,-3.841735204253016
2024-08-12,800694.3774920605,186230.8,986925.1774920605,"{'510300': {'shares': 58600.0, 'price': 3.178, 'value': 186230.8, 'profit_pct': -3.0702714829114406}}",-0.00023744894477495393,0.9869251774920604,-3.8645678827601615
2024-08-13,800694.3774920605,186523.8,987218.1774920605,"{'510300': {'shares': 58600.0, 'price': 3.183, 'value': 186523.8, 'profit_pct': -2.9177703367234504}}",0.00029688167520913744,0.9872181774920604,-3.8360270346262326
2024-08-14,800694.3774920605,185117.4,985811.7774920606,"{'510300': {'shares': 58600.0, 'price': 3.159, 'value': 185117.4, 'profit_pct': -3.6497758384258194}}",-0.001424609100667884,0.9858117774920605,-3.9730231056690823
2024-08-15,800694.3774920605,187344.2,988038.5774920606,"{'510300': {'shares': 58600.0, 'price': 3.197, 'value': 187344.2, 'profit_pct': -2.490767127397062}}",0.0022588490529755756,0.9880385774920606,-3.7561126598512184
2024-08-16,800694.3774920605,187461.4,988155.7774920606,"{'510300': {'shares': 58600.0, 'price': 3.199, 'value': 187461.4, 'profit_pct': -2.429766668921871}}",0.00011861885018449314,0.9881557774920605,-3.7446963205976513
2024-08-19,800694.3774920605,187988.80000000002,988683.1774920606,"{'510300': {'shares': 58600.0, 'price': 3.208, 'value': 187988.80000000002, 'profit_pct': -2.155264605783473}}",0.0005337215163974118,0.9886831774920606,-3.693322793956577
2024-08-20,800694.3774920605,187051.2,987745.5774920606,"{'510300': {'shares': 58600.0, 'price': 3.192, 'value': 187051.2, 'profit_pct': -2.643268273585052}}",-0.0009483321061235506,0.9877455774920606,-3.7846535079851473
2024-08-21,800694.3774920605,186172.2,986866.5774920606,"{'510300': {'shares': 58600.0, 'price': 3.177, 'value': 186172.2, 'profit_pct': -3.1007717121490357}}",-0.0008899052752348036,0.9868665774920606,-3.870276052386934
2024-08-22,800694.3774920605,185644.80000000002,986339.1774920606,"{'510300': {'shares': 58600.0, 'price': 3.168, 'value': 185644.80000000002, 'profit_pct': -3.3752737752874205}}",-0.0005344187472031692,0.9863391774920606,-3.921649579028008
2024-08-23,800694.3774920605,186465.19999999998,987159.5774920605,"{'510300': {'shares': 58600.0, 'price': 3.182, 'value': 186465.19999999998, 'profit_pct': -2.948270565961046}}",0.0008317625607106027,0.9871595774920605,-3.841735204253016
2024-08-26,800694.3774920605,186523.8,987218.1774920605,"{'510300': {'shares': 58600.0, 'price': 3.183, 'value': 186523.8, 'profit_pct': -2.9177703367234504}}",5.936223619373848e-05,0.9872181774920604,-3.8360270346262326
2024-08-27,800694.3774920605,185527.6,986221.9774920605,"{'510300': {'shares': 58600.0, 'price': 3.166, 'value': 185527.6, 'profit_pct': -3.436274233762625}}",-0.001009098112973117,0.9862219774920605,-3.9330659182815864
2024-08-28,800694.3774920605,184355.6,985049.9774920605,"{'510300': {'shares': 58600.0, 'price': 3.146, 'value': 184355.6, 'profit_pct': -4.046278818514599}}",-0.0011883734359483533,0.9850499774920605,-4.047229310817291
2024-08-29,800694.3774920605,183769.6,984463.9774920605,"{'510300': {'shares': 58600.0, 'price': 3.136, 'value': 183769.6, 'profit_pct': -4.351281110890579}}",-0.0005948936738133792,0.9844639774920605,-4.1043110070851485
2024-08-30,800694.3774920605,186406.6,987100.9774920605,"{'510300': {'shares': 58600.0, 'price': 3.181, 'value': 186406.6, 'profit_pct': -2.978770795198641}}",0.0026786150232920303,0.9871009774920605,-3.8474433738797997
2024-09-02,800694.3774920605,182890.6,983584.9774920605,"{'510300': {'shares': 58600.0, 'price': 3.121, 'value': 182890.6, 'profit_pct': -4.808784549454562}}",-0.003561945616681661,0.9835849774920605,-4.189933551486935
2024-09-03,800694.3774920605,183593.8,984288.1774920605,"{'510300': {'shares': 58600.0, 'price': 3.133, 'value': 183593.8, 'profit_pct': -4.442781798603378}}",0.0007149356853670685,0.9842881774920604,-4.12143551596551
2024-09-04,800694.3774920605,182363.2,983057.5774920606,"{'510300': {'shares': 58600.0, 'price': 3.112, 'value': 182363.2, 'profit_pct': -5.083286612592947}}",-0.0012502436056230914,0.9830575774920606,-4.241307078127998
2024-09-05,800694.3774920605,182773.40000000002,983467.7774920606,"{'510300': {'shares': 58600.0, 'price': 3.119, 'value': 182773.40000000002, 'profit_pct': -4.869785007929753}}",0.00041726955713672353,0.9834677774920606,-4.201349890740502
2024-09-06,800694.3774920605,181132.6,981826.9774920605,"{'510300': {'shares': 58600.0, 'price': 3.091, 'value': 181132.6, 'profit_pct': -5.723791426582517}}",-0.0016683820635021718,0.9818269774920605,-4.361178640290508
2024-09-09,800694.3774920605,178730.0,979424.3774920605,"{'510300': {'shares': 58600.0, 'price': 3.05, 'value': 178730.0, 'profit_pct': -6.974300825324073}}",-0.0024470706703711986,0.9794243774920606,-4.5952135949887225
2024-09-10,800694.3774920605,178730.0,979424.3774920605,"{'510300': {'shares': 58600.0, 'price': 3.05, 'value': 178730.0, 'profit_pct': -6.974300825324073}}",0.0,0.9794243774920606,-4.5952135949887225
2024-09-11,800694.3774920605,178319.80000000002,979014.1774920606,"{'510300': {'shares': 58600.0, 'price': 3.043, 'value': 178319.80000000002, 'profit_pct': -7.187802429987254}}",-0.00041881742932547983,0.9790141774920605,-4.635170782376219
2024-09-12,800694.3774920605,177675.2,978369.5774920606,"{'510300': {'shares': 58600.0, 'price': 3.032, 'value': 177675.2, 'profit_pct': -7.523304951600843}}",-0.0006584174313504221,0.9783695774920607,-4.69796064827086
2024-09-13,800694.3774920605,176796.19999999998,977490.5774920605,"{'510300': {'shares': 58600.0, 'price': 3.017, 'value': 176796.19999999998, 'profit_pct': -7.980808390164827}}",-0.000898433496116402,0.9774905774920605,-4.783583192672647
2024-09-18,800694.3774920605,177382.2,978076.5774920606,"{'510300': {'shares': 58600.0, 'price': 3.027, 'value': 177382.2, 'profit_pct': -7.675806097788833}}",0.00059949426981043,0.9780765774920606,-4.726501496404789
2024-09-19,800694.3774920605,178964.4,979658.7774920606,"{'510300': {'shares': 58600.0, 'price': 3.054, 'value': 178964.4, 'profit_pct': -6.852299908373678}}",0.0016176647477408324,0.9796587774920605,-4.572380916481578
2024-09-20,800694.3774920605,179491.80000000002,980186.1774920606,"{'510300': {'shares': 58600.0, 'price': 3.063, 'value': 179491.80000000002, 'profit_pct': -6.577797845235279}}",0.0005383507116123454,0.9801861774920606,-4.521007389840504
2024-09-23,800694.3774920605,180019.2,980713.5774920606,"{'510300': {'shares': 58600.0, 'price': 3.072, 'value': 180019.2, 'profit_pct': -6.303295782096894}}",0.0005380610460652413,0.9807135774920606,-4.469633863199429
2024-09-24,800694.3774920605,188457.6,989151.9774920605,"{'510300': {'shares': 58600.0, 'price': 3.216, 'value': 188457.6, 'profit_pct': -1.9112627718826831}}",0.008604347073055907,0.9891519774920605,-3.6476574369422976
2024-09-25,800694.3774920605,191211.8,991906.1774920605,"{'510300': {'shares': 58600.0, 'price': 3.263, 'value': 191211.8, 'profit_pct': -0.47775199771555493}}",0.002784405291270886,0.9919061774920604,-3.3793734644833706
2024-09-26,800694.3774920605,200939.4,1001633.7774920606,"{'510300': {'shares': 58600.0, 'price': 3.429, 'value': 200939.4, 'profit_pct': 4.585286055725821}}",0.009806975922456163,1.0016337774920605,-2.4318173064369453
2024-09-27,800694.3774920605,214358.8,1015053.1774920605,"{'510300': {'shares': 58600.0, 'price': 3.658, 'value': 214358.8, 'profit_pct': 11.56983855113592}}",0.013397511447347688,1.0150531774920604,-1.1246464619030228
2024-09-30,800694.3774920605,235689.2,1036383.5774920606,"{'510300': {'shares': 58600.0, 'price': 4.022, 'value': 235689.2, 'profit_pct': 22.671921993621844}}",0.021014071452593486,1.0363835774920607,0.0
2024-10-08,717406.4187981206,329358.39999999997,1046764.8187981206,"{'510300': {'shares': 78400.0, 'price': 4.201, 'value': 329358.39999999997, 'profit_pct': 19.59591520636243}}",0.010016794487598402,1.0467648187981207,0.0
2024-10-09,634218.5901341806,381862.2,1016080.7901341806,"{'510300': {'shares': 100200.0, 'price': 3.811, 'value': 381862.2, 'profit_pct': 6.500146505063918}}",-0.02931320208026378,1.0160807901341806,-2.931320208026378
2024-10-10,634218.5901341806,388275.0,1022493.5901341806,"{'510300': {'shares': 100200.0, 'price': 3.875, 'value': 388275.0, 'profit_pct': 8.288655918951113}}",0.006311309161895595,1.0224935901341805,-2.3186897599221767
2024-10-11,634218.5901341806,377353.2,1011571.7901341806,"{'510300': {'shares': 100200.0, 'price': 3.766, 'value': 377353.2, 'profit_pct': 5.242600823424488}}",-0.010681533953251332,1.0115717901341805,-3.3620759918496446
2024-10-14,634218.5901341806,383665.80000000005,1017884.3901341807,"{'510300': {'shares': 100200.0, 'price': 3.829, 'value': 383665.80000000005, 'profit_pct': 7.0031647777196975}}",0.006240387544973691,1.0178843901341807,-2.7590178944970623
2024-10-15,551154.7224473807,455700.0,1006854.7224473807,"{'510300': {'shares': 122500.0, 'price': 3.72, 'value': 455700.0, 'profit_pct': 3.194215574095996}}",-0.010835874676637935,1.0068547224473807,-3.812708990025482
2024-10-16,551154.7224473807,452637.5,1003792.2224473807,"{'510300': {'shares': 122500.0, 'price': 3.695, 'value': 452637.5, 'profit_pct': 2.500706060829212}}",-0.0030416503311976317,1.0037922224473808,-4.1052770955829825
2024-10-17,551154.7224473807,447370.0,998524.7224473807,"{'510300': {'shares': 122500.0, 'price': 3.652, 'value': 447370.0, 'profit_pct': 1.3078696980103686}}",-0.005247599933736358,0.9985247224473807,-4.608494237141869
2024-10-18,551154.7224473807,466112.5,1017267.2224473807,"{'510300': {'shares': 122500.0, 'price': 3.805, 'value': 466112.5, 'profit_pct': 5.552147919203027}}",0.018770191241797463,1.0172672224473807,-2.817977431130003
2024-10-21,551154.7224473807,466112.5,1017267.2224473807,"{'510300': {'shares': 122500.0, 'price': 3.805, 'value': 466112.5, 'profit_pct': 5.552147919203027}}",0.0,1.0172672224473807,-2.817977431130003
2024-10-22,636430.4453533906,383665.80000000005,1020096.2453533907,"{'510300': {'shares': 100200.0, 'price': 3.829, 'value': 383665.80000000005, 'profit_pct': 6.21791705193913}}",0.0027810027135288795,1.0200962453533906,-2.54771396265977
2024-10-23,636430.4453533906,385168.8,1021599.2453533907,"{'510300': {'shares': 100200.0, 'price': 3.844, 'value': 385168.8, 'profit_pct': 6.634022759899186}}",0.001473390385315465,1.0215992453533906,-2.404128701385344
2024-10-24,636430.4453533906,380760.0,1017190.4453533906,"{'510300': {'shares': 100200.0, 'price': 3.8, 'value': 380760.0, 'profit_pct': 5.4134460165496625}}",-0.004315586586475018,1.0171904453533906,-2.825312134456981
2024-10-25,636430.4453533906,383665.80000000005,1020096.2453533907,"{'510300': {'shares': 100200.0, 'price': 3.829, 'value': 383665.80000000005, 'profit_pct': 6.21791705193913}}",0.00285669218903295,1.0200962453533906,-2.54771396265977
2024-10-28,636430.4453533906,384267.0,1020697.4453533906,"{'510300': {'shares': 100200.0, 'price': 3.835, 'value': 384267.0, 'profit_pct': 6.3843593351231505}}",0.0005893561541261416,1.0206974453533906,-2.490279858150002
2024-10-29,636430.4453533906,380960.4,1017390.8453533907,"{'510300': {'shares': 100200.0, 'price': 3.802, 'value': 380960.4, 'profit_pct': 5.468926777611011}}",-0.0032395495992009193,1.0173908453533906,-2.806167432953721
2024-10-30,636430.4453533906,376752.0,1013182.4453533906,"{'510300': {'shares': 100200.0, 'price': 3.76, 'value': 376752.0, 'profit_pct': 4.303830795322823}}",-0.004136463404620261,1.0131824453533906,-3.2082061645221094
2024-10-31,636430.4453533906,376752.0,1013182.4453533906,"{'510300': {'shares': 100200.0, 'price': 3.76, 'value': 376752.0, 'profit_pct': 4.303830795322823}}",0.0,1.0131824453533906,-3.2082061645221094
2024-11-01,636430.4453533906,377553.6,1013984.0453533906,"{'510300': {'shares': 100200.0, 'price': 3.768, 'value': 377553.6, 'profit_pct': 4.525753839568191}}",0.0007911704389236274,1.0139840453533906,-3.1316273585090815
2024-11-04,636430.4453533906,382864.2,1019294.6453533906,"{'510300': {'shares': 100200.0, 'price': 3.821, 'value': 382864.2, 'profit_pct': 5.995994007693763}}",0.005237360513053346,1.0192946453533906,-2.624292768672798
2024-11-05,721513.9184516507,308191.0,1029704.9184516507,"{'510300': {'shares': 78500.0, 'price': 3.926, 'value': 308191.0, 'profit_pct': 8.908733963414214}}",0.010213212779755843,1.0297049184516507,-1.6297739511400344
2024-11-06,721513.9184516507,306150.0,1027663.9184516507,"{'510300': {'shares': 78500.0, 'price': 3.9, 'value': 306150.0, 'profit_pct': 8.187484069616762}}",-0.0019821212499101515,1.0276639184516507,-1.8247556665499376
2024-11-07,721513.9184516507,316904.5,1038418.4184516507,"{'510300': {'shares': 78500.0, 'price': 4.037, 'value': 316904.5, 'profit_pct': 11.987916202318685}}",0.01046499717164684,1.0384184184516507,-0.7973520122746547
2024-11-08,721513.9184516507,312665.5,1034179.4184516507,"{'510300': {'shares': 78500.0, 'price': 3.983, 'value': 312665.5, 'profit_pct': 10.489935653662457}}",-0.0040821695038120165,1.0341794184516506,-1.2023140365875373
2024-11-11,721513.9184516507,314313.99999999994,1035827.9184516505,"{'510300': {'shares': 78500.0, 'price': 4.004, 'value': 314313.99999999994, 'profit_pct': 11.072483644806534}}",0.0015940174118607153,1.0358279184516506,-1.0448288049103138
2024-11-12,721513.9184516507,310703.0,1032216.9184516507,"{'510300': {'shares': 78500.0, 'price': 3.958, 'value': 310703.0, 'profit_pct': 9.796426140395685}}",-0.0034861002833342924,1.0322169184516508,-1.3897964552509134
2024-11-13,721513.9184516507,312744.0,1034257.9184516507,"{'510300': {'shares': 78500.0, 'price': 3.984, 'value': 312744.0, 'profit_pct': 10.517676034193126}}",0.0019772975655751868,1.0342579184516507,-1.1948147398410103
2024-11-14,721513.9184516507,307170.5,1028684.4184516507,"{'510300': {'shares': 78500.0, 'price': 3.913, 'value': 307170.5, 'profit_pct': 8.548109016515482}}",-0.005388887917187946,1.0286844184516506,-1.727264808844986
2024-11-15,721513.9184516507,301754.0,1023267.9184516507,"{'510300': {'shares': 78500.0, 'price': 3.844, 'value': 301754.0, 'profit_pct': 6.634022759899186}}",-0.005265463248828817,1.0232679184516507,-2.2447162843558965
2024-11-18,721513.9184516507,300419.5,1021933.4184516507,"{'510300': {'shares': 78500.0, 'price': 3.827, 'value': 300419.5, 'profit_pct': 6.162436290877783}}",-0.0013041550271792879,1.0219334184516506,-2.3722043290469896
2024-11-19,721513.9184516507,301989.5,1023503.4184516507,"{'510300': {'shares': 78500.0, 'price': 3.847, 'value': 301989.5, 'profit_pct': 6.717243901491203}}",0.00153630361005197,1.0235034184516507,-2.222218394116293
2024-11-20,721513.9184516507,302774.5,1024288.4184516507,"{'510300': {'shares': 78500.0, 'price': 3.857, 'value': 302774.5, 'profit_pct': 6.9946477067979185}}",0.0007669735008677403,1.0242884184516508,-2.147225426650945
2024-11-21,721513.9184516507,303167.0,1024680.9184516507,"{'510300': {'shares': 78500.0, 'price': 3.862, 'value': 303167.0, 'profit_pct': 7.13334960945127}}",0.00038319285167087713,1.0246809184516505,-2.1097289429182764
2024-11-22,721513.9184516507,293747.0,1015260.9184516507,"{'510300': {'shares': 78500.0, 'price': 3.742, 'value': 293747.0, 'profit_pct': 3.8045039457707515}}",-0.009193105707710592,1.0152609184516506,-3.009644552502466
2024-11-25,721513.9184516507,292020.0,1013533.9184516507,"{'510300': {'shares': 78500.0, 'price': 3.72, 'value': 292020.0, 'profit_pct': 3.194215574095996}}",-0.0017010405587499777,1.0135339184516508,-3.174629080926239
2024-11-26,721513.9184516507,291392.0,1012905.9184516507,"{'510300': {'shares': 78500.0, 'price': 3.712, 'value': 291392.0, 'profit_pct': 2.9722925298506278}}",-0.0006196141920532527,1.0129059184516507,-3.234623454898511
2024-11-27,721513.9184516507,296416.0,1017929.9184516507,"{'510300': {'shares': 78500.0, 'price': 3.776, 'value': 296416.0, 'profit_pct': 4.7476768838135595}}",0.00495998681464882,1.0179299184516506,-2.75466846312028
2024-11-28,721513.9184516507,294139.5,1015653.4184516507,"{'510300': {'shares': 78500.0, 'price': 3.747, 'value': 294139.5, 'profit_pct': 3.9432058484241037}}",-0.002236401503418528,1.0156534184516506,-2.9721480687697865
2024-11-29,721513.9184516507,297515.0,1019028.9184516507,"{'510300': {'shares': 78500.0, 'price': 3.79, 'value': 297515.0, 'profit_pct': 5.136042211242959}}",0.003323476235767453,1.0190289184516506,-2.6496783086687903
2024-12-02,721513.9184516507,299870.0,1021383.9184516507,"{'510300': {'shares': 78500.0, 'price': 3.82, 'value': 299870.0, 'profit_pct': 5.968253627163082}}",0.002311023718127858,1.0213839184516507,-2.4246994062727345
2024-12-03,721513.9184516507,300184.0,1021697.9184516507,"{'510300': {'shares': 78500.0, 'price': 3.824, 'value': 300184.0, 'profit_pct': 6.0792151492857665}}",0.0003074260269106954,1.0216979184516506,-2.394702219286604
2024-12-04,721513.9184516507,298535.5,1020049.4184516507,"{'510300': {'shares': 78500.0, 'price': 3.803, 'value': 298535.5, 'profit_pct': 5.496667158141679}}",-0.0016134906122724502,1.0200494184516506,-2.5521874509638387
2024-12-05,721513.9184516507,297986.0,1019499.9184516507,"{'510300': {'shares': 78500.0, 'price': 3.796, 'value': 297986.0, 'profit_pct': 5.302484494426979}}",-0.0005386993905002191,1.0194999184516507,-2.6046825281895836
2024-12-06,721513.9184516507,301911.0,1023424.9184516507,"{'510300': {'shares': 78500.0, 'price': 3.846, 'value': 301911.0, 'profit_pct': 6.689503520960534}}",0.0038499267424769723,1.0234249184516506,-2.2297176908628313
2024-12-09,721513.9184516507,301675.5,1023189.4184516507,"{'510300': {'shares': 78500.0, 'price': 3.843, 'value': 301675.5, 'profit_pct': 6.606282379368518}}",-0.00023010969906445133,1.0231894184516506,-2.2522155811024347
2024-12-10,721513.9184516507,304109.0,1025622.9184516507,"{'510300': {'shares': 78500.0, 'price': 3.874, 'value': 304109.0, 'profit_pct': 7.466234175819323}}",0.0023783475044947266,1.0256229184516505,-2.019737381959852
2024-12-11,721513.9184516507,303324.0,1024837.9184516507,"{'510300': {'shares': 78500.0, 'price': 3.864, 'value': 303324.0, 'profit_pct': 7.188830370512606}}",-0.0007653885125589177,1.0248379184516507,-2.0947303494252
2024-12-12,721513.9184516507,306621.0,1028134.9184516507,"{'510300': {'shares': 78500.0, 'price': 3.906, 'value': 306621.0, 'profit_pct': 8.353926352800794}}",0.0032170940795996916,1.0281349184516506,-1.7797598860707309
2024-12-13,721513.9184516507,299006.5,1020520.4184516507,"{'510300': {'shares': 78500.0, 'price': 3.809, 'value': 299006.5, 'profit_pct': 5.663109441325711}}",-0.007406129160039909,1.0205204184516508,-2.507191670484621
2024-12-16,721513.9184516507,297122.5,1018636.4184516507,"{'510300': {'shares': 78500.0, 'price': 3.785, 'value': 297122.5, 'profit_pct': 4.9973403085896075}}",-0.0018461169085263185,1.0186364184516508,-2.687174792401459
2024-12-17,721513.9184516507,297986.0,1019499.9184516507,"{'510300': {'shares': 78500.0, 'price': 3.796, 'value': 297986.0, 'profit_pct': 5.302484494426979}}",0.0008477018731694042,1.0194999184516507,-2.6046825281895836
2024-12-18,721513.9184516507,299320.5,1020834.4184516507,"{'510300': {'shares': 78500.0, 'price': 3.813, 'value': 299320.5, 'profit_pct': 5.774070963448395}}",0.0013089750924422106,1.0208344184516507,-2.4771944834984794
2024-12-19,721513.9184516507,299791.5,1021305.4184516507,"{'510300': {'shares': 78500.0, 'price': 3.819, 'value': 299791.5, 'profit_pct': 5.940513246632414}}",0.00046138726465971835,1.0213054184516506,-2.4321987030192727
2024-12-20,721513.9184516507,298849.5,1020363.4184516507,"{'510300': {'shares': 78500.0, 'price': 3.807, 'value': 298849.5, 'profit_pct': 5.607628680264363}}",-0.0009223489692516962,1.0203634184516506,-2.522190263977697
2024-12-23,721513.9184516507,299163.5,1020677.4184516507,"{'510300': {'shares': 78500.0, 'price': 3.811, 'value': 299163.5, 'profit_pct': 5.7185902023870465}}",0.0003077334940881915,1.0206774184516507,-2.4921930769915557
2024-12-24,721513.9184516507,302853.0,1024366.9184516507,"{'510300': {'shares': 78500.0, 'price': 3.858, 'value': 302853.0, 'profit_pct': 7.022388087328586}}",0.0036147561739896528,1.0243669184516506,-2.139726129904407
2024-12-25,721513.9184516507,303088.5,1024602.4184516507,"{'510300': {'shares': 78500.0, 'price': 3.861, 'value': 303088.5, 'profit_pct': 7.105609228920602}}",0.00022989809194151611,1.0246024184516507,-2.1172282396648034
2024-12-26,721513.9184516507,303167.0,1024680.9184516507,"{'510300': {'shares': 78500.0, 'price': 3.862, 'value': 303167.0, 'profit_pct': 7.13334960945127}}",7.661508365219838e-05,1.0246809184516505,-2.1097289429182764
2024-12-27,721513.9184516507,302696.0,1024209.9184516507,"{'510300': {'shares': 78500.0, 'price': 3.856, 'value': 302696.0, 'profit_pct': 6.966907326267238}}",-0.00045965528538549627,1.0242099184516507,-2.154724723397483
2024-12-30,721513.9184516507,304187.5,1025701.4184516507,"{'510300': {'shares': 78500.0, 'price': 3.875, 'value': 304187.5, 'profit_pct': 7.49397455634999}}",0.0014562444408414699,1.0257014184516506,-2.0122380852133137
2024-12-31,721513.9184516507,299163.5,1020677.4184516507,"{'510300': {'shares': 78500.0, 'price': 3.811, 'value': 299163.5, 'profit_pct': 5.7185902023870465}}",-0.004898111584542786,1.0206774184516507,-2.4921930769915557
2025-01-02,721513.9184516507,290293.0,1011806.9184516507,"{'510300': {'shares': 78500.0, 'price': 3.698, 'value': 290293.0, 'profit_pct': 2.5839272024212283}}",-0.008690796758741293,1.0118069184516507,-3.3396136093500006
2025-01-03,721513.9184516507,287153.0,1008666.9184516507,"{'510300': {'shares': 78500.0, 'price': 3.658, 'value': 287153.0, 'profit_pct': 1.4743119811943883}}",-0.0031033588946052237,1.0086669184516506,-3.6395854792114046
2025-01-06,721513.9184516507,285897.0,1007410.9184516507,"{'510300': {'shares': 78500.0, 'price': 3.642, 'value': 285897.0, 'profit_pct': 1.0304658927036525}}",-0.0012452078848069759,1.0074109184516506,-3.7595742271559596
2025-01-07,721513.9184516507,288016.5,1009530.4184516507,"{'510300': {'shares': 78500.0, 'price': 3.669, 'value': 288016.5, 'profit_pct': 1.7794561670317721}}",0.0021039081085776346,1.0095304184516507,-3.5570932149995182
2025-01-08,721513.9184516507,287545.5,1009059.4184516507,"{'510300': {'shares': 78500.0, 'price': 3.663, 'value': 287545.5, 'profit_pct': 1.6130138838477401}}",-0.00046655354944369343,1.0090594184516506,-3.602088995478725
2025-01-09,721513.9184516507,286917.5,1008431.4184516507,"{'510300': {'shares': 78500.0, 'price': 3.655, 'value': 286917.5, 'profit_pct': 1.3910908396023725}}",-0.0006223617643484891,1.0084314184516507,-3.662083369451008
2025-01-10,638329.8947288507,366618.0,1004947.8947288507,"{'510300': {'shares': 101500.0, 'price': 3.612, 'value': 366618.0, 'profit_pct': 0.13053651240838202}}",-0.0034543982456919364,1.0049478947288506,-3.99487289965319
2025-01-13,638329.8947288507,365095.5,1003425.3947288507,"{'510300': {'shares': 101500.0, 'price': 3.597, 'value': 365095.5, 'profit_pct': -0.2852879747693971}}",-0.0015150039200896304,1.0034253947288507,-4.140321043558915
2025-01-14,638329.8947288507,375042.5,1013372.3947288507,"{'510300': {'shares': 101500.0, 'price': 3.695, 'value': 375042.5, 'profit_pct': 2.4314320081254}}",0.009913043911638164,1.0133723947288507,-3.19005983670817
2025-01-15,638329.8947288507,372708.0,1011037.8947288507,"{'510300': {'shares': 101500.0, 'price': 3.672, 'value': 372708.0, 'profit_pct': 1.793834461119486}}",-0.0023036940932504857,1.0110378947288508,-3.413080324030282
2025-01-16,638329.8947288507,372911.0,1011240.8947288507,"{'510300': {'shares': 101500.0, 'price': 3.674, 'value': 372911.0, 'profit_pct': 1.8492777260765167}}",0.00020078376988474922,1.0112408947288507,-3.3936872381761907
2025-01-17,638329.8947288507,374230.5,1012560.3947288507,"{'510300': {'shares': 101500.0, 'price': 3.687, 'value': 374230.5, 'profit_pct': 2.209658948297253}}",0.0013048325150595286,1.0125603947288506,-3.267632180124558
2025-01-20,638329.8947288507,376159.0,1014488.8947288507,"{'510300': {'shares': 101500.0, 'price': 3.706, 'value': 376159.0, 'profit_pct': 2.736369965389106}}",0.0019045777516475404,1.0144888947288506,-3.0833978645106397
2025-01-21,638329.8947288507,376666.5,1014996.3947288507,"{'510300': {'shares': 101500.0, 'price': 3.711, 'value': 376666.5, 'profit_pct': 2.8749781277816946}}",0.0005002519028418639,1.0149963947288507,-3.0349151498753946
2025-01-22,638329.8947288507,373012.5,1011342.3947288507,"{'510300': {'shares': 101500.0, 'price': 3.675, 'value': 373012.5, 'profit_pct': 1.8769993585550322}}",-0.003600012787214002,1.0113423947288507,-3.3839906952491394
2025-01-23,638329.8947288507,374129.0,1012458.8947288507,"{'510300': {'shares': 101500.0, 'price': 3.686, 'value': 374129.0, 'profit_pct': 2.1819373158187374}}",0.0011039782429957956,1.0124588947288506,-3.277328723051609
2025-01-24,638329.8947288507,377377.0,1015706.8947288507,"{'510300': {'shares': 101500.0, 'price': 3.718, 'value': 377377.0, 'profit_pct': 3.0690295551313267}}",0.003208031473583839,1.0157068947288508,-2.967039349386058
2025-01-27,638329.8947288507,375144.0,1013473.8947288507,"{'510300': {'shares': 101500.0, 'price': 3.696, 'value': 375144.0, 'profit_pct': 2.459153640603928}}",-0.0021984688807258346,1.0134738947288506,-3.180363293781119
2025-02-05,638329.8947288507,373114.0,1011443.8947288507,"{'510300': {'shares': 101500.0, 'price': 3.676, 'value': 373114.0, 'profit_pct': 1.9047209910335599}}",-0.0020030116321280156,1.0114438947288507,-3.374294152322088
2025-02-06,638329.8947288507,377681.5,1016011.3947288507,"{'510300': {'shares': 101500.0, 'price': 3.721, 'value': 377681.5, 'profit_pct': 3.1521944525668846}}",0.004515821415111088,1.0160113947288507,-2.9379497206049154
2025-02-07,724333.5702835307,297249.9,1021583.4702835308,"{'510300': {'shares': 78700.0, 'price': 3.777, 'value': 297249.9, 'profit_pct': 4.704605871363915}}",0.005484264825757368,1.0215834702835307,-2.4056357323417377
2025-02-10,724333.5702835307,297564.7,1021898.2702835307,"{'510300': {'shares': 78700.0, 'price': 3.781, 'value': 297564.7, 'profit_pct': 4.815492401277989}}",0.00030814907362630706,1.0218982702835306,-2.3755621194014975
2025-02-11,724333.5702835307,296305.5,1020639.0702835307,"{'510300': {'shares': 78700.0, 'price': 3.765, 'value': 296305.5, 'profit_pct': 4.371946281621694}}",-0.0012322165881057945,1.0206390702835308,-2.495856571162469
2025-02-12,724333.5702835307,299296.1,1023629.6702835307,"{'510300': {'shares': 78700.0, 'price': 3.803, 'value': 299296.1, 'profit_pct': 5.425368315805387}}",0.002930124945314194,1.0236296702835308,-2.210157248230149
2025-02-13,724333.5702835307,298509.10000000003,1022842.6702835308,"{'510300': {'shares': 78700.0, 'price': 3.793, 'value': 298509.10000000003, 'profit_pct': 5.148151991020209}}",-0.000768832735946301,1.022842670283531,-2.285341280580755
2025-02-14,724333.5702835307,300870.1,1025203.6702835307,"{'510300': {'shares': 78700.0, 'price': 3.823, 'value': 300870.1, 'profit_pct': 5.979800965375755}}",0.0023082728835954747,1.0252036702835308,-2.059789183528926
2025-02-17,724333.5702835307,301421.0,1025754.5702835307,"{'510300': {'shares': 78700.0, 'price': 3.83, 'value': 301421.0, 'profit_pct': 6.173852392725387}}",0.0005373566404105468,1.0257545702835307,-2.0071603608834976
2025-02-18,724333.5702835307,299138.7,1023472.2702835307,"{'510300': {'shares': 78700.0, 'price': 3.801, 'value': 299138.7, 'profit_pct': 5.369925050848357}}",-0.002224996179514216,1.0234722702835306,-2.2251940547002746
2025-02-19,724333.5702835307,300791.4,1025124.9702835308,"{'510300': {'shares': 78700.0, 'price': 3.822, 'value': 300791.4, 'profit_pct': 5.95207933289724}}",0.0016147970472539797,1.0251249702835308,-2.067307586763989
2025-02-20,724333.5702835307,299847.0,1024180.5702835307,"{'510300': {'shares': 78700.0, 'price': 3.81, 'value': 299847.0, 'profit_pct': 5.619419743155019}}",-0.0009212535323754878,1.0241805702835307,-2.1575284255847205
2025-02-21,724333.5702835307,304096.8,1028430.3702835308,"{'510300': {'shares': 78700.0, 'price': 3.864, 'value': 304096.8, 'profit_pct': 7.116387896995007}}",0.004149463603692061,1.0284303702835307,-1.7515346508914176
2025-02-24,724333.5702835307,303073.7,1027407.2702835307,"{'510300': {'shares': 78700.0, 'price': 3.851, 'value': 303073.7, 'profit_pct': 6.75600667477427}}",-0.000994816984759006,1.0274072702835306,-1.849273892947223
2025-02-25,724333.5702835307,299847.0,1024180.5702835307,"{'510300': {'shares': 78700.0, 'price': 3.81, 'value': 299847.0, 'profit_pct': 5.619419743155019}}",-0.0031406240673277352,1.0241805702835307,-2.1575284255847205
2025-02-26,724333.5702835307,302444.1,1026777.6702835307,"{'510300': {'shares': 78700.0, 'price': 3.843, 'value': 302444.1, 'profit_pct': 6.534233614946124}}",0.0025357833133672347,1.0267776702835307,-1.9094211188277033
2025-02-27,724333.5702835307,303467.2,1027800.7702835307,"{'510300': {'shares': 78700.0, 'price': 3.856, 'value': 303467.2, 'profit_pct': 6.89461483716686}}",0.0009964182408812583,1.0278007702835308,-1.811681876771909
2025-02-28,724333.5702835307,297722.1,1022055.6702835307,"{'510300': {'shares': 78700.0, 'price': 3.783, 'value': 297722.1, 'profit_pct': 4.870935666235019}}",-0.005589701979319517,1.0220556702835306,-2.360525312931372
2025-03-03,724333.5702835307,296699.0,1021032.5702835307,"{'510300': {'shares': 78700.0, 'price': 3.77, 'value': 296699.0, 'profit_pct': 4.510554444014284}}",-0.0010010217933785759,1.0210325702835308,-2.4582645549871662
2025-03-04,724333.5702835307,296384.2,1020717.7702835307,"{'510300': {'shares': 78700.0, 'price': 3.766, 'value': 296384.2, 'profit_pct': 4.39966791410021}}",-0.0003083153360255997,1.0207177702835306,-2.4883381679274175
2025-03-05,724333.5702835307,297722.1,1022055.6702835307,"{'510300': {'shares': 78700.0, 'price': 3.783, 'value': 297722.1, 'profit_pct': 4.870935666235019}}",0.0013107443006781239,1.0220556702835306,-2.360525312931372
2025-03-06,724333.5702835307,302050.60000000003,1026384.1702835308,"{'510300': {'shares': 78700.0, 'price': 3.838, 'value': 302050.60000000003, 'profit_pct': 6.395625452553534}}",0.0042350922027558635,1.0263841702835308,-1.947013135002995
2025-03-07,724333.5702835307,301263.6,1025597.1702835307,"{'510300': {'shares': 78700.0, 'price': 3.828, 'value': 301263.6, 'profit_pct': 6.118409127768345}}",-0.000766769424924707,1.0255971702835307,-2.022197167353623
2025-03-10,724333.5702835307,300004.39999999997,1024337.9702835307,"{'510300': {'shares': 78700.0, 'price': 3.812, 'value': 300004.39999999997, 'profit_pct': 5.67486300811205}}",-0.001227772498291868,1.0243379702835307,-2.142491619114606
2025-03-11,724333.5702835307,300948.8,1025282.3702835308,"{'510300': {'shares': 78700.0, 'price': 3.824, 'value': 300948.8, 'profit_pct': 6.007522597854271}}",0.0009219613324875642,1.0252823702835308,-2.0522707802938633
2025-03-12,724333.5702835307,300161.8,1024495.3702835308,"{'510300': {'shares': 78700.0, 'price': 3.814, 'value': 300161.8, 'profit_pct': 5.730306273069093}}",-0.0007675934189548261,1.0244953702835309,-2.1274548126444692
2025-03-13,724333.5702835307,298587.8,1022921.3702835308,"{'510300': {'shares': 78700.0, 'price': 3.794, 'value': 298587.8, 'profit_pct': 5.175873623498725}}",-0.0015363661424495634,1.0229213702835307,-2.277822877345692
2025-03-14,724333.5702835307,306536.5,1030870.0702835307,"{'510300': {'shares': 78700.0, 'price': 3.895, 'value': 306536.5, 'profit_pct': 7.975758503829081}}",0.0077705874868923,1.0308700702835307,-1.518464150604526
2025-03-17,724333.5702835307,305592.1,1029925.6702835307,"{'510300': {'shares': 78700.0, 'price': 3.883, 'value': 305592.1, 'profit_pct': 7.64309891408686}}",-0.0009161193318381056,1.0299256702835307,-1.6086849894252575
2025-03-18,724333.5702835307,306300.39999999997,1030633.9702835307,"{'510300': {'shares': 78700.0, 'price': 3.892, 'value': 306300.39999999997, 'profit_pct': 7.892593606393522}}",0.0006877195320367235,1.0306339702835305,-1.5410193603097144
2025-03-19,724333.5702835307,306772.60000000003,1031106.1702835308,"{'510300': {'shares': 78700.0, 'price': 3.898, 'value': 306772.60000000003, 'profit_pct': 8.05892340126464}}",0.00045816459928094133,1.031106170283531,-1.4959089408993265
2025-03-20,724333.5702835307,304175.5,1028509.0702835307,"{'510300': {'shares': 78700.0, 'price': 3.865, 'value': 304175.5, 'profit_pct': 7.144109529473535}}",-0.002518751293366761,1.0285090702835307,-1.7440162476563548
2025-03-21,724333.5702835307,298981.3,1023314.8702835308,"{'510300': {'shares': 78700.0, 'price': 3.799, 'value': 298981.3, 'profit_pct': 5.314481785891314}}",-0.00505022284204848,1.0233148702835309,-2.240230861170389
2025-03-24,724333.5702835307,300319.2,1024652.7702835307,"{'510300': {'shares': 78700.0, 'price': 3.816, 'value': 300319.2, 'profit_pct': 5.785749538026123}}",0.0013074177253276087,1.0246527702835306,-2.1124180061743547
2025-03-25,724333.5702835307,300476.6,1024810.1702835307,"{'510300': {'shares': 78700.0, 'price': 3.818, 'value': 300476.6, 'profit_pct': 5.841192802983167}}",0.0001536130136616798,1.0248101702835308,-2.097381199704229
2025-03-26,724333.5702835307,299217.4,1023550.9702835308,"{'510300': {'shares': 78700.0, 'price': 3.802, 'value': 299217.4, 'profit_pct': 5.397646683326872}}",-0.001228715362623256,1.0235509702835308,-2.217675651465212
2025-03-27,724333.5702835307,300319.2,1024652.7702835307,"{'510300': {'shares': 78700.0, 'price': 3.816, 'value': 300319.2, 'profit_pct': 5.785749538026123}}",0.0010764485912164723,1.0246527702835306,-2.1124180061743547
2025-03-28,724333.5702835307,298823.9,1023157.4702835308,"{'510300': {'shares': 78700.0, 'price': 3.797, 'value': 298823.9, 'profit_pct': 5.259038520934283}}",-0.0014593236297855139,1.0231574702835309,-2.255267667640515
2025-03-31,724333.5702835307,296935.10000000003,1021268.6702835308,"{'510300': {'shares': 78700.0, 'price': 3.773, 'value': 296935.10000000003, 'profit_pct': 4.593719341449842}}",-0.0018460501485431102,1.0212686702835307,-2.435709345281978
2025-04-01,724333.5702835307,296777.7,1021111.2702835307,"{'510300': {'shares': 78700.0, 'price': 3.771, 'value': 296777.7, 'profit_pct': 4.538276076492799}}",-0.0001541220293739265,1.0211112702835308,-2.4507461517521145
2025-04-02,724333.5702835307,296541.6,1020875.1702835307,"{'510300': {'shares': 78700.0, 'price': 3.768, 'value': 296541.6, 'profit_pct': 4.455111179057241}}",-0.0002312186799529048,1.0208751702835308,-2.473301361457292
2025-04-03,724333.5702835307,294967.60000000003,1019301.1702835308,"{'510300': {'shares': 78700.0, 'price': 3.748, 'value': 294967.60000000003, 'profit_pct': 3.9006785294868846}}",-0.0015418143626343417,1.0193011702835308,-2.6236694261585036
2025-04-07,641306.5504477707,357110.0,998416.5504477707,"{'510300': {'shares': 102500.0, 'price': 3.484, 'value': 357110.0, 'profit_pct': -2.667223374570758}}",-0.020489155162993433,0.9984165504477708,-4.618828172488887
2025-04-08,641306.5504477707,360697.5,1002004.0504477707,"{'510300': {'shares': 102500.0, 'price': 3.519, 'value': 360697.5, 'profit_pct': -1.689425675980047}}",0.003593189634517824,1.0020040504477707,-4.276105534550112
2025-04-09,641306.5504477707,364387.5,1005694.0504477707,"{'510300': {'shares': 102500.0, 'price': 3.555, 'value': 364387.5, 'profit_pct': -0.6836909002867473}}",0.0036826198440524927,1.0056940504477707,-3.9235908212416515
2025-04-10,641306.5504477707,370845.0,1012151.5504477707,"{'510300': {'shares': 102500.0, 'price': 3.618, 'value': 370845.0, 'profit_pct': 1.0763449571765178}}",0.006420938850264513,1.0121515504477707,-3.3066900729518456
2025-04-11,641306.5504477707,371972.5,1013279.0504477707,"{'510300': {'shares': 102500.0, 'price': 3.629, 'value': 371972.5, 'profit_pct': 1.383652805305029}}",0.0011139636149362087,1.0132790504477707,-3.1989772438853703
2025-04-14,641306.5504477707,372792.5,1014099.0504477707,"{'510300': {'shares': 102500.0, 'price': 3.637, 'value': 372792.5, 'profit_pct': 1.6071494221257623}}",0.0008092538769430835,1.0140990504477707,-3.120640640927941
2025-04-15,641306.5504477707,373100.0,1014406.5504477707,"{'510300': {'shares': 102500.0, 'price': 3.64, 'value': 373100.0, 'profit_pct': 1.6909606534335402}}",0.00030322481799416323,1.0144065504477708,-3.091264414818906
2025-04-16,726582.1734837508,288635.9,1015218.0734837508,"{'510300': {'shares': 79100.0, 'price': 3.649, 'value': 288635.9, 'profit_pct': 1.9423943473568621}}",0.0007999978269284114,1.0152180734837508,-3.0137376369403834
2025-04-17,726582.1734837508,288873.2,1015455.3734837507,"{'510300': {'shares': 79100.0, 'price': 3.652, 'value': 288873.2, 'profit_pct': 2.0262055786646402}}",0.0002337428836207689,1.0154553734837508,-2.991067788304047
2025-04-18,726582.1734837508,289664.2,1016246.3734837507,"{'510300': {'shares': 79100.0, 'price': 3.662, 'value': 289664.2, 'profit_pct': 2.3055763496905506}}",0.0007789608688428817,1.0162463734837508,-2.9155016261829148
2025-04-21,726582.1734837508,289822.4,1016404.5734837508,"{'510300': {'shares': 79100.0, 'price': 3.664, 'value': 289822.4, 'profit_pct': 2.36145050389574}}",0.00015567091221968532,1.0164045734837508,-2.9003883937586794
2025-04-22,726582.1734837508,290059.7,1016641.8734837507,"{'510300': {'shares': 79100.0, 'price': 3.667, 'value': 290059.7, 'profit_pct': 2.4452617352035055}}",0.00023347002383755644,1.0166418734837508,-2.877718545122343
2025-04-23,726582.1734837508,290376.1,1016958.2734837508,"{'510300': {'shares': 79100.0, 'price': 3.671, 'value': 290376.1, 'profit_pct': 2.5570100436138725}}",0.00031122070441158556,1.0169582734837508,-2.8474920802738946
2025-04-24,726582.1734837508,290376.1,1016958.2734837508,"{'510300': {'shares': 79100.0, 'price': 3.671, 'value': 290376.1, 'profit_pct': 2.5570100436138725}}",0.0,1.0169582734837508,-2.8474920802738946
2025-04-25,726582.1734837508,290376.1,1016958.2734837508,"{'510300': {'shares': 79100.0, 'price': 3.671, 'value': 290376.1, 'profit_pct': 2.5570100436138725}}",0.0,1.0169582734837508,-2.8474920802738946
2025-04-28,726582.1734837508,289901.5,1016483.6734837508,"{'510300': {'shares': 79100.0, 'price': 3.665, 'value': 289901.5, 'profit_pct': 2.3893875809983287}}",-0.00046668581432962597,1.0164836734837508,-2.8928317775465673
2025-04-29,726582.1734837508,289347.8,1015929.9734837508,"{'510300': {'shares': 79100.0, 'price': 3.658, 'value': 289347.8, 'profit_pct': 2.193828041280184}}",-0.0005447209969465794,1.0159299734837508,-2.9457280910313632
2025-04-30,726582.1734837508,289110.5,1015692.6734837508,"{'510300': {'shares': 79100.0, 'price': 3.655, 'value': 289110.5, 'profit_pct': 2.110016809972406}}",-0.0002335790912697533,1.0156926734837508,-2.9683979396677107
2025-05-06,726582.1734837508,292037.2,1018619.3734837507,"{'510300': {'shares': 79100.0, 'price': 3.692, 'value': 292037.2, 'profit_pct': 3.143688662768306}}",0.002881481846237488,1.0186193734837508,-2.6888031398195067
2025-05-07,726582.1734837508,293935.60000000003,1020517.7734837509,"{'510300': {'shares': 79100.0, 'price': 3.716, 'value': 293935.60000000003, 'profit_pct': 3.814178513230506}}",0.0018636990905713802,1.020517773483751,-2.5074443507287714
2025-05-08,726582.1734837508,295754.89999999997,1022337.0734837507,"{'510300': {'shares': 79100.0, 'price': 3.739, 'value': 295754.89999999997, 'profit_pct': 4.456731286590105}}",0.001782722503488765,1.0223370734837507,-2.3336421778501815
2025-05-09,726582.1734837508,295359.4,1021941.5734837508,"{'510300': {'shares': 79100.0, 'price': 3.734, 'value': 295359.4, 'profit_pct': 4.31704590107715}}",-0.00038685870859811455,1.0219415734837507,-2.371425258910731
2025-05-12,726582.1734837508,298918.89999999997,1025501.0734837507,"{'510300': {'shares': 79100.0, 'price': 3.779, 'value': 298918.89999999997, 'profit_pct': 5.574214370693771}}",0.0034830758356034774,1.0255010734837506,-2.03137752936563
2025-05-13,726582.1734837508,299235.3,1025817.4734837508,"{'510300': {'shares': 79100.0, 'price': 3.783, 'value': 299235.3, 'profit_pct': 5.685962679104138}}",0.00030853210023984445,1.0258174734837509,-2.0011510645171704
2025-05-14,726582.1734837508,303269.4,1029851.5734837508,"{'510300': {'shares': 79100.0, 'price': 3.834, 'value': 303269.4, 'profit_pct': 7.110753611336315}}",0.003932570953680381,1.0298515734837508,-1.6157636376993745
2025-05-15,726582.1734837508,300580.0,1027162.1734837508,"{'510300': {'shares': 79100.0, 'price': 3.8, 'value': 300580.0, 'profit_pct': 6.160892989848192}}",-0.002611444279200792,1.0271621734837508,-1.8726885889112421
2025-05-16,726582.1734837508,298839.8,1025421.9734837508,"{'510300': {'shares': 79100.0, 'price': 3.778, 'value': 298839.8, 'profit_pct': 5.546277293591182}}",-0.0016941823257546895,1.0254219734837509,-2.038934145577731
2025-05-19,726582.1734837508,298365.2,1024947.3734837507,"{'510300': {'shares': 79100.0, 'price': 3.772, 'value': 298365.2, 'profit_pct': 5.378654830975627}}",-0.0004628338501345697,1.0249473734837506,-2.084273842850426
2025-05-20,726582.1734837508,299947.2,1026529.3734837507,"{'510300': {'shares': 79100.0, 'price': 3.792, 'value': 299947.2, 'profit_pct': 5.93739637302746}}",0.001543493881664304,1.0265293734837508,-1.9331415186081502
2025-05-21,726582.1734837508,301212.8,1027794.9734837508,"{'510300': {'shares': 79100.0, 'price': 3.808, 'value': 301212.8, 'profit_pct': 6.384389606668926}}",0.0012328921438506946,1.0277949734837508,-1.812235659214323
2025-05-22,726582.1734837508,301054.6,1027636.7734837508,"{'510300': {'shares': 79100.0, 'price': 3.806, 'value': 301054.6, 'profit_pct': 6.3285154524637495}}",-0.00015392174906625478,1.0276367734837508,-1.8273488916385583
2025-05-23,726582.1734837508,298760.7,1025342.8734837507,"{'510300': {'shares': 79100.0, 'price': 3.777, 'value': 298760.7, 'profit_pct': 5.518340216488594}}",-0.002232208946964409,1.0253428734837506,-2.0464907617898542
2025-05-26,726582.1734837508,297099.6,1023681.7734837508,"{'510300': {'shares': 79100.0, 'price': 3.756, 'value': 297099.6, 'profit_pct': 4.93166159733416}}",-0.0016200434439614941,1.0236817734837507,-2.205179702244242
2025-05-27,726582.1734837508,295438.5,1022020.6734837508,"{'510300': {'shares': 79100.0, 'price': 3.735, 'value': 295438.5, 'profit_pct': 4.344982978179739}}",-0.0016226722434912189,1.0220206734837507,-2.363868642698619
2025-05-28,726582.1734837508,295122.1,1021704.2734837508,"{'510300': {'shares': 79100.0, 'price': 3.731, 'value': 295122.1, 'profit_pct': 4.233234669769372}}",-0.0003095827787137351,1.0217042734837507,-2.3940951075470784
2025-05-29,726582.1734837508,297020.5,1023602.6734837508,"{'510300': {'shares': 79100.0, 'price': 3.755, 'value': 297020.5, 'profit_pct': 4.903724520231571}}",0.0018580718993441714,1.023602673483751,-2.212736318456354
2025-05-30,726582.1734837508,296466.8,1023048.9734837508,"{'510300': {'shares': 79100.0, 'price': 3.748, 'value': 296466.8, 'profit_pct': 4.708164980513439}}",-0.0005409325457459424,1.023048973483751,-2.265632631941139
2025-06-03,726582.1734837508,296308.6,1022890.7734837508,"{'510300': {'shares': 79100.0, 'price': 3.746, 'value': 296308.6, 'profit_pct': 4.652290826308249}}",-0.00015463580346630756,1.0228907734837507,-2.2807458643653744
2025-06-04,726582.1734837508,297653.3,1024235.4734837508,"{'510300': {'shares': 79100.0, 'price': 3.763, 'value': 297653.3, 'profit_pct': 5.127221137052305}}",0.001314607614868013,1.0242354734837509,-2.152283388759435
2025-06-05,726582.1734837508,298444.3,1025026.4734837508,"{'510300': {'shares': 79100.0, 'price': 3.773, 'value': 298444.3, 'profit_pct': 5.406591908078227}}",0.0007722833474117508,1.0250264734837509,-2.0767172266383027
2025-06-06,726582.1734837508,298602.5,1025184.6734837508,"{'510300': {'shares': 79100.0, 'price': 3.775, 'value': 298602.5, 'profit_pct': 5.462466062283404}}",0.0001543374772188244,1.0251846734837509,-2.0616039942140785
2025-06-09,726582.1734837508,299314.39999999997,1025896.5734837507,"{'510300': {'shares': 79100.0, 'price': 3.784, 'value': 299314.39999999997, 'profit_pct': 5.713899756206726}}",0.000694411473769696,1.0258965734837506,-1.9935944483050694
2025-06-10,726582.1734837508,297495.10000000003,1024077.2734837509,"{'510300': {'shares': 79100.0, 'price': 3.761, 'value': 297495.10000000003, 'profit_pct': 5.071346982847127}}",-0.0017733756472368967,1.0240772734837509,-2.1673966211836593
2025-06-11,726582.1734837508,300026.3,1026608.4734837508,"{'510300': {'shares': 79100.0, 'price': 3.793, 'value': 300026.3, 'profit_pct': 5.9653334501300606}}",0.0024716884804885098,1.0266084734837508,-1.925584902396027
2025-06-12,726582.1734837508,300184.5,1026766.6734837508,"{'510300': {'shares': 79100.0, 'price': 3.795, 'value': 300184.5, 'profit_pct': 6.021207604335238}}",0.00015409964371637663,1.0267666734837508,-1.9104716699718027
2025-06-13,726582.1734837508,298127.9,1024710.0734837508,"{'510300': {'shares': 79100.0, 'price': 3.769, 'value': 298127.9, 'profit_pct': 5.294843599667861}}",-0.0020029867087739683,1.0247100734837509,-2.1069436914867623
2025-06-16,726582.1734837508,298918.89999999997,1025501.0734837507,"{'510300': {'shares': 79100.0, 'price': 3.779, 'value': 298918.89999999997, 'profit_pct': 5.574214370693771}}",0.0007719256602121138,1.0255010734837506,-2.03137752936563
2025-06-17,726582.1734837508,298839.8,1025421.9734837508,"{'510300': {'shares': 79100.0, 'price': 3.778, 'value': 298839.8, 'profit_pct': 5.546277293591182}}",-7.713302505973907e-05,1.0254219734837509,-2.038934145577731
2025-06-18,726582.1734837508,299077.10000000003,1025659.2734837509,"{'510300': {'shares': 79100.0, 'price': 3.781, 'value': 299077.10000000003, 'profit_pct': 5.6300885248989605}}",0.00023141692506722933,1.0256592734837509,-2.0162642969413835
2025-06-19,726582.1734837508,296625.0,1023207.1734837508,"{'510300': {'shares': 79100.0, 'price': 3.75, 'value': 296625.0, 'profit_pct': 4.764039134718616}}",-0.00239075496453256,1.0232071734837507,-2.250519399516915
2025-06-20,726582.1734837508,297020.5,1023602.6734837508,"{'510300': {'shares': 79100.0, 'price': 3.755, 'value': 297020.5, 'profit_pct': 4.903724520231571}}",0.000386529737329111,1.023602673483751,-2.212736318456354
2025-06-23,726582.1734837508,298048.8,1024630.9734837508,"{'510300': {'shares': 79100.0, 'price': 3.768, 'value': 298048.8, 'profit_pct': 5.26690652256526}}",0.0010045890135284008,1.0246309734837509,-2.1145003076988744
2025-06-24,726582.1734837508,301608.3,1028190.4734837508,"{'510300': {'shares': 79100.0, 'price': 3.813, 'value': 301608.3, 'profit_pct': 6.524074992181895}}",0.0034739336328060144,1.0281904734837508,-1.7744525781537623
2025-06-25,726582.1734837508,306749.8,1033331.9734837508,"{'510300': {'shares': 79100.0, 'price': 3.878, 'value': 306749.8, 'profit_pct': 8.33998500385035}}",0.005000532617832398,1.0333319734837507,-1.2832725243663745
2025-06-26,726582.1734837508,305563.3,1032145.4734837508,"{'510300': {'shares': 79100.0, 'price': 3.863, 'value': 305563.3, 'profit_pct': 7.920928847311471}}",-0.0011482273174997504,1.0321454734837507,-1.3966217675480785
2025-06-27,726582.1734837508,303744.0,1030326.1734837508,"{'510300': {'shares': 79100.0, 'price': 3.84, 'value': 303744.0, 'profit_pct': 7.278376073951859}}",-0.0017626391305669564,1.0303261734837508,-1.5704239404267017
2025-06-30,726582.1734837508,305246.9,1031829.0734837508,"{'510300': {'shares': 79100.0, 'price': 3.859, 'value': 305246.9, 'profit_pct': 7.809180538901103}}",0.0014586642935783267,1.0318290734837507,-1.4268482323965381
2025-07-01,726582.1734837508,305721.5,1032303.6734837508,"{'510300': {'shares': 79100.0, 'price': 3.865, 'value': 305721.5, 'profit_pct': 7.976803001516659}}",0.00045995990246483487,1.0323036734837507,-1.3815085351238543
2025-07-02,726582.1734837508,306037.9,1032620.0734837508,"{'510300': {'shares': 79100.0, 'price': 3.869, 'value': 306037.9, 'profit_pct': 8.088551309927027}}",0.0003064989577459265,1.0326200734837507,-1.3512820702754058
2025-07-03,726582.1734837508,307857.2,1034439.3734837507,"{'510300': {'shares': 79100.0, 'price': 3.892, 'value': 307857.2, 'profit_pct': 8.731104083286626}}",0.0017618290082839216,1.0344393734837507,-1.1774798973967937
2025-07-04,726582.1734837508,309201.89999999997,1035784.0734837507,"{'510300': {'shares': 79100.0, 'price': 3.909, 'value': 309201.89999999997, 'profit_pct': 9.20603439403068}}",0.001299931184435943,1.0357840734837507,-1.0490174217908654
2025-07-07,726582.1734837508,307778.1,1034360.2734837508,"{'510300': {'shares': 79100.0, 'price': 3.891, 'value': 307778.1, 'profit_pct': 8.703167006184037}}",-0.001374610825218725,1.0343602734837507,-1.1850365136089058
2025-07-08,726582.1734837508,310467.5,1037049.6734837508,"{'510300': {'shares': 79100.0, 'price': 3.925, 'value': 310467.5, 'profit_pct': 9.653027627672147}}",0.0026000611865555356,1.0370496734837509,-0.9281115623970382
2025-07-09,726582.1734837508,310230.2,1036812.3734837507,"{'510300': {'shares': 79100.0, 'price': 3.922, 'value': 310230.2, 'profit_pct': 9.569216396364382}}",-0.00022882221176823148,1.0368123734837507,-0.9507814110333856
2025-07-10,726582.1734837508,311812.2,1038394.3734837507,"{'510300': {'shares': 79100.0, 'price': 3.942, 'value': 311812.2, 'profit_pct': 10.127957938416214}}",0.0015258305557102059,1.0383943734837506,-0.799649086791121
2025-07-11,726582.1734837508,312919.6,1039501.7734837508,"{'510300': {'shares': 79100.0, 'price': 3.956, 'value': 312919.6, 'profit_pct': 10.51907701785249}}",0.0010664541606526523,1.0395017734837508,-0.6938564598215291
2025-07-14,726582.1734837508,312840.5,1039422.6734837508,"{'510300': {'shares': 79100.0, 'price': 3.955, 'value': 312840.5, 'profit_pct': 10.491139940749902}}",-7.609414627052224e-05,1.0394226734837508,-0.7014130760336412
2025-07-15,726582.1734837508,312840.5,1039422.6734837508,"{'510300': {'shares': 79100.0, 'price': 3.955, 'value': 312840.5, 'profit_pct': 10.491139940749902}}",0.0,1.0394226734837508,-0.7014130760336412
2025-07-16,726582.1734837508,312128.60000000003,1038710.7734837509,"{'510300': {'shares': 79100.0, 'price': 3.946, 'value': 312128.60000000003, 'profit_pct': 10.23970624682658}}",-0.0006848994332727676,1.0387107734837508,-0.7694226219426503
2025-07-17,726582.1734837508,314738.9,1041321.0734837508,"{'510300': {'shares': 79100.0, 'price': 3.979, 'value': 314738.9, 'profit_pct': 11.161629791212102}}",0.002513019087349244,1.0413210734837508,-0.5200542869429059
2025-07-18,726582.1734837508,317111.9,1043694.0734837508,"{'510300': {'shares': 79100.0, 'price': 4.009, 'value': 317111.9, 'profit_pct': 11.999742104289858}}",0.002278836048195121,1.0436940734837508,-0.29335580057949784
2025-07-21,726582.1734837508,319089.39999999997,1045671.5734837507,"{'510300': {'shares': 79100.0, 'price': 4.034, 'value': 319089.39999999997, 'profit_pct': 12.698169031854633}}",0.0018947123014689815,1.0456715734837507,-0.10444039527667259
2025-07-22,726582.1734837508,322569.80000000005,1049151.9734837508,"{'510300': {'shares': 79100.0, 'price': 4.078, 'value': 322569.80000000005, 'profit_pct': 13.92740042436868}}",0.0033283873141973785,1.0491519734837509,0.0
2025-07-23,726582.1734837508,322411.6,1048993.7734837509,"{'510300': {'shares': 79100.0, 'price': 4.076, 'value': 322411.6, 'profit_pct': 13.871526270163479}}",-0.00015078845009908193,1.048993773483751,-0.015078845009908193
2025-07-24,726582.1734837508,324468.2,1051050.3734837507,"{'510300': {'shares': 79100.0, 'price': 4.102, 'value': 324468.2, 'profit_pct': 14.59789027483088}}",0.0019605454789020094,1.0510503734837506,0.0
2025-07-25,726582.1734837508,322728.0,1049310.1734837508,"{'510300': {'shares': 79100.0, 'price': 4.08, 'value': 322728.0, 'profit_pct': 13.983274578573857}}",-0.0016556770673435972,1.0493101734837509,-0.16556770673435972
2025-07-28,726582.1734837508,323598.10000000003,1050180.2734837509,"{'510300': {'shares': 79100.0, 'price': 4.091, 'value': 323598.10000000003, 'profit_pct': 14.290582426702366}}",0.0008292114400372252,1.0501802734837509,-0.08278385336716321
2025-07-29,726582.1734837508,325259.2,1051841.3734837507,"{'510300': {'shares': 79100.0, 'price': 4.112, 'value': 325259.2, 'profit_pct': 14.877261045856791}}",0.0015817284345758242,1.0518413734837508,0.0
2025-07-30,726582.1734837508,325021.9,1051604.0734837507,"{'510300': {'shares': 79100.0, 'price': 4.109, 'value': 325021.9, 'profit_pct': 14.793449814549012}}",-0.00022560436010810037,1.0516040734837506,-0.022560436010810037
2025-07-31,726582.1734837508,318931.2,1045513.3734837507,"{'510300': {'shares': 79100.0, 'price': 4.032, 'value': 318931.2, 'profit_pct': 12.642294877649457}}",-0.005791818568962603,1.0455133734837507,-0.6016116269548677
2025-08-01,726582.1734837508,317191.0,1043773.1734837508,"{'510300': {'shares': 79100.0, 'price': 4.01, 'value': 317191.0, 'profit_pct': 12.027679181392434}}",-0.0016644454716073787,1.0437731734837508,-0.7670548243674524
2025-08-04,726582.1734837508,318693.89999999997,1045276.0734837507,"{'510300': {'shares': 79100.0, 'price': 4.029, 'value': 318693.89999999997, 'profit_pct': 12.558483646341678}}",0.0014398722233717187,1.0452760734837507,-0.6241720629656777
2025-08-05,726582.1734837508,321145.99999999994,1047728.1734837508,"{'510300': {'shares': 79100.0, 'price': 4.06, 'value': 321145.99999999994, 'profit_pct': 13.42453303652201}}",0.002345887428407023,1.0477281734837507,-0.3910475575206629
2025-08-06,726582.1734837508,322016.1,1048598.2734837509,"{'510300': {'shares': 79100.0, 'price': 4.071, 'value': 322016.1, 'profit_pct': 13.731840884650524}}",0.0008304634942735145,1.048598273483751,-0.3083259588143594
2025-08-07,726582.1734837508,321937.0,1048519.1734837508,"{'510300': {'shares': 79100.0, 'price': 4.07, 'value': 321937.0, 'profit_pct': 13.703903807547945}}",-7.543403608445409e-05,1.0485191734837507,-0.3158461041512961
2025-08-08,726582.1734837508,321145.99999999994,1047728.1734837508,"{'510300': {'shares': 79100.0, 'price': 4.06, 'value': 321145.99999999994, 'profit_pct': 13.42453303652201}}",-0.0007543972680745803,1.0477281734837507,-0.3910475575206629
2025-08-11,726582.1734837508,322648.89999999997,1049231.0734837507,"{'510300': {'shares': 79100.0, 'price': 4.079, 'value': 322648.89999999997, 'profit_pct': 13.955337501471254}}",0.0014344369446539496,1.0492310734837507,-0.2481647961188882
2025-08-12,726582.1734837508,324705.50000000006,1051287.6734837508,"{'510300': {'shares': 79100.0, 'price': 4.105, 'value': 324705.50000000006, 'profit_pct': 14.681701506138658}}",0.0019601020709114625,1.0512876734837509,-0.05264101735854565
2025-08-13,726582.1734837508,327474.0,1054056.1734837508,"{'510300': {'shares': 79100.0, 'price': 4.14, 'value': 327474.0, 'profit_pct': 15.659499204729343}}",0.0026334371360274833,1.0540561734837508,0.0
2025-08-14,726582.1734837508,326920.3,1053502.4734837508,"{'510300': {'shares': 79100.0, 'price': 4.133, 'value': 326920.3, 'profit_pct': 15.463939665011212}}",-0.0005253040719546131,1.0535024734837508,-0.052530407195461315
2025-08-15,726582.1734837508,330005.19999999995,1056587.3734837507,"{'510300': {'shares': 79100.0, 'price': 4.172, 'value': 330005.19999999995, 'profit_pct': 16.55348567201228}}",0.002928232327541469,1.0565873734837508,0.0
2025-08-18,726582.1734837508,332536.39999999997,1059118.5734837507,"{'510300': {'shares': 79100.0, 'price': 4.204, 'value': 332536.39999999997, 'profit_pct': 17.447472139295208}}",0.0023956371839406465,1.0591185734837507,0.0
2025-08-19,726582.1734837508,330796.2,1057378.3734837507,"{'510300': {'shares': 79100.0, 'price': 4.182, 'value': 330796.2, 'profit_pct': 16.83285644303821}}",-0.00164306437784012,1.0573783734837507,-0.164306437784012
2025-08-20,726582.1734837508,335463.1,1062045.2734837509,"{'510300': {'shares': 79100.0, 'price': 4.241, 'value': 335463.1, 'profit_pct': 18.4811439920911}}",0.0044136518364983335,1.0620452734837509,0.0
2025-08-21,726582.1734837508,336570.5,1063152.6734837508,"{'510300': {'shares': 79100.0, 'price': 4.255, 'value': 336570.5, 'profit_pct': 18.87226307152739}}",0.001042705078256656,1.0631526734837509,0.0
2025-08-22,812283.8420677108,258746.4,1071030.2420677107,"{'510300': {'shares': 59400.0, 'price': 4.356, 'value': 258746.4, 'profit_pct': 21.69390785888914}}",0.0074096306019215685,1.0710302420677107,0.0
2025-08-25,812283.8420677108,263854.8,1076138.6420677109,"{'510300': {'shares': 59400.0, 'price': 4.442, 'value': 263854.8, 'profit_pct': 24.09649648971203}}",0.00476961321851932,1.0761386420677108,0.0
2025-08-26,812283.8420677108,262429.2,1074713.0420677108,"{'510300': {'shares': 59400.0, 'price': 4.418, 'value': 262429.2, 'profit_pct': 23.42600663924983}}",-0.0013247363715709337,1.0747130420677107,-0.13247363715709337
2025-08-27,812283.8420677108,258508.80000000002,1070792.6420677109,"{'510300': {'shares': 59400.0, 'price': 4.352, 'value': 258508.80000000002, 'profit_pct': 21.58215955047879}}",-0.003647857471290372,1.070792642067711,-0.4967761393390835
2025-08-28,812283.8420677108,263498.4,1075782.242067711,"{'510300': {'shares': 59400.0, 'price': 4.436, 'value': 263498.4, 'profit_pct': 23.928874027096477}}",0.004659725705963957,1.075782242067711,-0.03311840928926779
2025-08-29,812283.8420677108,265993.2,1078277.0420677108,"{'510300': {'shares': 59400.0, 'price': 4.478, 'value': 265993.2, 'profit_pct': 25.102231265405315}}",0.002319056684933374,1.0782770420677108,0.0
2025-09-01,812283.8420677108,266884.2,1079168.0420677108,"{'510300': {'shares': 59400.0, 'price': 4.493, 'value': 266884.2, 'profit_pct': 25.521287421944205}}",0.0008263182514685052,1.0791680420677108,0.0
2025-09-02,812283.8420677108,265339.8,1077623.6420677109,"{'510300': {'shares': 59400.0, 'price': 4.467, 'value': 265339.8, 'profit_pct': 24.794923417276806}}",-0.0014311024231600245,1.0776236420677108,-0.14311024231600245
2025-09-03,812283.8420677108,262904.4,1075188.242067711,"{'510300': {'shares': 59400.0, 'price': 4.426, 'value': 262904.4, 'profit_pct': 23.649503256070563}}",-0.002259972688912981,1.075188242067711,-0.3687840859681546
2025-09-04,812283.8420677108,257380.2,1069664.0420677108,"{'510300': {'shares': 59400.0, 'price': 4.333, 'value': 257380.2, 'profit_pct': 21.05135508552954}}",-0.005137891007230944,1.0696640420677108,-0.8806784142523449
2025-09-05,812283.8420677108,263201.4,1075485.242067711,"{'510300': {'shares': 59400.0, 'price': 4.431, 'value': 263201.4, 'profit_pct': 23.789188641583518}}",0.005442082533453796,1.075485242067711,-0.34126288552276396
2025-09-08,812283.8420677108,263260.80000000005,1075544.6420677109,"{'510300': {'shares': 59400.0, 'price': 4.432, 'value': 263260.80000000005, 'profit_pct': 23.817125718686118}}",5.52308833969839e-05,1.0755446420677108,-0.3357586454337036
2025-09-09,812283.8420677108,261657.00000000003,1073940.8420677108,"{'510300': {'shares': 59400.0, 'price': 4.405, 'value': 261657.00000000003, 'profit_pct': 23.06282463691614}}",-0.0014911514941088333,1.0739408420677108,-0.4843731278387886
2025-09-10,812283.8420677108,262251.0,1074534.8420677108,"{'510300': {'shares': 59400.0, 'price': 4.415, 'value': 262251.0, 'profit_pct': 23.34219540794205}}",0.0005531030916530177,1.0745348420677108,-0.42933072694801844
2025-09-11,812283.8420677108,269497.8,1081781.6420677109,"{'510300': {'shares': 59400.0, 'price': 4.537, 'value': 269497.8, 'profit_pct': 26.75051881445823}}",0.006744127520383669,1.0817816420677109,0.0
2025-09-12,812283.8420677108,267181.2,1079465.0420677108,"{'510300': {'shares': 59400.0, 'price': 4.498, 'value': 267181.2, 'profit_pct': 25.66097280745716}}",-0.0021414672886962416,1.0794650420677108,-0.21414672886962416
2025-09-15,812283.8420677108,267656.4,1079940.242067711,"{'510300': {'shares': 59400.0, 'price': 4.506, 'value': 267656.4, 'profit_pct': 25.884469424277896}}",0.00044021805383342993,1.0799402420677109,-0.1702191947425047
2025-09-16,812283.8420677108,267121.8,1079405.6420677109,"{'510300': {'shares': 59400.0, 'price': 4.497, 'value': 267121.8, 'profit_pct': 25.633035730354564}}",-0.0004950273905679481,1.079405642067711,-0.21963767063549744
2025-09-17,812283.8420677108,269082.0,1081365.8420677108,"{'510300': {'shares': 59400.0, 'price': 4.53, 'value': 269082.0, 'profit_pct': 26.5549592747401}}",0.001815999401527213,1.0813658420677108,-0.038436592361212885
2025-09-18,812283.8420677108,265577.4,1077861.242067711,"{'510300': {'shares': 59400.0, 'price': 4.471, 'value': 265577.4, 'profit_pct': 24.906671725687186}}",-0.003240901333908086,1.077861242067711,-0.3624021565485691
2025-09-19,812283.8420677108,266171.39999999997,1078455.2420677107,"{'510300': {'shares': 59400.0, 'price': 4.481, 'value': 266171.39999999997, 'profit_pct': 25.186042496713096}}",0.0005510913435018416,1.0784552420677107,-0.3074927388897142
2025-09-22,812283.8420677108,267062.4,1079346.242067711,"{'510300': {'shares': 59400.0, 'price': 4.496, 'value': 267062.4, 'profit_pct': 25.605098653251986}}",0.000826181713662999,1.079346242067711,-0.22512861240138182
2025-09-23,812283.8420677108,267240.6,1079524.4420677107,"{'510300': {'shares': 59400.0, 'price': 4.499, 'value': 267240.6, 'profit_pct': 25.68890988455974}}",0.00016509994018076846,1.0795244420677106,-0.20865578710373978
2025-09-24,812283.8420677108,269676.0,1081959.8420677108,"{'510300': {'shares': 59400.0, 'price': 4.54, 'value': 269676.0, 'profit_pct': 26.83433004576601}}",0.002255993384768118,1.0819598420677108,0.0
2025-09-25,812283.8420677108,271576.8,1083860.6420677109,"{'510300': {'shares': 59400.0, 'price': 4.572, 'value': 271576.8, 'profit_pct': 27.728316513048938}}",0.0017568119685176242,1.0838606420677108,0.0
2025-09-26,812283.8420677108,268963.19999999995,1081247.0420677108,"{'510300': {'shares': 59400.0, 'price': 4.528, 'value': 268963.19999999995, 'profit_pct': 26.499085120534893}}",-0.0024113801152646497,1.0812470420677107,-0.24113801152646497
2025-09-29,812283.8420677108,273537.0,1085820.8420677108,"{'510300': {'shares': 59400.0, 'price': 4.605, 'value': 273537.0, 'profit_pct': 28.650240057434473}}",0.004230115618400587,1.085820842067711,0.0
2025-09-30,812283.8420677108,274309.2,1086593.0420677108,"{'510300': {'shares': 59400.0, 'price': 4.618, 'value': 274309.2, 'profit_pct': 29.013422059768164}}",0.000711167045319705,1.0865930420677108,0.0
2025-10-09,812283.8420677108,278764.19999999995,1091048.0420677108,"{'510300': {'shares': 59400.0, 'price': 4.693, 'value': 278764.19999999995, 'profit_pct': 31.108702842462517}}",0.004099971035634864,1.0910480420677107,0.0
2025-10-10,812283.8420677108,273002.4,1085286.242067711,"{'510300': {'shares': 59400.0, 'price': 4.596, 'value': 273002.4, 'profit_pct': 28.398806363511138}}",-0.005280977351904914,1.085286242067711,-0.5280977351904914
2025-10-13,812283.8420677108,271398.6,1083682.4420677107,"{'510300': {'shares': 59400.0, 'price': 4.569, 'value': 271398.6, 'profit_pct': 27.64450528174116}}",-0.00147776682117029,1.0836824420677107,-0.6750940119961246
2025-10-14,812283.8420677108,268606.8,1080890.6420677109,"{'510300': {'shares': 59400.0, 'price': 4.522, 'value': 268606.8, 'profit_pct': 26.331462657919364}}",-0.0025762159573914367,1.080890642067711,-0.9309764197688364
2025-10-15,812283.8420677108,272230.2,1084514.0420677108,"{'510300': {'shares': 59400.0, 'price': 4.583, 'value': 272230.2, 'profit_pct': 28.03562436117745}}",0.0033522355166923923,1.0845140420677108,-0.5988737203191374
2025-10-16,812283.8420677108,273121.2,1085405.0420677108,"{'510300': {'shares': 59400.0, 'price': 4.598, 'value': 273121.2, 'profit_pct': 28.454680517716312}}",0.0008215661258763607,1.0854050420677108,-0.517209122093798
2025-10-17,812283.8420677108,267359.4,1079643.242067711,"{'510300': {'shares': 59400.0, 'price': 4.501, 'value': 267359.4, 'profit_pct': 25.74478403876494}}",-0.0053084330518895495,1.079643242067711,-1.0453068572842894
2025-10-20,812283.8420677108,268309.80000000005,1080593.6420677109,"{'510300': {'shares': 59400.0, 'price': 4.517, 'value': 268309.80000000005, 'profit_pct': 26.19177727240641}}",0.0008802907877047961,1.080593642067711,-0.9581979525106088
2025-10-21,812283.8420677108,272467.8,1084751.6420677109,"{'510300': {'shares': 59400.0, 'price': 4.587, 'value': 272467.8, 'profit_pct': 28.147372669587806}}",0.003847884938545265,1.0847516420677108,-0.5770964941257062
2025-10-22,812283.8420677108,271576.8,1083860.6420677109,"{'510300': {'shares': 59400.0, 'price': 4.572, 'value': 271576.8, 'profit_pct': 27.728316513048938}}",-0.0008213861730613781,1.0838606420677108,-0.6587610923510456
2025-10-23,812283.8420677108,272646.0,1084929.8420677108,"{'510300': {'shares': 59400.0, 'price': 4.59, 'value': 272646.0, 'profit_pct': 28.231183900895584}}",0.0009864736835172305,1.084929842067711,-0.5607635744806383
2025-10-24,812283.8420677108,276031.8,1088315.6420677109,"{'510300': {'shares': 59400.0, 'price': 4.647, 'value': 276031.8, 'profit_pct': 29.823597295743316}}",0.003120754788666469,1.088315642067711,-0.2504381012243595
2025-10-27,812283.8420677108,279358.2,1091642.0420677108,"{'510300': {'shares': 59400.0, 'price': 4.703, 'value': 279358.2, 'profit_pct': 31.388073613488448}}",0.0030564662230527784,1.0916420420677109,0.0
2025-10-28,812283.8420677108,277932.60000000003,1090216.442067711,"{'510300': {'shares': 59400.0, 'price': 4.679, 'value': 277932.60000000003, 'profit_pct': 30.71758376302625}}",-0.0013059225873158775,1.090216442067711,-0.13059225873158775
2025-10-29,812283.8420677108,281496.6,1093780.4420677107,"{'510300': {'shares': 59400.0, 'price': 4.739, 'value': 281496.6, 'profit_pct': 32.393808389181736}}",0.0032690756279920574,1.0937804420677106,0.0
2025-10-30,812283.8420677108,279180.0,1091463.8420677108,"{'510300': {'shares': 59400.0, 'price': 4.7, 'value': 279180.0, 'profit_pct': 31.30426238218067}}",-0.0021179753366411536,1.0914638420677107,-0.21179753366411536
2025-10-31,812283.8420677108,275200.2,1087484.0420677108,"{'510300': {'shares': 59400.0, 'price': 4.633, 'value': 275200.2, 'profit_pct': 29.43247821630703}}",-0.003646295778759412,1.0874840420677108,-0.5756548350871027
2025-11-03,812283.8420677108,275616.0,1087899.8420677108,"{'510300': {'shares': 59400.0, 'price': 4.64, 'value': 275616.0, 'profit_pct': 29.62803775602516}}",0.00038235043818146686,1.0878998420677108,-0.5376398931473902
2025-11-04,812283.8420677108,273596.39999999997,1085880.2420677107,"{'510300': {'shares': 59400.0, 'price': 4.606, 'value': 273596.39999999997, 'profit_pct': 28.678177134537048}}",-0.0018564208963957052,1.0858802420677107,-0.7222838968545808
2025-11-05,812283.8420677108,273952.8,1086236.6420677109,"{'510300': {'shares': 59400.0, 'price': 4.612, 'value': 273952.8, 'profit_pct': 28.845799597152606}}",0.0003282129890507246,1.086236642067711,-0.68969966090624
2025-11-06,812283.8420677108,278110.80000000005,1090394.6420677109,"{'510300': {'shares': 59400.0, 'price': 4.682, 'value': 278110.80000000005, 'profit_pct': 30.801394994334025}}",0.0038278951740065015,1.0903946420677109,-0.3095502415090934
2025-11-07,812283.8420677108,277516.8,1089800.6420677109,"{'510300': {'shares': 59400.0, 'price': 4.672, 'value': 277516.8, 'profit_pct': 30.52202422330809}}",-0.0005447568954242143,1.0898006420677109,-0.36385730142297623
2025-11-10,812283.8420677108,278229.60000000003,1090513.442067711,"{'510300': {'shares': 59400.0, 'price': 4.684, 'value': 278229.60000000003, 'profit_pct': 30.857269148539206}}",0.0006540645806993872,1.090513442067711,-0.2986888295263168
2025-11-11,812283.8420677108,275616.0,1087899.8420677108,"{'510300': {'shares': 59400.0, 'price': 4.64, 'value': 275616.0, 'profit_pct': 29.62803775602516}}",-0.0023966692194499206,1.0878998420677108,-0.5376398931473902
2025-11-12,812283.8420677108,275734.80000000005,1088018.6420677109,"{'510300': {'shares': 59400.0, 'price': 4.642, 'value': 275734.80000000005, 'profit_pct': 29.68391191023036}}",0.00010920122919988451,1.088018642067711,-0.5267784811646026
2025-11-13,812283.8420677108,278526.6,1090810.4420677107,"{'510300': {'shares': 59400.0, 'price': 4.689, 'value': 278526.6, 'profit_pct': 30.996954534052158}}",0.002565948681443775,1.0908104420677107,-0.27153529956939204
2025-11-14,812283.8420677108,274309.2,1086593.0420677108,"{'510300': {'shares': 59400.0, 'price': 4.618, 'value': 274309.2, 'profit_pct': 29.013422059768164}}",-0.003866299622146574,1.0865930420677108,-0.6571154249579214
2025-11-17,812283.8420677108,272467.8,1084751.6420677109,"{'510300': {'shares': 59400.0, 'price': 4.587, 'value': 272467.8, 'profit_pct': 28.147372669587806}}",-0.0016946546947289587,1.0847516420677108,-0.8254673106909416
2025-11-18,812283.8420677108,270864.0,1083147.8420677108,"{'510300': {'shares': 59400.0, 'price': 4.56, 'value': 270864.0, 'profit_pct': 27.393071587817825}}",-0.0014784951115104361,1.0831478420677108,-0.9720963724584197
2025-11-19,812283.8420677108,271695.6,1083979.4420677107,"{'510300': {'shares': 59400.0, 'price': 4.574, 'value': 271695.6, 'profit_pct': 27.784190667254116}}",0.000767762227557256,1.0839794420677107,-0.8960664885789948
2025-11-20,812283.8420677108,270448.2,1082732.0420677108,"{'510300': {'shares': 59400.0, 'price': 4.553, 'value': 270448.2, 'profit_pct': 27.197512048099693}}",-0.0011507598314046685,1.0827320420677107,-1.0101113143981322
2025-11-21,812283.8420677108,263795.39999999997,1076079.2420677107,"{'510300': {'shares': 59400.0, 'price': 4.441, 'value': 263795.39999999997, 'profit_pct': 24.068559412609428}}",-0.0061444565612883695,1.0760792420677108,-1.6183503854335868
2025-11-24,812283.8420677108,263379.60000000003,1075663.442067711,"{'510300': {'shares': 59400.0, 'price': 4.434, 'value': 263379.60000000003, 'profit_pct': 23.872999872891295}}",-0.0003864027701164785,1.075663442067711,-1.656365327373277
2025-11-25,812283.8420677108,265755.60000000003,1078039.442067711,"{'510300': {'shares': 59400.0, 'price': 4.474, 'value': 265755.60000000003, 'profit_pct': 24.990482956994963}}",0.002208869342470887,1.0780394420677109,-1.4391370877177678
2025-11-26,812283.8420677108,267478.2,1079762.0420677108,"{'510300': {'shares': 59400.0, 'price': 4.503, 'value': 267478.2, 'profit_pct': 25.800658192970115}}",0.001597900719379819,1.0797620420677108,-1.2816466139675353
2025-11-27,812283.8420677108,267240.6,1079524.4420677107,"{'510300': {'shares': 59400.0, 'price': 4.499, 'value': 267240.6, 'profit_pct': 25.68890988455974}}",-0.00022004848359469253,1.0795244420677106,-1.3033694379330885
2025-11-28,812283.8420677108,268012.8,1080296.6420677109,"{'510300': {'shares': 59400.0, 'price': 4.512, 'value': 268012.8, 'profit_pct': 26.052091886893425}}",0.0007153149756582433,1.080296642067711,-1.2327702600450352
2025-12-01,812283.8420677108,271101.6,1083385.4420677107,"{'510300': {'shares': 59400.0, 'price': 4.564, 'value': 271101.6, 'profit_pct': 27.504819896228206}}",0.0028592146635648685,1.0833854420677107,-0.9503735484928777
2025-12-02,812283.8420677108,269854.2,1082138.0420677108,"{'510300': {'shares': 59400.0, 'price': 4.543, 'value': 269854.2, 'profit_pct': 26.918141277073783}}",-0.0011513907715237082,1.0821380420677107,-1.064418374312015
2025-12-03,812283.8420677108,268606.8,1080890.6420677109,"{'510300': {'shares': 59400.0, 'price': 4.522, 'value': 268606.8, 'profit_pct': 26.331462657919364}}",-0.0011527180003915172,1.080890642067711,-1.1784632001311524
2025-12-04,812283.8420677108,269319.6,1081603.4420677107,"{'510300': {'shares': 59400.0, 'price': 4.534, 'value': 269319.6, 'profit_pct': 26.66670758315045}}",0.0006594561672179644,1.0816034420677108,-1.1132947282345151
2025-12-05,812283.8420677108,271755.0,1084038.8420677108,"{'510300': {'shares': 59400.0, 'price': 4.575, 'value': 271755.0, 'profit_pct': 27.81212774435672}}",0.0022516570355437526,1.0840388420677107,-0.890635782587601
2025-12-08,812283.8420677108,273774.6,1086058.4420677107,"{'510300': {'shares': 59400.0, 'price': 4.609, 'value': 273774.6, 'profit_pct': 28.761988365844825}}",0.0018630328744932978,1.0860584420677106,-0.7059917788804215
2025-12-09,812283.8420677108,272349.0,1084632.8420677108,"{'510300': {'shares': 59400.0, 'price': 4.585, 'value': 272349.0, 'profit_pct': 28.09149851538263}}",-0.0013126365440203625,1.0846328420677107,-0.8363287226737182
2025-12-10,812283.8420677108,271992.6,1084276.4420677107,"{'510300': {'shares': 59400.0, 'price': 4.579, 'value': 271992.6, 'profit_pct': 27.92387605276707}}",-0.0003285904558456565,1.0842764420677107,-0.868912958622059
2025-12-11,812283.8420677108,269973.0,1082256.8420677108,"{'510300': {'shares': 59400.0, 'price': 4.545, 'value': 269973.0, 'profit_pct': 26.974015431278964}}",-0.0018626246237983812,1.0822568420677108,-1.0535569623292385
2025-12-12,812283.8420677108,271517.39999999997,1083801.2420677107,"{'510300': {'shares': 59400.0, 'price': 4.571, 'value': 271517.39999999997, 'profit_pct': 27.70037943594634}}",0.0014270180053093107,1.0838012420677108,-0.9123586065531542
2025-12-15,812283.8420677108,269913.6,1082197.4420677107,"{'510300': {'shares': 59400.0, 'price': 4.544, 'value': 269913.6, 'profit_pct': 26.94607835417636}}",-0.0014797916239146502,1.0821974420677107,-1.0589876683206323
2025-12-16,812283.8420677108,267121.8,1079405.6420677109,"{'510300': {'shares': 59400.0, 'price': 4.497, 'value': 267121.8, 'profit_pct': 25.633035730354564}}",-0.0025797510615674923,1.079405642067711,-1.314230849915854
2025-12-17,812283.8420677108,271814.39999999997,1084098.2420677107,"{'510300': {'shares': 59400.0, 'price': 4.576, 'value': 271814.39999999997, 'profit_pct': 27.840064821459293}}",0.004347392506686143,1.0840982420677108,-0.8852050765962183
2025-12-18,812283.8420677108,269973.0,1082256.8420677108,"{'510300': {'shares': 59400.0, 'price': 4.545, 'value': 269973.0, 'profit_pct': 26.974015431278964}}",-0.0016985545484214937,1.0822568420677108,-1.0535569623292385
2025-12-19,812283.8420677108,271161.0,1083444.8420677108,"{'510300': {'shares': 59400.0, 'price': 4.565, 'value': 271161.0, 'profit_pct': 27.53275697333081}}",0.001097706157930478,1.0834448420677107,-0.9449428425014728
2025-12-22,812283.8420677108,273655.8,1085939.6420677109,"{'510300': {'shares': 59400.0, 'price': 4.607, 'value': 273655.8, 'profit_pct': 28.70611421163965}}",0.0023026552927594146,1.0859396420677108,-0.716853190863187
2025-12-23,812283.8420677108,274249.8,1086533.6420677109,"{'510300': {'shares': 59400.0, 'price': 4.617, 'value': 274249.8, 'profit_pct': 28.98548498266556}}",0.0005469917267859614,1.086533642067711,-0.6625461309493041
2025-12-24,812283.8420677108,275259.60000000003,1087543.442067711,"{'510300': {'shares': 59400.0, 'price': 4.634, 'value': 275259.60000000003, 'profit_pct': 29.460415293409625}}",0.0009293775736924914,1.0875434420677108,-0.5702241290957089
2025-12-25,812283.8420677108,275794.2,1088078.0420677108,"{'510300': {'shares': 59400.0, 'price': 4.643, 'value': 275794.2, 'profit_pct': 29.71184898733294}}",0.0004915665704199323,1.0880780420677107,-0.5213477751732309
2025-12-26,812283.8420677108,276863.39999999997,1089147.2420677107,"{'510300': {'shares': 59400.0, 'price': 4.661, 'value': 276863.39999999997, 'profit_pct': 30.214716375179577}}",0.0009826501028988854,1.0891472420677106,-0.4235950673282529
2025-12-29,812283.8420677108,275616.0,1087899.8420677108,"{'510300': {'shares': 59400.0, 'price': 4.64, 'value': 275616.0, 'profit_pct': 29.62803775602516}}",-0.001145299691189372,1.0878998420677108,-0.5376398931473902
2025-12-30,812283.8420677108,276210.0,1088493.8420677108,"{'510300': {'shares': 59400.0, 'price': 4.65, 'value': 276210.0, 'profit_pct': 29.907408527051093}}",0.0005460061459987564,1.0884938420677108,-0.4833328332335074
2025-12-31,812283.8420677108,275022.0,1087305.8420677108,"{'510300': {'shares': 59400.0, 'price': 4.63, 'value': 275022.0, 'profit_pct': 29.348666984999248}}",-0.0010914163719505376,1.0873058420677109,-0.591946953061262
2026-01-05,812283.8420677108,280427.4,1092711.242067711,"{'510300': {'shares': 59400.0, 'price': 4.721, 'value': 280427.4, 'profit_pct': 31.890941001335094}}",0.004971370327341296,1.092711242067711,-0.09775270784495582
2026-01-06,812283.8420677108,284882.4,1097166.242067711,"{'510300': {'shares': 59400.0, 'price': 4.796, 'value': 284882.4, 'profit_pct': 33.98622178402947}}",0.004077014885991215,1.097166242067711,0.0
2026-01-07,812283.8420677108,283813.19999999995,1096097.0420677108,"{'510300': {'shares': 59400.0, 'price': 4.778, 'value': 283813.19999999995, 'profit_pct': 33.483354396182804}}",-0.000974510478908952,1.0960970420677107,-0.0974510478908952
2026-01-08,812283.8420677108,281556.0,1093839.8420677108,"{'510300': {'shares': 59400.0, 'price': 4.74, 'value': 281556.0, 'profit_pct': 32.421745466284335}}",-0.002059306715892495,1.093839842067711,-0.3031810378827604
2026-01-09,812283.8420677108,282862.8,1095146.6420677109,"{'510300': {'shares': 59400.0, 'price': 4.762, 'value': 282862.8, 'profit_pct': 33.03636116254133}}",0.0011946904379802614,1.095146642067711,-0.1840742015716712
2026-01-12,812283.8420677108,284526.0,1096809.8420677108,"{'510300': {'shares': 59400.0, 'price': 4.79, 'value': 284526.0, 'profit_pct': 33.81859932141391}}",0.0015187007256487473,1.0968098420677108,-0.0324836826303021
2026-01-13,812283.8420677108,283516.19999999995,1095800.0420677108,"{'510300': {'shares': 59400.0, 'price': 4.773, 'value': 283516.19999999995, 'profit_pct': 33.34366901066985}}",-0.0009206700754037511,1.0958000420677108,-0.1245207834161488
2026-01-14,812283.8420677108,281734.2,1094018.0420677108,"{'510300': {'shares': 59400.0, 'price': 4.743, 'value': 281734.2, 'profit_pct': 32.50555669759211}}",-0.0016262090998258039,1.0940180420677108,-0.2869391965676149
2026-01-15,812283.8420677108,282268.8,1094552.6420677109,"{'510300': {'shares': 59400.0, 'price': 4.752, 'value': 282268.8, 'profit_pct': 32.75699039151542}}",0.000488657389040581,1.094552642067711,-0.2382136726221673
2026-01-16,812283.8420677108,281318.39999999997,1093602.2420677107,"{'510300': {'shares': 59400.0, 'price': 4.736, 'value': 281318.39999999997, 'profit_pct': 32.30999715787396}}",-0.0008682999459986851,1.0936022420677107,-0.3248368263029655
2026-01-19,812283.8420677108,281437.2,1093721.0420677108,"{'510300': {'shares': 59400.0, 'price': 4.738, 'value': 281437.2, 'profit_pct': 32.36587131207916}}",0.00010863181825171431,1.0937210420677108,-0.3140089320928574
2026-01-20,812283.8420677108,280605.60000000003,1092889.442067711,"{'510300': {'shares': 59400.0, 'price': 4.724, 'value': 280605.60000000003, 'profit_pct': 31.97475223264287}}",-0.0007603401306311985,1.0928894420677109,-0.3898041915635364
2026-01-21,812283.8420677108,280962.0,1093245.8420677108,"{'510300': {'shares': 59400.0, 'price': 4.73, 'value': 280962.0, 'profit_pct': 32.142374695258425}}",0.00032610800899091075,1.093245842067711,-0.3573205089332454
2026-01-22,812283.8420677108,280783.80000000005,1093067.6420677109,"{'510300': {'shares': 59400.0, 'price': 4.727, 'value': 280783.80000000005, 'profit_pct': 32.05856346395065}}",-0.00016300084861320396,1.0930676420677108,-0.3735623502483909
2026-01-23,812283.8420677108,279417.6,1091701.4420677107,"{'510300': {'shares': 59400.0, 'price': 4.704, 'value': 279417.6, 'profit_pct': 31.416010690591023}}",-0.001249876903698155,1.0917014420677107,-0.4980831336645397
2026-01-26,812283.8420677108,279892.8,1092176.6420677109,"{'510300': {'shares': 59400.0, 'price': 4.712, 'value': 279892.8, 'profit_pct': 31.63950730741176}}",0.0004352838438137496,1.0921766420677108,-0.4547715568241295
2026-01-27,812283.8420677108,279774.0,1092057.8420677108,"{'510300': {'shares': 59400.0, 'price': 4.71, 'value': 279774.0, 'profit_pct': 31.58363315320658}}",-0.0001087736135567674,1.0920578420677107,-0.4655994510342265
2026-01-28,812283.8420677108,280665.0,1092948.8420677108,"{'510300': {'shares': 59400.0, 'price': 4.725, 'value': 280665.0, 'profit_pct': 32.00268930974545}}",0.0008158908490716321,1.092948842067711,-0.3843902444584879
2026-01-29,812283.8420677108,283219.2,1095503.0420677108,"{'510300': {'shares': 59400.0, 'price': 4.768, 'value': 283219.2, 'profit_pct': 33.203983625156894}}",0.0023369803797657074,1.0955030420677108,-0.1515905189413913
2026-01-30,812283.8420677108,279833.4,1092117.242067711,"{'510300': {'shares': 59400.0, 'price': 4.711, 'value': 279833.4, 'profit_pct': 31.611570230309184}}",-0.0030906349594513882,1.092117242067711,-0.4601855039291669
2026-02-02,812283.8420677108,273240.0,1085523.8420677108,"{'510300': {'shares': 59400.0, 'price': 4.6, 'value': 273240.0, 'profit_pct': 28.510554671921497}}",-0.006037263899905887,1.085523842067711,-1.061133632589617
2026-02-03,812283.8420677108,277041.6,1089325.4420677107,"{'510300': {'shares': 59400.0, 'price': 4.664, 'value': 277041.6, 'profit_pct': 30.298527606487358}}",0.00350208798063667,1.0893254420677108,-0.7146410178665019
2026-02-04,812283.8420677108,279595.8,1091879.6420677109,"{'510300': {'shares': 59400.0, 'price': 4.707, 'value': 279595.8, 'profit_pct': 31.499821921898803}}",0.002344753827792756,1.0918796420677108,-0.481841292349372
2026-02-05,812283.8420677108,277932.60000000003,1090216.442067711,"{'510300': {'shares': 59400.0, 'price': 4.679, 'value': 277932.60000000003, 'profit_pct': 30.71758376302625}}",-0.0015232448119010256,1.090216442067711,-0.6334318112907411
2026-02-06,812283.8420677108,276150.6,1088434.4420677107,"{'510300': {'shares': 59400.0, 'price': 4.649, 'value': 276150.6, 'profit_pct': 29.87947144994849}}",-0.0016345378139963618,1.0884344420677108,-0.7958502244422294
2026-02-09,812283.8420677108,280783.80000000005,1093067.6420677109,"{'510300': {'shares': 59400.0, 'price': 4.727, 'value': 280783.80000000005, 'profit_pct': 32.05856346395065}}",0.004256756145274432,1.0930676420677108,-0.3735623502483909
2026-02-10,812283.8420677108,281140.19999999995,1093424.0420677108,"{'510300': {'shares': 59400.0, 'price': 4.733, 'value': 281140.19999999995, 'profit_pct': 32.22618592656618}}",0.0003260548444428135,1.0934240420677108,-0.341078667618111
2026-02-11,812283.8420677108,280546.2,1092830.0420677108,"{'510300': {'shares': 59400.0, 'price': 4.723, 'value': 280546.2, 'profit_pct': 31.94681515554027}}",-0.0005432476122225749,1.0928300420677108,-0.395218138668596
2026-02-12,812283.8420677108,280783.80000000005,1093067.6420677109,"{'510300': {'shares': 59400.0, 'price': 4.727, 'value': 280783.80000000005, 'profit_pct': 32.05856346395065}}",0.00021741715624012947,1.0930676420677108,-0.3735623502483909
2026-02-13,812283.8420677108,277457.4,1089741.242067711,"{'510300': {'shares': 59400.0, 'price': 4.671, 'value': 277457.4, 'profit_pct': 30.494087146205516}}",-0.0030431785481340734,1.089741242067711,-0.6767433881311291
2026-02-24,812283.8420677108,280130.4,1092414.242067711,"{'510300': {'shares': 59400.0, 'price': 4.716, 'value': 280130.4, 'profit_pct': 31.75125561582214}}",0.002452875872558602,1.092414242067711,-0.4331157684039244
2026-02-25,812283.8420677108,282150.0,1094433.8420677108,"{'510300': {'shares': 59400.0, 'price': 4.75, 'value': 282150.0, 'profit_pct': 32.701116237310245}}",0.0018487492401939587,1.0944338420677109,-0.2490415668322643
2026-02-26,812283.8420677108,281259.0,1093542.8420677108,"{'510300': {'shares': 59400.0, 'price': 4.735, 'value': 281259.0, 'profit_pct': 32.28206008077138}}",-0.0008141195618701635,1.093542842067711,-0.3302507734080029
2026-02-27,812283.8420677108,280665.0,1092948.8420677108,"{'510300': {'shares': 59400.0, 'price': 4.725, 'value': 280665.0, 'profit_pct': 32.00268930974545}}",-0.0005431885950410997,1.092948842067711,-0.3843902444584879
2026-03-02,812283.8420677108,281496.6,1093780.4420677107,"{'510300': {'shares': 59400.0, 'price': 4.739, 'value': 281496.6, 'profit_pct': 32.393808389181736}}",0.0007608773329468299,1.0937804420677106,-0.30859498498782
2026-03-03,812283.8420677108,277873.2,1090157.0420677108,"{'510300': {'shares': 59400.0, 'price': 4.678, 'value': 277873.2, 'profit_pct': 30.68964668592365}}",-0.0033127306547465762,1.0901570420677107,-0.6388457583958007
2026-03-04,812283.8420677108,273834.0,1086117.8420677108,"{'510300': {'shares': 59400.0, 'price': 4.61, 'value': 273834.0, 'profit_pct': 28.78992544294743}}",-0.0037051542522156256,1.086117842067711,-1.006994161539132
2026-03-05,812283.8420677108,276447.6,1088731.4420677107,"{'510300': {'shares': 59400.0, 'price': 4.654, 'value': 276447.6, 'profit_pct': 30.019156835461448}}",0.002406368718724128,1.0887314420677108,-0.7687804889169869
2026-03-06,812283.8420677108,277219.8,1089503.6420677109,"{'510300': {'shares': 59400.0, 'price': 4.667, 'value': 277219.8, 'profit_pct': 30.382338837795135}}",0.0007092658209022495,1.0895036420677109,-0.6983991765513342
2026-03-09,812283.8420677108,274962.6,1087246.4420677107,"{'510300': {'shares': 59400.0, 'price': 4.629, 'value': 274962.6, 'profit_pct': 29.32072990789665}}",-0.0020717691183815834,1.0872464420677106,-0.9041291665432105
2026-03-10,812283.8420677108,278170.2,1090454.0420677108,"{'510300': {'shares': 59400.0, 'price': 4.683, 'value': 278170.2, 'profit_pct': 30.829332071436603}}",0.0029502051015222186,1.0904540420677107,-0.6117760228705582
2026-03-11,812283.8420677108,279833.4,1092117.242067711,"{'510300': {'shares': 59400.0, 'price': 4.711, 'value': 279833.4, 'profit_pct': 31.611570230309184}}",0.0015252362188933333,1.092117242067711,-0.4601855039291669
2026-03-12,812283.8420677108,278823.6,1091107.4420677107,"{'510300': {'shares': 59400.0, 'price': 4.694, 'value': 278823.6, 'profit_pct': 31.136639919565113}}",-0.0009246260026885,1.0911074420677107,-0.5522226047150247
2026-03-13,812283.8420677108,277813.8,1090097.6420677109,"{'510300': {'shares': 59400.0, 'price': 4.677, 'value': 277813.8, 'profit_pct': 30.66170960882105}}",-0.0009254817271580063,1.0900976420677109,-0.6442597055008381
2026-03-16,812283.8420677108,277992.0,1090275.8420677108,"{'510300': {'shares': 59400.0, 'price': 4.68, 'value': 277992.0, 'profit_pct': 30.745520840128826}}",0.00016347159476648443,1.0902758420677108,-0.6280178641857037
2026-03-17,812283.8420677108,275972.4,1088256.242067711,"{'510300': {'shares': 59400.0, 'price': 4.646, 'value': 275972.4, 'profit_pct': 29.795660218640712}}",-0.001852375263281747,1.0882562420677109,-0.8120920657573527
2026-03-18,812283.8420677108,276922.8,1089206.6420677109,"{'510300': {'shares': 59400.0, 'price': 4.662, 'value': 276922.8, 'profit_pct': 30.24265345228218}}",0.0008733237295235341,1.089206642067711,-0.7254689120765767
2026-03-19,812283.8420677108,273180.60000000003,1085464.442067711,"{'510300': {'shares': 59400.0, 'price': 4.599, 'value': 273180.60000000003, 'profit_pct': 28.482617594818915}}",-0.0034357116964471857,1.0854644420677109,-1.0665475796946655
2026-03-20,812283.8420677108,271814.39999999997,1084098.2420677107,"{'510300': {'shares': 59400.0, 'price': 4.576, 'value': 271814.39999999997, 'profit_pct': 27.840064821459293}}",-0.0012586317405273162,1.0840982420677108,-1.1910683631108032
2026-03-23,812283.8420677108,263142.0,1075425.8420677108,"{'510300': {'shares': 59400.0, 'price': 4.43, 'value': 263142.0, 'profit_pct': 23.76125156448092}}",-0.007999644002243733,1.0754258420677107,-1.9815046404479508
2026-03-24,812283.8420677108,266052.6,1078336.4420677107,"{'510300': {'shares': 59400.0, 'price': 4.479, 'value': 266052.6, 'profit_pct': 25.13016834250792}}",0.0027064627667898744,1.0783364420677106,-1.7162212323005632
2026-03-25,812283.8420677108,269913.6,1082197.4420677107,"{'510300': {'shares': 59400.0, 'price': 4.544, 'value': 269913.6, 'profit_pct': 26.94607835417636}}",0.0035805151800272217,1.0821974420677107,-1.3643146704723774
2026-03-26,812283.8420677108,266587.2,1078871.0420677108,"{'510300': {'shares': 59400.0, 'price': 4.488, 'value': 266587.2, 'profit_pct': 25.38160203643125}}",-0.003073745945697537,1.0788710420677108,-1.6674957083551156
2026-03-27,812283.8420677108,267775.2,1080059.0420677108,"{'510300': {'shares': 59400.0, 'price': 4.508, 'value': 267775.2, 'profit_pct': 25.940343578483073}}",0.0011011510678080594,1.0800590420677108,-1.5592167662541345
2026-03-30,812283.8420677108,267300.0,1079583.8420677108,"{'510300': {'shares': 59400.0, 'price': 4.5, 'value': 267300.0, 'profit_pct': 25.716846961662338}}",-0.00043997594713918176,1.0795838420677109,-1.6025283430945225
2026-03-31,812283.8420677108,265102.2,1077386.0420677108,"{'510300': {'shares': 59400.0, 'price': 4.463, 'value': 265102.2, 'profit_pct': 24.68317510886645}}",-0.0020357844517111534,1.0773860420677108,-1.8028443859813392
2026-04-01,812283.8420677108,269319.6,1081603.4420677107,"{'510300': {'shares': 59400.0, 'price': 4.534, 'value': 269319.6, 'profit_pct': 26.66670758315045}}",0.003914474325197315,1.0816034420677108,-1.4184541415228735
2026-04-02,812283.8420677108,266646.6,1078930.4420677107,"{'510300': {'shares': 59400.0, 'price': 4.489, 'value': 266646.6, 'profit_pct': 25.40953911353383}}",-0.0024713308926698208,1.0789304420677106,-1.6620817612500782
2026-04-03,812283.8420677108,264567.6,1076851.4420677107,"{'510300': {'shares': 59400.0, 'price': 4.454, 'value': 264567.6, 'profit_pct': 24.43174141494312}}",-0.0019269082778086144,1.0768514420677107,-1.8515699099267868
2026-04-07,812283.8420677108,264092.39999999997,1076376.2420677107,"{'510300': {'shares': 59400.0, 'price': 4.446, 'value': 264092.39999999997, 'profit_pct': 24.208244798122383}}",-0.00044128649638752737,1.0763762420677108,-1.8948814867671748
2026-04-08,812283.8420677108,273358.80000000005,1085642.6420677109,"{'510300': {'shares': 59400.0, 'price': 4.602, 'value': 273358.80000000005, 'profit_pct': 28.566428826126693}}",0.008608885664551202,1.0856426420677108,-1.05030573837952
2026-04-09,812283.8420677108,271576.8,1083860.6420677109,"{'510300': {'shares': 59400.0, 'price': 4.572, 'value': 271576.8, 'profit_pct': 27.728316513048938}}",-0.0016414241030603405,1.0838606420677108,-1.2127241515309861
2026-04-10,812283.8420677108,275734.80000000005,1088018.6420677109,"{'510300': {'shares': 59400.0, 'price': 4.642, 'value': 275734.80000000005, 'profit_pct': 29.68391191023036}}",0.003836286547011847,1.088018642067711,-0.8337478541775578
2026-04-13,812283.8420677108,276328.8,1088612.6420677109,"{'510300': {'shares': 59400.0, 'price': 4.652, 'value': 276328.8, 'profit_pct': 29.96328268125627}}",0.0005459465279666897,1.088612642067711,-0.7796083831270728
2026-04-14,812283.8420677108,279892.8,1092176.6420677109,"{'510300': {'shares': 59400.0, 'price': 4.712, 'value': 279892.8, 'profit_pct': 31.63950730741176}}",0.0032738917979406867,1.0921766420677108,-0.4547715568241295
2026-04-15,812283.8420677108,278823.6,1091107.4420677107,"{'510300': {'shares': 59400.0, 'price': 4.694, 'value': 278823.6, 'profit_pct': 31.136639919565113}}",-0.0009789625220110176,1.0911074420677107,-0.5522226047150247
2026-04-16,812283.8420677108,281912.4,1094196.242067711,"{'510300': {'shares': 59400.0, 'price': 4.746, 'value': 281912.4, 'profit_pct': 32.58936792889989}}",0.002830885283072515,1.094196242067711,-0.2706973552524472
2026-04-17,812283.8420677108,281496.6,1093780.4420677107,"{'510300': {'shares': 59400.0, 'price': 4.739, 'value': 281496.6, 'profit_pct': 32.393808389181736}}",-0.00038000496073220535,1.0937804420677106,-0.30859498498782
2026-04-20,812283.8420677108,283041.0,1095324.8420677108,"{'510300': {'shares': 59400.0, 'price': 4.765, 'value': 283041.0, 'profit_pct': 33.12017239384911}}",0.001411983557761065,1.0953248420677109,-0.1678323602565368
2026-04-21,812283.8420677108,283694.39999999997,1095978.2420677107,"{'510300': {'shares': 59400.0, 'price': 4.776, 'value': 283694.39999999997, 'profit_pct': 33.42748024197763}}",0.000596535360931405,1.0959782420677107,-0.1082789421010033
2026-04-22,812283.8420677108,285773.4,1098057.242067711,"{'510300': {'shares': 59400.0, 'price': 4.811, 'value': 285773.4, 'profit_pct': 34.40527794056833}}",0.001896935468424843,1.098057242067711,0.0
2026-04-23,812283.8420677108,285179.4,1097463.242067711,"{'510300': {'shares': 59400.0, 'price': 4.801, 'value': 285179.4, 'profit_pct': 34.12590716954242}}",-0.0005409554049126131,1.097463242067711,-0.05409554049126131
2026-04-24,812283.8420677108,284050.8,1096334.6420677109,"{'510300': {'shares': 59400.0, 'price': 4.782, 'value': 284050.8, 'profit_pct': 33.59510270459318}}",-0.0010283715724944686,1.096334642067711,-0.15687706742467666
2026-04-27,812283.8420677108,284050.8,1096334.6420677109,"{'510300': {'shares': 59400.0, 'price': 4.782, 'value': 284050.8, 'profit_pct': 33.59510270459318}}",0.0,1.096334642067711,-0.15687706742467666
2026-04-28,812283.8420677108,283338.0,1095621.8420677108,"{'510300': {'shares': 59400.0, 'price': 4.77, 'value': 283338.0, 'profit_pct': 33.259857779362065}}",-0.0006501664479521274,1.0956218420677108,-0.2217917160141969
2026-04-29,812283.8420677108,286367.39999999997,1098651.2420677107,"{'510300': {'shares': 59400.0, 'price': 4.821, 'value': 286367.39999999997, 'profit_pct': 34.68464871159425}}",0.002765005117352004,1.0986512420677108,0.0
2026-04-30,812283.8420677108,286545.6,1098829.4420677107,"{'510300': {'shares': 59400.0, 'price': 4.824, 'value': 286545.6, 'profit_pct': 34.76845994290203}}",0.00016219887911339548,1.0988294420677107,0.0
2026-05-06,812283.8420677108,290347.2,1102631.0420677108,"{'510300': {'shares': 59400.0, 'price': 4.888, 'value': 290347.2, 'profit_pct': 36.556432877467884}}",0.0034596815979435203,1.1026310420677108,0.0
2026-05-07,729163.1005238708,374785.6,1103948.7005238708,"{'510300': {'shares': 76300.0, 'price': 4.912, 'value': 374785.6, 'profit_pct': 26.738150942037908}}",0.0011950130242017742,1.1039487005238708,0.0
2026-05-08,729163.1005238708,372801.8,1101964.9005238707,"{'510300': {'shares': 76300.0, 'price': 4.886, 'value': 372801.8, 'profit_pct': 26.067305680536894}}",-0.0017970037910807202,1.1019649005238707,-0.17970037910807202
2026-05-11,729163.1005238708,378905.8,1108068.9005238707,"{'510300': {'shares': 76300.0, 'price': 4.966, 'value': 378905.8, 'profit_pct': 28.13144494669387}}",0.005539196391008527,1.1080689005238706,0.0
2026-05-12,729163.1005238708,378676.9,1107840.0005238708,"{'510300': {'shares': 76300.0, 'price': 4.963, 'value': 378676.9, 'profit_pct': 28.054039724212977}}",-0.0002065756018345688,1.1078400005238709,-0.02065756018345688
2026-05-13,729163.1005238708,382797.10000000003,1111960.2005238708,"{'510300': {'shares': 76300.0, 'price': 5.017, 'value': 382797.10000000003, 'profit_pct': 29.44733372886894}}",0.003719129114359232,1.1119602005238707,0.0
2026-05-14,729163.1005238708,376998.3,1106161.4005238707,"{'510300': {'shares': 76300.0, 'price': 4.941, 'value': 376998.3, 'profit_pct': 27.486401426019807}}",-0.005214934848628672,1.1061614005238707,-0.5214934848628672
2026-05-15,646129.2718460708,455117.4,1101246.6718460708,"{'510300': {'shares': 93300.0, 'price': 4.878, 'value': 455117.4, 'profit_pct': 20.17081284637933}}",-0.004443048433503738,1.1012466718460707,-0.9634813074022364
2026-05-18,646129.2718460708,452691.60000000003,1098820.8718460707,"{'510300': {'shares': 93300.0, 'price': 4.852, 'value': 452691.60000000003, 'profit_pct': 19.530296008739757}}",-0.0022027762371654713,1.0988208718460708,-1.1816365973898901
2026-05-19,646129.2718460708,454277.69999999995,1100406.9718460706,"{'510300': {'shares': 93300.0, 'price': 4.869, 'value': 454277.69999999995, 'profit_pct': 19.949095479504084}}",0.0014434563818714885,1.1004069718460705,-1.0389966000902917
2026-05-20,646129.2718460708,454464.30000000005,1100593.5718460707,"{'510300': {'shares': 93300.0, 'price': 4.871, 'value': 454464.30000000005, 'profit_pct': 19.998366005476377}}",0.0001695736257349978,1.1005935718460707,-1.0222154239373782
2026-05-21,646129.2718460708,448586.39999999997,1094715.6718460708,"{'510300': {'shares': 93300.0, 'price': 4.808, 'value': 448586.39999999997, 'profit_pct': 18.44634443734969}}",-0.005340663574965876,1.0947156718460709,-1.5508224727535769
2026-05-22,646129.2718460708,453624.60000000003,1099753.8718460707,"{'510300': {'shares': 93300.0, 'price': 4.862, 'value': 453624.60000000003, 'profit_pct': 19.77664863860113}}",0.004602290923179986,1.0997538718460707,-1.0977307166254113
2026-05-25,646129.2718460708,460622.10000000003,1106751.3718460707,"{'510300': {'shares': 93300.0, 'price': 4.937, 'value': 460622.10000000003, 'profit_pct': 21.624293362561456}}",0.0063627873282716685,1.1067513718460706,-0.4684366108918314
2026-05-26,646129.2718460708,463887.60000000003,1110016.8718460707,"{'510300': {'shares': 93300.0, 'price': 4.972, 'value': 463887.60000000003, 'profit_pct': 22.486527567076276}}",0.00295052717626465,1.1100168718460708,-0.1747660282161556
2026-05-27,646129.2718460708,460155.60000000003,1106284.8718460707,"{'510300': {'shares': 93300.0, 'price': 4.932, 'value': 460155.60000000003, 'profit_pct': 21.501117047630768}}",-0.00336211105854034,1.1062848718460707,-0.5103895512740708
2026-05-28,646129.2718460708,460155.60000000003,1106284.8718460707,"{'510300': {'shares': 93300.0, 'price': 4.932, 'value': 460155.60000000003, 'profit_pct': 21.501117047630768}}",0.0,1.1062848718460707,-0.5103895512740708
2026-05-29,646129.2718460708,459315.9,1105445.1718460708,"{'510300': {'shares': 93300.0, 'price': 4.923, 'value': 459315.9, 'profit_pct': 21.279399680755525}}",-0.0007590269209762912,1.1054451718460707,-0.5859048439620929
2026-06-01,646129.2718460708,454184.4,1100313.6718460708,"{'510300': {'shares': 93300.0, 'price': 4.868, 'value': 454184.4, 'profit_pct': 19.92446021651796}}",-0.0046420212695221785,1.1003136718460709,-1.0473871881667152
2026-06-02,646129.2718460708,460528.8,1106658.0718460707,"{'510300': {'shares': 93300.0, 'price': 4.936, 'value': 460528.8, 'profit_pct': 21.599658099575308}}",0.0057659921550874405,1.1066580718460708,-0.4768271989682771
2026-06-03,646129.2718460708,463234.5,1109363.771846071,"{'510300': {'shares': 93300.0, 'price': 4.965, 'value': 463234.5, 'profit_pct': 22.314080726173298}}",0.0024449286268581893,1.109363771846071,-0.23350014475128633
2026-06-04,646129.2718460708,459595.8,1105725.0718460707,"{'510300': {'shares': 93300.0, 'price': 4.926, 'value': 459595.8, 'profit_pct': 21.353305469713938}}",-0.0032799881268387177,1.1057250718460707,-0.5607330797327559
2026-06-05,646129.2718460708,451851.9,1097981.1718460708,"{'510300': {'shares': 93300.0, 'price': 4.843, 'value': 451851.9, 'profit_pct': 19.30857864186451}}",-0.007003458813745644,1.0979811718460708,-1.2571518900779122
2026-06-08,563088.9347163208,525081.2,1088170.1347163208,"{'510300': {'shares': 110800.0, 'price': 4.739, 'value': 525081.2, 'profit_pct': 13.717729758036517}}",-0.008935524015639018,1.0881701347163208,-2.139470980736713
2026-06-09,563088.9347163208,534720.7999999999,1097809.7347163209,"{'510300': {'shares': 110800.0, 'price': 4.826, 'value': 534720.7999999999, 'profit_pct': 15.80539434739063}}",0.008858541226655747,1.097809734716321,-1.2725694499572282
2026-06-10,563088.9347163208,530067.2,1093156.1347163208,"{'510300': {'shares': 110800.0, 'price': 4.784, 'value': 530067.2, 'profit_pct': 14.797556269771405}}",-0.00423898591243832,1.0931561347163208,-1.6910736372300894
2026-06-11,563088.9347163208,526410.8,1089499.7347163209,"{'510300': {'shares': 110800.0, 'price': 4.751, 'value': 526410.8, 'profit_pct': 14.005683494499166}}",-0.003344810392477693,1.0894997347163209,-2.019898355801608
2026-06-12,563088.9347163208,533834.3999999999,1096923.3347163207,"{'510300': {'shares': 110800.0, 'price': 4.818, 'value': 533834.3999999999, 'profit_pct': 15.613425189748872}}",0.006813769442479689,1.0969233347163208,-1.3522845332473055
2026-06-15,648568.2926135008,459434.6,1108002.8926135008,"{'510300': {'shares': 93400.0, 'price': 4.919, 'value': 459434.6, 'profit_pct': 18.03703580497607}}",0.010100576354358903,1.1080028926135008,-0.3558857509923019
2026-06-16,648568.2926135008,458594.0,1107162.2926135007,"{'510300': {'shares': 93400.0, 'price': 4.91, 'value': 458594.0, 'profit_pct': 17.821070502629105}}",-0.0007586622793170905,1.1071622926135007,-0.4314819818289961
2026-06-17,648568.2926135008,463077.2,1111645.492613501,"{'510300': {'shares': 93400.0, 'price': 4.958, 'value': 463077.2, 'profit_pct': 18.972885448479655}}",0.0040492708520785126,1.1116454926135009,-0.02830208403336032
2026-06-18,648568.2926135008,465505.6,1114073.8926135008,"{'510300': {'shares': 93400.0, 'price': 4.984, 'value': 465505.6, 'profit_pct': 19.596785210815366}}",0.0021845093747383526,1.1140738926135008,0.0
2026-06-22,735002.8074776009,388952.4,1123955.2074776008,"{'510300': {'shares': 76400.0, 'price': 5.091, 'value': 388952.4, 'profit_pct': 22.164372694273883}}",0.008869532738909669,1.1239552074776007,0.0
2026-06-23,735002.8074776009,377568.8,1112571.607477601,"{'510300': {'shares': 76400.0, 'price': 4.942, 'value': 377568.8, 'profit_pct': 18.588947133196136}}",-0.010128161624471832,1.1125716074776009,-1.0128161624471832
2026-06-24,735002.8074776009,379478.8,1114481.607477601,"{'510300': {'shares': 76400.0, 'price': 4.967, 'value': 379478.8, 'profit_pct': 19.18885075082662}}",0.001716743432209622,1.114481607477601,-0.8428805647211379
2026-06-25,735002.8074776009,385667.2,1120670.0074776008,"{'510300': {'shares': 76400.0, 'price': 5.048, 'value': 385667.2, 'profit_pct': 21.13253847194943}}",0.0055527161314092854,1.1206700074776008,-0.2922892280887823
2026-06-26,735002.8074776009,374894.8,1109897.607477601,"{'510300': {'shares': 76400.0, 'price': 4.907, 'value': 374894.8, 'profit_pct': 17.74908206851344}}",-0.00961246390830639,1.109897607477601,-1.2507259992636355
2026-06-29,735002.8074776009,378867.6,1113870.407477601,"{'510300': {'shares': 76400.0, 'price': 4.959, 'value': 378867.6, 'profit_pct': 18.99688159318486}}",0.003579429285399449,1.113870407477601,-0.897259955993468
2026-06-30,735002.8074776009,383451.60000000003,1118454.407477601,"{'510300': {'shares': 76400.0, 'price': 5.019, 'value': 383451.60000000003, 'profit_pct': 20.43665027549806}}",0.00411538000222178,1.118454407477601,-0.4894145214509704
2026-07-01,735002.8074776009,381847.2,1116850.0074776008,"{'510300': {'shares': 76400.0, 'price': 4.998, 'value': 381847.2, 'profit_pct': 19.932731236688447}}",-0.0014344795722326387,1.1168500074776009,-0.6321604235408618
2026-07-02,735002.8074776009,370540.0,1105542.8074776009,"{'510300': {'shares': 76400.0, 'price': 4.85, 'value': 370540.0, 'profit_pct': 16.381301820315905}}",-0.010124188498272235,1.1055428074776008,-1.638179162079001
2026-07-03,735002.8074776009,372526.4,1107529.2074776008,"{'510300': {'shares': 76400.0, 'price': 4.876, 'value': 372526.4, 'profit_pct': 17.005201582651637}}",0.0017967644369485392,1.1075292074776009,-1.4614461404439338
2026-07-06,735002.8074776009,372602.8,1107605.607477601,"{'510300': {'shares': 76400.0, 'price': 4.877, 'value': 372602.8, 'profit_pct': 17.02919772735684}}",6.898237941199703e-05,1.1076056074776008,-1.4546487165348787
2026-07-07,735002.8074776009,368706.39999999997,1103709.2074776008,"{'510300': {'shares': 76400.0, 'price': 4.826, 'value': 368706.39999999997, 'profit_pct': 15.80539434739063}}",-0.0035178586797457445,1.1037092074776007,-1.8013173358960133
2026-07-08,735002.8074776009,366567.2,1101570.0074776008,"{'510300': {'shares': 76400.0, 'price': 4.798, 'value': 366567.2, 'profit_pct': 15.133502295644488}}",-0.0019381916772162056,1.101570007477601,-1.9916452053491684
2026-07-09,735002.8074776009,375582.4,1110585.2074776008,"{'510300': {'shares': 76400.0, 'price': 4.916, 'value': 375582.4, 'profit_pct': 17.96504737086043}}",0.008183955571414936,1.1105852074776008,-1.1895491840822725
2026-07-10,735002.8074776009,368935.6,1103938.407477601,"{'510300': {'shares': 76400.0, 'price': 4.829, 'value': 368935.6, 'profit_pct': 15.877382781506293}}",-0.005984952757561279,1.1039384074776009,-1.78092506416887
2026-07-13,735002.8074776009,362441.6,1097444.407477601,"{'510300': {'shares': 76400.0, 'price': 4.744, 'value': 362441.6, 'profit_pct': 13.837710481562612}}",-0.005882574567577681,1.0974444074776009,-2.358706096437402
2026-07-14,735002.8074776009,369546.8,1104549.607477601,"{'510300': {'shares': 76400.0, 'price': 4.837, 'value': 369546.8, 'profit_pct': 16.069351939148053}}",0.00647431428105838,1.104549607477601,-1.72654567289654
2026-07-15,735002.8074776009,369623.2,1104626.0074776008,"{'510300': {'shares': 76400.0, 'price': 4.838, 'value': 369623.2, 'profit_pct': 16.09334808385328}}",6.916846421622935e-05,1.1046260074776009,-1.719748248987507
2026-07-16,735002.8074776009,363129.2,1098132.0074776008,"{'510300': {'shares': 76400.0, 'price': 4.753, 'value': 363129.2, 'profit_pct': 14.0536757839096}}",-0.005878912823018667,1.0981320074776009,-2.297529281256039
2026-07-17,651833.9033893308,433660.50000000006,1085494.403389331,"{'510300': {'shares': 94500.0, 'price': 4.589, 'value': 433660.50000000006, 'profit_pct': 8.002437251356346}}",-0.011508274052860257,1.085494403389331,-3.4219160899289003
2026-07-20,651833.9033893308,439425.00000000006,1091258.903389331,"{'510300': {'shares': 94500.0, 'price': 4.65, 'value': 439425.00000000006, 'profit_pct': 9.438076534932884}}",0.0053104833907950955,1.091258903389331,-2.909039779409661
2026-07-21,737409.8356055209,366684.2,1104094.035605521,"{'510300': {'shares': 76600.0, 'price': 4.787, 'value': 366684.2, 'profit_pct': 12.662381155424443}}",0.011761766319913214,1.1040940356055209,-1.7670785935191002
2026-07-22,737409.8356055209,364999.0,1102408.8356055208,"{'510300': {'shares': 76600.0, 'price': 4.765, 'value': 364999.0, 'profit_pct': 12.144609610527981}}",-0.0015263192677931192,1.1024088356055208,-1.917013394193423
2026-07-23,737409.8356055209,366684.2,1104094.035605521,"{'510300': {'shares': 76600.0, 'price': 4.787, 'value': 366684.2, 'profit_pct': 12.662381155424443}}",0.0015286524795263823,1.1040940356055209,-1.7670785935191002
2026-07-24,737409.8356055209,360096.6,1097506.4356055208,"{'510300': {'shares': 76600.0, 'price': 4.701, 'value': 360096.6, 'profit_pct': 10.638365116283744}}",-0.0059665207740998705,1.0975064356055209,-2.3531873597913866
2026-07-27,737409.8356055209,364079.8,1101489.6356055208,"{'510300': {'shares': 76600.0, 'price': 4.753, 'value': 364079.8, 'profit_pct': 11.862188767857198}}",0.003629318125867975,1.1014896356055208,-1.9987960127430315
2026-07-28,737409.8356055209,354428.2,1091838.035605521,"{'510300': {'shares': 76600.0, 'price': 4.627, 'value': 354428.2, 'profit_pct': 8.896769919813847}}",-0.008762315765862061,1.0918380356055208,-2.857513507514031
2026-07-29,737409.8356055209,356726.2,1094136.035605521,"{'510300': {'shares': 76600.0, 'price': 4.657, 'value': 356726.2, 'profit_pct': 9.60282202649084}}",0.002104707772637271,1.094136035605521,-2.653056961139988
2026-07-30,737409.8356055209,352743.00000000006,1090152.835605521,"{'510300': {'shares': 76600.0, 'price': 4.605, 'value': 352743.00000000006, 'profit_pct': 8.378998374917405}}",-0.0036404979548960714,1.090152835605521,-3.007448308188332
2026-07-31,737409.8356055209,356419.8,1093829.6356055208,"{'510300': {'shares': 76600.0, 'price': 4.653, 'value': 356419.8, 'profit_pct': 9.508681745600564}}",0.0033727380968169296,1.0938296356055208,-2.680317833989865
