date,cash,position_value,total_value,positions,return,equity,drawdown
2020-06-01,1000000.0,0.0,1000000.0,{},,1.0,0.0
2020-06-02,1000000.0,0.0,1000000.0,{},0.0,1.0,0.0
2020-06-03,1000000.0,0.0,1000000.0,{},0.0,1.0,0.0
2020-06-04,1000000.0,0.0,1000000.0,{},0.0,1.0,0.0
2020-06-05,1000000.0,0.0,1000000.0,{},0.0,1.0,0.0
2020-06-08,1000000.0,0.0,1000000.0,{},0.0,1.0,0.0
2020-06-09,1000000.0,0.0,1000000.0,{},0.0,1.0,0.0
2020-06-10,1000000.0,0.0,1000000.0,{},0.0,1.0,0.0
2020-06-11,1000000.0,0.0,1000000.0,{},0.0,1.0,0.0
2020-06-12,1000000.0,0.0,1000000.0,{},0.0,1.0,0.0
2020-06-15,1000000.0,0.0,1000000.0,{},0.0,1.0,0.0
2020-06-16,1000000.0,0.0,1000000.0,{},0.0,1.0,0.0
2020-06-17,1000000.0,0.0,1000000.0,{},0.0,1.0,0.0
2020-06-18,1000000.0,0.0,1000000.0,{},0.0,1.0,0.0
2020-06-19,1000000.0,0.0,1000000.0,{},0.0,1.0,0.0
2020-06-22,1000000.0,0.0,1000000.0,{},0.0,1.0,0.0
2020-06-23,1000000.0,0.0,1000000.0,{},0.0,1.0,0.0
2020-06-24,1000000.0,0.0,1000000.0,{},0.0,1.0,0.0
2020-06-29,1000000.0,0.0,1000000.0,{},0.0,1.0,0.0
2020-06-30,87.30195574020036,998614.2,998701.5019557402,"{'512690': {'shares': 622600.0, 'price': 0.401, 'value': 249662.6, 'profit_pct': -0.09990009990008226}, '512010': {'shares': 395000.0, 'price': 0.632, 'value': 249640.0, 'profit_pct': -0.09990009990009452}, '512170': {'shares': 369300.0, 'price': 0.676, 'value': 249646.80000000002, 'profit_pct': -0.09990009990008496}, '159995': {'shares': 424600.0, 'price': 0.588, 'value': 249664.8, 'profit_pct': -0.09990009990008665}}",-0.0012984980442598548,0.9987015019557401,-0.12984980442598548
2020-07-01,87.30195574020036,1021865.2,1021952.5019557402,"{'512690': {'shares': 622600.0, 'price': 0.445, 'value': 277057.0, 'profit_pct': 10.86170687168195}, '512010': {'shares': 395000.0, 'price': 0.626, 'value': 247270.0, 'profit_pct': -1.0483187698377527}, '512170': {'shares': 369300.0, 'price': 0.662, 'value': 244476.6, 'profit_pct': -2.168837080079671}, '159995': {'shares': 424600.0, 'price': 0.596, 'value': 253061.59999999998, 'profit_pct': 1.2592849327543352}}",0.02328123063244414,1.02195250195574,0.0
2020-07-02,87.30195574020036,1030346.0,1030433.3019557402,"{'512690': {'shares': 622600.0, 'price': 0.458, 'value': 285150.8, 'profit_pct': 14.100363476922098}, '512010': {'shares': 395000.0, 'price': 0.621, 'value': 245295.0, 'profit_pct': -1.838667661452468}, '512170': {'shares': 369300.0, 'price': 0.65, 'value': 240045.0, 'profit_pct': -3.9422116345193157}, '159995': {'shares': 424600.0, 'price': 0.612, 'value': 259855.19999999998, 'profit_pct': 3.977654998063179}}",0.008298624430949753,1.0304333019557401,0.0
2020-07-03,87.30195574020036,1035505.9,1035593.2019557402,"{'512690': {'shares': 622600.0, 'price': 0.449, 'value': 279547.4, 'profit_pct': 11.858216596371225}, '512010': {'shares': 395000.0, 'price': 0.631, 'value': 249245.0, 'profit_pct': -0.2579698782230376}, '512170': {'shares': 369300.0, 'price': 0.665, 'value': 245584.5, 'profit_pct': -1.7254934414697596}, '159995': {'shares': 424600.0, 'price': 0.615, 'value': 261129.0, 'profit_pct': 4.487349385308588}}",0.005007505085682595,1.0355932019557401,0.0
2020-07-06,87.30195574020036,1075837.4,1075924.70195574,"{'512690': {'shares': 622600.0, 'price': 0.469, 'value': 291999.39999999997, 'profit_pct': 16.840765219817598}, '512010': {'shares': 395000.0, 'price': 0.634, 'value': 250430.0, 'profit_pct': 0.21623945674579154}, '512170': {'shares': 369300.0, 'price': 0.666, 'value': 245953.80000000002, 'profit_pct': -1.5777122285997889}, '159995': {'shares': 424600.0, 'price': 0.677, 'value': 287454.2, 'profit_pct': 15.021033388380356}}",0.03894531165696424,1.07592470195574,0.0
2020-07-07,87.30195574020036,1100118.3,1100205.6019557402,"{'512690': {'shares': 622600.0, 'price': 0.487, 'value': 303206.2, 'profit_pct': 21.325058980919344}, '512010': {'shares': 395000.0, 'price': 0.652, 'value': 257540.0, 'profit_pct': 3.061495466558766}, '512170': {'shares': 369300.0, 'price': 0.681, 'value': 251493.30000000002, 'profit_pct': 0.6390059644497671}, '159995': {'shares': 424600.0, 'price': 0.678, 'value': 287878.80000000005, 'profit_pct': 15.190931517462158}}",0.022567471455822163,1.1002056019557402,0.0
2020-07-08,87.30195574020036,1112350.3,1112437.6019557402,"{'512690': {'shares': 622600.0, 'price': 0.49, 'value': 305074.0, 'profit_pct': 22.0724412744363}, '512010': {'shares': 395000.0, 'price': 0.653, 'value': 257935.0, 'profit_pct': 3.2195652448817094}, '512170': {'shares': 369300.0, 'price': 0.685, 'value': 252970.50000000003, 'profit_pct': 1.2301308159296487}, '159995': {'shares': 424600.0, 'price': 0.698, 'value': 296370.8, 'profit_pct': 18.588894099098198}}",0.011117921939550524,1.1124376019557403,0.0
2020-07-09,87.30195574020036,1152804.4999999998,1152891.80195574,"{'512690': {'shares': 622600.0, 'price': 0.502, 'value': 312545.2, 'profit_pct': 25.061970448504127}, '512010': {'shares': 395000.0, 'price': 0.677, 'value': 267415.0, 'profit_pct': 7.013239924632342}, '512170': {'shares': 369300.0, 'price': 0.713, 'value': 263310.89999999997, 'profit_pct': 5.368004776288804}, '159995': {'shares': 424600.0, 'price': 0.729, 'value': 309533.39999999997, 'profit_pct': 23.855736100634083}}",0.03636536550803249,1.15289180195574,0.0
2020-07-10,87.30195574020036,1167925.5,1168012.8019557402,"{'512690': {'shares': 622600.0, 'price': 0.512, 'value': 318771.2, 'profit_pct': 27.55324476022732}, '512010': {'shares': 395000.0, 'price': 0.684, 'value': 270180.0, 'profit_pct': 8.119728372892943}, '512170': {'shares': 369300.0, 'price': 0.725, 'value': 267742.5, 'profit_pct': 7.14137933072845}, '159995': {'shares': 424600.0, 'price': 0.733, 'value': 311231.8, 'profit_pct': 24.53532861696129}}",0.013115714739535322,1.1680128019557403,0.0
2020-07-13,87.30195574020036,1235292.7,1235380.0019557402,"{'512690': {'shares': 622600.0, 'price': 0.569, 'value': 354259.39999999997, 'profit_pct': 41.75350833704949}, '512010': {'shares': 395000.0, 'price': 0.706, 'value': 278870.0, 'profit_pct': 11.597263495997671}, '512170': {'shares': 369300.0, 'price': 0.751, 'value': 277344.3, 'profit_pct': 10.983690865347679}, '159995': {'shares': 424600.0, 'price': 0.765, 'value': 324819.0, 'profit_pct': 29.972068747578977}}",0.05767676508955999,1.2353800019557402,0.0
2020-07-14,87.30195574020036,1221900.6,1221987.9019557403,"{'512690': {'shares': 622600.0, 'price': 0.56, 'value': 348656.00000000006, 'profit_pct': 39.51136145649865}, '512010': {'shares': 395000.0, 'price': 0.714, 'value': 282030.0, 'profit_pct': 12.861821722581215}, '512170': {'shares': 369300.0, 'price': 0.734, 'value': 271066.2, 'profit_pct': 8.471410246558182}, '159995': {'shares': 424600.0, 'price': 0.754, 'value': 320148.4, 'profit_pct': 28.10318932767915}}",-0.010840470121580958,1.2219879019557403,-1.0840470121580958
2020-07-15,87.30195574020036,1219372.3,1219459.6019557402,"{'512690': {'shares': 622600.0, 'price': 0.578, 'value': 359862.8, 'profit_pct': 43.99565521760036}, '512010': {'shares': 395000.0, 'price': 0.724, 'value': 285980.0, 'profit_pct': 14.442519505810647}, '512170': {'shares': 369300.0, 'price': 0.739, 'value': 272912.7, 'profit_pct': 9.210316310908034}, '159995': {'shares': 424600.0, 'price': 0.708, 'value': 300616.8, 'profit_pct': 20.28787538991622}}",-0.0020690057536196793,1.2194596019557402,-1.288704688014719
2020-07-16,87.30195574020036,1109868.6,1109955.9019557403,"{'512690': {'shares': 622600.0, 'price': 0.498, 'value': 310054.8, 'profit_pct': 24.06546072381485}, '512010': {'shares': 395000.0, 'price': 0.68, 'value': 268600.0, 'profit_pct': 7.4874492596011715}, '512170': {'shares': 369300.0, 'price': 0.698, 'value': 257771.4, 'profit_pct': 3.1512865832392474}, '159995': {'shares': 424600.0, 'price': 0.644, 'value': 273442.4, 'profit_pct': 9.414395128680866}}",-0.08979690661698059,1.1099559019557403,-10.15267365518625
2020-07-17,87.30195574020036,1111378.9000000001,1111466.2019557403,"{'512690': {'shares': 622600.0, 'price': 0.493, 'value': 306941.8, 'profit_pct': 22.819823567953257}, '512010': {'shares': 395000.0, 'price': 0.686, 'value': 270970.0, 'profit_pct': 8.435867929538828}, '512170': {'shares': 369300.0, 'price': 0.711, 'value': 262572.3, 'profit_pct': 5.0724423505488625}, '159995': {'shares': 424600.0, 'price': 0.638, 'value': 270894.8, 'profit_pct': 8.39500635419005}}",0.0013606846878682077,1.1114662019557404,-10.03041977398298
2020-07-20,87.30195574020036,1121595.9,1121683.20195574,"{'512690': {'shares': 622600.0, 'price': 0.487, 'value': 303206.2, 'profit_pct': 21.325058980919344}, '512010': {'shares': 395000.0, 'price': 0.688, 'value': 271760.0, 'profit_pct': 8.752007486184697}, '512170': {'shares': 369300.0, 'price': 0.711, 'value': 262572.3, 'profit_pct': 5.0724423505488625}, '159995': {'shares': 424600.0, 'price': 0.669, 'value': 284057.4, 'profit_pct': 13.661848355725933}}",0.00919236228867959,1.1216832019557401,-9.203386797585011
2020-07-21,87.30195574020036,1147746.6,1147833.9019557403,"{'512690': {'shares': 622600.0, 'price': 0.504, 'value': 313790.4, 'profit_pct': 25.560225310848768}, '512010': {'shares': 395000.0, 'price': 0.711, 'value': 280845.0, 'profit_pct': 12.387612387612387}, '512170': {'shares': 369300.0, 'price': 0.732, 'value': 270327.6, 'profit_pct': 8.175847820818241}, '159995': {'shares': 424600.0, 'price': 0.666, 'value': 282783.60000000003, 'profit_pct': 13.152153968480526}}",0.023313801931244438,1.1478339019557402,-7.086572541356095
2020-07-22,87.30195574020036,1164731.0,1164818.3019557402,"{'512690': {'shares': 622600.0, 'price': 0.52, 'value': 323752.0, 'profit_pct': 29.546264209605877}, '512010': {'shares': 395000.0, 'price': 0.717, 'value': 283215.0, 'profit_pct': 13.336031057550047}, '512170': {'shares': 369300.0, 'price': 0.74, 'value': 273282.0, 'profit_pct': 9.358097523778005}, '159995': {'shares': 424600.0, 'price': 0.67, 'value': 284482.0, 'profit_pct': 13.831746484807738}}",0.014796914406397077,1.16481830195574,-5.711740508045549
2020-07-23,87.30195574020036,1179644.3,1179731.6019557402,"{'512690': {'shares': 622600.0, 'price': 0.525, 'value': 326865.0, 'profit_pct': 30.79190136546747}, '512010': {'shares': 395000.0, 'price': 0.735, 'value': 290325.0, 'profit_pct': 16.18128706736302}, '512170': {'shares': 369300.0, 'price': 0.755, 'value': 278821.5, 'profit_pct': 11.57481571682756}, '159995': {'shares': 424600.0, 'price': 0.668, 'value': 283632.8, 'profit_pct': 13.49195022664413}}",0.012803112704325104,1.1797316019557402,-4.504557295075395
2020-07-24,87.30195574020036,1103015.7999999998,1103103.10195574,"{'512690': {'shares': 622600.0, 'price': 0.482, 'value': 300093.2, 'profit_pct': 20.079421825057743}, '512010': {'shares': 395000.0, 'price': 0.696, 'value': 274920.0, 'profit_pct': 10.01656571276824}, '512170': {'shares': 369300.0, 'price': 0.71, 'value': 262203.0, 'profit_pct': 4.924661137678892}, '159995': {'shares': 424600.0, 'price': 0.626, 'value': 265799.6, 'profit_pct': 6.356228805208418}}",-0.06495418099588646,1.10310310195574,-10.707385564813377
2020-07-27,87.30195574020036,1113842.5,1113929.8019557402,"{'512690': {'shares': 622600.0, 'price': 0.486, 'value': 302583.6, 'profit_pct': 21.075931549747022}, '512010': {'shares': 395000.0, 'price': 0.71, 'value': 280450.0, 'profit_pct': 12.229542609289444}, '512170': {'shares': 369300.0, 'price': 0.713, 'value': 263310.89999999997, 'profit_pct': 5.368004776288804}, '159995': {'shares': 424600.0, 'price': 0.63, 'value': 267498.0, 'profit_pct': 7.035821321535628}}",0.009814767070099872,1.1139298019557402,-9.830999353051784
2020-07-28,87.30195574020036,1131061.4,1131148.70195574,"{'512690': {'shares': 622600.0, 'price': 0.509, 'value': 316903.4, 'profit_pct': 26.805862466710362}, '512010': {'shares': 395000.0, 'price': 0.71, 'value': 280450.0, 'profit_pct': 12.229542609289444}, '512170': {'shares': 369300.0, 'price': 0.722, 'value': 266634.6, 'profit_pct': 6.698035692118537}, '159995': {'shares': 424600.0, 'price': 0.629, 'value': 267073.4, 'profit_pct': 6.865923192453825}}",0.015457796325916151,1.13114870195574,-8.43718530613986
2020-07-29,87.30195574020036,1167594.0,1167681.3019557402,"{'512690': {'shares': 622600.0, 'price': 0.518, 'value': 322506.8, 'profit_pct': 29.04800934726124}, '512010': {'shares': 395000.0, 'price': 0.736, 'value': 290720.0, 'profit_pct': 16.339356845685963}, '512170': {'shares': 369300.0, 'price': 0.74, 'value': 273282.0, 'profit_pct': 9.358097523778005}, '159995': {'shares': 424600.0, 'price': 0.662, 'value': 281085.2, 'profit_pct': 12.472561452153316}}",0.03229690308341926,1.1676813019557402,-5.479989953927178
2020-07-30,87.30195574020036,1170044.1,1170131.4019557403,"{'512690': {'shares': 622600.0, 'price': 0.524, 'value': 326242.4, 'profit_pct': 30.542773934295152}, '512010': {'shares': 395000.0, 'price': 0.742, 'value': 293090.0, 'profit_pct': 17.287775515623622}, '512170': {'shares': 369300.0, 'price': 0.737, 'value': 272174.1, 'profit_pct': 8.914753885168093}, '159995': {'shares': 424600.0, 'price': 0.656, 'value': 278537.60000000003, 'profit_pct': 11.453172677662499}}",0.002098260883253378,1.1701314019557403,-5.281662314162794
2020-07-31,42.11494036036311,1183716.5,1183758.6149403604,"{'512690': {'shares': 622600.0, 'price': 0.523, 'value': 325619.8, 'profit_pct': 30.293646503122833}, '512010': {'shares': 395000.0, 'price': 0.752, 'value': 297040.0, 'profit_pct': 18.86847329885305}, '512660': {'shares': 273300.0, 'price': 1.079, 'value': 294890.7, 'profit_pct': -0.09990009990008418}, '512670': {'shares': 334800.0, 'price': 0.795, 'value': 266166.0, 'profit_pct': -0.09990009990008472}}",0.011645882643473993,1.1837586149403605,-4.178583669288594
2020-08-03,42.11494036036311,1243263.4,1243305.5149403603,"{'512690': {'shares': 622600.0, 'price': 0.529, 'value': 329355.4, 'profit_pct': 31.78841109015675}, '512010': {'shares': 395000.0, 'price': 0.771, 'value': 304545.0, 'profit_pct': 21.87179908698897}, '512660': {'shares': 273300.0, 'price': 1.17, 'value': 319761.0, 'profit_pct': 8.325409530228821}, '512670': {'shares': 334800.0, 'price': 0.865, 'value': 289602.0, 'profit_pct': 8.69633511142946}}",0.05030324531407948,1.2433055149403602,0.0
2020-08-04,42.11494036036311,1216425.2,1216467.3149403604,"{'512690': {'shares': 622600.0, 'price': 0.525, 'value': 326865.0, 'profit_pct': 30.79190136546747}, '512010': {'shares': 395000.0, 'price': 0.763, 'value': 301385.0, 'profit_pct': 20.607240860405422}, '512660': {'shares': 273300.0, 'price': 1.128, 'value': 308282.39999999997, 'profit_pct': 4.436805085553938}, '512670': {'shares': 334800.0, 'price': 0.836, 'value': 279892.8, 'profit_pct': 5.0521805238786435}}",-0.021586166615924163,1.2164673149403604,-2.1586166615924163
2020-08-05,42.11494036036311,1239118.7,1239160.8149403604,"{'512690': {'shares': 622600.0, 'price': 0.522, 'value': 324997.2, 'profit_pct': 30.044519071950514}, '512010': {'shares': 395000.0, 'price': 0.775, 'value': 306125.0, 'profit_pct': 22.50407820028074}, '512660': {'shares': 273300.0, 'price': 1.165, 'value': 318394.5, 'profit_pct': 7.862480429672298}, '512670': {'shares': 334800.0, 'price': 0.865, 'value': 289602.0, 'profit_pct': 8.69633511142946}}",0.018655248456973528,1.2391608149403603,-0.33336134604041723
2020-08-06,42.11494036036311,1244895.7000000002,1244937.8149403606,"{'512690': {'shares': 622600.0, 'price': 0.505, 'value': 314413.0, 'profit_pct': 25.809352742021087}, '512010': {'shares': 395000.0, 'price': 0.756, 'value': 298620.0, 'profit_pct': 19.500752412144823}, '512660': {'shares': 273300.0, 'price': 1.207, 'value': 329873.10000000003, 'profit_pct': 11.751084874347182}, '512670': {'shares': 334800.0, 'price': 0.902, 'value': 301989.60000000003, 'profit_pct': 13.345773723132229}}",0.004662026050491486,1.2449378149403607,0.0
2020-08-07,42.11494036036311,1247572.9,1247615.0149403603,"{'512690': {'shares': 622600.0, 'price': 0.482, 'value': 300093.2, 'profit_pct': 20.079421825057743}, '512010': {'shares': 395000.0, 'price': 0.742, 'value': 293090.0, 'profit_pct': 17.287775515623622}, '512660': {'shares': 273300.0, 'price': 1.249, 'value': 341351.7, 'profit_pct': 15.639689319022068}, '512670': {'shares': 334800.0, 'price': 0.935, 'value': 313038.0, 'profit_pct': 17.492570322759022}}",0.0021504688570552766,1.2476150149403604,0.0
2020-08-10,42.11494036036311,1231892.4,1231934.5149403603,"{'512690': {'shares': 622600.0, 'price': 0.491, 'value': 305696.6, 'profit_pct': 22.32156870560862}, '512010': {'shares': 395000.0, 'price': 0.737, 'value': 291115.0, 'profit_pct': 16.497426624008906}, '512660': {'shares': 273300.0, 'price': 1.22, 'value': 333426.0, 'profit_pct': 12.954700535794162}, '512670': {'shares': 334800.0, 'price': 0.901, 'value': 301654.8, 'profit_pct': 13.220113220113234}}",-0.01256838031942853,1.2319345149403604,-1.256838031942853
2020-08-11,42.11494036036311,1225459.9,1225502.0149403603,"{'512690': {'shares': 622600.0, 'price': 0.496, 'value': 308809.6, 'profit_pct': 23.567205861470214}, '512010': {'shares': 395000.0, 'price': 0.732, 'value': 289140.0, 'profit_pct': 15.70707773239419}, '512660': {'shares': 273300.0, 'price': 1.207, 'value': 329873.10000000003, 'profit_pct': 11.751084874347182}, '512670': {'shares': 334800.0, 'price': 0.889, 'value': 297637.2, 'profit_pct': 11.71218718388531}}",-0.005221462603725691,1.2255020149403604,-1.772421759532694
2020-08-12,42.11494036036311,1176301.2999999998,1176343.4149403602,"{'512690': {'shares': 622600.0, 'price': 0.479, 'value': 298225.39999999997, 'profit_pct': 19.332039531540786}, '512010': {'shares': 395000.0, 'price': 0.709, 'value': 280055.0, 'profit_pct': 12.071472830966501}, '512660': {'shares': 273300.0, 'price': 1.153, 'value': 315114.9, 'profit_pct': 6.751450588336618}, '512670': {'shares': 334800.0, 'price': 0.845, 'value': 282906.0, 'profit_pct': 6.183125051049586}}",-0.040113030742256583,1.1763434149403602,-5.712627625229971
2020-08-13,42.11494036036311,1180083.5,1180125.6149403604,"{'512690': {'shares': 622600.0, 'price': 0.488, 'value': 303828.8, 'profit_pct': 21.574186412091663}, '512010': {'shares': 395000.0, 'price': 0.696, 'value': 274920.0, 'profit_pct': 10.01656571276824}, '512660': {'shares': 273300.0, 'price': 1.159, 'value': 316754.7, 'profit_pct': 7.306965509004458}, '512670': {'shares': 334800.0, 'price': 0.85, 'value': 284580.0, 'profit_pct': 6.811427566144555}}",0.003215217556339134,1.1801256149403605,-5.409473210229532
2020-08-14,42.11494036036311,1218933.0,1218975.1149403604,"{'512690': {'shares': 622600.0, 'price': 0.513, 'value': 319393.8, 'profit_pct': 27.802372191399645}, '512010': {'shares': 395000.0, 'price': 0.702, 'value': 277290.0, 'profit_pct': 10.9649843827059}, '512660': {'shares': 273300.0, 'price': 1.2, 'value': 327960.0, 'profit_pct': 11.102984133568025}, '512670': {'shares': 334800.0, 'price': 0.879, 'value': 294289.2, 'profit_pct': 10.455582153695373}}",0.03291980066203659,1.2189751149403605,-2.2955719237932493
2020-08-17,42.11494036036311,1257543.4000000001,1257585.5149403606,"{'512690': {'shares': 622600.0, 'price': 0.536, 'value': 333713.60000000003, 'profit_pct': 33.53230310836298}, '512010': {'shares': 395000.0, 'price': 0.712, 'value': 281240.0, 'profit_pct': 12.545682165935329}, '512660': {'shares': 273300.0, 'price': 1.234, 'value': 337252.2, 'profit_pct': 14.250902017352454}, '512670': {'shares': 334800.0, 'price': 0.912, 'value': 305337.60000000003, 'profit_pct': 14.602378753322165}}",0.031674477622038344,1.2575855149403605,0.0
2020-08-18,42.11494036036311,1268709.3,1268751.4149403605,"{'512690': {'shares': 622600.0, 'price': 0.545, 'value': 339317.0, 'profit_pct': 35.77444998891385}, '512010': {'shares': 395000.0, 'price': 0.722, 'value': 285190.0, 'profit_pct': 14.126379949164761}, '512660': {'shares': 273300.0, 'price': 1.235, 'value': 337525.5, 'profit_pct': 14.343487837463773}, '512670': {'shares': 334800.0, 'price': 0.916, 'value': 306676.8, 'profit_pct': 15.10502076539814}}",0.008878839543988715,1.2687514149403605,0.0
2020-08-19,42.11494036036311,1243005.7000000002,1243047.8149403606,"{'512690': {'shares': 622600.0, 'price': 0.548, 'value': 341184.80000000005, 'profit_pct': 36.52183228243081}, '512010': {'shares': 395000.0, 'price': 0.697, 'value': 275315.0, 'profit_pct': 10.174635491091184}, '512660': {'shares': 273300.0, 'price': 1.207, 'value': 329873.10000000003, 'profit_pct': 11.751084874347182}, '512670': {'shares': 334800.0, 'price': 0.886, 'value': 296632.8, 'profit_pct': 11.335205674828329}}",-0.0202589724806006,1.2430478149403605,-2.02589724806006
2020-08-20,42.11494036036311,1204428.6,1204470.7149403605,"{'512690': {'shares': 622600.0, 'price': 0.525, 'value': 326865.0, 'profit_pct': 30.79190136546747}, '512010': {'shares': 395000.0, 'price': 0.693, 'value': 273735.0, 'profit_pct': 9.542356377799413}, '512660': {'shares': 273300.0, 'price': 1.162, 'value': 317574.6, 'profit_pct': 7.584722969338367}, '512670': {'shares': 334800.0, 'price': 0.855, 'value': 286254.0, 'profit_pct': 7.4397300812395235}}",-0.031034284873306284,1.2044707149403606,-5.066453463070353
2020-08-21,42.11494036036311,1217851.2,1217893.3149403604,"{'512690': {'shares': 622600.0, 'price': 0.545, 'value': 339317.0, 'profit_pct': 35.77444998891385}, '512010': {'shares': 395000.0, 'price': 0.698, 'value': 275710.0, 'profit_pct': 10.332705269414127}, '512660': {'shares': 273300.0, 'price': 1.162, 'value': 317574.6, 'profit_pct': 7.584722969338367}, '512670': {'shares': 334800.0, 'price': 0.852, 'value': 285249.6, 'profit_pct': 7.062748572182542}}",0.011143982027545185,1.2178933149403603,-4.008515726651685
2020-08-24,42.11494036036311,1235729.1,1235771.2149403605,"{'512690': {'shares': 622600.0, 'price': 0.564, 'value': 351146.39999999997, 'profit_pct': 40.507871181187895}, '512010': {'shares': 395000.0, 'price': 0.702, 'value': 277290.0, 'profit_pct': 10.9649843827059}, '512660': {'shares': 273300.0, 'price': 1.171, 'value': 320034.3, 'profit_pct': 8.417995350340139}, '512670': {'shares': 334800.0, 'price': 0.858, 'value': 287258.4, 'profit_pct': 7.816711590296505}}",0.014679364588576993,1.2357712149403606,-2.5994217316045454
2020-08-25,42.11494036036311,1238842.0,1238884.1149403604,"{'512690': {'shares': 622600.0, 'price': 0.598, 'value': 372314.8, 'profit_pct': 48.97820384104675}, '512010': {'shares': 395000.0, 'price': 0.705, 'value': 278475.0, 'profit_pct': 11.439193717674728}, '512660': {'shares': 273300.0, 'price': 1.13, 'value': 308828.99999999994, 'profit_pct': 4.621976725776551}, '512670': {'shares': 334800.0, 'price': 0.834, 'value': 279223.2, 'profit_pct': 4.800859517840657}}",0.0025189937768133053,1.2388841149403604,-2.3540702810884384
2020-08-26,42.11494036036311,1221073.9,1221116.0149403603,"{'512690': {'shares': 622600.0, 'price': 0.597, 'value': 371692.2, 'profit_pct': 48.72907640987443}, '512010': {'shares': 395000.0, 'price': 0.707, 'value': 279265.0, 'profit_pct': 11.755333274320614}, '512660': {'shares': 273300.0, 'price': 1.095, 'value': 299263.5, 'profit_pct': 1.3814730218808242}, '512670': {'shares': 334800.0, 'price': 0.809, 'value': 270853.2, 'profit_pct': 1.6593469423658271}}",-0.01434201939126123,1.2211160149403604,-3.7545100985947877
2020-08-27,42.11494036036311,1240492.7,1240534.8149403604,"{'512690': {'shares': 622600.0, 'price': 0.607, 'value': 377918.2, 'profit_pct': 51.22035072159762}, '512010': {'shares': 395000.0, 'price': 0.713, 'value': 281635.0, 'profit_pct': 12.703751944258274}, '512660': {'shares': 273300.0, 'price': 1.115, 'value': 304729.5, 'profit_pct': 3.2331894241069596}, '512670': {'shares': 334800.0, 'price': 0.825, 'value': 276210.0, 'profit_pct': 3.669914990669713}}",0.015902502106606597,1.2405348149403603,-2.2239659926863165
2020-08-28,42.11494036036311,1284256.6,1284298.7149403605,"{'512690': {'shares': 622600.0, 'price': 0.644, 'value': 400954.4, 'profit_pct': 60.43806567497343}, '512010': {'shares': 395000.0, 'price': 0.736, 'value': 290720.0, 'profit_pct': 16.339356845685963}, '512660': {'shares': 273300.0, 'price': 1.138, 'value': 311015.39999999997, 'profit_pct': 5.362663286667005}, '512670': {'shares': 334800.0, 'price': 0.841, 'value': 281566.8, 'profit_pct': 5.680483038973612}}",0.035278252148130296,1.2842987149403604,0.0
2020-08-31,10.527325730479788,1292201.2,1292211.7273257305,"{'512690': {'shares': 622600.0, 'price': 0.657, 'value': 409048.2, 'profit_pct': 63.67672228021358}, '512010': {'shares': 395000.0, 'price': 0.729, 'value': 287955.0, 'profit_pct': 15.232868397425362}, '159928': {'shares': 263500.0, 'price': 1.22, 'value': 321470.0, 'profit_pct': -0.09990009990008164}, '512400': {'shares': 329000.0, 'price': 0.832, 'value': 273728.0, 'profit_pct': -0.09990009990007986}}",0.006161348830546309,1.2922117273257305,0.0
2020-09-01,10.527325730479788,1282020.6,1282031.1273257306,"{'512690': {'shares': 622600.0, 'price': 0.636, 'value': 395973.60000000003, 'profit_pct': 58.44504622559488}, '512010': {'shares': 395000.0, 'price': 0.726, 'value': 286770.0, 'profit_pct': 14.758659062456534}, '159928': {'shares': 263500.0, 'price': 1.218, 'value': 320943.0, 'profit_pct': -0.2636707554740161}, '512400': {'shares': 329000.0, 'price': 0.846, 'value': 278334.0, 'profit_pct': 1.5811111964958338}}",-0.007878430279431803,1.2820311273257305,-0.7878430279431803
2020-09-02,10.527325730479788,1272932.2,1272942.7273257305,"{'512690': {'shares': 622600.0, 'price': 0.627, 'value': 390370.2, 'profit_pct': 56.202899345044}, '512010': {'shares': 395000.0, 'price': 0.729, 'value': 287955.0, 'profit_pct': 15.232868397425362}, '159928': {'shares': 263500.0, 'price': 1.224, 'value': 322524.0, 'profit_pct': 0.22764121124778722}, '512400': {'shares': 329000.0, 'price': 0.827, 'value': 272083.0, 'profit_pct': -0.7002612771843347}}",-0.007089063444940091,1.2729427273257305,-1.4911643032274435
2020-09-03,10.527325730479788,1274994.3,1275004.8273257306,"{'512690': {'shares': 622600.0, 'price': 0.643, 'value': 400331.8, 'profit_pct': 60.188938243801104}, '512010': {'shares': 395000.0, 'price': 0.725, 'value': 286375.0, 'profit_pct': 14.600589284133589}, '159928': {'shares': 263500.0, 'price': 1.215, 'value': 320152.5, 'profit_pct': -0.5093267388349086}, '512400': {'shares': 329000.0, 'price': 0.815, 'value': 268135.0, 'profit_pct': -2.1411281026665465}}",0.0016199471945861355,1.2750048273257306,-1.3315851911985144
2020-09-04,10.527325730479788,1245701.7,1245712.2273257305,"{'512690': {'shares': 622600.0, 'price': 0.617, 'value': 384144.2, 'profit_pct': 53.71162503332081}, '512010': {'shares': 395000.0, 'price': 0.713, 'value': 281635.0, 'profit_pct': 12.703751944258274}, '159928': {'shares': 263500.0, 'price': 1.187, 'value': 312774.5, 'profit_pct': -2.8021159168699907}, '512400': {'shares': 329000.0, 'price': 0.812, 'value': 267148.0, 'profit_pct': -2.5013448090370862}}",-0.022974501250665913,1.2457122273257304,-3.598442810624547
2020-09-07,10.527325730479788,1211848.7,1211859.2273257305,"{'512690': {'shares': 622600.0, 'price': 0.597, 'value': 371692.2, 'profit_pct': 48.72907640987443}, '512010': {'shares': 395000.0, 'price': 0.69, 'value': 272550.0, 'profit_pct': 9.068147042830583}, '159928': {'shares': 263500.0, 'price': 1.149, 'value': 302761.5, 'profit_pct': -5.913758372774745}, '512400': {'shares': 329000.0, 'price': 0.805, 'value': 264845.0, 'profit_pct': -3.341850457235043}}",-0.027175618298838522,1.2118592273257305,-6.218214732216665
2020-09-08,10.527325730479788,1197549.7,1197560.2273257305,"{'512690': {'shares': 622600.0, 'price': 0.577, 'value': 359240.19999999995, 'profit_pct': 43.74652778642804}, '512010': {'shares': 395000.0, 'price': 0.694, 'value': 274130.0, 'profit_pct': 9.700426156122356}, '159928': {'shares': 263500.0, 'price': 1.131, 'value': 298018.5, 'profit_pct': -7.387694272940156}, '512400': {'shares': 329000.0, 'price': 0.809, 'value': 266161.0, 'profit_pct': -2.8615615154076393}}",-0.011799225254532475,1.1975602273257304,-7.324767141363441
2020-09-09,289483.8092807305,865364.0,1154847.8092807306,"{'512690': {'shares': 622600.0, 'price': 0.555, 'value': 345543.00000000006, 'profit_pct': 38.265724300637046}, '512010': {'shares': 395000.0, 'price': 0.663, 'value': 261885.0, 'profit_pct': 4.800263028111139}, '512400': {'shares': 329000.0, 'price': 0.784, 'value': 257936.0, 'profit_pct': -5.8633674018289135}}",-0.0356661962132635,1.1548478092807306,-10.630140180609448
2020-09-10,289483.8092807305,873716.0,1163199.8092807306,"{'512690': {'shares': 622600.0, 'price': 0.57, 'value': 354881.99999999994, 'profit_pct': 42.00263576822181}, '512010': {'shares': 395000.0, 'price': 0.663, 'value': 261885.0, 'profit_pct': 4.800263028111139}, '512400': {'shares': 329000.0, 'price': 0.781, 'value': 256949.0, 'profit_pct': -6.223584108199466}}",0.007232121785122336,1.1631998092807305,-9.983806470476308
2020-09-11,289483.8092807305,897397.0,1186880.8092807306,"{'512690': {'shares': 622600.0, 'price': 0.6, 'value': 373560.0, 'profit_pct': 49.47645870339139}, '512010': {'shares': 395000.0, 'price': 0.674, 'value': 266230.0, 'profit_pct': 6.539030589663512}, '512400': {'shares': 329000.0, 'price': 0.783, 'value': 257607.0, 'profit_pct': -5.983439637285764}}",0.020358497148175392,1.1868808092807306,-8.151212051215884
2020-09-14,289483.8092807305,906415.6,1195899.4092807304,"{'512690': {'shares': 622600.0, 'price': 0.611, 'value': 380408.6, 'profit_pct': 52.216860446286894}, '512010': {'shares': 395000.0, 'price': 0.667, 'value': 263465.0, 'profit_pct': 5.432542141402911}, '512400': {'shares': 329000.0, 'price': 0.798, 'value': 262542.0, 'profit_pct': -4.1823561054330005}}",0.007598572602640186,1.1958994092807305,-7.4532923675225575
2020-09-15,289483.8092807305,911914.0,1201397.8092807306,"{'512690': {'shares': 622600.0, 'price': 0.61, 'value': 379786.0, 'profit_pct': 51.96773301511458}, '512010': {'shares': 395000.0, 'price': 0.675, 'value': 266625.0, 'profit_pct': 6.697100367986455}, '512400': {'shares': 329000.0, 'price': 0.807, 'value': 265503.0, 'profit_pct': -3.101705986321341}}",0.004597711109588287,1.2013978092807305,-7.0277893416848976
2020-09-16,289483.8092807305,893957.8,1183441.6092807306,"{'512690': {'shares': 622600.0, 'price': 0.593, 'value': 369201.8, 'profit_pct': 47.73256668518515}, '512010': {'shares': 395000.0, 'price': 0.663, 'value': 261885.0, 'profit_pct': 4.800263028111139}, '512400': {'shares': 329000.0, 'price': 0.799, 'value': 262871.0, 'profit_pct': -4.062283869976149}}",-0.014946090180362637,1.1834416092807305,-8.417360386451744
2020-09-17,289483.8092807305,871602.2,1161086.0092807305,"{'512690': {'shares': 622600.0, 'price': 0.572, 'value': 356127.19999999995, 'profit_pct': 42.500890630566445}, '512010': {'shares': 395000.0, 'price': 0.647, 'value': 255565.0, 'profit_pct': 2.271146574944051}, '512400': {'shares': 329000.0, 'price': 0.79, 'value': 259910.0, 'profit_pct': -5.142933989087807}}",-0.018890327857905342,1.1610860092807305,-10.147386474844055
2020-09-18,289483.8092807305,891213.0,1180696.8092807306,"{'512690': {'shares': 622600.0, 'price': 0.585, 'value': 364221.0, 'profit_pct': 45.73954723580659}, '512010': {'shares': 395000.0, 'price': 0.657, 'value': 259515.0, 'profit_pct': 3.8518443581734814}, '512400': {'shares': 329000.0, 'price': 0.813, 'value': 267477.0, 'profit_pct': -2.3812725735802487}}",0.016890049353146974,1.1806968092807306,-8.629771397894936
2020-09-21,289483.8092807305,878816.3999999999,1168300.2092807305,"{'512690': {'shares': 622600.0, 'price': 0.569, 'value': 354259.39999999997, 'profit_pct': 41.75350833704949}, '512010': {'shares': 395000.0, 'price': 0.655, 'value': 258725.0, 'profit_pct': 3.535704801527595}, '512400': {'shares': 329000.0, 'price': 0.808, 'value': 265832.0, 'profit_pct': -2.9816337508644897}}",-0.010499393157123893,1.1683002092807304,-9.589103350844718
2020-09-22,289483.8092807305,866268.6000000001,1155752.4092807306,"{'512690': {'shares': 622600.0, 'price': 0.561, 'value': 349278.60000000003, 'profit_pct': 39.76048888767097}, '512010': {'shares': 395000.0, 'price': 0.655, 'value': 258725.0, 'profit_pct': 3.535704801527595}, '512400': {'shares': 329000.0, 'price': 0.785, 'value': 258265.0, 'profit_pct': -5.743295166372063}}",-0.010740218909765398,1.1557524092807308,-10.56013617268482
2020-09-23,289483.8092807305,873409.2,1162893.0092807305,"{'512690': {'shares': 622600.0, 'price': 0.562, 'value': 349901.2, 'profit_pct': 40.009616318843285}, '512010': {'shares': 395000.0, 'price': 0.674, 'value': 266230.0, 'profit_pct': 6.539030589663512}, '512400': {'shares': 329000.0, 'price': 0.782, 'value': 257278.0, 'profit_pct': -6.103511872742615}}",0.006178312883157844,1.1628930092807306,-10.007548709732639
2020-09-24,535913.1083057305,600351.8,1136264.9083057307,"{'512690': {'shares': 622600.0, 'price': 0.543, 'value': 338071.80000000005, 'profit_pct': 35.27619512656921}, '512010': {'shares': 395000.0, 'price': 0.664, 'value': 262280.0, 'profit_pct': 4.958332806434082}}",-0.022898152076320177,1.1362649083057306,-12.068209545098018
2020-09-25,535913.1083057305,605105.0,1141018.1083057304,"{'512690': {'shares': 622600.0, 'price': 0.55, 'value': 342430.0, 'profit_pct': 37.020087144775445}, '512010': {'shares': 395000.0, 'price': 0.665, 'value': 262675.0, 'profit_pct': 5.116402584757025}}",0.0041831794375197795,1.1410181083057305,-11.70037508736279
2020-09-28,535913.1083057305,606925.8,1142838.9083057307,"{'512690': {'shares': 622600.0, 'price': 0.558, 'value': 347410.80000000005, 'profit_pct': 39.01310659415401}, '512010': {'shares': 395000.0, 'price': 0.657, 'value': 259515.0, 'profit_pct': 3.8518443581734814}}",0.0015957678381668394,1.1428389083057306,-11.559469385804999
2020-09-29,535913.1083057305,610936.0,1146849.1083057304,"{'512690': {'shares': 622600.0, 'price': 0.56, 'value': 348656.00000000006, 'profit_pct': 39.51136145649865}, '512010': {'shares': 395000.0, 'price': 0.664, 'value': 262280.0, 'profit_pct': 4.958332806434082}}",0.003508980986607124,1.1468491083057304,-11.24913324543434
2020-09-30,28.80639537065872,1150297.5999999999,1150326.4063953706,"{'512690': {'shares': 622600.0, 'price': 0.564, 'value': 351146.39999999997, 'profit_pct': 40.507871181187895}, '512670': {'shares': 352800.0, 'price': 0.813, 'value': 286826.39999999997, 'profit_pct': -0.09990009990010773}, '512580': {'shares': 290000.0, 'price': 0.989, 'value': 286810.0, 'profit_pct': -0.09990009990010168}, '515030': {'shares': 205200.0, 'price': 1.099, 'value': 225514.8, 'profit_pct': -0.09990009990009636}}",0.003032044986962079,1.1503264063953706,-10.980036624802626
2020-10-09,28.80639537065872,1192713.2,1192742.0063953707,"{'512690': {'shares': 622600.0, 'price': 0.576, 'value': 358617.6, 'profit_pct': 43.49740035525572}, '512670': {'shares': 352800.0, 'price': 0.824, 'value': 290707.2, 'profit_pct': 1.2517617683669278}, '512580': {'shares': 290000.0, 'price': 1.048, 'value': 303920.0, 'profit_pct': 5.859762078164509}, '515030': {'shares': 205200.0, 'price': 1.167, 'value': 239468.4, 'profit_pct': 6.081361768349948}}",0.036872664805559285,1.1927420063953706,-7.697633354265809
2020-10-12,28.80639537065872,1250962.0,1250990.8063953707,"{'512690': {'shares': 622600.0, 'price': 0.624, 'value': 388502.4, 'profit_pct': 55.455517051527046}, '512670': {'shares': 352800.0, 'price': 0.86, 'value': 303408.0, 'profit_pct': 5.675382428149954}, '512580': {'shares': 290000.0, 'price': 1.073, 'value': 311170.0, 'profit_pct': 8.385042662090179}, '515030': {'shares': 205200.0, 'price': 1.208, 'value': 247881.6, 'profit_pct': 9.808299071265408}}",0.048836043073586355,1.2509908063953707,-3.189951000960778
2020-10-13,28.80639537065872,1257163.0,1257191.8063953707,"{'512690': {'shares': 622600.0, 'price': 0.627, 'value': 390370.2, 'profit_pct': 56.202899345044}, '512670': {'shares': 352800.0, 'price': 0.864, 'value': 304819.2, 'profit_pct': 6.166895834792512}, '512580': {'shares': 290000.0, 'price': 1.076, 'value': 312040.0, 'profit_pct': 8.688076332161272}, '515030': {'shares': 205200.0, 'price': 1.218, 'value': 249933.6, 'profit_pct': 10.717308169537471}}",0.004956870960441062,1.2571918063953706,-2.71007608039856
2020-10-14,28.80639537065872,1256657.4,1256686.2063953707,"{'512690': {'shares': 622600.0, 'price': 0.627, 'value': 390370.2, 'profit_pct': 56.202899345044}, '512670': {'shares': 352800.0, 'price': 0.859, 'value': 303055.2, 'profit_pct': 5.552504076489313}, '512580': {'shares': 290000.0, 'price': 1.086, 'value': 314940.0, 'profit_pct': 9.698188565731545}, '515030': {'shares': 205200.0, 'price': 1.21, 'value': 248292.0, 'profit_pct': 9.99010089091982}}",-0.00040216615907617825,1.2566862063953705,-2.7492027954181264
2020-10-15,28.80639537065872,1250394.0,1250422.8063953707,"{'512690': {'shares': 622600.0, 'price': 0.626, 'value': 389747.6, 'profit_pct': 55.953771913871684}, '512670': {'shares': 352800.0, 'price': 0.855, 'value': 301644.0, 'profit_pct': 5.060990669846755}, '512580': {'shares': 290000.0, 'price': 1.07, 'value': 310300.0, 'profit_pct': 8.082008992019109}, '515030': {'shares': 205200.0, 'price': 1.212, 'value': 248702.4, 'profit_pct': 10.171902710574233}}",-0.004984060434597759,1.2504228063953708,-3.2339066459985744
2020-10-16,28.80639537065872,1227767.5999999999,1227796.4063953706,"{'512690': {'shares': 622600.0, 'price': 0.614, 'value': 382276.39999999997, 'profit_pct': 52.96424273980386}, '512670': {'shares': 352800.0, 'price': 0.841, 'value': 296704.8, 'profit_pct': 3.3406937465978013}, '512580': {'shares': 290000.0, 'price': 1.056, 'value': 306240.0, 'profit_pct': 6.667851865020727}, '515030': {'shares': 205200.0, 'price': 1.182, 'value': 242546.4, 'profit_pct': 7.4448754157580375}}",-0.018094999454805083,1.2277964063953706,-4.984889052482854
2020-10-19,28.80639537065872,1213730.2,1213759.0063953707,"{'512690': {'shares': 622600.0, 'price': 0.605, 'value': 376673.0, 'profit_pct': 50.72209585925298}, '512670': {'shares': 352800.0, 'price': 0.835, 'value': 294588.0, 'profit_pct': 2.6034236366339636}, '512580': {'shares': 290000.0, 'price': 1.042, 'value': 302180.0, 'profit_pct': 5.253694738022344}, '515030': {'shares': 205200.0, 'price': 1.171, 'value': 240289.2, 'profit_pct': 6.444965407658774}}",-0.011433003001867115,1.2137590063953707,-6.071197101168546
2020-10-20,28.80639537065872,1249276.0,1249304.8063953707,"{'512690': {'shares': 622600.0, 'price': 0.636, 'value': 395973.60000000003, 'profit_pct': 58.44504622559488}, '512670': {'shares': 352800.0, 'price': 0.841, 'value': 296704.8, 'profit_pct': 3.3406937465978013}, '512580': {'shares': 290000.0, 'price': 1.061, 'value': 307690.0, 'profit_pct': 7.172907981805852}, '515030': {'shares': 205200.0, 'price': 1.213, 'value': 248907.6, 'profit_pct': 10.262803620401451}}",0.029285714719896605,1.2493048063953707,-3.3204249754919646
2020-10-21,28.80639537065872,1231441.5999999999,1231470.4063953706,"{'512690': {'shares': 622600.0, 'price': 0.64, 'value': 398464.0, 'profit_pct': 59.441555950284155}, '512670': {'shares': 352800.0, 'price': 0.818, 'value': 288590.39999999997, 'profit_pct': 0.5144916584030902}, '512580': {'shares': 290000.0, 'price': 1.038, 'value': 301020.0, 'profit_pct': 4.849649844594235}, '515030': {'shares': 205200.0, 'price': 1.186, 'value': 243367.19999999998, 'profit_pct': 7.808479055066863}}",-0.014275459366443921,1.2314704063953705,-4.700570320319397
2020-10-22,28.80639537065872,1236687.2000000002,1236716.006395371,"{'512690': {'shares': 622600.0, 'price': 0.652, 'value': 405935.2, 'profit_pct': 62.43108512435198}, '512670': {'shares': 352800.0, 'price': 0.808, 'value': 285062.4, 'profit_pct': -0.714291858203292}, '512580': {'shares': 290000.0, 'price': 1.034, 'value': 299860.0, 'profit_pct': 4.445604951166126}, '515030': {'shares': 205200.0, 'price': 1.198, 'value': 245829.59999999998, 'profit_pct': 8.899289972993342}}",0.00425962327048901,1.2367160063953708,-4.294630651991493
2020-10-23,28.80639537065872,1211858.2,1211887.0063953707,"{'512690': {'shares': 622600.0, 'price': 0.633, 'value': 394105.8, 'profit_pct': 57.697663932077916}, '512670': {'shares': 352800.0, 'price': 0.797, 'value': 281181.60000000003, 'profit_pct': -2.0659537264703274}, '512580': {'shares': 290000.0, 'price': 1.016, 'value': 294640.0, 'profit_pct': 2.627402930739635}, '515030': {'shares': 205200.0, 'price': 1.179, 'value': 241930.80000000002, 'profit_pct': 7.1721726862764275}}",-0.020076557489030034,1.2118870063953706,-6.216065001715632
2020-10-26,28.80639537065872,1216891.0,1216919.8063953707,"{'512690': {'shares': 622600.0, 'price': 0.619, 'value': 385389.4, 'profit_pct': 54.209879895665445}, '512670': {'shares': 352800.0, 'price': 0.809, 'value': 285415.2, 'profit_pct': -0.5914135065426525}, '512580': {'shares': 290000.0, 'price': 1.029, 'value': 298410.0, 'profit_pct': 3.9405488343809787}, '515030': {'shares': 205200.0, 'price': 1.207, 'value': 247676.40000000002, 'profit_pct': 9.717398161438211}}",0.0041528624149289595,1.2169198063953708,-5.8265932229371264
2020-10-27,28.80639537065872,1230598.4,1230627.2063953707,"{'512690': {'shares': 622600.0, 'price': 0.632, 'value': 393483.2, 'profit_pct': 57.448536500905604}, '512670': {'shares': 352800.0, 'price': 0.813, 'value': 286826.39999999997, 'profit_pct': -0.09990009990010773}, '512580': {'shares': 290000.0, 'price': 1.035, 'value': 300150.0, 'profit_pct': 4.546616174523142}, '515030': {'shares': 205200.0, 'price': 1.219, 'value': 250138.80000000002, 'profit_pct': 10.808209079364689}}",0.011264012573353188,1.2306272063953707,-4.765822784924789
2020-10-28,28.80639537065872,1259448.6,1259477.4063953708,"{'512690': {'shares': 622600.0, 'price': 0.665, 'value': 414029.0, 'profit_pct': 65.66974172959213}, '512670': {'shares': 352800.0, 'price': 0.807, 'value': 284709.60000000003, 'profit_pct': -0.8371702098639315}, '512580': {'shares': 290000.0, 'price': 1.049, 'value': 304210.0, 'profit_pct': 5.960773301521524}, '515030': {'shares': 205200.0, 'price': 1.25, 'value': 256500.0, 'profit_pct': 13.626137284008083}}",0.023443492757246442,1.2594774063953709,-2.5332010411408534
2020-10-29,28.80639537065872,1270663.0,1270691.8063953707,"{'512690': {'shares': 622600.0, 'price': 0.689, 'value': 428971.39999999997, 'profit_pct': 71.64880007772777}, '512670': {'shares': 352800.0, 'price': 0.799, 'value': 281887.2, 'profit_pct': -1.8201970231490485}, '512580': {'shares': 290000.0, 'price': 1.048, 'value': 303920.0, 'profit_pct': 5.859762078164509}, '515030': {'shares': 205200.0, 'price': 1.247, 'value': 255884.40000000002, 'profit_pct': 13.353434554526473}}",0.008904010459461542,1.2706918063953707,-1.6653556437609351
2020-10-30,57.613412570761284,1240292.0,1240349.6134125707,"{'512690': {'shares': 622600.0, 'price': 0.66, 'value': 410916.0, 'profit_pct': 64.42410457373053}, '512170': {'shares': 420500.0, 'price': 0.748, 'value': 314534.0, 'profit_pct': -0.09990009990009602}, '159928': {'shares': 230300.0, 'price': 1.128, 'value': 259778.39999999997, 'profit_pct': -0.09990009990008183}, '515030': {'shares': 205200.0, 'price': 1.243, 'value': 255063.60000000003, 'profit_pct': 12.989830915217645}}",-0.023878483224719305,1.2403496134125707,-4.013437799430131
2020-11-02,57.613412570761284,1259113.4,1259171.0134125706,"{'512690': {'shares': 622600.0, 'price': 0.674, 'value': 419632.4, 'profit_pct': 67.911888610143}, '512170': {'shares': 420500.0, 'price': 0.748, 'value': 314534.0, 'profit_pct': -0.09990009990009602}, '159928': {'shares': 230300.0, 'price': 1.13, 'value': 260238.99999999997, 'profit_pct': 0.07722773680222314}, '515030': {'shares': 205200.0, 'price': 1.29, 'value': 264708.0, 'profit_pct': 17.262173677096342}}",0.015174270057791706,1.2591710134125706,-2.5569117826796606
2020-11-03,57.613412570761284,1272149.9,1272207.5134125706,"{'512690': {'shares': 622600.0, 'price': 0.685, 'value': 426481.00000000006, 'profit_pct': 70.65229035303851}, '512170': {'shares': 420500.0, 'price': 0.757, 'value': 318318.5, 'profit_pct': 1.1021064497000375}, '159928': {'shares': 230300.0, 'price': 1.144, 'value': 263463.19999999995, 'profit_pct': 1.3171225937183582}, '515030': {'shares': 205200.0, 'price': 1.286, 'value': 263887.2, 'profit_pct': 16.898570037787515}}",0.010353240235946082,1.2722075134125705,-1.5480600810332534
2020-11-04,57.613412570761284,1279641.4,1279699.0134125706,"{'512690': {'shares': 622600.0, 'price': 0.687, 'value': 427726.2, 'profit_pct': 71.15054521538315}, '512170': {'shares': 420500.0, 'price': 0.756, 'value': 317898.0, 'profit_pct': 0.9685501664111338}, '159928': {'shares': 230300.0, 'price': 1.148, 'value': 264384.39999999997, 'profit_pct': 1.671378267122968}, '515030': {'shares': 205200.0, 'price': 1.314, 'value': 269632.8, 'profit_pct': 19.4437955129493}}",0.005888583364756839,1.2796990134125705,-0.968317625398385
2020-11-05,57.613412570761284,1313420.0,1313477.6134125707,"{'512690': {'shares': 622600.0, 'price': 0.712, 'value': 443291.19999999995, 'profit_pct': 77.3787309946911}, '512170': {'shares': 420500.0, 'price': 0.752, 'value': 316216.0, 'profit_pct': 0.4343250332555189}, '159928': {'shares': 230300.0, 'price': 1.164, 'value': 268069.19999999995, 'profit_pct': 3.0884009607414082}, '515030': {'shares': 205200.0, 'price': 1.393, 'value': 285843.6, 'profit_pct': 26.62496738929861}}",0.02639573809619722,1.3134776134125707,0.0
2020-11-06,57.613412570761284,1291500.0,1291557.6134125707,"{'512690': {'shares': 622600.0, 'price': 0.699, 'value': 435197.39999999997, 'profit_pct': 74.14007438945096}, '512170': {'shares': 420500.0, 'price': 0.731, 'value': 307385.5, 'profit_pct': -2.3703569158114597}, '159928': {'shares': 230300.0, 'price': 1.153, 'value': 265535.9, 'profit_pct': 2.1141978588787405}, '515030': {'shares': 205200.0, 'price': 1.381, 'value': 283381.2, 'profit_pct': 25.53415647137213}}",-0.016688521963499015,1.2915576134125706,-1.6688521963499015
2020-11-09,57.613412570761284,1322802.1,1322859.7134125708,"{'512690': {'shares': 622600.0, 'price': 0.718, 'value': 447026.8, 'profit_pct': 78.87349558172502}, '512170': {'shares': 420500.0, 'price': 0.753, 'value': 316636.5, 'profit_pct': 0.5678813165444226}, '159928': {'shares': 230300.0, 'price': 1.176, 'value': 270832.8, 'profit_pct': 4.151167980955238}, '515030': {'shares': 205200.0, 'price': 1.405, 'value': 288306.0, 'profit_pct': 27.715778307225087}}",0.024235930069966605,1.3228597134125708,0.0
2020-11-10,57.613412570761284,1329107.9,1329165.5134125706,"{'512690': {'shares': 622600.0, 'price': 0.746, 'value': 464459.6, 'profit_pct': 85.84906365454997}, '512170': {'shares': 420500.0, 'price': 0.736, 'value': 309488.0, 'profit_pct': -1.7025754993669409}, '159928': {'shares': 230300.0, 'price': 1.181, 'value': 271984.3, 'profit_pct': 4.59398757271101}, '515030': {'shares': 205200.0, 'price': 1.38, 'value': 283176.0, 'profit_pct': 25.443255561544913}}",0.0047667941929629976,1.3291655134125706,0.0
2020-11-11,57.613412570761284,1309196.1,1309253.7134125708,"{'512690': {'shares': 622600.0, 'price': 0.746, 'value': 464459.6, 'profit_pct': 85.84906365454997}, '512170': {'shares': 420500.0, 'price': 0.717, 'value': 301498.5, 'profit_pct': -4.240144881856112}, '159928': {'shares': 230300.0, 'price': 1.172, 'value': 269911.6, 'profit_pct': 3.7969123075506284}, '515030': {'shares': 205200.0, 'price': 1.332, 'value': 273326.4, 'profit_pct': 21.080011889839017}}",-0.014980677574817025,1.3092537134125708,-1.4980677574817025
2020-11-12,57.613412570761284,1336594.3,1336651.9134125707,"{'512690': {'shares': 622600.0, 'price': 0.779, 'value': 485005.4, 'profit_pct': 94.0702688832365}, '512170': {'shares': 420500.0, 'price': 0.725, 'value': 304862.5, 'profit_pct': -3.1716946155448817}, '159928': {'shares': 230300.0, 'price': 1.172, 'value': 269911.6, 'profit_pct': 3.7969123075506284}, '515030': {'shares': 205200.0, 'price': 1.349, 'value': 276814.8, 'profit_pct': 22.62532735690152}}",0.02092657803397513,1.3366519134125707,0.0
2020-11-13,57.613412570761284,1304916.2,1304973.8134125706,"{'512690': {'shares': 622600.0, 'price': 0.726, 'value': 452007.6, 'profit_pct': 80.86651503110357}, '512170': {'shares': 420500.0, 'price': 0.725, 'value': 304862.5, 'profit_pct': -3.1716946155448817}, '159928': {'shares': 230300.0, 'price': 1.151, 'value': 265075.3, 'profit_pct': 1.9370700221764354}, '515030': {'shares': 205200.0, 'price': 1.379, 'value': 282970.8, 'profit_pct': 25.352354651717718}}",-0.02369958826387608,1.3049738134125706,-2.369958826387608
2020-11-16,57.613412570761284,1339010.8,1339068.4134125707,"{'512690': {'shares': 622600.0, 'price': 0.768, 'value': 478156.8, 'profit_pct': 91.32986714034098}, '512170': {'shares': 420500.0, 'price': 0.731, 'value': 307385.5, 'profit_pct': -2.3703569158114597}, '159928': {'shares': 230300.0, 'price': 1.179, 'value': 271523.7, 'profit_pct': 4.416859736008705}, '515030': {'shares': 205200.0, 'price': 1.374, 'value': 281944.80000000005, 'profit_pct': 24.897850102581696}}",0.026126654534807114,1.3390684134125708,0.0
2020-11-17,57.613412570761284,1311609.1,1311666.7134125708,"{'512690': {'shares': 622600.0, 'price': 0.752, 'value': 468195.2, 'profit_pct': 87.34382824158388}, '512170': {'shares': 420500.0, 'price': 0.71, 'value': 298555.0, 'profit_pct': -5.175038864878438}, '159928': {'shares': 230300.0, 'price': 1.163, 'value': 267838.9, 'profit_pct': 2.9998370423902654}, '515030': {'shares': 205200.0, 'price': 1.35, 'value': 277020.0, 'profit_pct': 22.716228266728734}}",-0.020463256190299983,1.3116667134125708,-2.0463256190299983
2020-11-18,288565.65152762074,993002.9999999998,1281568.6515276204,"{'512690': {'shares': 622600.0, 'price': 0.734, 'value': 456988.39999999997, 'profit_pct': 82.85953448048214}, '159928': {'shares': 230300.0, 'price': 1.154, 'value': 265766.19999999995, 'profit_pct': 2.2027617772298833}, '515030': {'shares': 205200.0, 'price': 1.317, 'value': 270248.39999999997, 'profit_pct': 19.71649824243091}}",-0.022946425015729854,1.2815686515276203,-4.294012263228142
2020-11-19,288565.65152762074,1003176.2,1291741.8515276206,"{'512690': {'shares': 622600.0, 'price': 0.745, 'value': 463837.0, 'profit_pct': 85.59993622337764}, '159928': {'shares': 230300.0, 'price': 1.172, 'value': 269911.6, 'profit_pct': 3.7969123075506284}, '515030': {'shares': 205200.0, 'price': 1.313, 'value': 269427.6, 'profit_pct': 19.352894603122085}}",0.007938084306192916,1.2917418515276207,-3.5342900639661834
2020-11-20,288565.65152762074,1030584.1000000001,1319149.751527621,"{'512690': {'shares': 622600.0, 'price': 0.773, 'value': 481269.8, 'profit_pct': 92.57550429620258}, '159928': {'shares': 230300.0, 'price': 1.177, 'value': 271063.10000000003, 'profit_pct': 4.2397318993064}, '515030': {'shares': 205200.0, 'price': 1.356, 'value': 278251.2, 'profit_pct': 23.261633725691976}}",0.021217784317808963,1.319149751527621,-1.4875014364790884
2020-11-23,288565.65152762074,1047939.6,1336505.2515276207,"{'512690': {'shares': 622600.0, 'price': 0.787, 'value': 489986.2, 'profit_pct': 96.06328833261504}, '159928': {'shares': 230300.0, 'price': 1.186, 'value': 273135.8, 'profit_pct': 5.036807164466763}, '515030': {'shares': 205200.0, 'price': 1.388, 'value': 284817.6, 'profit_pct': 26.170462840162568}}",0.0131565805776801,1.3365052515276208,-0.19141381121954293
2020-11-24,288565.65152762074,1052604.9,1341170.5515276208,"{'512690': {'shares': 622600.0, 'price': 0.79, 'value': 491854.0, 'profit_pct': 96.810670626132}, '159928': {'shares': 230300.0, 'price': 1.183, 'value': 272444.9, 'profit_pct': 4.771115409413315}, '515030': {'shares': 205200.0, 'price': 1.405, 'value': 288306.0, 'profit_pct': 27.715778307225087}}",0.003490670908077309,1.3411705515276207,0.0
2020-11-25,288565.65152762074,1010875.2,1299440.8515276206,"{'512690': {'shares': 622600.0, 'price': 0.744, 'value': 463214.4, 'profit_pct': 85.35080879220533}, '159928': {'shares': 230300.0, 'price': 1.152, 'value': 265305.6, 'profit_pct': 2.025633940527578}, '515030': {'shares': 205200.0, 'price': 1.376, 'value': 282355.19999999995, 'profit_pct': 25.079651922236085}}",-0.031114387318204373,1.2994408515276206,-3.1114387318204373
2020-11-26,288565.65152762074,1014385.9999999999,1302951.6515276206,"{'512690': {'shares': 622600.0, 'price': 0.755, 'value': 470063.0, 'profit_pct': 88.09121053510083}, '159928': {'shares': 230300.0, 'price': 1.158, 'value': 266687.39999999997, 'profit_pct': 2.5570174506344934}, '515030': {'shares': 205200.0, 'price': 1.353, 'value': 277635.6, 'profit_pct': 22.988930996210346}}",0.002701777457490895,1.3029516515276207,-2.8496674010973444
2020-11-27,288565.65152762074,1014604.9,1303170.5515276208,"{'512690': {'shares': 622600.0, 'price': 0.754, 'value': 469440.4, 'profit_pct': 87.84208310392852}, '159928': {'shares': 230300.0, 'price': 1.167, 'value': 268760.10000000003, 'profit_pct': 3.3540927157948754}, '515030': {'shares': 205200.0, 'price': 1.347, 'value': 276404.4, 'profit_pct': 22.44352553724711}}",0.0001680031640034496,1.3031705515276208,-2.8333458378367427
2020-11-30,60.09013448073529,1280689.7000000002,1280749.790134481,"{'512690': {'shares': 622600.0, 'price': 0.728, 'value': 453252.8, 'profit_pct': 81.36476989344821}, '512670': {'shares': 263400.0, 'price': 0.865, 'value': 227841.0, 'profit_pct': -0.09990009990008762}, '512400': {'shares': 347500.0, 'price': 0.933, 'value': 324217.5, 'profit_pct': -0.09990009990008392}, '515030': {'shares': 205200.0, 'price': 1.342, 'value': 275378.4, 'profit_pct': 21.989020988111086}}",-0.017204779042050533,1.2807497901344809,-4.505076652952111
2020-12-01,60.09013448073529,1296372.0999999999,1296432.1901344806,"{'512690': {'shares': 622600.0, 'price': 0.734, 'value': 456988.39999999997, 'profit_pct': 82.85953448048214}, '512670': {'shares': 263400.0, 'price': 0.885, 'value': 233109.0, 'profit_pct': 2.2099287995241896}, '512400': {'shares': 347500.0, 'price': 0.941, 'value': 326997.5, 'profit_pct': 0.7566923965637841}, '515030': {'shares': 205200.0, 'price': 1.361, 'value': 279277.2, 'profit_pct': 23.716138274828}}",0.012244702377310457,1.2964321901344806,-3.3357697380234197
2020-12-02,60.09013448073529,1292878.3,1292938.3901344808,"{'512690': {'shares': 622600.0, 'price': 0.734, 'value': 456988.39999999997, 'profit_pct': 82.85953448048214}, '512670': {'shares': 263400.0, 'price': 0.889, 'value': 234162.6, 'profit_pct': 2.671894579409045}, '512400': {'shares': 347500.0, 'price': 0.935, 'value': 324912.5, 'profit_pct': 0.11424802421588606}, '515030': {'shares': 205200.0, 'price': 1.349, 'value': 276814.8, 'profit_pct': 22.62532735690152}}",-0.0026949346264206753,1.2929383901344809,-3.5962735192927253
2020-12-03,60.09013448073529,1288361.1,1288421.1901344808,"{'512690': {'shares': 622600.0, 'price': 0.748, 'value': 465704.8, 'profit_pct': 86.3473185168946}, '512670': {'shares': 263400.0, 'price': 0.876, 'value': 230738.4, 'profit_pct': 1.170505794783265}, '512400': {'shares': 347500.0, 'price': 0.905, 'value': 314487.5, 'profit_pct': -3.097973837523664}, '515030': {'shares': 205200.0, 'price': 1.352, 'value': 277430.4, 'profit_pct': 22.89803008638315}}",-0.0034937472925760105,1.2884211901344809,-3.9330837776789362
2020-12-04,60.09013448073529,1327256.6,1327316.6901344808,"{'512690': {'shares': 622600.0, 'price': 0.787, 'value': 489986.2, 'profit_pct': 96.06328833261504}, '512670': {'shares': 263400.0, 'price': 0.884, 'value': 232845.6, 'profit_pct': 2.094437354552976}, '512400': {'shares': 347500.0, 'price': 0.928, 'value': 322480.0, 'profit_pct': -0.6352704101900088}, '515030': {'shares': 205200.0, 'price': 1.374, 'value': 281944.80000000005, 'profit_pct': 24.897850102581696}}",0.030188497595216024,1.3273166901344808,-1.0329679083215804
2020-12-07,60.09013448073529,1329995.1,1330055.1901344808,"{'512690': {'shares': 622600.0, 'price': 0.788, 'value': 490608.80000000005, 'profit_pct': 96.31241576378736}, '512670': {'shares': 263400.0, 'price': 0.893, 'value': 235216.2, 'profit_pct': 3.133860359293901}, '512400': {'shares': 347500.0, 'price': 0.919, 'value': 319352.5, 'profit_pct': -1.5989369687118737}, '515030': {'shares': 205200.0, 'price': 1.388, 'value': 284817.6, 'profit_pct': 26.170462840162568}}",0.002063185086388586,1.3300551901344808,-0.8287806036659018
2020-12-08,60.09013448073529,1355662.4000000001,1355722.4901344809,"{'512690': {'shares': 622600.0, 'price': 0.817, 'value': 508664.19999999995, 'profit_pct': 103.5371112677846}, '512670': {'shares': 263400.0, 'price': 0.886, 'value': 233372.4, 'profit_pct': 2.3254202444954037}, '512400': {'shares': 347500.0, 'price': 0.922, 'value': 320395.0, 'profit_pct': -1.2777147825379187}, '515030': {'shares': 205200.0, 'price': 1.429, 'value': 293230.8, 'profit_pct': 29.897400143078045}}",0.01929792101138661,1.3557224901344809,0.0
2020-12-09,60.09013448073529,1337403.0,1337463.0901344807,"{'512690': {'shares': 622600.0, 'price': 0.809, 'value': 503683.4, 'profit_pct': 101.54409181840607}, '512670': {'shares': 263400.0, 'price': 0.867, 'value': 228367.8, 'profit_pct': 0.13108279004234014}, '512400': {'shares': 347500.0, 'price': 0.91, 'value': 316225.0, 'profit_pct': -2.5626035272337386}, '515030': {'shares': 205200.0, 'price': 1.409, 'value': 289126.8, 'profit_pct': 28.07938194653391}}",-0.013468390568772581,1.3374630901344808,-1.3468390568772581
2020-12-10,60.09013448073529,1337579.2999999998,1337639.3901344805,"{'512690': {'shares': 622600.0, 'price': 0.818, 'value': 509286.8, 'profit_pct': 103.78623869895691}, '512670': {'shares': 263400.0, 'price': 0.869, 'value': 228894.6, 'profit_pct': 0.3620656799847679}, '512400': {'shares': 347500.0, 'price': 0.897, 'value': 311707.5, 'profit_pct': -3.9545663339875436}, '515030': {'shares': 205200.0, 'price': 1.402, 'value': 287690.39999999997, 'profit_pct': 27.443075577743457}}",0.0001318167217474464,1.3376393901344805,-1.3338349206117095
2020-12-11,60.09013448073529,1333567.7,1333627.7901344807,"{'512690': {'shares': 622600.0, 'price': 0.828, 'value': 515512.8, 'profit_pct': 106.27751301068011}, '512670': {'shares': 263400.0, 'price': 0.848, 'value': 223363.19999999998, 'profit_pct': -2.0632546644107235}, '512400': {'shares': 347500.0, 'price': 0.887, 'value': 308232.5, 'profit_pct': -5.025306954567394}, '515030': {'shares': 205200.0, 'price': 1.396, 'value': 286459.19999999995, 'profit_pct': 26.89767011878022}}",-0.0029990145547347247,1.3336277901344806,-1.6297361857446568
2020-12-14,60.09013448073529,1370996.8,1371056.8901344808,"{'512690': {'shares': 622600.0, 'price': 0.862, 'value': 536681.2, 'profit_pct': 114.74784567053895}, '512670': {'shares': 263400.0, 'price': 0.867, 'value': 228367.8, 'profit_pct': 0.13108279004234014}, '512400': {'shares': 347500.0, 'price': 0.894, 'value': 310665.0, 'profit_pct': -4.275788520161498}, '515030': {'shares': 205200.0, 'price': 1.439, 'value': 295282.8, 'profit_pct': 30.806409241350106}}",0.028065626913957642,1.3710568901344808,0.0
2020-12-15,60.09013448073529,1368594.2,1368654.2901344807,"{'512690': {'shares': 622600.0, 'price': 0.853, 'value': 531077.7999999999, 'profit_pct': 112.50569878998809}, '512670': {'shares': 263400.0, 'price': 0.874, 'value': 230211.6, 'profit_pct': 0.9395229048408372}, '512400': {'shares': 347500.0, 'price': 0.892, 'value': 309970.0, 'profit_pct': -4.489936644277469}, '515030': {'shares': 205200.0, 'price': 1.449, 'value': 297334.8, 'profit_pct': 31.715418339622175}}",-0.0017523707566682312,1.3686542901344807,-0.17523707566682312
2020-12-16,60.09013448073529,1384336.6,1384396.6901344808,"{'512690': {'shares': 622600.0, 'price': 0.881, 'value': 548510.6, 'profit_pct': 119.48126686281302}, '512670': {'shares': 263400.0, 'price': 0.871, 'value': 229421.4, 'profit_pct': 0.5930485699271957}, '512400': {'shares': 347500.0, 'price': 0.89, 'value': 309275.0, 'profit_pct': -4.704084768393439}, '515030': {'shares': 205200.0, 'price': 1.448, 'value': 297129.6, 'profit_pct': 31.624517429794956}}",0.011502101088254557,1.3843966901344809,0.0
2020-12-17,60.09013448073529,1419631.9000000001,1419691.9901344809,"{'512690': {'shares': 622600.0, 'price': 0.907, 'value': 564698.2000000001, 'profit_pct': 125.95858007329335}, '512670': {'shares': 263400.0, 'price': 0.865, 'value': 227841.0, 'profit_pct': -0.09990009990008762}, '512400': {'shares': 347500.0, 'price': 0.933, 'value': 324217.5, 'profit_pct': -0.09990009990008392}, '515030': {'shares': 205200.0, 'price': 1.476, 'value': 302875.2, 'profit_pct': 34.16974290495674}}",0.02549507684576402,1.4196919901344809,0.0
2020-12-18,60.09013448073529,1433978.5,1434038.5901344807,"{'512690': {'shares': 622600.0, 'price': 0.907, 'value': 564698.2000000001, 'profit_pct': 125.95858007329335}, '512670': {'shares': 263400.0, 'price': 0.863, 'value': 227314.2, 'profit_pct': -0.3308829898425154}, '512400': {'shares': 347500.0, 'price': 0.951, 'value': 330472.5, 'profit_pct': 1.827433017143634}, '515030': {'shares': 205200.0, 'price': 1.518, 'value': 311493.6, 'profit_pct': 37.98758111769941}}",0.010105431389128894,1.4340385901344808,0.0
2020-12-21,60.09013448073529,1478298.9,1478358.9901344806,"{'512690': {'shares': 622600.0, 'price': 0.914, 'value': 569056.4, 'profit_pct': 127.70247209149954}, '512670': {'shares': 263400.0, 'price': 0.91, 'value': 239694.0, 'profit_pct': 5.097214923804537}, '512400': {'shares': 347500.0, 'price': 0.979, 'value': 340202.5, 'profit_pct': 4.825506754767214}, '515030': {'shares': 205200.0, 'price': 1.605, 'value': 329346.0, 'profit_pct': 45.89596027266637}}",0.03090600232441698,1.4783589901344807,0.0
2020-12-22,60.09013448073529,1463042.2,1463102.2901344807,"{'512690': {'shares': 622600.0, 'price': 0.939, 'value': 584621.4, 'profit_pct': 133.9306578708075}, '512670': {'shares': 263400.0, 'price': 0.9, 'value': 237060.0, 'profit_pct': 3.942300474092398}, '512400': {'shares': 347500.0, 'price': 0.928, 'value': 322480.0, 'profit_pct': -0.6352704101900088}, '515030': {'shares': 205200.0, 'price': 1.554, 'value': 318880.8, 'profit_pct': 41.260013871478854}}",-0.010320023824938573,1.4631022901344808,-1.0320023824938573
2020-12-23,60.09013448073529,1483523.7000000002,1483583.790134481,"{'512690': {'shares': 622600.0, 'price': 0.93, 'value': 579018.0, 'profit_pct': 131.68851099025665}, '512670': {'shares': 263400.0, 'price': 0.947, 'value': 249439.8, 'profit_pct': 9.370398387739437}, '512400': {'shares': 347500.0, 'price': 0.945, 'value': 328387.5, 'profit_pct': 1.184988644795724}, '515030': {'shares': 205200.0, 'price': 1.592, 'value': 326678.4, 'profit_pct': 44.714248444912705}}",0.013998679475867526,1.4835837901344808,0.0
2020-12-24,60.09013448073529,1460503.9,1460563.9901344806,"{'512690': {'shares': 622600.0, 'price': 0.895, 'value': 557227.0, 'profit_pct': 122.9690508992255}, '512670': {'shares': 263400.0, 'price': 0.95, 'value': 250230.0, 'profit_pct': 9.716872722653079}, '512400': {'shares': 347500.0, 'price': 0.951, 'value': 330472.5, 'profit_pct': 1.827433017143634}, '515030': {'shares': 205200.0, 'price': 1.572, 'value': 322574.4, 'profit_pct': 42.896230248368575}}",-0.015516346399224057,1.4605639901344807,-1.5516346399224057
2020-12-25,60.09013448073529,1496069.7999999998,1496129.8901344805,"{'512690': {'shares': 622600.0, 'price': 0.895, 'value': 557227.0, 'profit_pct': 122.9690508992255}, '512670': {'shares': 263400.0, 'price': 0.971, 'value': 255761.4, 'profit_pct': 12.14219306704857}, '512400': {'shares': 347500.0, 'price': 1.002, 'value': 348195.0, 'profit_pct': 7.288210182100868}, '515030': {'shares': 205200.0, 'price': 1.632, 'value': 334886.39999999997, 'profit_pct': 48.35028483800094}}",0.024350798897024184,1.4961298901344806,0.0
2020-12-28,60.09013448073529,1535156.3,1535216.3901344808,"{'512690': {'shares': 622600.0, 'price': 0.954, 'value': 593960.4, 'profit_pct': 137.6675693383923}, '512670': {'shares': 263400.0, 'price': 0.971, 'value': 255761.4, 'profit_pct': 12.14219306704857}, '512400': {'shares': 347500.0, 'price': 1.007, 'value': 349932.49999999994, 'profit_pct': 7.823580492390782}, '515030': {'shares': 205200.0, 'price': 1.635, 'value': 335502.0, 'profit_pct': 48.622987567482575}}",0.026125071264024413,1.5352163901344809,0.0
2020-12-29,60.09013448073529,1486164.9,1486224.9901344806,"{'512690': {'shares': 622600.0, 'price': 0.939, 'value': 584621.4, 'profit_pct': 133.9306578708075}, '512670': {'shares': 263400.0, 'price': 0.959, 'value': 252600.59999999998, 'profit_pct': 10.756295727394004}, '512400': {'shares': 347500.0, 'price': 0.951, 'value': 330472.5, 'profit_pct': 1.827433017143634}, '515030': {'shares': 205200.0, 'price': 1.552, 'value': 318470.4, 'profit_pct': 41.07821205182444}}",-0.03191172287817268,1.4862249901344806,-3.1911722878172677
2020-12-30,60.09013448073529,1538457.1,1538517.1901344808,"{'512690': {'shares': 622600.0, 'price': 0.967, 'value': 602054.2, 'profit_pct': 140.90622594363245}, '512670': {'shares': 263400.0, 'price': 0.991, 'value': 261029.4, 'profit_pct': 14.452021966472847}, '512400': {'shares': 347500.0, 'price': 0.981, 'value': 340897.5, 'profit_pct': 5.039654878883184}, '515030': {'shares': 205200.0, 'price': 1.63, 'value': 334476.0, 'profit_pct': 48.16848301834653}}",0.03518457861166002,1.5385171901344807,0.0
2020-12-31,13.116389480710495,1579704.2,1579717.3163894806,"{'512690': {'shares': 622600.0, 'price': 0.995, 'value': 619487.0, 'profit_pct': 147.88179401645738}, '512670': {'shares': 263400.0, 'price': 1.041, 'value': 274199.39999999997, 'profit_pct': 20.22659421503353}, '512580': {'shares': 279000.0, 'price': 1.235, 'value': 344565.0, 'profit_pct': -0.0999000999000898}, '515030': {'shares': 205200.0, 'price': 1.664, 'value': 341452.8, 'profit_pct': 51.259113952471544}}",0.026779113369151508,1.5797173163894807,0.0
2021-01-04,13.116389480710495,1689525.0,1689538.1163894807,"{'512690': {'shares': 622600.0, 'price': 1.05, 'value': 653730.0, 'profit_pct': 161.58380273093496}, '512670': {'shares': 263400.0, 'price': 1.136, 'value': 299222.39999999997, 'profit_pct': 31.198281487298836}, '512580': {'shares': 279000.0, 'price': 1.325, 'value': 369675.0, 'profit_pct': 7.18026912358896}, '515030': {'shares': 205200.0, 'price': 1.788, 'value': 366897.60000000003, 'profit_pct': 62.53082677104517}}",0.06951927339190078,1.6895381163894807,0.0
2021-01-05,13.116389480710495,1722958.6,1722971.7163894807,"{'512690': {'shares': 622600.0, 'price': 1.108, 'value': 689840.8, 'profit_pct': 176.03319373892947}, '512670': {'shares': 263400.0, 'price': 1.123, 'value': 295798.2, 'profit_pct': 29.69689270267307}, '512580': {'shares': 279000.0, 'price': 1.324, 'value': 369396.0, 'profit_pct': 7.099378354439091}, '515030': {'shares': 205200.0, 'price': 1.793, 'value': 367923.6, 'profit_pct': 62.98533132018118}}",0.019788603569031782,1.7229717163894807,0.0
2021-01-06,13.116389480710495,1723890.8,1723903.9163894807,"{'512690': {'shares': 622600.0, 'price': 1.112, 'value': 692331.2000000001, 'profit_pct': 177.02970346361874}, '512670': {'shares': 263400.0, 'price': 1.136, 'value': 299222.39999999997, 'profit_pct': 31.198281487298836}, '512580': {'shares': 279000.0, 'price': 1.326, 'value': 369954.0, 'profit_pct': 7.261159892738848}, '515030': {'shares': 205200.0, 'price': 1.766, 'value': 362383.2, 'profit_pct': 60.531006754846615}}",0.0005410419632154717,1.7239039163894807,0.0
2021-01-07,13.116389480710495,1761125.5999999999,1761138.7163894805,"{'512690': {'shares': 622600.0, 'price': 1.127, 'value': 701670.2, 'profit_pct': 180.76661493120352}, '512670': {'shares': 263400.0, 'price': 1.168, 'value': 307651.19999999995, 'profit_pct': 34.89400772637768}, '512580': {'shares': 279000.0, 'price': 1.359, 'value': 379161.0, 'profit_pct': 9.930555274684831}, '515030': {'shares': 205200.0, 'price': 1.816, 'value': 372643.2, 'profit_pct': 65.07605224620696}}",0.02159911561543626,1.7611387163894805,0.0
2021-01-08,13.116389480710495,1719467.0,1719480.1163894807,"{'512690': {'shares': 622600.0, 'price': 1.088, 'value': 677388.8, 'profit_pct': 171.0506451154831}, '512670': {'shares': 263400.0, 'price': 1.132, 'value': 298168.8, 'profit_pct': 30.73631570741398}, '512580': {'shares': 279000.0, 'price': 1.341, 'value': 374139.0, 'profit_pct': 8.474521429987018}, '515030': {'shares': 205200.0, 'price': 1.802, 'value': 369770.4, 'profit_pct': 63.803439508626056}}",-0.023654354771896924,1.7194801163894806,-2.3654354771896924
2021-01-11,13.116389480710495,1651012.4,1651025.5163894806,"{'512690': {'shares': 622600.0, 'price': 1.037, 'value': 645636.2, 'profit_pct': 158.34514612569478}, '512670': {'shares': 263400.0, 'price': 1.099, 'value': 289476.6, 'profit_pct': 26.925098023363937}, '512580': {'shares': 279000.0, 'price': 1.284, 'value': 358236.0, 'profit_pct': 3.863747588443949}, '515030': {'shares': 205200.0, 'price': 1.743, 'value': 357663.60000000003, 'profit_pct': 58.44028582882088}}",-0.03981121930257581,1.6510255163894805,-6.252386536918775
2021-01-12,13.116389480710495,1700326.0,1700339.1163894807,"{'512690': {'shares': 622600.0, 'price': 1.078, 'value': 671162.8, 'profit_pct': 168.5593708037599}, '512670': {'shares': 263400.0, 'price': 1.135, 'value': 298959.0, 'profit_pct': 31.082790042327634}, '512580': {'shares': 279000.0, 'price': 1.311, 'value': 365769.0, 'profit_pct': 6.04779835549066}, '515030': {'shares': 205200.0, 'price': 1.776, 'value': 364435.2, 'profit_pct': 61.44001585311869}}",0.02986846630198703,1.7003391163894805,-3.4522891033050174
2021-01-13,13.116389480710495,1668280.0,1668293.1163894807,"{'512690': {'shares': 622600.0, 'price': 1.06, 'value': 659956.0, 'profit_pct': 164.07507704265817}, '512670': {'shares': 263400.0, 'price': 1.113, 'value': 293164.2, 'profit_pct': 28.541978252960927}, '512580': {'shares': 279000.0, 'price': 1.299, 'value': 362421.0, 'profit_pct': 5.077109125692118}, '515030': {'shares': 205200.0, 'price': 1.719, 'value': 352738.8, 'profit_pct': 56.25866399296792}}",-0.01884682866559395,1.6682931163894807,-5.271907268630327
2021-01-14,13.116389480710495,1600817.6,1600830.7163894807,"{'512690': {'shares': 622600.0, 'price': 1.013, 'value': 630693.7999999999, 'profit_pct': 152.3660877775591}, '512670': {'shares': 263400.0, 'price': 1.043, 'value': 274726.19999999995, 'profit_pct': 20.457577104975957}, '512580': {'shares': 279000.0, 'price': 1.262, 'value': 352098.0, 'profit_pct': 2.0841506671466217}, '515030': {'shares': 205200.0, 'price': 1.673, 'value': 343299.60000000003, 'profit_pct': 52.077222140916426}}",-0.04043797779733216,1.6008307163894808,-9.102519779285078
2021-01-15,13.116389480710495,1589803.8,1589816.9163894807,"{'512690': {'shares': 622600.0, 'price': 0.975, 'value': 607035.0, 'profit_pct': 142.899245393011}, '512670': {'shares': 263400.0, 'price': 1.04, 'value': 273936.0, 'profit_pct': 20.111102770062327}, '512580': {'shares': 279000.0, 'price': 1.28, 'value': 357120.0, 'profit_pct': 3.5401845118444353}, '515030': {'shares': 205200.0, 'price': 1.714, 'value': 351712.8, 'profit_pct': 55.80415944383188}}",-0.006880052892063837,1.5898169163894806,-9.727899250958917
2021-01-18,13.116389480710495,1593855.4000000001,1593868.5163894808,"{'512690': {'shares': 622600.0, 'price': 0.964, 'value': 600186.4, 'profit_pct': 140.1588436501155}, '512670': {'shares': 263400.0, 'price': 1.063, 'value': 279994.2, 'profit_pct': 22.767406004400232}, '512580': {'shares': 279000.0, 'price': 1.29, 'value': 359910.0, 'profit_pct': 4.349092203343221}, '515030': {'shares': 205200.0, 'price': 1.724, 'value': 353764.8, 'profit_pct': 56.71316854210394}}",0.002548469549060739,1.5938685163894808,-9.49784355107025
2021-01-19,13.116389480710495,1552002.0,1552015.1163894807,"{'512690': {'shares': 622600.0, 'price': 0.936, 'value': 582753.6, 'profit_pct': 133.18327557729057}, '512670': {'shares': 263400.0, 'price': 1.036, 'value': 272882.4, 'profit_pct': 19.64913699017747}, '512580': {'shares': 279000.0, 'price': 1.264, 'value': 352656.0, 'profit_pct': 2.245932205446379}, '515030': {'shares': 205200.0, 'price': 1.675, 'value': 343710.0, 'profit_pct': 52.259023960570836}}",-0.026259004158516674,1.5520151163894806,-11.874340053617427
2021-01-20,13.116389480710495,1597310.2,1597323.3163894806,"{'512690': {'shares': 622600.0, 'price': 0.949, 'value': 590847.4, 'profit_pct': 136.4219321825307}, '512670': {'shares': 263400.0, 'price': 1.062, 'value': 279730.8, 'profit_pct': 22.65191455942903}, '512580': {'shares': 279000.0, 'price': 1.314, 'value': 366606.0, 'profit_pct': 6.290470662940304}, '515030': {'shares': 205200.0, 'price': 1.755, 'value': 360126.0, 'profit_pct': 59.53109674674734}}",0.02919314349553659,1.5973233163894807,-9.301675017163824
2021-01-21,13.116389480710495,1637041.6,1637054.7163894807,"{'512690': {'shares': 622600.0, 'price': 0.985, 'value': 613261.0, 'profit_pct': 145.39051970473417}, '512670': {'shares': 263400.0, 'price': 1.074, 'value': 282891.60000000003, 'profit_pct': 24.0378118990836}, '512580': {'shares': 279000.0, 'price': 1.339, 'value': 373581.0, 'profit_pct': 8.31273989168726}, '515030': {'shares': 205200.0, 'price': 1.79, 'value': 367308.0, 'profit_pct': 62.71262859069958}}",0.02487373695252093,1.6370547163894806,-7.045668739506505
2021-01-22,13.116389480710495,1657550.2,1657563.3163894806,"{'512690': {'shares': 622600.0, 'price': 0.976, 'value': 607657.6, 'profit_pct': 143.14837282418333}, '512670': {'shares': 263400.0, 'price': 1.082, 'value': 284998.80000000005, 'profit_pct': 24.96174345885331}, '512580': {'shares': 279000.0, 'price': 1.389, 'value': 387531.0, 'profit_pct': 12.357278349181186}, '515030': {'shares': 205200.0, 'price': 1.839, 'value': 377362.8, 'profit_pct': 67.16677317223268}}",0.012527742533390507,1.6575633163894805,-5.881160810111563
2021-01-25,13.116389480710495,1710242.0,1710255.1163894807,"{'512690': {'shares': 622600.0, 'price': 1.064, 'value': 662446.4, 'profit_pct': 165.07158676734744}, '512670': {'shares': 263400.0, 'price': 1.097, 'value': 288949.8, 'profit_pct': 26.694115133421505}, '512580': {'shares': 279000.0, 'price': 1.371, 'value': 382509.0, 'profit_pct': 10.901244504483373}, '515030': {'shares': 205200.0, 'price': 1.834, 'value': 376336.8, 'profit_pct': 66.71226862309666}}",0.03178871025860652,1.7102551163894806,-2.8892443012278224
2021-01-26,13.116389480710495,1644710.0,1644723.1163894807,"{'512690': {'shares': 622600.0, 'price': 1.025, 'value': 638165.0, 'profit_pct': 155.35561695162693}, '512670': {'shares': 263400.0, 'price': 1.01, 'value': 266034.0, 'profit_pct': 16.64635942092591}, '512580': {'shares': 279000.0, 'price': 1.345, 'value': 375255.0, 'profit_pct': 8.798084506586532}, '515030': {'shares': 205200.0, 'price': 1.78, 'value': 365256.0, 'profit_pct': 61.80361949242751}}",-0.03831709045744269,1.6447231163894807,-6.610245911728296
2021-01-27,13.116389480710495,1635238.7999999998,1635251.9163894805,"{'512690': {'shares': 622600.0, 'price': 0.984, 'value': 612638.4, 'profit_pct': 145.14139227356188}, '512670': {'shares': 263400.0, 'price': 1.015, 'value': 267351.0, 'profit_pct': 17.223816645781966}, '512580': {'shares': 279000.0, 'price': 1.389, 'value': 387531.0, 'profit_pct': 12.357278349181186}, '515030': {'shares': 205200.0, 'price': 1.792, 'value': 367718.4, 'profit_pct': 62.89443041035398}}",-0.005758537656351259,1.6352519163894805,-7.148034327362995
2021-01-28,13.116389480710495,1588662.6,1588675.7163894807,"{'512690': {'shares': 622600.0, 'price': 0.963, 'value': 599563.7999999999, 'profit_pct': 139.90971621894315}, '512670': {'shares': 263400.0, 'price': 1.003, 'value': 264190.19999999995, 'profit_pct': 15.837919306127402}, '512580': {'shares': 279000.0, 'price': 1.331, 'value': 371349.0, 'profit_pct': 7.665613738488232}, '515030': {'shares': 205200.0, 'price': 1.723, 'value': 353559.60000000003, 'profit_pct': 56.622267632276746}}",-0.028482583957361585,1.5886757163894807,-9.792698235239927
2021-01-29,72777.01770920068,1506216.0,1578993.0177092007,"{'512170': {'shares': 464200.0, 'price': 0.858, 'value': 398283.6, 'profit_pct': -0.09990009990008995}, '512400': {'shares': 385200.0, 'price': 1.034, 'value': 398296.8, 'profit_pct': -0.0999000999000979}, '512580': {'shares': 279000.0, 'price': 1.302, 'value': 363258.0, 'profit_pct': 5.319781433141763}, '515030': {'shares': 205200.0, 'price': 1.688, 'value': 346377.6, 'profit_pct': 53.44073578832451}}",-0.006094823871472976,1.5789930177092006,-10.342495851416956
2021-02-01,72777.01770920068,1517131.0,1589908.0177092007,"{'512170': {'shares': 464200.0, 'price': 0.877, 'value': 407103.4, 'profit_pct': 2.112339874577649}, '512400': {'shares': 385200.0, 'price': 1.046, 'value': 402919.2, 'profit_pct': 1.0594821039695346}, '512580': {'shares': 279000.0, 'price': 1.29, 'value': 359910.0, 'profit_pct': 4.349092203343221}, '515030': {'shares': 205200.0, 'price': 1.692, 'value': 347198.39999999997, 'profit_pct': 53.80433942763333}}",0.006912633480694819,1.5899080177092006,-9.722726386443926
2021-02-02,72777.01770920068,1554908.0,1627685.0177092007,"{'512170': {'shares': 464200.0, 'price': 0.884, 'value': 410352.8, 'profit_pct': 2.927375654648395}, '512400': {'shares': 385200.0, 'price': 1.077, 'value': 414860.39999999997, 'profit_pct': 4.054552797299407}, '512580': {'shares': 279000.0, 'price': 1.318, 'value': 367722.0, 'profit_pct': 6.61403373953982}, '515030': {'shares': 205200.0, 'price': 1.764, 'value': 361972.8, 'profit_pct': 60.349204935192205}}",0.023760494053253867,1.6276850177092008,-7.577693763605053
2021-02-03,72777.01770920068,1555986.6,1628763.6177092008,"{'512170': {'shares': 464200.0, 'price': 0.882, 'value': 409424.4, 'profit_pct': 2.6945082889138963}, '512400': {'shares': 385200.0, 'price': 1.084, 'value': 417556.80000000005, 'profit_pct': 4.730859082890037}, '512580': {'shares': 279000.0, 'price': 1.317, 'value': 367443.0, 'profit_pct': 6.533142970389933}, '515030': {'shares': 205200.0, 'price': 1.762, 'value': 361562.4, 'profit_pct': 60.1674031155378}}",0.0006626589224971724,1.6287636177092009,-7.516449297739736
2021-02-04,72777.01770920068,1520656.8,1593433.8177092008,"{'512170': {'shares': 464200.0, 'price': 0.87, 'value': 403854.0, 'profit_pct': 1.297304094506903}, '512400': {'shares': 385200.0, 'price': 1.038, 'value': 399837.60000000003, 'profit_pct': 0.2865606347231129}, '512580': {'shares': 279000.0, 'price': 1.304, 'value': 363816.0, 'profit_pct': 5.4815629714415195}, '515030': {'shares': 205200.0, 'price': 1.721, 'value': 353149.2, 'profit_pct': 56.44046581262233}}",-0.021691177047342358,1.5934338177092007,-9.522526369989325
2021-02-05,72777.01770920068,1497841.2000000002,1570618.217709201,"{'512170': {'shares': 464200.0, 'price': 0.891, 'value': 413602.2, 'profit_pct': 3.742411434719141}, '512400': {'shares': 385200.0, 'price': 0.987, 'value': 380192.4, 'profit_pct': -4.640813731722824}, '512580': {'shares': 279000.0, 'price': 1.293, 'value': 360747.0, 'profit_pct': 4.5917645107928475}, '515030': {'shares': 205200.0, 'price': 1.673, 'value': 343299.60000000003, 'profit_pct': 52.077222140916426}}",-0.0143185112217592,1.570618217709201,-10.818029091477054
2021-02-08,72777.01770920068,1526896.8,1599673.8177092008,"{'512170': {'shares': 464200.0, 'price': 0.9, 'value': 417780.0, 'profit_pct': 4.790314580524386}, '512400': {'shares': 385200.0, 'price': 1.029, 'value': 396370.8, 'profit_pct': -0.582976018179122}, '512580': {'shares': 279000.0, 'price': 1.308, 'value': 364932.0, 'profit_pct': 5.805126048041035}, '515030': {'shares': 205200.0, 'price': 1.695, 'value': 347814.0, 'profit_pct': 54.07704215711496}}",0.018499467071239284,1.5996738177092007,-9.168210157306621
2021-02-09,72777.01770920068,1582710.4,1655487.4177092006,"{'512170': {'shares': 464200.0, 'price': 0.922, 'value': 427992.4, 'profit_pct': 7.351855603603872}, '512400': {'shares': 385200.0, 'price': 1.085, 'value': 417942.0, 'profit_pct': 4.827474266545829}, '512580': {'shares': 279000.0, 'price': 1.35, 'value': 376650.0, 'profit_pct': 9.202538352335933}, '515030': {'shares': 205200.0, 'price': 1.755, 'value': 360126.0, 'profit_pct': 59.53109674674734}}",0.03489061293753459,1.6554874177092007,-5.999033335481729
2021-02-10,72777.01770920068,1609789.6,1682566.6177092008,"{'512170': {'shares': 464200.0, 'price': 0.94, 'value': 436348.0, 'profit_pct': 9.447661895214349}, '512400': {'shares': 385200.0, 'price': 1.109, 'value': 427186.8, 'profit_pct': 7.146238674285094}, '512580': {'shares': 279000.0, 'price': 1.37, 'value': 382230.00000000006, 'profit_pct': 10.820353735333503}, '515030': {'shares': 205200.0, 'price': 1.774, 'value': 364024.8, 'profit_pct': 61.25821403346428}}",0.016357236974637646,1.682566617709201,-4.461437247905198
2021-02-18,72777.01770920068,1612002.6,1684779.6177092008,"{'512170': {'shares': 464200.0, 'price': 0.9, 'value': 417780.0, 'profit_pct': 4.790314580524386}, '512400': {'shares': 385200.0, 'price': 1.2, 'value': 462240.0, 'profit_pct': 15.938220386963128}, '512580': {'shares': 279000.0, 'price': 1.349, 'value': 376371.0, 'profit_pct': 9.121647583186045}, '515030': {'shares': 205200.0, 'price': 1.733, 'value': 355611.60000000003, 'profit_pct': 57.53127673054881}}",0.0013152525295034856,1.684779617709201,-4.335779911580384
2021-02-19,72777.01770920068,1606172.5999999999,1678949.6177092006,"{'512170': {'shares': 464200.0, 'price': 0.908, 'value': 421493.60000000003, 'profit_pct': 5.721784043462381}, '512400': {'shares': 385200.0, 'price': 1.198, 'value': 461469.6, 'profit_pct': 15.744990019651523}, '512580': {'shares': 279000.0, 'price': 1.333, 'value': 371907.0, 'profit_pct': 7.827395276787989}, '515030': {'shares': 205200.0, 'price': 1.712, 'value': 351302.39999999997, 'profit_pct': 55.62235762417747}}",-0.0034603932399938087,1.6789496177092007,-4.666815732083629
2021-02-22,72777.01770920068,1595965.5999999999,1668742.6177092006,"{'512170': {'shares': 464200.0, 'price': 0.868, 'value': 402925.6, 'profit_pct': 1.0644367287724044}, '512400': {'shares': 385200.0, 'price': 1.265, 'value': 487277.99999999994, 'profit_pct': 22.218207324590292}, '512580': {'shares': 279000.0, 'price': 1.294, 'value': 361026.0, 'profit_pct': 4.6726552799427346}, '515030': {'shares': 205200.0, 'price': 1.68, 'value': 344736.0, 'profit_pct': 52.713528509706855}}",-0.0060793962441390015,1.6687426177092006,-5.246383934463816
2021-02-23,72777.01770920068,1572832.8,1645609.8177092008,"{'512170': {'shares': 464200.0, 'price': 0.855, 'value': 396891.0, 'profit_pct': -0.4492011485018382}, '512400': {'shares': 385200.0, 'price': 1.238, 'value': 476877.6, 'profit_pct': 19.60959736588363}, '512580': {'shares': 279000.0, 'price': 1.295, 'value': 361305.0, 'profit_pct': 4.753546049092605}, '515030': {'shares': 205200.0, 'price': 1.646, 'value': 337759.19999999995, 'profit_pct': 49.62289757558183}}",-0.013862413385088646,1.6456098177092007,-6.559897730096242
2021-02-24,72777.01770920068,1526131.7999999998,1598908.8177092005,"{'512170': {'shares': 464200.0, 'price': 0.855, 'value': 396891.0, 'profit_pct': -0.4492011485018382}, '512400': {'shares': 385200.0, 'price': 1.182, 'value': 455306.39999999997, 'profit_pct': 14.199147081158682}, '512580': {'shares': 279000.0, 'price': 1.252, 'value': 349308.0, 'profit_pct': 1.2752429756478363}, '515030': {'shares': 205200.0, 'price': 1.582, 'value': 324626.4, 'profit_pct': 43.80523934664063}}",-0.028379145224723512,1.5989088177092006,-9.211647962226866
2021-02-25,72777.01770920068,1493607.7999999998,1566384.8177092005,"{'512170': {'shares': 464200.0, 'price': 0.818, 'value': 379715.6, 'profit_pct': -4.757247414590067}, '512400': {'shares': 385200.0, 'price': 1.169, 'value': 450298.8, 'profit_pct': 12.943149693633254}, '512580': {'shares': 279000.0, 'price': 1.237, 'value': 345123.0, 'profit_pct': 0.061881438399667275}, '515030': {'shares': 205200.0, 'price': 1.552, 'value': 318470.4, 'profit_pct': 41.07821205182444}}",-0.02034137259096358,1.5663848177092006,-11.058407657946779
2021-02-26,66.8213363608229,1526841.6,1526908.421336361,"{'512010': {'shares': 511200.0, 'price': 0.757, 'value': 386978.4, 'profit_pct': -0.09990009990008628}, '159928': {'shares': 281400.0, 'price': 1.303, 'value': 366664.19999999995, 'profit_pct': -0.09990009990008704}, '512400': {'shares': 385200.0, 'price': 1.12, 'value': 431424.00000000006, 'profit_pct': 8.209005694498934}, '512580': {'shares': 279000.0, 'price': 1.225, 'value': 341775.0, 'profit_pct': -0.9088077913988751}}",-0.02520223378478148,1.526908421336361,-13.299934461341934
2021-03-01,66.8213363608229,1566325.2,1566392.0213363608,"{'512010': {'shares': 511200.0, 'price': 0.768, 'value': 392601.60000000003, 'profit_pct': 1.3517526067063868}, '159928': {'shares': 281400.0, 'price': 1.319, 'value': 371166.6, 'profit_pct': 1.1268087246598517}, '512400': {'shares': 385200.0, 'price': 1.16, 'value': 446831.99999999994, 'profit_pct': 12.07361304073102}, '512580': {'shares': 279000.0, 'price': 1.275, 'value': 355725.0, 'profit_pct': 3.135730666095034}}",0.025858525271242883,1.566392021336361,-11.057998625592136
2021-03-02,66.8213363608229,1532248.8,1532315.621336361,"{'512010': {'shares': 511200.0, 'price': 0.748, 'value': 382377.6, 'profit_pct': -1.2876159507599279}, '159928': {'shares': 281400.0, 'price': 1.288, 'value': 362443.2, 'profit_pct': -1.249939622925021}, '512400': {'shares': 385200.0, 'price': 1.12, 'value': 431424.00000000006, 'profit_pct': 8.209005694498934}, '512580': {'shares': 279000.0, 'price': 1.276, 'value': 356004.0, 'profit_pct': 3.2166214352449214}}",-0.021754707337520607,1.532315621336361,-12.99290583550573
2021-03-03,66.8213363608229,1560155.4000000001,1560222.221336361,"{'512010': {'shares': 511200.0, 'price': 0.763, 'value': 390045.60000000003, 'profit_pct': 0.6919104673398081}, '159928': {'shares': 281400.0, 'price': 1.308, 'value': 368071.2, 'profit_pct': 0.2834464077749023}, '512400': {'shares': 385200.0, 'price': 1.163, 'value': 447987.60000000003, 'profit_pct': 12.36345859169844}, '512580': {'shares': 279000.0, 'price': 1.269, 'value': 354051.0, 'profit_pct': 2.6503860511957624}}",0.0182120443147753,1.560222221336361,-11.40832878088215
2021-03-04,66.8213363608229,1491545.4,1491612.2213363608,"{'512010': {'shares': 511200.0, 'price': 0.734, 'value': 375220.8, 'profit_pct': -3.135173940986348}, '159928': {'shares': 281400.0, 'price': 1.249, 'value': 351468.60000000003, 'profit_pct': -4.240042382789863}, '512400': {'shares': 385200.0, 'price': 1.115, 'value': 429498.0, 'profit_pct': 7.72592977621991}, '512580': {'shares': 279000.0, 'price': 1.202, 'value': 335358.0, 'profit_pct': -2.7692954818460906}}",-0.04397450508122769,1.4916122213363607,-15.304103677061697
2021-03-05,66.8213363608229,1474567.2,1474634.0213363608,"{'512010': {'shares': 511200.0, 'price': 0.734, 'value': 375220.8, 'profit_pct': -3.135173940986348}, '159928': {'shares': 281400.0, 'price': 1.248, 'value': 351187.2, 'profit_pct': -4.316711684324868}, '512400': {'shares': 385200.0, 'price': 1.076, 'value': 414475.2, 'profit_pct': 3.9579376136436153}, '512580': {'shares': 279000.0, 'price': 1.196, 'value': 333684.0, 'profit_pct': -3.2546400967453613}}",-0.01138244897510221,1.474634021336361,-16.268150395358095
2021-03-08,683600.8759834408,719823.6,1403424.4759834409,"{'512400': {'shares': 385200.0, 'price': 1.043, 'value': 401763.6, 'profit_pct': 0.7696365530021156}, '512580': {'shares': 279000.0, 'price': 1.14, 'value': 318060.0, 'profit_pct': -7.78452316913856}}",-0.04828963954621601,1.4034244759834409,-20.311531231304226
2021-03-09,995117.4709600408,394444.8,1389562.2709600409,"{'512400': {'shares': 385200.0, 'price': 1.024, 'value': 394444.8, 'profit_pct': -1.066051936458125}}",-0.009877414325189182,1.3895622709600408,-21.098647254272528
2021-03-10,995117.4709600408,396756.0,1391873.4709600408,"{'512400': {'shares': 385200.0, 'price': 1.03, 'value': 396756.0, 'profit_pct': -0.4863608345233087}}",0.0016632575943524852,1.3918734709600409,-20.967413980113513
2021-03-11,995117.4709600408,422179.2,1417296.6709600408,"{'512400': {'shares': 385200.0, 'price': 1.096, 'value': 422179.2, 'profit_pct': 5.890241286759669}}",0.018265453383822683,1.4172966709600407,-19.52384796436434
2021-03-12,995117.4709600408,415630.8,1410748.2709600409,"{'512400': {'shares': 385200.0, 'price': 1.079, 'value': 415630.8, 'profit_pct': 4.247783164611012}}",-0.004620345291267869,1.410748270960041,-19.89567557448154
2021-03-15,995117.4709600408,417556.80000000005,1412674.2709600409,"{'512400': {'shares': 385200.0, 'price': 1.084, 'value': 417556.80000000005, 'profit_pct': 4.730859082890037}}",0.0013652329332214386,1.4126742709600408,-19.786314512682367
2021-03-16,995117.4709600408,407156.39999999997,1402273.8709600407,"{'512400': {'shares': 385200.0, 'price': 1.057, 'value': 407156.39999999997, 'profit_pct': 2.1222491241833534}}",-0.007362206712331565,1.4022738709600406,-20.37686424639795
2021-03-17,995117.4709600408,409852.80000000005,1404970.2709600409,"{'512400': {'shares': 385200.0, 'price': 1.064, 'value': 409852.80000000005, 'profit_pct': 2.798555409773983}}",0.0019228768757946213,1.404970270960041,-20.223758759879086
2021-03-18,995117.4709600408,410238.0,1405355.4709600408,"{'512400': {'shares': 385200.0, 'price': 1.065, 'value': 410238.0, 'profit_pct': 2.895170593429775}}",0.0002741695023460444,1.4053554709600409,-20.201886547519255
2021-03-19,995117.4709600408,400608.0,1395725.4709600408,"{'512400': {'shares': 385200.0, 'price': 1.04, 'value': 400608.0, 'profit_pct': 0.4797910020347183}}",-0.00685235885083324,1.3957254709600408,-20.748691856515155
2021-03-22,995117.4709600408,401378.4,1396495.870960041,"{'512400': {'shares': 385200.0, 'price': 1.042, 'value': 401378.4, 'profit_pct': 0.6730213693463237}}",0.0005519710115129417,1.396495870960041,-20.704947431795475
2021-03-23,995117.4709600408,385200.0,1380317.4709600408,"{'512400': {'shares': 385200.0, 'price': 1.0, 'value': 385200.0, 'profit_pct': -3.3848163441973895}}",-0.011584996659444569,1.3803174709600408,-21.6235803509086
2021-03-24,995117.4709600408,368636.39999999997,1363753.8709600407,"{'512400': {'shares': 385200.0, 'price': 0.957, 'value': 368636.39999999997, 'profit_pct': -7.539269241396905}}",-0.011999848113550149,1.3637538709600407,-22.564085482381568
2021-03-25,995117.4709600408,372103.2,1367220.6709600408,"{'512400': {'shares': 385200.0, 'price': 0.966, 'value': 372103.2, 'profit_pct': -6.669732588494681}}",0.0025421009419825946,1.3672206709600407,-22.36723557114304
2021-03-26,995117.4709600408,384814.8,1379932.2709600409,"{'512400': {'shares': 385200.0, 'price': 0.999, 'value': 384814.8, 'profit_pct': -3.4814315278531924}}",0.009297401853260556,1.3799322709600408,-21.645452563268442
2021-03-29,995117.4709600408,383659.2,1378776.6709600408,"{'512400': {'shares': 385200.0, 'price': 0.996, 'value': 383659.2, 'profit_pct': -3.7712770788206007}}",-0.0008374324047050186,1.3787766709600409,-21.711069200347954
2021-03-30,995117.4709600408,390207.6,1385325.0709600407,"{'512400': {'shares': 385200.0, 'price': 1.013, 'value': 390207.6, 'profit_pct': -2.128818956671965}}",0.0047494276179189665,1.3853250709600406,-21.33924159023074
2021-03-31,159.19065574120032,1372103.0,1372262.1906557411,"{'512010': {'shares': 475100.0, 'price': 0.722, 'value': 343022.2, 'profit_pct': -0.09990009990008461}, '159928': {'shares': 282800.0, 'price': 1.213, 'value': 343036.4, 'profit_pct': -0.09990009990009238}, '512580': {'shares': 289700.0, 'price': 1.184, 'value': 343004.8, 'profit_pct': -0.09990009990008741}, '512880': {'shares': 330800.0, 'price': 1.037, 'value': 343039.6, 'profit_pct': -0.09990009990009555}}",-0.009429469355699216,1.372262190655741,-22.08097080115172
2021-04-01,159.19065574120032,1390139.2000000002,1390298.3906557413,"{'512010': {'shares': 475100.0, 'price': 0.737, 'value': 350148.7, 'profit_pct': 1.975586740129694}, '159928': {'shares': 282800.0, 'price': 1.233, 'value': 348692.4, 'profit_pct': 1.547257359293642}, '512580': {'shares': 289700.0, 'price': 1.193, 'value': 345612.10000000003, 'profit_pct': 0.6594756594756821}, '512880': {'shares': 330800.0, 'price': 1.045, 'value': 345686.0, 'profit_pct': 0.6707853380948899}}",0.013143406648390865,1.3902983906557413,-21.05684931474341
2021-04-02,159.19065574120032,1403398.1999999997,1403557.3906557409,"{'512010': {'shares': 475100.0, 'price': 0.742, 'value': 352524.2, 'profit_pct': 2.667415686806287}, '159928': {'shares': 282800.0, 'price': 1.269, 'value': 358873.19999999995, 'profit_pct': 4.5121407858423455}, '512580': {'shares': 289700.0, 'price': 1.192, 'value': 345322.39999999997, 'profit_pct': 0.5751005751005883}, '512880': {'shares': 330800.0, 'price': 1.048, 'value': 346678.4, 'profit_pct': 0.9597923773430204}}",0.009536801660070982,1.4035573906557408,-20.30398414423703
2021-04-06,159.19065574120032,1397111.3,1397270.4906557412,"{'512010': {'shares': 475100.0, 'price': 0.73, 'value': 346823.0, 'profit_pct': 1.007026214782464}, '159928': {'shares': 282800.0, 'price': 1.258, 'value': 355762.4, 'profit_pct': 3.6062041832858007}, '512580': {'shares': 289700.0, 'price': 1.203, 'value': 348509.10000000003, 'profit_pct': 1.5032265032265268}, '512880': {'shares': 330800.0, 'price': 1.046, 'value': 346016.8, 'profit_pct': 0.7671210178442739}}",-0.004479261084623265,1.3972704906557412,-20.66096340665927
2021-04-07,159.19065574120032,1381099.3,1381258.4906557412,"{'512010': {'shares': 475100.0, 'price': 0.726, 'value': 344922.6, 'profit_pct': 0.45356305744118963}, '159928': {'shares': 282800.0, 'price': 1.228, 'value': 347278.4, 'profit_pct': 1.1354679944951993}, '512580': {'shares': 289700.0, 'price': 1.187, 'value': 343873.9, 'profit_pct': 0.15322515322517535}, '512880': {'shares': 330800.0, 'price': 1.043, 'value': 345024.39999999997, 'profit_pct': 0.4781139785961436}}",-0.011459484836386702,1.3812584906557412,-21.57014789343418
2021-04-08,159.19065574120032,1390466.9,1390626.090655741,"{'512010': {'shares': 475100.0, 'price': 0.74, 'value': 351574.0, 'profit_pct': 2.3906841081356496}, '159928': {'shares': 282800.0, 'price': 1.242, 'value': 351237.6, 'profit_pct': 2.2884782159308132}, '512580': {'shares': 289700.0, 'price': 1.177, 'value': 340976.9, 'profit_pct': -0.6905256905256693}, '512880': {'shares': 330800.0, 'price': 1.048, 'value': 346678.4, 'profit_pct': 0.9597923773430204}}",0.006781931161597976,1.390626090655741,-21.038242035433154
2021-04-09,159.19065574120032,1366388.7000000002,1366547.8906557413,"{'512010': {'shares': 475100.0, 'price': 0.726, 'value': 344922.6, 'profit_pct': 0.45356305744118963}, '159928': {'shares': 282800.0, 'price': 1.219, 'value': 344733.2, 'profit_pct': 0.39424713785802795}, '512580': {'shares': 289700.0, 'price': 1.153, 'value': 334024.10000000003, 'profit_pct': -2.7155277155276965}, '512880': {'shares': 330800.0, 'price': 1.036, 'value': 342708.8, 'profit_pct': -0.19623577964945804}}",-0.017314647094421876,1.3665478906557413,-22.40543700854478
2021-04-12,159.19065574120032,1340766.0999999999,1340925.290655741,"{'512010': {'shares': 475100.0, 'price': 0.706, 'value': 335420.6, 'profit_pct': -2.3137527292651816}, '159928': {'shares': 282800.0, 'price': 1.205, 'value': 340774.0, 'profit_pct': -0.7587630835775862}, '512580': {'shares': 289700.0, 'price': 1.135, 'value': 328809.5, 'profit_pct': -4.234279234279216}, '512880': {'shares': 330800.0, 'price': 1.015, 'value': 335761.99999999994, 'profit_pct': -2.219285054386306}}",-0.01874987344037049,1.340925290655741,-23.86032524429542
2021-04-13,159.19065574120032,1346645.3,1346804.4906557412,"{'512010': {'shares': 475100.0, 'price': 0.712, 'value': 338271.2, 'profit_pct': -1.4835579932532703}, '159928': {'shares': 282800.0, 'price': 1.216, 'value': 343884.8, 'profit_pct': 0.14717351897895864}, '512580': {'shares': 289700.0, 'price': 1.137, 'value': 329388.9, 'profit_pct': -4.065529065529048}, '512880': {'shares': 330800.0, 'price': 1.013, 'value': 335100.39999999997, 'profit_pct': -2.411956413885052}}",0.004384435166499889,1.3468044906557413,-23.526495776730638
2021-04-14,159.19065574120032,1359547.3,1359706.4906557412,"{'512010': {'shares': 475100.0, 'price': 0.712, 'value': 338271.2, 'profit_pct': -1.4835579932532703}, '159928': {'shares': 282800.0, 'price': 1.223, 'value': 345864.4, 'profit_pct': 0.7236786296967749}, '512580': {'shares': 289700.0, 'price': 1.161, 'value': 336341.7, 'profit_pct': -2.0405270405270204}, '512880': {'shares': 330800.0, 'price': 1.025, 'value': 339069.99999999994, 'profit_pct': -1.2559282568925738}}",0.009579712637962867,1.3597064906557412,-22.79390158185367
2021-04-15,159.19065574120032,1350857.3,1351016.4906557412,"{'512010': {'shares': 475100.0, 'price': 0.706, 'value': 335420.6, 'profit_pct': -2.3137527292651816}, '159928': {'shares': 282800.0, 'price': 1.212, 'value': 342753.6, 'profit_pct': -0.18225797285978823}, '512580': {'shares': 289700.0, 'price': 1.163, 'value': 336921.10000000003, 'profit_pct': -1.8717768717768517}, '512880': {'shares': 330800.0, 'price': 1.015, 'value': 335761.99999999994, 'profit_pct': -2.219285054386306}}",-0.0063910851788382406,1.3510164906557411,-23.287332333169818
2021-04-16,159.19065574120032,1352079.5,1352238.6906557411,"{'512010': {'shares': 475100.0, 'price': 0.702, 'value': 333520.19999999995, 'profit_pct': -2.867215886606456}, '159928': {'shares': 282800.0, 'price': 1.221, 'value': 345298.80000000005, 'profit_pct': 0.5589628837774013}, '512580': {'shares': 289700.0, 'price': 1.157, 'value': 335182.9, 'profit_pct': -2.3780273780273586}, '512880': {'shares': 330800.0, 'price': 1.022, 'value': 338077.60000000003, 'profit_pct': -1.5449352961406826}}",0.0009046521700166732,1.352238690655741,-23.21793405189725
2021-04-19,159.19065574120032,1389384.0999999999,1389543.290655741,"{'512010': {'shares': 475100.0, 'price': 0.723, 'value': 343497.3, 'profit_pct': 0.03846568943523396}, '159928': {'shares': 282800.0, 'price': 1.242, 'value': 351237.6, 'profit_pct': 2.2884782159308132}, '512580': {'shares': 289700.0, 'price': 1.2, 'value': 347640.0, 'profit_pct': 1.250101250101264}, '512880': {'shares': 330800.0, 'price': 1.049, 'value': 347009.19999999995, 'profit_pct': 1.0561280570923828}}",0.02758728932826915,1.389543290655741,-21.0997249833647
2021-04-20,159.19065574120032,1392737.4999999998,1392896.690655741,"{'512010': {'shares': 475100.0, 'price': 0.725, 'value': 344447.5, 'profit_pct': 0.3151972681058711}, '159928': {'shares': 282800.0, 'price': 1.254, 'value': 354631.2, 'profit_pct': 3.2767726914470536}, '512580': {'shares': 289700.0, 'price': 1.208, 'value': 349957.6, 'profit_pct': 1.9251019251019397}, '512880': {'shares': 330800.0, 'price': 1.039, 'value': 343701.19999999995, 'profit_pct': 0.09277125959865085}}",0.0024133109220494386,1.392896690655741,-20.909314087914353
2021-04-21,159.19065574120032,1403643.6,1403802.7906557412,"{'512010': {'shares': 475100.0, 'price': 0.741, 'value': 352049.1, 'profit_pct': 2.5290498974709683}, '159928': {'shares': 282800.0, 'price': 1.267, 'value': 358307.6, 'profit_pct': 4.347425039922973}, '512580': {'shares': 289700.0, 'price': 1.209, 'value': 350247.30000000005, 'profit_pct': 2.0094770094770333}, '512880': {'shares': 330800.0, 'price': 1.037, 'value': 343039.6, 'profit_pct': -0.09990009990009555}}",0.007829798199079585,1.4038027906557413,-20.29004997779593
2021-04-22,159.19065574120032,1403504.8,1403663.9906557412,"{'512010': {'shares': 475100.0, 'price': 0.741, 'value': 352049.1, 'profit_pct': 2.5290498974709683}, '159928': {'shares': 282800.0, 'price': 1.263, 'value': 357176.39999999997, 'profit_pct': 4.017993548084226}, '512580': {'shares': 289700.0, 'price': 1.209, 'value': 350247.30000000005, 'profit_pct': 2.0094770094770333}, '512880': {'shares': 330800.0, 'price': 1.04, 'value': 344032.0, 'profit_pct': 0.1891069393480347}}",-9.887428698951428e-05,1.403663990655741,-20.29793124227035
2021-04-23,159.19065574120032,1421211.1,1421370.2906557412,"{'512010': {'shares': 475100.0, 'price': 0.758, 'value': 360125.8, 'profit_pct': 4.881268316171384}, '159928': {'shares': 282800.0, 'price': 1.283, 'value': 362832.39999999997, 'profit_pct': 5.665151007277959}, '512580': {'shares': 289700.0, 'price': 1.225, 'value': 354882.5, 'profit_pct': 3.359478359478385}, '512880': {'shares': 330800.0, 'price': 1.038, 'value': 343370.4, 'profit_pct': -0.003564420150711653}}",0.01261434368757186,1.4213702906557413,-19.292541954349872
2021-04-26,159.19065574120032,1399553.4,1399712.590655741,"{'512010': {'shares': 475100.0, 'price': 0.755, 'value': 358700.5, 'profit_pct': 4.466170948165428}, '159928': {'shares': 282800.0, 'price': 1.253, 'value': 354348.39999999997, 'profit_pct': 3.194414818487358}, '512580': {'shares': 289700.0, 'price': 1.205, 'value': 349088.5, 'profit_pct': 1.6719766719766957}, '512880': {'shares': 330800.0, 'price': 1.02, 'value': 337416.0, 'profit_pct': -1.7376066556394292}}",-0.015237197613022113,1.399712590655741,-20.522297441436134
2021-04-27,159.19065574120032,1407870.7,1408029.890655741,"{'512010': {'shares': 475100.0, 'price': 0.775, 'value': 368202.5, 'profit_pct': 7.2334867348718}, '159928': {'shares': 282800.0, 'price': 1.263, 'value': 357176.39999999997, 'profit_pct': 4.017993548084226}, '512580': {'shares': 289700.0, 'price': 1.198, 'value': 347060.6, 'profit_pct': 1.0813510813510951}, '512880': {'shares': 330800.0, 'price': 1.014, 'value': 335431.2, 'profit_pct': -2.3156207341356683}}",0.005942148449278095,1.4080298906557411,-20.05002913442557
2021-04-28,159.19065574120032,1426804.2000000002,1426963.3906557413,"{'512010': {'shares': 475100.0, 'price': 0.791, 'value': 375804.10000000003, 'profit_pct': 9.447339364236896}, '159928': {'shares': 282800.0, 'price': 1.276, 'value': 360852.8, 'profit_pct': 5.088645896560162}, '512580': {'shares': 289700.0, 'price': 1.221, 'value': 353723.7, 'profit_pct': 3.0219780219780468}, '512880': {'shares': 330800.0, 'price': 1.017, 'value': 336423.6, 'profit_pct': -2.0266136948875593}}",0.013446802603872765,1.4269633906557413,-18.974957658010815
2021-04-29,159.19065574120032,1441022.4000000001,1441181.5906557413,"{'512010': {'shares': 475100.0, 'price': 0.788, 'value': 374378.8, 'profit_pct': 9.032241996230942}, '159928': {'shares': 282800.0, 'price': 1.299, 'value': 367357.19999999995, 'profit_pct': 6.982876974632947}, '512580': {'shares': 289700.0, 'price': 1.224, 'value': 354592.8, 'profit_pct': 3.275103275103291}, '512880': {'shares': 330800.0, 'price': 1.042, 'value': 344693.60000000003, 'profit_pct': 0.3817782988467811}}",0.009963955692981141,1.4411815906557413,-18.167627726093315
2021-04-30,45.02191326121101,1445598.8000000003,1445643.8219132614,"{'512010': {'shares': 475100.0, 'price': 0.801, 'value': 380555.10000000003, 'profit_pct': 10.830997257590083}, '159995': {'shares': 562200.0, 'price': 0.615, 'value': 345753.0, 'profit_pct': -0.09990009990008711}, '512400': {'shares': 335800.0, 'price': 1.071, 'value': 359641.8, 'profit_pct': -0.09990009990008333}, '515030': {'shares': 219700.0, 'price': 1.637, 'value': 359648.9, 'profit_pct': -0.09990009990009312}}",0.0030962310970747975,1.4456438219132615,-17.91425579031144
2021-05-06,45.02191326121101,1430310.8,1430355.8219132612,"{'512010': {'shares': 475100.0, 'price': 0.765, 'value': 363451.5, 'profit_pct': 5.8498288415186135}, '159995': {'shares': 562200.0, 'price': 0.605, 'value': 340131.0, 'profit_pct': -1.7242919681943962}, '512400': {'shares': 335800.0, 'price': 1.101, 'value': 369715.8, 'profit_pct': 2.698422026153138}, '515030': {'shares': 219700.0, 'price': 1.625, 'value': 357012.5, 'profit_pct': -0.8322160429674113}}",-0.010575218991194624,1.4303558219132613,-18.78233051138408
2021-05-07,45.02191326121101,1405975.4,1406020.421913261,"{'512010': {'shares': 475100.0, 'price': 0.746, 'value': 354424.6, 'profit_pct': 3.2208788441475606}, '159995': {'shares': 562200.0, 'price': 0.579, 'value': 325513.8, 'profit_pct': -5.947710825759599}, '512400': {'shares': 335800.0, 'price': 1.131, 'value': 379789.8, 'profit_pct': 5.49674415220636}, '515030': {'shares': 219700.0, 'price': 1.576, 'value': 346247.2, 'profit_pct': -3.8225061438256205}}",-0.01701352882071594,1.406020421913261,-20.164129671980024
2021-05-10,45.02191326121101,1429475.7000000002,1429520.7219132613,"{'512010': {'shares': 475100.0, 'price': 0.761, 'value': 361551.1, 'profit_pct': 5.29636568417734}, '159995': {'shares': 562200.0, 'price': 0.567, 'value': 318767.39999999997, 'profit_pct': -7.89698106771277}, '512400': {'shares': 335800.0, 'price': 1.192, 'value': 400273.6, 'profit_pct': 11.186665808514567}, '515030': {'shares': 219700.0, 'price': 1.588, 'value': 348883.60000000003, 'profit_pct': -3.090190200758302}}",0.01671405310601526,1.4295207219132613,-18.82974869555255
2021-05-11,45.02191326121101,1412996.6,1413041.6219132612,"{'512010': {'shares': 475100.0, 'price': 0.776, 'value': 368677.60000000003, 'profit_pct': 7.371852524207117}, '159995': {'shares': 562200.0, 'price': 0.57, 'value': 320454.0, 'profit_pct': -7.409663507224478}, '512400': {'shares': 335800.0, 'price': 1.135, 'value': 381133.0, 'profit_pct': 5.8698537690134565}, '515030': {'shares': 219700.0, 'price': 1.56, 'value': 342732.0, 'profit_pct': -4.7989274012487115}}",-0.011527709775304706,1.4130416219132613,-19.76545579497877
2021-05-12,45.02191326121101,1427617.1,1427662.1219132612,"{'512010': {'shares': 475100.0, 'price': 0.787, 'value': 373903.7, 'profit_pct': 8.893876206895621}, '159995': {'shares': 562200.0, 'price': 0.58, 'value': 326076.0, 'profit_pct': -5.785271638930169}, '512400': {'shares': 335800.0, 'price': 1.141, 'value': 383147.8, 'profit_pct': 6.4295181942241}, '515030': {'shares': 219700.0, 'price': 1.568, 'value': 344489.60000000003, 'profit_pct': -4.310716772537166}}",0.010346828977481737,1.4276621219132613,-18.93528268800321
2021-05-13,45.02191326121101,1399460.2000000002,1399505.2219132613,"{'512010': {'shares': 475100.0, 'price': 0.792, 'value': 376279.2, 'profit_pct': 9.585705153572215}, '159995': {'shares': 562200.0, 'price': 0.575, 'value': 323265.0, 'profit_pct': -6.597467573077323}, '512400': {'shares': 335800.0, 'price': 1.082, 'value': 363335.60000000003, 'profit_pct': 0.9261513463194416}, '515030': {'shares': 219700.0, 'price': 1.532, 'value': 336580.4, 'profit_pct': -6.50766460173912}}",-0.019722383586296854,1.3995052219132613,-20.53407213814513
2021-05-14,45.02191326121101,1429809.5999999999,1429854.621913261,"{'512010': {'shares': 475100.0, 'price': 0.811, 'value': 385306.10000000003, 'profit_pct': 12.214655150943269}, '159995': {'shares': 562200.0, 'price': 0.589, 'value': 331135.8, 'profit_pct': -4.323318957465291}, '512400': {'shares': 335800.0, 'price': 1.09, 'value': 366022.0, 'profit_pct': 1.672370579933634}, '515030': {'shares': 219700.0, 'price': 1.581, 'value': 347345.7, 'profit_pct': -3.517374500880911}}",0.021685806901462712,1.429854621913261,-18.810789371287385
2021-05-17,45.02191326121101,1467164.4000000001,1467209.4219132613,"{'512010': {'shares': 475100.0, 'price': 0.828, 'value': 393382.8, 'profit_pct': 14.566873569643668}, '159995': {'shares': 562200.0, 'price': 0.595, 'value': 334509.0, 'profit_pct': -3.348683836488705}, '512400': {'shares': 335800.0, 'price': 1.122, 'value': 376767.60000000003, 'profit_pct': 4.657247514390404}, '515030': {'shares': 219700.0, 'price': 1.65, 'value': 362505.0, 'profit_pct': 0.6934421717561615}}",0.026124893697246243,1.4672094219132612,-16.689729874248926
2021-05-18,45.02191326121101,1466375.4999999998,1466420.521913261,"{'512010': {'shares': 475100.0, 'price': 0.821, 'value': 390057.1, 'profit_pct': 13.59831304429644}, '159995': {'shares': 562200.0, 'price': 0.59, 'value': 331698.0, 'profit_pct': -4.16087977063586}, '512400': {'shares': 335800.0, 'price': 1.134, 'value': 380797.19999999995, 'profit_pct': 5.776576364811672}, '515030': {'shares': 219700.0, 'price': 1.656, 'value': 363823.19999999995, 'profit_pct': 1.0596001432898206}}",-0.0005376873868296883,1.4664205219132609,-16.734524755688916
2021-05-19,45.02191326121101,1485006.3,1485051.3219132612,"{'512010': {'shares': 475100.0, 'price': 0.818, 'value': 388631.8, 'profit_pct': 13.183215676290484}, '159995': {'shares': 562200.0, 'price': 0.6, 'value': 337320.0, 'profit_pct': -2.5364879023415505}, '512400': {'shares': 335800.0, 'price': 1.141, 'value': 383147.8, 'profit_pct': 6.4295181942241}, '515030': {'shares': 219700.0, 'price': 1.711, 'value': 375906.7, 'profit_pct': 4.416048215681703}}",0.012704950402421034,1.4850513219132613,-15.676641022475934
2021-05-20,45.02191326121101,1473243.1,1473288.1219132612,"{'512010': {'shares': 475100.0, 'price': 0.815, 'value': 387206.5, 'profit_pct': 12.768118308284526}, '159995': {'shares': 562200.0, 'price': 0.599, 'value': 336757.8, 'profit_pct': -2.6989270891709816}, '512400': {'shares': 335800.0, 'price': 1.106, 'value': 371394.80000000005, 'profit_pct': 3.164809047162019}, '515030': {'shares': 219700.0, 'price': 1.72, 'value': 377884.0, 'profit_pct': 4.965285172982185}}",-0.007921073047391314,1.4732881219132612,-16.344572508538292
2021-05-21,45.02191326121101,1464907.7,1464952.721913261,"{'512010': {'shares': 475100.0, 'price': 0.804, 'value': 381980.4, 'profit_pct': 11.246094625596038}, '159995': {'shares': 562200.0, 'price': 0.594, 'value': 333946.8, 'profit_pct': -3.5111230233181363}, '512400': {'shares': 335800.0, 'price': 1.111, 'value': 373073.8, 'profit_pct': 3.6311960681708793}, '515030': {'shares': 219700.0, 'price': 1.711, 'value': 375906.7, 'profit_pct': 4.416048215681703}}",-0.0056576849266765095,1.4649527219132612,-16.81786855969142
2021-05-24,45.02191326121101,1463315.9,1463360.921913261,"{'512010': {'shares': 475100.0, 'price': 0.799, 'value': 379604.9, 'profit_pct': 10.554265678919446}, '159995': {'shares': 562200.0, 'price': 0.599, 'value': 336757.8, 'profit_pct': -2.6989270891709816}, '512400': {'shares': 335800.0, 'price': 1.103, 'value': 370387.39999999997, 'profit_pct': 2.8849768345566864}, '515030': {'shares': 219700.0, 'price': 1.714, 'value': 376565.8, 'profit_pct': 4.599127201448526}}",-0.0010865879670991507,1.463360921913261,-16.908253262792115
2021-05-25,45.02191326121101,1494379.2,1494424.221913261,"{'512010': {'shares': 475100.0, 'price': 0.823, 'value': 391007.3, 'profit_pct': 13.875044622967076}, '159995': {'shares': 562200.0, 'price': 0.618, 'value': 347439.6, 'profit_pct': 0.3874174605882056}, '512400': {'shares': 335800.0, 'price': 1.116, 'value': 374752.80000000005, 'profit_pct': 4.097583089179759}, '515030': {'shares': 219700.0, 'price': 1.735, 'value': 381179.5, 'profit_pct': 5.880680101816339}}",0.021227367449027312,1.494424221913261,-15.144434222819891
2021-05-26,45.02191326121101,1491924.0999999999,1491969.121913261,"{'512010': {'shares': 475100.0, 'price': 0.822, 'value': 390532.19999999995, 'profit_pct': 13.736678833631757}, '159995': {'shares': 562200.0, 'price': 0.612, 'value': 344066.39999999997, 'profit_pct': -0.5872176603883797}, '512400': {'shares': 335800.0, 'price': 1.128, 'value': 378782.39999999997, 'profit_pct': 5.216911939601028}, '515030': {'shares': 219700.0, 'price': 1.723, 'value': 378543.10000000003, 'profit_pct': 5.148364158749021}}",-0.0016428400744581406,1.491969121913261,-15.283838346819467
2021-05-27,45.02191326121101,1510171.1,1510216.1219132612,"{'512010': {'shares': 475100.0, 'price': 0.829, 'value': 393857.89999999997, 'profit_pct': 14.705239358978986}, '159995': {'shares': 562200.0, 'price': 0.637, 'value': 358121.4, 'profit_pct': 3.473762010347393}, '512400': {'shares': 335800.0, 'price': 1.126, 'value': 378110.8, 'profit_pct': 5.030357131197479}, '515030': {'shares': 219700.0, 'price': 1.73, 'value': 380081.0, 'profit_pct': 5.575548458871617}}",0.012230145873663112,1.5102161219132613,-14.247747331944238
2021-05-28,45.02191326121101,1521346.7,1521391.721913261,"{'512010': {'shares': 475100.0, 'price': 0.812, 'value': 385781.2, 'profit_pct': 12.353020940278586}, '159995': {'shares': 562200.0, 'price': 0.631, 'value': 354748.2, 'profit_pct': 2.499126889370807}, '512400': {'shares': 335800.0, 'price': 1.143, 'value': 383819.4, 'profit_pct': 6.616073002627648}, '515030': {'shares': 219700.0, 'price': 1.807, 'value': 396997.89999999997, 'profit_pct': 10.274575760220236}}",0.007400000462080669,1.521391721913261,-13.61318062257617
2021-05-31,69.34309482132085,1560662.0,1560731.3430948213,"{'512690': {'shares': 340100.0, 'price': 1.133, 'value': 385333.3, 'profit_pct': -0.0999000999000848}, '512580': {'shares': 282300.0, 'price': 1.365, 'value': 385339.5, 'profit_pct': -0.09990009990008811}, '515030': {'shares': 219700.0, 'price': 1.892, 'value': 415672.39999999997, 'profit_pct': 15.4618136902804}, '512880': {'shares': 327200.0, 'price': 1.144, 'value': 374316.8, 'profit_pct': -0.09990009990008349}}",0.025857654287804177,1.5607313430948213,-11.379420112091754
2021-06-01,69.34309482132085,1551692.4000000001,1551761.7430948215,"{'512690': {'shares': 340100.0, 'price': 1.142, 'value': 388394.19999999995, 'profit_pct': 0.6936576221660131}, '512580': {'shares': 282300.0, 'price': 1.353, 'value': 381951.9, 'profit_pct': -0.9781427363844837}, '515030': {'shares': 219700.0, 'price': 1.875, 'value': 411937.5, 'profit_pct': 14.42436610426837}, '512880': {'shares': 327200.0, 'price': 1.129, 'value': 369408.8, 'profit_pct': -1.40977903215663}}",-0.005747049317414099,1.5517617430948214,-11.8887269552454
2021-06-02,69.34309482132085,1529894.0,1529963.3430948213,"{'512690': {'shares': 340100.0, 'price': 1.12, 'value': 380912.00000000006, 'profit_pct': -1.2461501428844528}, '512580': {'shares': 282300.0, 'price': 1.341, 'value': 378564.3, 'profit_pct': -1.8563853728688795}, '515030': {'shares': 219700.0, 'price': 1.861, 'value': 408861.7, 'profit_pct': 13.569997504023167}, '512880': {'shares': 327200.0, 'price': 1.105, 'value': 361556.0, 'profit_pct': -3.50558532376712}}",-0.014047517344077276,1.5299633430948214,-13.126471591550326
2021-06-03,69.34309482132085,1530928.4,1530997.7430948212,"{'512690': {'shares': 340100.0, 'price': 1.139, 'value': 387373.9, 'profit_pct': 0.4291383814773203}, '512580': {'shares': 282300.0, 'price': 1.328, 'value': 374894.4, 'profit_pct': -2.8078148957269664}, '515030': {'shares': 219700.0, 'price': 1.853, 'value': 407104.1, 'profit_pct': 13.081786875311622}, '512880': {'shares': 327200.0, 'price': 1.105, 'value': 361556.0, 'profit_pct': -3.50558532376712}}",0.0006760946297625914,1.5309977430948212,-13.067736865524848
2021-06-04,69.34309482132085,1558577.2,1558646.5430948213,"{'512690': {'shares': 340100.0, 'price': 1.173, 'value': 398937.3, 'profit_pct': 3.427023109282616}, '512580': {'shares': 282300.0, 'price': 1.336, 'value': 377152.80000000005, 'profit_pct': -2.2223198047373693}, '515030': {'shares': 219700.0, 'price': 1.907, 'value': 418967.9, 'profit_pct': 16.37720861911455}, '512880': {'shares': 327200.0, 'price': 1.111, 'value': 363519.2, 'profit_pct': -2.9816337508644972}}",0.01805933426401385,1.5586465430948213,-11.497798067252162
2021-06-07,69.34309482132085,1558850.0,1558919.3430948213,"{'512690': {'shares': 340100.0, 'price': 1.205, 'value': 409820.5, 'profit_pct': 6.248561676628777}, '512580': {'shares': 282300.0, 'price': 1.316, 'value': 371506.8, 'profit_pct': -3.686057532211362}, '515030': {'shares': 219700.0, 'price': 1.871, 'value': 411058.7, 'profit_pct': 14.1802607899126}, '512880': {'shares': 327200.0, 'price': 1.12, 'value': 366464.00000000006, 'profit_pct': -2.1957063915105537}}",0.00017502364548827032,1.5589193430948214,-11.48230808923616
2021-06-08,69.34309482132085,1518254.4,1518323.7430948212,"{'512690': {'shares': 340100.0, 'price': 1.097, 'value': 373089.7, 'profit_pct': -3.2741309881645155}, '512580': {'shares': 282300.0, 'price': 1.314, 'value': 370942.2, 'profit_pct': -3.832431304958761}, '515030': {'shares': 219700.0, 'price': 1.853, 'value': 407104.1, 'profit_pct': 13.081786875311622}, '512880': {'shares': 327200.0, 'price': 1.122, 'value': 367118.4, 'profit_pct': -2.0210558672096797}}",-0.026040859765976254,1.5183237430948213,-13.787384891092259
2021-06-09,69.34309482132085,1512990.1,1513059.4430948214,"{'512690': {'shares': 340100.0, 'price': 1.092, 'value': 371389.2, 'profit_pct': -3.714996389312344}, '512580': {'shares': 282300.0, 'price': 1.318, 'value': 372071.4, 'profit_pct': -3.539683759463963}, '515030': {'shares': 219700.0, 'price': 1.851, 'value': 406664.7, 'profit_pct': 12.959734218133734}, '512880': {'shares': 327200.0, 'price': 1.109, 'value': 362864.8, 'profit_pct': -3.1562842751653712}}",-0.003467178870080412,1.5130594430948214,-14.086299448532236
2021-06-10,69.34309482132085,1550491.5,1550560.8430948213,"{'512690': {'shares': 340100.0, 'price': 1.12, 'value': 380912.00000000006, 'profit_pct': -1.2461501428844528}, '512580': {'shares': 282300.0, 'price': 1.365, 'value': 385339.5, 'profit_pct': -0.09990009990008811}, '515030': {'shares': 219700.0, 'price': 1.912, 'value': 420066.39999999997, 'profit_pct': 16.682340262059263}, '512880': {'shares': 327200.0, 'price': 1.113, 'value': 364173.6, 'profit_pct': -2.806983226563623}}",0.024785146526229207,1.5505608430948212,-11.95691579175353
2021-06-11,69.34309482132085,1547553.6999999997,1547623.043094821,"{'512690': {'shares': 340100.0, 'price': 1.089, 'value': 370368.89999999997, 'profit_pct': -3.9795156300010555}, '512580': {'shares': 282300.0, 'price': 1.398, 'value': 394655.39999999997, 'profit_pct': 2.3152671504319917}, '515030': {'shares': 219700.0, 'price': 1.934, 'value': 424899.8, 'profit_pct': 18.02491949101601}, '512880': {'shares': 327200.0, 'price': 1.093, 'value': 357629.6, 'profit_pct': -4.553488469572365}}",-0.0018946692824620692,1.547623043094821,-12.123728318936122
2021-06-15,69.34309482132085,1533771.6,1533840.9430948214,"{'512690': {'shares': 340100.0, 'price': 1.088, 'value': 370028.80000000005, 'profit_pct': -4.067688710230613}, '512580': {'shares': 282300.0, 'price': 1.381, 'value': 389856.3, 'profit_pct': 1.071090082079106}, '515030': {'shares': 219700.0, 'price': 1.917, 'value': 421164.9, 'profit_pct': 16.987471905003986}, '512880': {'shares': 327200.0, 'price': 1.078, 'value': 352721.60000000003, 'profit_pct': -5.863367401828911}}",-0.008905333932247017,1.5338409430948214,-12.906295862976847
2021-06-16,69.34309482132085,1475363.5,1475432.8430948213,"{'512690': {'shares': 340100.0, 'price': 1.057, 'value': 359485.69999999995, 'profit_pct': -6.801054197347217}, '512580': {'shares': 282300.0, 'price': 1.318, 'value': 372071.4, 'profit_pct': -3.539683759463963}, '515030': {'shares': 219700.0, 'price': 1.792, 'value': 393702.4, 'profit_pct': 9.359180831386094}, '512880': {'shares': 327200.0, 'price': 1.07, 'value': 350104.0, 'profit_pct': -6.561969499032408}}",-0.038079632873895264,1.4754328430948214,-16.22279214214234
2021-06-17,69.34309482132085,1511608.3,1511677.6430948214,"{'512690': {'shares': 340100.0, 'price': 1.098, 'value': 373429.80000000005, 'profit_pct': -3.185957907934938}, '512580': {'shares': 282300.0, 'price': 1.348, 'value': 380540.4, 'profit_pct': -1.3440771682529737}, '515030': {'shares': 219700.0, 'price': 1.849, 'value': 406225.3, 'profit_pct': 12.837681560955849}, '512880': {'shares': 327200.0, 'price': 1.074, 'value': 351412.80000000005, 'profit_pct': -6.212668450430659}}",0.02456553693353758,1.5116776430948213,-14.1647600483215
2021-06-18,69.34309482132085,1539126.3,1539195.6430948214,"{'512690': {'shares': 340100.0, 'price': 1.084, 'value': 368668.4, 'profit_pct': -4.420381031148883}, '512580': {'shares': 282300.0, 'price': 1.385, 'value': 390985.5, 'profit_pct': 1.3638376275739046}, '515030': {'shares': 219700.0, 'price': 1.932, 'value': 424460.39999999997, 'profit_pct': 17.902866833838125}, '512880': {'shares': 327200.0, 'price': 1.085, 'value': 355012.0, 'profit_pct': -5.252090566775861}}",0.01820361644276436,1.5391956430948213,-12.602248262968507
2021-06-21,69.34309482132085,1538261.9,1538331.2430948212,"{'512690': {'shares': 340100.0, 'price': 1.066, 'value': 362546.60000000003, 'profit_pct': -6.007496475281099}, '512580': {'shares': 282300.0, 'price': 1.397, 'value': 394373.1, 'profit_pct': 2.2420802640583}, '515030': {'shares': 219700.0, 'price': 1.942, 'value': 426657.39999999997, 'profit_pct': 18.51313011972756}, '512880': {'shares': 327200.0, 'price': 1.084, 'value': 354684.80000000005, 'profit_pct': -5.339415828926289}}",-0.0005615920262496132,1.5383312430948213,-12.651330143456164
2021-06-22,69.34309482132085,1546608.1,1546677.4430948214,"{'512690': {'shares': 340100.0, 'price': 1.08, 'value': 367308.0, 'profit_pct': -4.773073352067154}, '512580': {'shares': 282300.0, 'price': 1.412, 'value': 398607.6, 'profit_pct': 3.339883559663787}, '515030': {'shares': 219700.0, 'price': 1.945, 'value': 427316.5, 'profit_pct': 18.696209105494393}, '512880': {'shares': 327200.0, 'price': 1.08, 'value': 353376.0, 'profit_pct': -5.688716877528037}}",0.005425489495493263,1.5466774430948214,-12.177420852704168
2021-06-23,351955.00211790134,1199512.5,1551467.5021179013,"{'512580': {'shares': 282300.0, 'price': 1.435, 'value': 405100.5, 'profit_pct': 5.023181946258886}, '515030': {'shares': 219700.0, 'price': 2.0, 'value': 439400.0, 'profit_pct': 22.05265717788626}, '512880': {'shares': 327200.0, 'price': 1.085, 'value': 355012.0, 'profit_pct': -5.252090566775861}}",0.0030969993416953834,1.5514675021179014,-11.905434382898994
2021-06-24,351955.00211790134,1199783.0,1551738.0021179013,"{'512580': {'shares': 282300.0, 'price': 1.45, 'value': 409335.0, 'profit_pct': 6.120985241864372}, '515030': {'shares': 219700.0, 'price': 1.976, 'value': 434127.2, 'profit_pct': 20.588025291751627}, '512880': {'shares': 327200.0, 'price': 1.089, 'value': 356320.8, 'profit_pct': -4.902789518174113}}",0.00017435105771190784,1.5517380021179012,-11.89007500220497
2021-06-25,351955.00211790134,1222140.7999999998,1574095.8021179012,"{'512580': {'shares': 282300.0, 'price': 1.468, 'value': 414416.39999999997, 'profit_pct': 7.438349196590967}, '515030': {'shares': 219700.0, 'price': 2.004, 'value': 440278.8, 'profit_pct': 22.296762492242035}, '512880': {'shares': 327200.0, 'price': 1.123, 'value': 367445.6, 'profit_pct': -1.9337306050592524}}",0.014408231266801907,1.5740958021179012,-10.620566825936173
2021-06-28,351955.00211790134,1235988.8000000003,1587943.8021179016,"{'512580': {'shares': 282300.0, 'price': 1.487, 'value': 419780.10000000003, 'profit_pct': 8.828900037691268}, '515030': {'shares': 219700.0, 'price': 2.059, 'value': 452362.30000000005, 'profit_pct': 25.653210564633916}, '512880': {'shares': 327200.0, 'price': 1.112, 'value': 363846.4, 'profit_pct': -2.89430848871405}}",0.008797431504085296,1.5879438021179015,-9.834257384713375
2021-06-29,351955.00211790134,1239644.2999999998,1591599.3021179012,"{'512580': {'shares': 282300.0, 'price': 1.515, 'value': 427684.5, 'profit_pct': 10.87813285615484}, '515030': {'shares': 219700.0, 'price': 2.062, 'value': 453021.39999999997, 'profit_pct': 25.836289550400725}, '512880': {'shares': 327200.0, 'price': 1.097, 'value': 358938.39999999997, 'profit_pct': -4.204187420970616}}",0.0023020336079426773,1.5915993021179011,-9.626692814927884
2021-06-30,16.94803626142675,1611211.8,1611228.7480362614,"{'159995': {'shares': 502800.0, 'price': 0.792, 'value': 398217.60000000003, 'profit_pct': -0.09990009990008777}, '512580': {'shares': 282300.0, 'price': 1.532, 'value': 432483.60000000003, 'profit_pct': 12.122309924507743}, '515030': {'shares': 219700.0, 'price': 2.118, 'value': 465324.6, 'profit_pct': 29.253763951381544}, '515050': {'shares': 786000.0, 'price': 0.401, 'value': 315186.0, 'profit_pct': -0.09990009990009609}}",0.012333158158740032,1.6112287480362615,-8.512104524086006
2021-07-01,16.94803626142675,1583733.6,1583750.5480362615,"{'159995': {'shares': 502800.0, 'price': 0.771, 'value': 387658.8, 'profit_pct': -2.748766385130012}, '512580': {'shares': 282300.0, 'price': 1.507, 'value': 425426.1, 'profit_pct': 10.292637765165244}, '515030': {'shares': 219700.0, 'price': 2.091, 'value': 459392.70000000007, 'profit_pct': 27.6060530794801}, '515050': {'shares': 786000.0, 'price': 0.396, 'value': 311256.0, 'profit_pct': -1.345537255761692}}",-0.017054189253692176,1.5837505480362615,-10.072356407954253
2021-07-02,16.94803626142675,1561306.4000000001,1561323.3480362615,"{'159995': {'shares': 502800.0, 'price': 0.758, 'value': 381122.4, 'profit_pct': -4.388540752177108}, '512580': {'shares': 282300.0, 'price': 1.484, 'value': 418933.2, 'profit_pct': 8.60933937857016}, '515030': {'shares': 219700.0, 'price': 2.084, 'value': 457854.8, 'profit_pct': 27.17886877935749}, '515050': {'shares': 786000.0, 'price': 0.386, 'value': 303396.0, 'profit_pct': -3.836811567484884}}",-0.01416081593645424,1.5613233480362616,-11.345805216460258
2021-07-05,16.94803626142675,1602200.2999999998,1602217.2480362612,"{'159995': {'shares': 502800.0, 'price': 0.791, 'value': 397714.80000000005, 'profit_pct': -0.22603658967294132}, '512580': {'shares': 282300.0, 'price': 1.503, 'value': 424296.89999999997, 'profit_pct': 9.999890219670446}, '515030': {'shares': 219700.0, 'price': 2.138, 'value': 469718.6, 'profit_pct': 30.47429052316041}, '515050': {'shares': 786000.0, 'price': 0.395, 'value': 310470.0, 'profit_pct': -1.5946646869340113}}",0.026191819940074357,1.602217248036261,-9.023790509757523
2021-07-06,16.94803626142675,1592641.9,1592658.8480362613,"{'159995': {'shares': 502800.0, 'price': 0.774, 'value': 389167.2, 'profit_pct': -2.3703569158114512}, '512580': {'shares': 282300.0, 'price': 1.509, 'value': 425990.69999999995, 'profit_pct': 10.439011537912643}, '515030': {'shares': 219700.0, 'price': 2.14, 'value': 470158.0, 'profit_pct': 30.59634318033831}, '515050': {'shares': 786000.0, 'price': 0.391, 'value': 307326.0, 'profit_pct': -2.591174411623288}}",-0.00596573280665591,1.5926588480362613,-9.566530267338658
2021-07-07,16.94803626142675,1654666.6,1654683.5480362615,"{'159995': {'shares': 502800.0, 'price': 0.797, 'value': 400731.60000000003, 'profit_pct': 0.5307823489641799}, '512580': {'shares': 282300.0, 'price': 1.579, 'value': 445751.7, 'profit_pct': 15.562093584071619}, '515030': {'shares': 219700.0, 'price': 2.269, 'value': 498499.30000000005, 'profit_pct': 38.468739568311975}, '515050': {'shares': 786000.0, 'price': 0.394, 'value': 309684.0, 'profit_pct': -1.8437921181063304}}",0.038944121697170875,1.6546835480362614,-6.044678216572475
2021-07-08,16.94803626142675,1683527.2,1683544.1480362613,"{'159995': {'shares': 502800.0, 'price': 0.82, 'value': 412296.0, 'profit_pct': 3.4319216137397968}, '512580': {'shares': 282300.0, 'price': 1.603, 'value': 452526.9, 'profit_pct': 17.31857885704041}, '515030': {'shares': 219700.0, 'price': 2.299, 'value': 505090.3, 'profit_pct': 40.29952942598026}, '515050': {'shares': 786000.0, 'price': 0.399, 'value': 313614.0, 'profit_pct': -0.5981549622447344}}",0.017441764036544072,1.6835441480362614,-4.405931664048368
2021-07-09,16.94803626142675,1684830.5,1684847.4480362614,"{'159995': {'shares': 502800.0, 'price': 0.809, 'value': 406765.2, 'profit_pct': 2.0444202262384223}, '512580': {'shares': 282300.0, 'price': 1.61, 'value': 454503.0, 'profit_pct': 17.830887061656313}, '515030': {'shares': 219700.0, 'price': 2.339, 'value': 513878.3, 'profit_pct': 42.740582569537985}, '515050': {'shares': 786000.0, 'price': 0.394, 'value': 309684.0, 'profit_pct': -1.8437921181063304}}",0.0007741406731271994,1.6848474480362614,-4.331928407639818
2021-07-12,16.94803626142675,1738670.2999999998,1738687.2480362612,"{'159995': {'shares': 502800.0, 'price': 0.823, 'value': 413804.39999999997, 'profit_pct': 3.8103310830583577}, '512580': {'shares': 282300.0, 'price': 1.655, 'value': 467206.5, 'profit_pct': 21.12429694847279}, '515030': {'shares': 219700.0, 'price': 2.462, 'value': 540901.4, 'profit_pct': 50.246820985978005}, '515050': {'shares': 786000.0, 'price': 0.403, 'value': 316758.0, 'profit_pct': 0.39835476244454227}}",0.031955296642881104,1.7386872480362612,-1.2748268006535723
2021-07-13,16.94803626142675,1714338.7999999998,1714355.7480362612,"{'159995': {'shares': 502800.0, 'price': 0.784, 'value': 394195.2, 'profit_pct': -1.108992018082916}, '512580': {'shares': 282300.0, 'price': 1.668, 'value': 470876.39999999997, 'profit_pct': 22.075726471330878}, '515030': {'shares': 219700.0, 'price': 2.456, 'value': 539583.2, 'profit_pct': 49.88066301444432}, '515050': {'shares': 786000.0, 'price': 0.394, 'value': 309684.0, 'profit_pct': -1.8437921181063304}}",-0.013994178669844648,1.7143557480362612,-2.6564045136165837
2021-07-14,16.94803626142675,1666346.4000000001,1666363.3480362615,"{'159995': {'shares': 502800.0, 'price': 0.774, 'value': 389167.2, 'profit_pct': -2.3703569158114512}, '512580': {'shares': 282300.0, 'price': 1.613, 'value': 455349.9, 'profit_pct': 18.050447720777406}, '515030': {'shares': 219700.0, 'price': 2.349, 'value': 516075.30000000005, 'profit_pct': 43.35084585542743}, '515050': {'shares': 786000.0, 'price': 0.389, 'value': 305754.0, 'profit_pct': -3.089429273967926}}",-0.027994423009911062,1.6663633480362614,-5.381482302968077
2021-07-15,16.94803626142675,1696881.0,1696897.9480362614,"{'159995': {'shares': 502800.0, 'price': 0.785, 'value': 394698.0, 'profit_pct': -0.9828555283100625}, '512580': {'shares': 282300.0, 'price': 1.667, 'value': 470594.10000000003, 'profit_pct': 22.002539584957184}, '515030': {'shares': 219700.0, 'price': 2.397, 'value': 526620.8999999999, 'profit_pct': 46.280109627696675}, '515050': {'shares': 786000.0, 'price': 0.388, 'value': 304968.0, 'profit_pct': -3.338556705140245}}",0.018324094823607195,1.6968979480362614,-3.647683612618513
2021-07-16,16.94803626142675,1650360.1,1650377.0480362615,"{'159995': {'shares': 502800.0, 'price': 0.769, 'value': 386653.2, 'profit_pct': -3.001039364675719}, '512580': {'shares': 282300.0, 'price': 1.627, 'value': 459302.1, 'profit_pct': 19.0750641300092}, '515030': {'shares': 219700.0, 'price': 2.284, 'value': 501794.79999999993, 'profit_pct': 39.3841344971461}, '515050': {'shares': 786000.0, 'price': 0.385, 'value': 302610.0, 'profit_pct': -4.085938998657203}}",-0.027415260919984252,1.6503770480362614,-6.289207506623451
2021-07-19,16.94803626142675,1641212.1,1641229.0480362615,"{'159995': {'shares': 502800.0, 'price': 0.77, 'value': 387156.0, 'profit_pct': -2.8749028749028653}, '512580': {'shares': 282300.0, 'price': 1.597, 'value': 450833.1, 'profit_pct': 16.879457538798214}, '515030': {'shares': 219700.0, 'price': 2.25, 'value': 494325.0, 'profit_pct': 37.30923932512204}, '515050': {'shares': 786000.0, 'price': 0.393, 'value': 308898.0, 'profit_pct': -2.0929195492786494}}",-0.005542975776889891,1.6412290480362615,-6.808644159447386
2021-07-20,16.94803626142675,1665361.1,1665378.0480362615,"{'159995': {'shares': 502800.0, 'price': 0.787, 'value': 395703.60000000003, 'profit_pct': -0.7305825487643555}, '512580': {'shares': 282300.0, 'price': 1.605, 'value': 453091.5, 'profit_pct': 17.46495262978781}, '515030': {'shares': 219700.0, 'price': 2.3, 'value': 505309.99999999994, 'profit_pct': 40.36055575456919}, '515050': {'shares': 786000.0, 'price': 0.396, 'value': 311256.0, 'profit_pct': -1.345537255761692}}",0.014713973061160734,1.6653780480362614,-5.4374290600764486
2021-07-21,16.94803626142675,1728049.5,1728066.4480362614,"{'159995': {'shares': 502800.0, 'price': 0.82, 'value': 412296.0, 'profit_pct': 3.4319216137397968}, '512580': {'shares': 282300.0, 'price': 1.669, 'value': 471158.7, 'profit_pct': 22.148913357704583}, '515030': {'shares': 219700.0, 'price': 2.424, 'value': 532552.7999999999, 'profit_pct': 47.92782049959815}, '515050': {'shares': 786000.0, 'price': 0.397, 'value': 312042.0, 'profit_pct': -1.0964098245893728}}",0.03764214382068931,1.7280664480362613,-1.877891164701706
2021-07-22,16.94803626142675,1746800.0,1746816.9480362614,"{'159995': {'shares': 502800.0, 'price': 0.84, 'value': 422352.0, 'profit_pct': 5.954651409196868}, '512580': {'shares': 282300.0, 'price': 1.681, 'value': 474546.3, 'profit_pct': 23.02715599418898}, '515030': {'shares': 219700.0, 'price': 2.441, 'value': 536287.7, 'profit_pct': 48.96526808561018}, '515050': {'shares': 786000.0, 'price': 0.399, 'value': 313614.0, 'profit_pct': -0.5981549622447344}}",0.01085056655159744,1.7468169480362614,-0.8132106926012184
2021-07-23,16.94803626142675,1737253.2,1737270.1480362613,"{'159995': {'shares': 502800.0, 'price': 0.839, 'value': 421849.2, 'profit_pct': 5.828514919424014}, '512580': {'shares': 282300.0, 'price': 1.678, 'value': 473699.39999999997, 'profit_pct': 22.807595335067873}, '515030': {'shares': 219700.0, 'price': 2.418, 'value': 531234.6, 'profit_pct': 47.5616625280645}, '515050': {'shares': 786000.0, 'price': 0.395, 'value': 310470.0, 'profit_pct': -1.5946646869340113}}",-0.005465254966029676,1.7372701480362613,-1.3552917854280255
2021-07-26,16.94803626142675,1722980.0,1722996.9480362614,"{'159995': {'shares': 502800.0, 'price': 0.85, 'value': 427380.0, 'profit_pct': 7.216016306925403}, '512580': {'shares': 282300.0, 'price': 1.652, 'value': 466359.6, 'profit_pct': 20.904736289351682}, '515030': {'shares': 219700.0, 'price': 2.372, 'value': 521128.39999999997, 'profit_pct': 44.754451412973104}, '515050': {'shares': 786000.0, 'price': 0.392, 'value': 308112.0, 'profit_pct': -2.3420469804509687}}",-0.008215878236400798,1.7229969480362615,-2.165744696784233
2021-07-27,16.94803626142675,1669639.7999999998,1669656.7480362612,"{'159995': {'shares': 502800.0, 'price': 0.848, 'value': 426374.39999999997, 'profit_pct': 6.963743327379696}, '512580': {'shares': 282300.0, 'price': 1.57, 'value': 443211.0, 'profit_pct': 14.903411606708328}, '515030': {'shares': 219700.0, 'price': 2.232, 'value': 490370.4, 'profit_pct': 36.210765410521084}, '515050': {'shares': 786000.0, 'price': 0.394, 'value': 309684.0, 'profit_pct': -1.8437921181063304}}",-0.030957802949560187,1.6696567480362612,-5.19447829417815
2021-07-28,16.94803626142675,1668965.4,1668982.3480362613,"{'159995': {'shares': 502800.0, 'price': 0.838, 'value': 421346.39999999997, 'profit_pct': 5.70237842965116}, '512580': {'shares': 282300.0, 'price': 1.583, 'value': 446880.89999999997, 'profit_pct': 15.854841129566417}, '515030': {'shares': 219700.0, 'price': 2.253, 'value': 494984.10000000003, 'profit_pct': 37.492318310888884}, '515050': {'shares': 786000.0, 'price': 0.389, 'value': 305754.0, 'profit_pct': -3.089429273967926}}",-0.00040391535613115703,1.6689823480362613,-5.232771700241168
2021-07-29,16.94803626142675,1768821.8,1768838.7480362614,"{'159995': {'shares': 502800.0, 'price': 0.907, 'value': 456039.60000000003, 'profit_pct': 14.405796223978054}, '512580': {'shares': 282300.0, 'price': 1.672, 'value': 472005.6, 'profit_pct': 22.368474016825676}, '515030': {'shares': 219700.0, 'price': 2.378, 'value': 522446.60000000003, 'profit_pct': 45.12060938450677}, '515050': {'shares': 786000.0, 'price': 0.405, 'value': 318330.0, 'profit_pct': 0.8966096247891806}}",0.059830710682765575,1.7688387480362615,0.0
2021-07-30,63.73991607152857,1776334.2,1776397.9399160715,"{'159995': {'shares': 502800.0, 'price': 0.922, 'value': 463581.60000000003, 'profit_pct': 16.29784357057086}, '512660': {'shares': 366100.0, 'price': 1.206, 'value': 441516.6, 'profit_pct': -0.09990009990008487}, '512670': {'shares': 399700.0, 'price': 0.996, 'value': 398101.2, 'profit_pct': -0.09990009990007735}, '512580': {'shares': 282300.0, 'price': 1.676, 'value': 473134.8, 'profit_pct': 22.661221562320474}}",0.004273533632278337,1.7763979399160714,0.0
2021-08-02,63.73991607152857,1818441.8,1818505.5399160716,"{'159995': {'shares': 502800.0, 'price': 0.903, 'value': 454028.4, 'profit_pct': 13.901250264886638}, '512660': {'shares': 366100.0, 'price': 1.271, 'value': 465313.1, 'profit_pct': 5.284433642642609}, '512670': {'shares': 399700.0, 'price': 1.053, 'value': 420884.1, 'profit_pct': 5.617274291973105}, '512580': {'shares': 282300.0, 'price': 1.694, 'value': 478216.2, 'profit_pct': 23.97858551704707}}",0.02370392300837132,1.8185055399160717,0.0
2021-08-03,63.73991607152857,1762982.6,1763046.3399160716,"{'159995': {'shares': 502800.0, 'price': 0.851, 'value': 427882.8, 'profit_pct': 7.342152796698256}, '512660': {'shares': 366100.0, 'price': 1.251, 'value': 457991.1, 'profit_pct': 3.6277155680140853}, '512670': {'shares': 399700.0, 'price': 1.034, 'value': 413289.8, 'profit_pct': 3.7115494946820515}, '512580': {'shares': 282300.0, 'price': 1.643, 'value': 463818.9, 'profit_pct': 20.24605431198839}}",-0.030497130078888546,1.7630463399160716,-3.0497130078888546
2021-08-04,63.73991607152857,1837581.9000000001,1837645.6399160717,"{'159995': {'shares': 502800.0, 'price': 0.893, 'value': 449000.4, 'profit_pct': 12.639885367158104}, '512660': {'shares': 366100.0, 'price': 1.286, 'value': 470804.60000000003, 'profit_pct': 6.526972198614011}, '512670': {'shares': 399700.0, 'price': 1.063, 'value': 424881.1, 'profit_pct': 6.620287343178928}, '512580': {'shares': 282300.0, 'price': 1.746, 'value': 492895.8, 'profit_pct': 27.784303608479448}}",0.04231272786825979,1.8376456399160717,0.0
2021-08-05,63.73991607152857,1872737.2999999998,1872801.0399160713,"{'159995': {'shares': 502800.0, 'price': 0.889, 'value': 446989.2, 'profit_pct': 12.13533940806669}, '512660': {'shares': 366100.0, 'price': 1.331, 'value': 487279.1, 'profit_pct': 10.254587866528182}, '512670': {'shares': 399700.0, 'price': 1.107, 'value': 442467.89999999997, 'profit_pct': 11.033544768484552}, '512580': {'shares': 282300.0, 'price': 1.757, 'value': 496001.1, 'profit_pct': 28.589359358590137}}",0.019130674182431306,1.8728010399160713,0.0
2021-08-06,63.73991607152857,1881730.0,1881793.7399160715,"{'159995': {'shares': 502800.0, 'price': 0.884, 'value': 444475.2, 'profit_pct': 11.504656959202423}, '512660': {'shares': 366100.0, 'price': 1.342, 'value': 491306.2, 'profit_pct': 11.16578280757388}, '512670': {'shares': 399700.0, 'price': 1.113, 'value': 444866.1, 'profit_pct': 11.635352599208046}, '512580': {'shares': 282300.0, 'price': 1.775, 'value': 501082.5, 'profit_pct': 29.90672331331673}}",0.004801738042821135,1.8817937399160716,0.0
2021-08-09,63.73991607152857,1849949.7,1850013.4399160715,"{'159995': {'shares': 502800.0, 'price': 0.86, 'value': 432408.0, 'profit_pct': 8.47738120465394}, '512660': {'shares': 366100.0, 'price': 1.333, 'value': 488011.3, 'profit_pct': 10.420259673991035}, '512670': {'shares': 399700.0, 'price': 1.103, 'value': 440869.1, 'profit_pct': 10.632339548002221}, '512580': {'shares': 282300.0, 'price': 1.731, 'value': 488661.30000000005, 'profit_pct': 26.68650031287396}}",-0.01688830147846998,1.8500134399160715,-1.688830147846998
2021-08-10,63.73991607152857,1880224.9000000001,1880288.6399160717,"{'159995': {'shares': 502800.0, 'price': 0.855, 'value': 429894.0, 'profit_pct': 7.84669875578967}, '512660': {'shares': 366100.0, 'price': 1.385, 'value': 507048.5, 'profit_pct': 14.727726668025198}, '512670': {'shares': 399700.0, 'price': 1.148, 'value': 458855.6, 'profit_pct': 15.145898278428415}, '512580': {'shares': 282300.0, 'price': 1.716, 'value': 484426.8, 'profit_pct': 25.58869701726846}}",0.016364854085262115,1.8802886399160716,-0.0799821982650939
2021-08-11,63.73991607152857,1881476.1,1881539.8399160716,"{'159995': {'shares': 502800.0, 'price': 0.859, 'value': 431905.2, 'profit_pct': 8.351244714881084}, '512660': {'shares': 366100.0, 'price': 1.379, 'value': 504851.9, 'profit_pct': 14.230711245636641}, '512670': {'shares': 399700.0, 'price': 1.141, 'value': 456057.7, 'profit_pct': 14.44378914258435}, '512580': {'shares': 282300.0, 'price': 1.731, 'value': 488661.30000000005, 'profit_pct': 26.68650031287396}}",0.0006654297502195483,1.8815398399160717,-0.013492445777363304
2021-08-12,63.73991607152857,1853159.6,1853223.3399160716,"{'159995': {'shares': 502800.0, 'price': 0.864, 'value': 434419.2, 'profit_pct': 8.981927163745352}, '512660': {'shares': 366100.0, 'price': 1.34, 'value': 490574.00000000006, 'profit_pct': 11.000111000111026}, '512670': {'shares': 399700.0, 'price': 1.101, 'value': 440069.7, 'profit_pct': 10.431736937761057}, '512580': {'shares': 282300.0, 'price': 1.729, 'value': 488096.7, 'profit_pct': 26.540126540126565}}",-0.015049641468799835,1.8532233399160716,-1.5182535361858651
2021-08-13,63.73991607152857,1826562.4,1826626.1399160714,"{'159995': {'shares': 502800.0, 'price': 0.827, 'value': 415815.6, 'profit_pct': 4.314877042149772}, '512660': {'shares': 366100.0, 'price': 1.335, 'value': 488743.5, 'profit_pct': 10.585931481453887}, '512670': {'shares': 399700.0, 'price': 1.099, 'value': 439270.3, 'profit_pct': 10.231134327519893}, '512580': {'shares': 282300.0, 'price': 1.71, 'value': 482733.0, 'profit_pct': 25.14957569902626}}",-0.014351858962236452,1.8266261399160715,-2.9316496717892493
2021-08-16,63.73991607152857,1798060.9,1798124.6399160714,"{'159995': {'shares': 502800.0, 'price': 0.832, 'value': 418329.6, 'profit_pct': 4.9455594910140395}, '512660': {'shares': 366100.0, 'price': 1.309, 'value': 479224.89999999997, 'profit_pct': 8.432197984436804}, '512670': {'shares': 399700.0, 'price': 1.077, 'value': 430476.89999999997, 'profit_pct': 8.024505614867081}, '512580': {'shares': 282300.0, 'price': 1.665, 'value': 470029.5, 'profit_pct': 21.856165812209785}}",-0.015603357127753292,1.7981246399160715,-4.446241807762197
2021-08-17,63.73991607152857,1762640.2000000002,1762703.9399160717,"{'159995': {'shares': 502800.0, 'price': 0.796, 'value': 400228.80000000005, 'profit_pct': 0.40464585919132634}, '512660': {'shares': 366100.0, 'price': 1.287, 'value': 471170.69999999995, 'profit_pct': 6.609808102345428}, '512670': {'shares': 399700.0, 'price': 1.063, 'value': 424881.1, 'profit_pct': 6.620287343178928}, '512580': {'shares': 282300.0, 'price': 1.652, 'value': 466359.6, 'profit_pct': 20.904736289351682}}",-0.019698690076152325,1.7627039399160718,-6.328525676002683
2021-08-18,63.73991607152857,1787860.2,1787923.9399160715,"{'159995': {'shares': 502800.0, 'price': 0.799, 'value': 401737.2, 'profit_pct': 0.7830553285098869}, '512660': {'shares': 366100.0, 'price': 1.323, 'value': 484350.3, 'profit_pct': 9.591900636676773}, '512670': {'shares': 399700.0, 'price': 1.095, 'value': 437671.5, 'profit_pct': 9.829929107037563}, '512580': {'shares': 282300.0, 'price': 1.644, 'value': 464101.19999999995, 'profit_pct': 20.319241198362086}}",0.014307564321436983,1.7879239399160716,-4.9883150320282565
2021-08-19,63.73991607152857,1828901.6,1828965.3399160716,"{'159995': {'shares': 502800.0, 'price': 0.817, 'value': 410787.6, 'profit_pct': 3.0535121444212363}, '512660': {'shares': 366100.0, 'price': 1.35, 'value': 494235.00000000006, 'profit_pct': 11.828470037425289}, '512670': {'shares': 399700.0, 'price': 1.127, 'value': 450461.9, 'profit_pct': 13.039570870896197}, '512580': {'shares': 282300.0, 'price': 1.677, 'value': 473417.10000000003, 'profit_pct': 22.734408448694182}}",0.022954779609879017,1.8289653399160717,-2.807342743225194
2021-08-20,63.73991607152857,1833312.1,1833375.8399160716,"{'159995': {'shares': 502800.0, 'price': 0.827, 'value': 415815.6, 'profit_pct': 4.314877042149772}, '512660': {'shares': 366100.0, 'price': 1.346, 'value': 492770.60000000003, 'profit_pct': 11.497126422499585}, '512670': {'shares': 399700.0, 'price': 1.127, 'value': 450461.9, 'profit_pct': 13.039570870896197}, '512580': {'shares': 282300.0, 'price': 1.68, 'value': 474264.0, 'profit_pct': 22.953969107815272}}",0.0024114727074064923,1.8333758399160716,-2.5729653028901733
2021-08-23,63.73991607152857,1898991.9,1899055.6399160714,"{'159995': {'shares': 502800.0, 'price': 0.849, 'value': 426877.2, 'profit_pct': 7.08987981715255}, '512660': {'shares': 366100.0, 'price': 1.405, 'value': 514370.5, 'profit_pct': 16.384444742653724}, '512670': {'shares': 399700.0, 'price': 1.175, 'value': 469647.5, 'profit_pct': 17.85403351668415}, '512580': {'shares': 282300.0, 'price': 1.729, 'value': 488096.7, 'profit_pct': 26.540126540126565}}",0.03582451484852478,1.8990556399160714,0.0
2021-08-24,63.73991607152857,1906369.0,1906432.7399160715,"{'159995': {'shares': 502800.0, 'price': 0.865, 'value': 434922.0, 'profit_pct': 9.108063653518206}, '512660': {'shares': 366100.0, 'price': 1.397, 'value': 511441.7, 'profit_pct': 15.721757512802311}, '512670': {'shares': 399700.0, 'price': 1.163, 'value': 464851.10000000003, 'profit_pct': 16.650417855237162}, '512580': {'shares': 282300.0, 'price': 1.754, 'value': 495154.2, 'profit_pct': 28.369798699469044}}",0.003884614987018642,1.9064327399160714,0.0
2021-08-25,63.73991607152857,1900630.4,1900694.1399160714,"{'159995': {'shares': 502800.0, 'price': 0.859, 'value': 431905.2, 'profit_pct': 8.351244714881084}, '512660': {'shares': 366100.0, 'price': 1.383, 'value': 506316.3, 'profit_pct': 14.562054860562345}, '512670': {'shares': 399700.0, 'price': 1.145, 'value': 457656.5, 'profit_pct': 14.84499436306668}, '512580': {'shares': 282300.0, 'price': 1.788, 'value': 504752.4, 'profit_pct': 30.858152836174835}}",-0.0030101245534908116,1.9006941399160715,-0.30101245534908116
2021-08-26,63.73991607152857,1882993.2,1883056.9399160715,"{'159995': {'shares': 502800.0, 'price': 0.843, 'value': 423860.39999999997, 'profit_pct': 6.333060878515429}, '512660': {'shares': 366100.0, 'price': 1.378, 'value': 504485.8, 'profit_pct': 14.147875341905205}, '512670': {'shares': 399700.0, 'price': 1.139, 'value': 455258.3, 'profit_pct': 14.243186532343186}, '512580': {'shares': 282300.0, 'price': 1.769, 'value': 499388.69999999995, 'profit_pct': 29.46760199507453}}",-0.009279346755274753,1.8830569399160715,-1.2261539319257109
2021-08-27,63.73991607152857,1877306.6,1877370.3399160716,"{'159995': {'shares': 502800.0, 'price': 0.851, 'value': 427882.8, 'profit_pct': 7.342152796698256}, '512660': {'shares': 366100.0, 'price': 1.355, 'value': 496065.5, 'profit_pct': 12.24264955608241}, '512670': {'shares': 399700.0, 'price': 1.116, 'value': 446065.20000000007, 'profit_pct': 11.936256514569804}, '512580': {'shares': 282300.0, 'price': 1.797, 'value': 507293.1, 'profit_pct': 31.516834813538118}}",-0.0030198768180920155,1.8773703399160717,-1.5244387799004833
2021-08-30,63.73991607152857,1917683.5999999999,1917747.3399160714,"{'159995': {'shares': 502800.0, 'price': 0.847, 'value': 425871.6, 'profit_pct': 6.837606837606843}, '512660': {'shares': 366100.0, 'price': 1.391, 'value': 509245.1, 'profit_pct': 15.224742090413754}, '512670': {'shares': 399700.0, 'price': 1.158, 'value': 462852.6, 'profit_pct': 16.148911329634238}, '512580': {'shares': 282300.0, 'price': 1.841, 'value': 519714.3, 'profit_pct': 34.737057813980904}}",0.021507210986301706,1.9177473399160714,0.0
2021-08-31,38.45732653175946,1890723.4000000001,1890761.8573265318,"{'512400': {'shares': 288400.0, 'price': 1.646, 'value': 474706.39999999997, 'profit_pct': -0.09990009990008865}, '512580': {'shares': 282300.0, 'price': 1.808, 'value': 510398.4, 'profit_pct': 32.32189056364882}, '515030': {'shares': 191200.0, 'price': 2.483, 'value': 474749.60000000003, 'profit_pct': -0.0999000999000915}, '512880': {'shares': 381300.0, 'price': 1.13, 'value': 430868.99999999994, 'profit_pct': -0.09990009990008696}}",-0.014071448322655833,1.8907618573265317,-1.4071448322655833
2021-09-01,38.45732653175946,1838372.1,1838410.557326532,"{'512400': {'shares': 288400.0, 'price': 1.531, 'value': 441540.39999999997, 'profit_pct': -7.079554710174383}, '512580': {'shares': 282300.0, 'price': 1.749, 'value': 493742.7, 'profit_pct': 28.003864267600555}, '515030': {'shares': 191200.0, 'price': 2.39, 'value': 456968.0, 'profit_pct': -3.841627562932427}, '512880': {'shares': 381300.0, 'price': 1.17, 'value': 446121.0, 'profit_pct': 3.436386622227347}}",-0.027687939545185558,1.838410557326532,-4.136977845737045
2021-09-02,38.45732653175946,1872964.6,1873003.057326532,"{'512400': {'shares': 288400.0, 'price': 1.563, 'value': 450769.2, 'profit_pct': -5.137389949054578}, '512580': {'shares': 282300.0, 'price': 1.801, 'value': 508422.3, 'profit_pct': 31.809582359032916}, '515030': {'shares': 191200.0, 'price': 2.404, 'value': 459644.8, 'profit_pct': -3.278356762045847}, '512880': {'shares': 381300.0, 'price': 1.191, 'value': 454128.30000000005, 'profit_pct': 5.29293715134426}}",0.0188165259724713,1.873003057326532,-2.333168799571772
2021-09-03,433516.3329391317,1385259.8,1818776.1329391317,"{'512580': {'shares': 282300.0, 'price': 1.748, 'value': 493460.4, 'profit_pct': 27.930677381226847}, '515030': {'shares': 191200.0, 'price': 2.315, 'value': 442628.0, 'profit_pct': -6.859149710539157}, '512880': {'shares': 381300.0, 'price': 1.178, 'value': 449171.39999999997, 'profit_pct': 4.143643966652834}}",-0.028951861116981892,1.8187761329391317,-5.160805332222285
2021-09-06,433516.3329391317,1426774.7,1860291.0329391316,"{'512580': {'shares': 282300.0, 'price': 1.776, 'value': 501364.8, 'profit_pct': 29.979910199690433}, '515030': {'shares': 191200.0, 'price': 2.417, 'value': 462130.39999999997, 'profit_pct': -2.755319589794019}, '512880': {'shares': 381300.0, 'price': 1.215, 'value': 463279.50000000006, 'profit_pct': 7.41470918462072}}",0.022825733881229215,1.8602910329391316,-2.9960311132254946
2021-09-07,433516.3329391317,1465914.0,1899430.3329391317,"{'512580': {'shares': 282300.0, 'price': 1.824, 'value': 514915.2, 'profit_pct': 33.492880745628014}, '515030': {'shares': 191200.0, 'price': 2.493, 'value': 476661.6, 'profit_pct': 0.30243618644746295}, '512880': {'shares': 381300.0, 'price': 1.244, 'value': 474337.2, 'profit_pct': 9.9785170581631}}",0.021039342396959704,1.8994303329391315,-0.9551313979526244
2021-09-08,433516.3329391317,1451300.7000000002,1884817.0329391318,"{'512580': {'shares': 282300.0, 'price': 1.8, 'value': 508140.0, 'profit_pct': 31.73639547265923}, '515030': {'shares': 191200.0, 'price': 2.454, 'value': 469204.80000000005, 'profit_pct': -1.266675330308021}, '512880': {'shares': 381300.0, 'price': 1.243, 'value': 473955.9, 'profit_pct': 9.890109890109924}}",-0.0076935172333419954,1.8848170329391318,-1.7171348014165755
2021-09-09,433516.3329391317,1452650.1,1886166.4329391317,"{'512580': {'shares': 282300.0, 'price': 1.8, 'value': 508140.0, 'profit_pct': 31.73639547265923}, '515030': {'shares': 191200.0, 'price': 2.481, 'value': 474367.19999999995, 'profit_pct': -0.1803673571696131}, '512880': {'shares': 381300.0, 'price': 1.233, 'value': 470142.9, 'profit_pct': 9.006038209578065}}",0.0007159315606861671,1.8861664329391317,-1.6467709963462474
2021-09-10,433516.3329391317,1464223.7000000002,1897740.0329391318,"{'512580': {'shares': 282300.0, 'price': 1.816, 'value': 512656.8, 'profit_pct': 32.90738565463842}, '515030': {'shares': 191200.0, 'price': 2.486, 'value': 475323.2, 'profit_pct': 0.020800786004181997}, '512880': {'shares': 381300.0, 'price': 1.249, 'value': 476243.70000000007, 'profit_pct': 10.420552898429039}}",0.006136043881326714,1.8977400329391318,-1.0432712673096534
2021-09-13,433516.3329391317,1456852.5,1890368.8329391317,"{'512580': {'shares': 282300.0, 'price': 1.796, 'value': 507010.8, 'profit_pct': 31.44364792716443}, '515030': {'shares': 191200.0, 'price': 2.469, 'value': 472072.8, 'profit_pct': -0.6631709007866892}, '512880': {'shares': 381300.0, 'price': 1.253, 'value': 477768.89999999997, 'profit_pct': 10.774181570641762}}",-0.003884199032563984,1.8903688329391317,-1.4276388973188725
2021-09-14,433516.3329391317,1463487.3,1897003.6329391317,"{'512580': {'shares': 282300.0, 'price': 1.818, 'value': 513221.4, 'profit_pct': 33.05375942738582}, '515030': {'shares': 191200.0, 'price': 2.547, 'value': 486986.4, 'profit_pct': 2.4750521327243145}, '512880': {'shares': 381300.0, 'price': 1.215, 'value': 463279.50000000006, 'profit_pct': 7.41470918462072}}",0.0035097912557542355,1.8970036329391318,-1.0816704862616322
2021-09-15,433516.3329391317,1469602.2,1903118.5329391316,"{'512580': {'shares': 282300.0, 'price': 1.841, 'value': 519714.3, 'profit_pct': 34.737057813980904}, '515030': {'shares': 191200.0, 'price': 2.553, 'value': 488133.6, 'profit_pct': 2.7164539045328433}, '512880': {'shares': 381300.0, 'price': 1.211, 'value': 461754.30000000005, 'profit_pct': 7.061080512407977}}",0.003223451918500375,1.9031185329391316,-0.7628120072157185
2021-09-16,433516.3329391317,1419777.2,1853293.5329391316,"{'512580': {'shares': 282300.0, 'price': 1.766, 'value': 498541.8, 'profit_pct': 29.248041335953438}, '515030': {'shares': 191200.0, 'price': 2.453, 'value': 469013.6, 'profit_pct': -1.3069089589427907}, '512880': {'shares': 381300.0, 'price': 1.186, 'value': 452221.8, 'profit_pct': 4.850901311078321}}",-0.02618071293912072,1.8532935329391316,-3.3609123389403583
2021-09-17,433516.3329391317,1434985.8,1868502.1329391317,"{'512580': {'shares': 282300.0, 'price': 1.782, 'value': 503058.60000000003, 'profit_pct': 30.419031517932638}, '515030': {'shares': 191200.0, 'price': 2.481, 'value': 474367.19999999995, 'profit_pct': -0.1803673571696131}, '512880': {'shares': 381300.0, 'price': 1.2, 'value': 457560.0, 'profit_pct': 6.088601663822923}}",0.008206255366294268,1.8685021329391316,-2.567867307228011
2021-09-22,433516.3329391317,1430617.2,1864133.5329391316,"{'512580': {'shares': 282300.0, 'price': 1.799, 'value': 507857.69999999995, 'profit_pct': 31.663208586285517}, '515030': {'shares': 191200.0, 'price': 2.451, 'value': 468631.2, 'profit_pct': -1.3873762162122942}, '512880': {'shares': 381300.0, 'price': 1.191, 'value': 454128.30000000005, 'profit_pct': 5.29293715134426}}",-0.0023380224849560705,1.8641335329391315,-2.7956658242209387
2021-09-23,433516.3329391317,1435836.2,1869352.5329391316,"{'512580': {'shares': 282300.0, 'price': 1.804, 'value': 509269.2, 'profit_pct': 32.02914301815403}, '515030': {'shares': 191200.0, 'price': 2.441, 'value': 466719.19999999995, 'profit_pct': -1.7897125025598668}, '512880': {'shares': 381300.0, 'price': 1.206, 'value': 459847.8, 'profit_pct': 6.619044672142039}}",0.0027996921399571217,1.8693525329391316,-2.5235236138592576
2021-09-24,433516.3329391317,1434835.9,1868352.2329391316,"{'512580': {'shares': 282300.0, 'price': 1.818, 'value': 513221.4, 'profit_pct': 33.05375942738582}, '515030': {'shares': 191200.0, 'price': 2.449, 'value': 468248.8, 'profit_pct': -1.467843473481816}, '512880': {'shares': 381300.0, 'price': 1.189, 'value': 453365.7, 'profit_pct': 5.116122815237889}}",-0.0005351050603746854,1.8683522329391316,-2.5756837696409796
2021-09-27,433516.3329391317,1407546.4000000001,1841062.7329391318,"{'512580': {'shares': 282300.0, 'price': 1.793, 'value': 506163.89999999997, 'profit_pct': 31.22408726804332}, '515030': {'shares': 191200.0, 'price': 2.407, 'value': 460218.4, 'profit_pct': -3.157655876141573}, '512880': {'shares': 381300.0, 'price': 1.157, 'value': 441164.10000000003, 'profit_pct': 2.287093437535941}}",-0.014606185878061284,1.8410627329391318,-3.998681441544627
2021-09-28,433516.3329391317,1398412.0,1831928.3329391317,"{'512580': {'shares': 282300.0, 'price': 1.779, 'value': 502211.69999999995, 'profit_pct': 30.199470858811527}, '515030': {'shares': 191200.0, 'price': 2.344, 'value': 448172.8, 'profit_pct': -5.692374480131227}, '512880': {'shares': 381300.0, 'price': 1.175, 'value': 448027.5, 'profit_pct': 3.878422462493286}}",-0.004961482211645052,1.8319283329391316,-4.474990275866864
2021-09-29,869458.6014120118,937080.9,1806539.5014120117,"{'512580': {'shares': 282300.0, 'price': 1.754, 'value': 495154.2, 'profit_pct': 28.369798699469044}, '512880': {'shares': 381300.0, 'price': 1.159, 'value': 441926.7, 'profit_pct': 2.4639077736423127}}",-0.013859074654075765,1.8065395014120116,-5.798878516964945
2021-09-30,90.029460131831,1820649.0000000002,1820739.0294601321,"{'512660': {'shares': 364300.0, 'price': 1.238, 'value': 451003.4, 'profit_pct': -0.09990009990008784}, '159928': {'shares': 372200.0, 'price': 1.121, 'value': 417236.2, 'profit_pct': -0.09990009990009346}, '512580': {'shares': 282300.0, 'price': 1.811, 'value': 511245.3, 'profit_pct': 32.541451222769915}, '512880': {'shares': 381300.0, 'price': 1.157, 'value': 441164.10000000003, 'profit_pct': 2.287093437535941}}",0.007860070614023051,1.8207390294601322,-5.0584510501881175
2021-10-08,90.029460131831,1818990.7,1819080.7294601318,"{'512660': {'shares': 364300.0, 'price': 1.22, 'value': 444446.0, 'profit_pct': -1.5524055911777939}, '159928': {'shares': 372200.0, 'price': 1.156, 'value': 430263.19999999995, 'profit_pct': 3.0191931173197895}, '512580': {'shares': 282300.0, 'price': 1.766, 'value': 498541.8, 'profit_pct': 29.248041335953438}, '512880': {'shares': 381300.0, 'price': 1.169, 'value': 445739.7, 'profit_pct': 3.3479794541741708}}",-0.0009107840130674338,1.8190807294601319,-5.144922295147469
2021-10-11,90.029460131831,1819177.5,1819267.529460132,"{'512660': {'shares': 364300.0, 'price': 1.247, 'value': 454282.10000000003, 'profit_pct': 0.6263526457387741}, '159928': {'shares': 372200.0, 'price': 1.16, 'value': 431751.99999999994, 'profit_pct': 3.3756609135734914}, '512580': {'shares': 282300.0, 'price': 1.736, 'value': 490072.8, 'profit_pct': 27.052434744742452}, '512880': {'shares': 381300.0, 'price': 1.162, 'value': 443070.6, 'profit_pct': 2.72912927780186}}",0.00010268923032108468,1.819267529460132,-5.135181700225921
2021-10-12,90.029460131831,1780695.7,1780785.7294601318,"{'512660': {'shares': 364300.0, 'price': 1.21, 'value': 440803.0, 'profit_pct': -2.359353086332075}, '159928': {'shares': 372200.0, 'price': 1.155, 'value': 429891.0, 'profit_pct': 2.930076168256374}, '512580': {'shares': 282300.0, 'price': 1.704, 'value': 481039.2, 'profit_pct': 24.710454380784064}, '512880': {'shares': 381300.0, 'price': 1.125, 'value': 428962.5, 'profit_pct': -0.5419359401660064}}",-0.021152359054866232,1.780785729460132,-7.141796398577382
2021-10-13,90.029460131831,1806603.8,1806693.829460132,"{'512660': {'shares': 364300.0, 'price': 1.209, 'value': 440438.7, 'profit_pct': -2.440047835847494}, '159928': {'shares': 372200.0, 'price': 1.18, 'value': 439196.0, 'profit_pct': 5.157999894842002}, '512580': {'shares': 282300.0, 'price': 1.756, 'value': 495718.8, 'profit_pct': 28.516172472216443}, '512880': {'shares': 381300.0, 'price': 1.131, 'value': 431250.3, 'profit_pct': -0.011492931846891291}}",0.014548690261491748,1.806693829460132,-5.790831156141751
2021-10-14,90.029460131831,1816605.0,1816695.029460132,"{'512660': {'shares': 364300.0, 'price': 1.231, 'value': 448453.30000000005, 'profit_pct': -0.6647633465080757}, '159928': {'shares': 372200.0, 'price': 1.174, 'value': 436962.8, 'profit_pct': 4.6232982004614485}, '512580': {'shares': 282300.0, 'price': 1.775, 'value': 501082.5, 'profit_pct': 29.90672331331673}, '512880': {'shares': 381300.0, 'price': 1.128, 'value': 430106.39999999997, 'profit_pct': -0.2767144360064587}}",0.005535636330251004,1.8166950294601318,-5.269323458446928
2021-10-15,90.029460131831,1827278.2999999998,1827368.3294601317,"{'512660': {'shares': 364300.0, 'price': 1.239, 'value': 451367.7, 'profit_pct': -0.019205350384650766}, '159928': {'shares': 372200.0, 'price': 1.165, 'value': 433613.0, 'profit_pct': 3.821245658890629}, '512580': {'shares': 282300.0, 'price': 1.813, 'value': 511809.89999999997, 'profit_pct': 32.68782499551732}, '512880': {'shares': 381300.0, 'price': 1.129, 'value': 430487.7, 'profit_pct': -0.188307267953263}}",0.005875119283599073,1.8273683294601317,-4.71276943394926
2021-10-18,90.029460131831,1832265.9,1832355.9294601318,"{'512660': {'shares': 364300.0, 'price': 1.255, 'value': 457196.49999999994, 'profit_pct': 1.2719106418621813}, '159928': {'shares': 372200.0, 'price': 1.12, 'value': 416864.00000000006, 'profit_pct': -0.18901704896350907}, '512580': {'shares': 282300.0, 'price': 1.868, 'value': 527336.4, 'profit_pct': 36.7131037460708}, '512880': {'shares': 381300.0, 'price': 1.13, 'value': 430868.99999999994, 'profit_pct': -0.09990009990008696}}",0.002729389537725835,1.8323559294601317,-4.4526934637634135
2021-10-19,90.029460131831,1849418.0000000002,1849508.0294601321,"{'512660': {'shares': 364300.0, 'price': 1.258, 'value': 458289.4, 'profit_pct': 1.5139948904084743}, '159928': {'shares': 372200.0, 'price': 1.157, 'value': 430635.4, 'profit_pct': 3.108310066383225}, '512580': {'shares': 282300.0, 'price': 1.868, 'value': 527336.4, 'profit_pct': 36.7131037460708}, '512880': {'shares': 381300.0, 'price': 1.136, 'value': 433156.8, 'profit_pct': 0.4305429084190282}}",0.009360681363393075,1.849508029460132,-3.5583055721472467
2021-10-20,90.029460131831,1859228.8000000003,1859318.8294601322,"{'512660': {'shares': 364300.0, 'price': 1.272, 'value': 463389.60000000003, 'profit_pct': 2.643721383624468}, '159928': {'shares': 372200.0, 'price': 1.151, 'value': 428402.2, 'profit_pct': 2.573608372002672}, '512580': {'shares': 282300.0, 'price': 1.898, 'value': 535805.4, 'profit_pct': 38.908710337281775}, '512880': {'shares': 381300.0, 'price': 1.132, 'value': 431631.6, 'profit_pct': 0.07691423620628475}}",0.005304545773106906,1.8593188294601322,-3.0467261896187203
2021-10-21,90.029460131831,1847286.1,1847376.129460132,"{'512660': {'shares': 364300.0, 'price': 1.257, 'value': 457925.1, 'profit_pct': 1.4333001408930373}, '159928': {'shares': 372200.0, 'price': 1.151, 'value': 428402.2, 'profit_pct': 2.573608372002672}, '512580': {'shares': 282300.0, 'price': 1.871, 'value': 528183.3, 'profit_pct': 36.93266440519189}, '512880': {'shares': 381300.0, 'price': 1.135, 'value': 432775.5, 'profit_pct': 0.3421357403658521}}",-0.006423158745435753,1.847376129460132,-3.669472458192491
2021-10-22,90.029460131831,1849250.5,1849340.529460132,"{'512660': {'shares': 364300.0, 'price': 1.261, 'value': 459382.3, 'profit_pct': 1.7560791389547497}, '159928': {'shares': 372200.0, 'price': 1.167, 'value': 434357.4, 'profit_pct': 3.99947955701748}, '512580': {'shares': 282300.0, 'price': 1.849, 'value': 521972.7, 'profit_pct': 35.3225529049705}, '512880': {'shares': 381300.0, 'price': 1.137, 'value': 433538.1, 'profit_pct': 0.5189500764722238}}",0.0010633459903879316,1.849340529460132,-3.567039777978953
2021-10-25,90.029460131831,1880903.6,1880993.629460132,"{'512660': {'shares': 364300.0, 'price': 1.279, 'value': 465939.69999999995, 'profit_pct': 3.2085846302324557}, '159928': {'shares': 372200.0, 'price': 1.169, 'value': 435101.8, 'profit_pct': 4.177713455144331}, '512580': {'shares': 282300.0, 'price': 1.915, 'value': 540604.5, 'profit_pct': 40.15288740563468}, '512880': {'shares': 381300.0, 'price': 1.152, 'value': 439257.6, 'profit_pct': 1.8450575972700018}}",0.01711588509296358,1.880993629460132,-1.9165043116445069
2021-10-26,90.029460131831,1865769.2999999998,1865859.3294601317,"{'512660': {'shares': 364300.0, 'price': 1.277, 'value': 465211.1, 'profit_pct': 3.0471951312015997}, '159928': {'shares': 372200.0, 'price': 1.157, 'value': 430635.4, 'profit_pct': 3.108310066383225}, '512580': {'shares': 282300.0, 'price': 1.896, 'value': 535240.7999999999, 'profit_pct': 38.76233656453438}, '512880': {'shares': 381300.0, 'price': 1.14, 'value': 434681.99999999994, 'profit_pct': 0.7841715806317715}}",-0.008045907100889038,1.8658593294601318,-2.7056750060834633
2021-10-27,90.029460131831,1867978.2999999998,1868068.3294601317,"{'512660': {'shares': 364300.0, 'price': 1.289, 'value': 469582.69999999995, 'profit_pct': 4.015532125386737}, '159928': {'shares': 372200.0, 'price': 1.144, 'value': 425796.8, 'profit_pct': 1.9497897285586832}, '512580': {'shares': 282300.0, 'price': 1.946, 'value': 549355.7999999999, 'profit_pct': 42.42168088321936}, '512880': {'shares': 381300.0, 'price': 1.11, 'value': 423243.00000000006, 'profit_pct': -1.8680434609637844}}",0.001183904898467869,1.8680683294601317,-2.590487778130035
2021-10-28,90.029460131831,1852885.5,1852975.529460132,"{'512660': {'shares': 364300.0, 'price': 1.262, 'value': 459746.6, 'profit_pct': 1.836773888470187}, '159928': {'shares': 372200.0, 'price': 1.154, 'value': 429518.8, 'profit_pct': 2.8409592191929383}, '512580': {'shares': 282300.0, 'price': 1.925, 'value': 543427.5, 'profit_pct': 40.88475626937168}, '512880': {'shares': 381300.0, 'price': 1.102, 'value': 420192.60000000003, 'profit_pct': -2.575300805389271}}",-0.008079361853086775,1.852975529460132,-3.377494475303211
2021-10-29,143.62346566200722,1885426.8,1885570.4234656622,"{'512690': {'shares': 521000.0, 'price': 0.896, 'value': 466816.0, 'profit_pct': -0.09990009990008841}, '159928': {'shares': 372200.0, 'price': 1.176, 'value': 437707.19999999995, 'profit_pct': 4.801532098588299}, '512580': {'shares': 282300.0, 'price': 1.956, 'value': 552178.8, 'profit_pct': 43.15354974695636}, '515030': {'shares': 161600.0, 'price': 2.653, 'value': 428724.8, 'profit_pct': -0.0999000999000838}}",0.01759056905356271,1.885570423465662,-1.6778496197427883
2021-11-01,143.62346566200722,1864669.5999999999,1864813.223465662,"{'512690': {'shares': 521000.0, 'price': 0.886, 'value': 461606.0, 'profit_pct': -1.2148565719994187}, '159928': {'shares': 372200.0, 'price': 1.162, 'value': 432496.39999999997, 'profit_pct': 3.553894811700343}, '512580': {'shares': 282300.0, 'price': 1.944, 'value': 548791.2, 'profit_pct': 42.27530711047196}, '515030': {'shares': 161600.0, 'price': 2.61, 'value': 421776.0, 'profit_pct': -1.719087546452783}}",-0.011008445901399266,1.864813223465662,-2.760223693113084
2021-11-02,143.62346566200722,1853864.3,1854007.9234656622,"{'512690': {'shares': 521000.0, 'price': 0.869, 'value': 452749.0, 'profit_pct': -3.1102825745682803}, '159928': {'shares': 372200.0, 'price': 1.169, 'value': 435101.8, 'profit_pct': 4.177713455144331}, '512580': {'shares': 282300.0, 'price': 1.921, 'value': 542298.3, 'profit_pct': 40.59200872387688}, '515030': {'shares': 161600.0, 'price': 2.622, 'value': 423715.19999999995, 'profit_pct': -1.2672212822985427}}",-0.00579430683139337,1.8540079234656621,-3.3236607932512485
2021-11-03,143.62346566200722,1831245.6,1831389.223465662,"{'512690': {'shares': 521000.0, 'price': 0.86, 'value': 448060.0, 'profit_pct': -4.113743399457678}, '159928': {'shares': 372200.0, 'price': 1.168, 'value': 434729.6, 'profit_pct': 4.088596506080896}, '512580': {'shares': 282300.0, 'price': 1.888, 'value': 532982.4, 'profit_pct': 38.17684147354478}, '515030': {'shares': 161600.0, 'price': 2.571, 'value': 415473.60000000003, 'profit_pct': -3.1876529049540525}}",-0.01219989392371068,1.831389223465662,-4.503101876506255
2021-11-04,143.62346566200722,1879850.5000000002,1879994.1234656624,"{'512690': {'shares': 521000.0, 'price': 0.898, 'value': 467858.0, 'profit_pct': 0.12309119451977765}, '159928': {'shares': 372200.0, 'price': 1.203, 'value': 447756.60000000003, 'profit_pct': 7.207689723300799}, '512580': {'shares': 282300.0, 'price': 1.921, 'value': 542298.3, 'profit_pct': 40.59200872387688}, '515030': {'shares': 161600.0, 'price': 2.611, 'value': 421937.60000000003, 'profit_pct': -1.6814320244399172}}",0.02653990717932797,1.8799941234656623,-1.968623064394981
2021-11-05,143.62346566200722,1861051.9000000001,1861195.5234656623,"{'512690': {'shares': 521000.0, 'price': 0.905, 'value': 471505.0, 'profit_pct': 0.9035607249893088}, '159928': {'shares': 372200.0, 'price': 1.193, 'value': 444034.60000000003, 'profit_pct': 6.3165202326665435}, '512580': {'shares': 282300.0, 'price': 1.877, 'value': 529877.1, 'profit_pct': 37.371785723434094}, '515030': {'shares': 161600.0, 'price': 2.572, 'value': 415635.2, 'profit_pct': -3.149997382941203}}",-0.009999286575080313,1.8611955234656623,-2.9488668957238118
2021-11-08,143.62346566200722,1885264.2000000002,1885407.823465662,"{'512690': {'shares': 521000.0, 'price': 0.902, 'value': 469942.0, 'profit_pct': 0.5690737833595098}, '159928': {'shares': 372200.0, 'price': 1.186, 'value': 441429.19999999995, 'profit_pct': 5.692701589222555}, '512580': {'shares': 282300.0, 'price': 1.918, 'value': 541451.4, 'profit_pct': 40.372448064755766}, '515030': {'shares': 161600.0, 'price': 2.676, 'value': 432441.60000000003, 'profit_pct': 0.766176906395548}}",0.013009003994870483,1.8854078234656622,-1.6863283174635813
2021-11-09,143.62346566200722,1882880.9999999998,1883024.623465662,"{'512690': {'shares': 521000.0, 'price': 0.89, 'value': 463690.0, 'profit_pct': -0.7688739831596866}, '159928': {'shares': 372200.0, 'price': 1.181, 'value': 439568.2, 'profit_pct': 5.247116843905437}, '512580': {'shares': 282300.0, 'price': 1.932, 'value': 545403.6, 'profit_pct': 41.39706447398757}, '515030': {'shares': 161600.0, 'price': 2.687, 'value': 434219.19999999995, 'profit_pct': 1.1803876485369225}}",-0.0012640236082289702,1.8830246234656618,-1.8105991194819815
2021-11-10,143.62346566200722,1845071.0000000002,1845214.6234656624,"{'512690': {'shares': 521000.0, 'price': 0.866, 'value': 451186.0, 'profit_pct': -3.44476951619808}, '159928': {'shares': 372200.0, 'price': 1.159, 'value': 431379.8, 'profit_pct': 3.2865439645100762}, '512580': {'shares': 282300.0, 'price': 1.908, 'value': 538628.4, 'profit_pct': 39.640579201018774}, '515030': {'shares': 161600.0, 'price': 2.623, 'value': 423876.80000000005, 'profit_pct': -1.2295657602856769}}",-0.020079397544154887,1.8452146234656623,-3.782183134384287
2021-11-11,143.62346566200722,1848220.1,1848363.723465662,"{'512690': {'shares': 521000.0, 'price': 0.867, 'value': 451707.0, 'profit_pct': -3.3332738689881465}, '159928': {'shares': 372200.0, 'price': 1.164, 'value': 433240.8, 'profit_pct': 3.7321287098271934}, '512580': {'shares': 282300.0, 'price': 1.909, 'value': 538910.7, 'profit_pct': 39.713766087392486}, '515030': {'shares': 161600.0, 'price': 2.626, 'value': 424361.6, 'profit_pct': -1.116599194247129}}",0.001706630740918813,1.848363723465662,-3.617974850297323
2021-11-12,143.62346566200722,1842911.1999999997,1843054.8234656616,"{'512690': {'shares': 521000.0, 'price': 0.853, 'value': 444413.0, 'profit_pct': -4.894212929927209}, '159928': {'shares': 372200.0, 'price': 1.156, 'value': 430263.19999999995, 'profit_pct': 3.0191931173197895}, '512580': {'shares': 282300.0, 'price': 1.922, 'value': 542580.6, 'profit_pct': 40.665195610250564}, '515030': {'shares': 161600.0, 'price': 2.634, 'value': 425654.39999999997, 'profit_pct': -0.8153550181443021}}",-0.0028722160755493276,1.8430548234656616,-3.8948048523263057
2021-11-15,143.62346566200722,1818821.7999999998,1818965.4234656617,"{'512690': {'shares': 521000.0, 'price': 0.858, 'value': 447018.0, 'profit_pct': -4.336734693877544}, '159928': {'shares': 372200.0, 'price': 1.168, 'value': 434729.6, 'profit_pct': 4.088596506080896}, '512580': {'shares': 282300.0, 'price': 1.866, 'value': 526771.8, 'profit_pct': 36.566729973323405}, '515030': {'shares': 161600.0, 'price': 2.539, 'value': 410302.4, 'profit_pct': -4.39262960936536}}",-0.013070365402751527,1.8189654234656618,-5.150934870009138
2021-11-16,143.62346566200722,1830837.7,1830981.323465662,"{'512690': {'shares': 521000.0, 'price': 0.894, 'value': 465774.0, 'profit_pct': -0.3228913943199545}, '159928': {'shares': 372200.0, 'price': 1.186, 'value': 441429.19999999995, 'profit_pct': 5.692701589222555}, '512580': {'shares': 282300.0, 'price': 1.839, 'value': 519149.7, 'profit_pct': 34.5906840412335}, '515030': {'shares': 161600.0, 'price': 2.503, 'value': 404484.80000000005, 'profit_pct': -5.748228401828081}}",0.006605897970895169,1.830981323465662,-4.524371623125623
2021-11-17,143.62346566200722,1840058.0,1840201.623465662,"{'512690': {'shares': 521000.0, 'price': 0.891, 'value': 464211.0, 'profit_pct': -0.6573783359497536}, '159928': {'shares': 372200.0, 'price': 1.178, 'value': 438451.6, 'profit_pct': 4.979765996715151}, '512580': {'shares': 282300.0, 'price': 1.87, 'value': 527901.0, 'profit_pct': 36.8594775188182}, '515030': {'shares': 161600.0, 'price': 2.534, 'value': 409494.39999999997, 'profit_pct': -4.58090721942964}}",0.005035714937030367,1.840201623465662,-4.043583575185838
2021-11-18,143.62346566200722,1838158.8,1838302.4234656622,"{'512690': {'shares': 521000.0, 'price': 0.893, 'value': 465253.0, 'profit_pct': -0.4343870415298875}, '159928': {'shares': 372200.0, 'price': 1.174, 'value': 436962.8, 'profit_pct': 4.6232982004614485}, '512580': {'shares': 282300.0, 'price': 1.866, 'value': 526771.8, 'profit_pct': 36.566729973323405}, '515030': {'shares': 161600.0, 'price': 2.532, 'value': 409171.2, 'profit_pct': -4.656218263455338}}",-0.0010320608219130945,1.8383024234656622,-4.142616433189062
2021-11-19,143.62346566200722,1855895.6,1856039.223465662,"{'512690': {'shares': 521000.0, 'price': 0.909, 'value': 473589.0, 'profit_pct': 1.349543313829041}, '159928': {'shares': 372200.0, 'price': 1.183, 'value': 440312.60000000003, 'profit_pct': 5.425350742032288}, '512580': {'shares': 282300.0, 'price': 1.884, 'value': 531853.2, 'profit_pct': 37.884093928049985}, '515030': {'shares': 161600.0, 'price': 2.538, 'value': 410140.8, 'profit_pct': -4.430285131378226}}",0.009648466853762638,1.856039223465662,-3.217739645156281
2021-11-22,143.62346566200722,1891912.2999999998,1892055.9234656617,"{'512690': {'shares': 521000.0, 'price': 0.913, 'value': 475673.0, 'profit_pct': 1.7955259026687733}, '159928': {'shares': 372200.0, 'price': 1.181, 'value': 439568.2, 'profit_pct': 5.247116843905437}, '512580': {'shares': 282300.0, 'price': 1.937, 'value': 546815.1, 'profit_pct': 41.76299890585607}, '515030': {'shares': 161600.0, 'price': 2.66, 'value': 429856.0, 'profit_pct': 0.163688554189894}}",0.019405139473694932,1.8920559234656618,-1.3396663843910805
2021-11-23,143.62346566200722,1889598.0,1889741.623465662,"{'512690': {'shares': 521000.0, 'price': 0.918, 'value': 478278.0, 'profit_pct': 2.3530041387184384}, '159928': {'shares': 372200.0, 'price': 1.177, 'value': 438079.4, 'profit_pct': 4.890649047651735}, '512580': {'shares': 282300.0, 'price': 1.93, 'value': 544839.0, 'profit_pct': 41.25069070124017}, '515030': {'shares': 161600.0, 'price': 2.651, 'value': 428401.6, 'profit_pct': -0.17521114392579892}}",-0.0012231668056410516,1.8897416234656619,-1.4603444295031687
2021-11-24,143.62346566200722,1894271.2,1894414.823465662,"{'512690': {'shares': 521000.0, 'price': 0.95, 'value': 494950.0, 'profit_pct': 5.920864849436283}, '159928': {'shares': 372200.0, 'price': 1.189, 'value': 442545.80000000005, 'profit_pct': 5.960052436412841}, '512580': {'shares': 282300.0, 'price': 1.894, 'value': 534676.2, 'profit_pct': 38.61596279178698}, '515030': {'shares': 161600.0, 'price': 2.612, 'value': 422099.2, 'profit_pct': -1.6437765024270679}}",0.002472930659922712,1.8944148234656621,-1.2166626940246728
2021-11-25,143.62346566200722,1883043.5,1883187.123465662,"{'512690': {'shares': 521000.0, 'price': 0.943, 'value': 491303.0, 'profit_pct': 5.140395318966752}, '159928': {'shares': 372200.0, 'price': 1.185, 'value': 441057.0, 'profit_pct': 5.60358464015914}, '512580': {'shares': 282300.0, 'price': 1.877, 'value': 529877.1, 'profit_pct': 37.371785723434094}, '515030': {'shares': 161600.0, 'price': 2.604, 'value': 420806.4, 'profit_pct': -1.945020678529895}}",-0.0059267378300281726,1.8831871234656619,-1.8021256362124372
2021-11-26,143.62346566200722,1889024.3,1889167.9234656622,"{'512690': {'shares': 521000.0, 'price': 0.939, 'value': 489219.0, 'profit_pct': 4.69441273012702}, '159928': {'shares': 372200.0, 'price': 1.175, 'value': 437335.0, 'profit_pct': 4.712415149524884}, '512580': {'shares': 282300.0, 'price': 1.897, 'value': 535523.1, 'profit_pct': 38.835523450908084}, '515030': {'shares': 161600.0, 'price': 2.642, 'value': 426947.2, 'profit_pct': -0.5141108420414751}}",0.0031758925735396737,1.8891679234656622,-1.490259736283095
2021-11-29,143.62346566200722,1910658.3,1910801.9234656622,"{'512690': {'shares': 521000.0, 'price': 0.945, 'value': 492345.0, 'profit_pct': 5.363386613386618}, '159928': {'shares': 372200.0, 'price': 1.182, 'value': 439940.39999999997, 'profit_pct': 5.336233792968853}, '512580': {'shares': 282300.0, 'price': 1.927, 'value': 543992.1, 'profit_pct': 41.031130042119074}, '515030': {'shares': 161600.0, 'price': 2.688, 'value': 434380.80000000005, 'profit_pct': 1.2180431705497885}}",0.011451602438978803,1.9108019234656621,-0.3621653544159331
2021-11-30,7.575250372174196,1883644.1,1883651.6752503724,"{'512690': {'shares': 521000.0, 'price': 0.923, 'value': 480883.0, 'profit_pct': 2.9104823747681032}, '512660': {'shares': 320800.0, 'price': 1.476, 'value': 473500.8, 'profit_pct': -0.09990009990008711}, '512670': {'shares': 388200.0, 'price': 1.22, 'value': 473604.0, 'profit_pct': -0.09990009990008164}, '515050': {'shares': 1136300.0, 'price': 0.401, 'value': 455656.30000000005, 'profit_pct': -0.09990009990008226}}",-0.014208823992623354,1.8836516752503725,-1.77790180990115
2021-12-01,7.575250372174196,1871693.7000000002,1871701.2752503725,"{'512690': {'shares': 521000.0, 'price': 0.927, 'value': 482967.0, 'profit_pct': 3.356464963607836}, '512660': {'shares': 320800.0, 'price': 1.453, 'value': 466122.4, 'profit_pct': -1.6566089736821257}, '512670': {'shares': 388200.0, 'price': 1.197, 'value': 464675.4, 'profit_pct': -1.9832626390003185}, '515050': {'shares': 1136300.0, 'price': 0.403, 'value': 457928.9, 'profit_pct': 0.39835476244455614}}",-0.006344272753300517,1.8717012752503726,-2.4010495912206054
2021-12-02,7.575250372174196,1868973.3,1868980.875250372,"{'512690': {'shares': 521000.0, 'price': 0.938, 'value': 488698.0, 'profit_pct': 4.582917082917087}, '512660': {'shares': 320800.0, 'price': 1.441, 'value': 462272.80000000005, 'profit_pct': -2.46880490782928}, '512670': {'shares': 388200.0, 'price': 1.191, 'value': 462346.2, 'profit_pct': -2.474574605722122}, '515050': {'shares': 1136300.0, 'price': 0.401, 'value': 455656.30000000005, 'profit_pct': -0.09990009990008226}}",-0.0014534370606957836,1.868980875250372,-2.5429035228297314
2021-12-03,7.575250372174196,1911722.1,1911729.6752503724,"{'512690': {'shares': 521000.0, 'price': 0.974, 'value': 507454.0, 'profit_pct': 8.596760382474676}, '512660': {'shares': 320800.0, 'price': 1.475, 'value': 473180.0, 'profit_pct': -0.16758309441234248}, '512670': {'shares': 388200.0, 'price': 1.213, 'value': 470886.60000000003, 'profit_pct': -0.6730973944088431}, '515050': {'shares': 1136300.0, 'price': 0.405, 'value': 460201.50000000006, 'profit_pct': 0.8966096247891945}}",0.022872786215254015,1.9117296752503723,-0.3137881899480277
2021-12-06,7.575250372174196,1903004.4,1903011.9752503722,"{'512690': {'shares': 521000.0, 'price': 0.973, 'value': 506933.0, 'profit_pct': 8.485264735264742}, '512660': {'shares': 320800.0, 'price': 1.472, 'value': 472217.6, 'profit_pct': -0.3706320779491386}, '512670': {'shares': 388200.0, 'price': 1.209, 'value': 469333.80000000005, 'profit_pct': -1.000638705556712}, '515050': {'shares': 1136300.0, 'price': 0.4, 'value': 454520.0, 'profit_pct': -0.3490275310724015}}",-0.0045601112504876085,1.9030119752503722,-0.768368405941533
2021-12-07,7.575250372174196,1865820.9,1865828.4752503722,"{'512690': {'shares': 521000.0, 'price': 0.971, 'value': 505891.0, 'profit_pct': 8.262273440844876}, '512660': {'shares': 320800.0, 'price': 1.422, 'value': 456177.6, 'profit_pct': -3.754781803562282}, '512670': {'shares': 388200.0, 'price': 1.166, 'value': 452641.19999999995, 'profit_pct': -4.521707800396311}, '515050': {'shares': 1136300.0, 'price': 0.397, 'value': 451111.10000000003, 'profit_pct': -1.096409824589359}}",-0.01953928849822817,1.8658284752503722,-2.7072838838077318
2021-12-08,7.575250372174196,1920152.7999999998,1920160.375250372,"{'512690': {'shares': 521000.0, 'price': 1.019, 'value': 530899.0, 'profit_pct': 13.61406450692165}, '512660': {'shares': 320800.0, 'price': 1.448, 'value': 464518.39999999997, 'profit_pct': -1.9950239462434478}, '512670': {'shares': 388200.0, 'price': 1.182, 'value': 458852.39999999997, 'profit_pct': -3.211542555804836}, '515050': {'shares': 1136300.0, 'price': 0.41, 'value': 465883.0, 'profit_pct': 2.1422467806507766}}",0.029119450539369263,1.9201603752503722,0.0
2021-12-09,7.575250372174196,1935874.4000000001,1935881.9752503722,"{'512690': {'shares': 521000.0, 'price': 1.045, 'value': 544445.0, 'profit_pct': 16.512951334379906}, '512660': {'shares': 320800.0, 'price': 1.442, 'value': 462593.6, 'profit_pct': -2.401121913317025}, '512670': {'shares': 388200.0, 'price': 1.175, 'value': 456135.0, 'profit_pct': -3.7847398503135974}, '515050': {'shares': 1136300.0, 'price': 0.416, 'value': 472700.8, 'profit_pct': 3.6370113676846922}}",0.008187649428996302,1.9358819752503722,0.0
2021-12-10,7.575250372174196,1925982.0,1925989.5752503723,"{'512690': {'shares': 521000.0, 'price': 1.043, 'value': 543403.0, 'profit_pct': 16.289960039960043}, '512660': {'shares': 320800.0, 'price': 1.431, 'value': 459064.8, 'profit_pct': -3.145634852951909}, '512670': {'shares': 388200.0, 'price': 1.173, 'value': 455358.60000000003, 'profit_pct': -3.948510505887532}, '515050': {'shares': 1136300.0, 'price': 0.412, 'value': 468155.6, 'profit_pct': 2.640501642995415}}",-0.005110022267096337,1.9259895752503724,-0.5110022267096337
2021-12-13,7.575250372174196,1934236.3,1934243.875250372,"{'512690': {'shares': 521000.0, 'price': 1.052, 'value': 548092.0, 'profit_pct': 17.293420864849452}, '512660': {'shares': 320800.0, 'price': 1.427, 'value': 457781.60000000003, 'profit_pct': -3.41636683100096}, '512670': {'shares': 388200.0, 'price': 1.165, 'value': 452253.0, 'profit_pct': -4.60359312818327}, '515050': {'shares': 1136300.0, 'price': 0.419, 'value': 476109.69999999995, 'profit_pct': 4.384393661201649}}",0.004285744900216715,1.9342438752503721,-0.08461776187508319
2021-12-14,7.575250372174196,1949466.7,1949474.275250372,"{'512690': {'shares': 521000.0, 'price': 1.062, 'value': 553302.0, 'profit_pct': 18.408377336948785}, '512660': {'shares': 320800.0, 'price': 1.433, 'value': 459706.4, 'profit_pct': -3.010268863927383}, '512670': {'shares': 388200.0, 'price': 1.18, 'value': 458076.0, 'profit_pct': -3.3753132113787707}, '515050': {'shares': 1136300.0, 'price': 0.421, 'value': 478382.3, 'profit_pct': 4.882648523546288}}",0.007874084646140256,1.949474275250372,0.0
2021-12-15,7.575250372174196,1930059.5,1930067.0752503723,"{'512690': {'shares': 521000.0, 'price': 1.043, 'value': 543403.0, 'profit_pct': 16.289960039960043}, '512660': {'shares': 320800.0, 'price': 1.426, 'value': 457460.8, 'profit_pct': -3.484049825513231}, '512670': {'shares': 388200.0, 'price': 1.173, 'value': 455358.60000000003, 'profit_pct': -3.948510505887532}, '515050': {'shares': 1136300.0, 'price': 0.417, 'value': 473837.1, 'profit_pct': 3.886138798857011}}",-0.009955094174047163,1.9300670752503724,-0.9955094174047163
2021-12-16,7.575250372174196,1927077.3,1927084.875250372,"{'512690': {'shares': 521000.0, 'price': 1.023, 'value': 532983.0, 'profit_pct': 14.060047095761382}, '512660': {'shares': 320800.0, 'price': 1.43, 'value': 458744.0, 'profit_pct': -3.2133178474641797}, '512670': {'shares': 388200.0, 'price': 1.183, 'value': 459240.60000000003, 'profit_pct': -3.1296572280178596}, '515050': {'shares': 1136300.0, 'price': 0.419, 'value': 476109.69999999995, 'profit_pct': 4.384393661201649}}",-0.0015451276477598253,1.9270848752503722,-1.1484839930562485
2021-12-17,7.575250372174196,1883845.3,1883852.875250372,"{'512690': {'shares': 521000.0, 'price': 0.99, 'value': 515790.0, 'profit_pct': 10.380690737833605}, '512660': {'shares': 320800.0, 'price': 1.405, 'value': 450724.0, 'profit_pct': -4.9053927102707435}, '512670': {'shares': 388200.0, 'price': 1.16, 'value': 450311.99999999994, 'profit_pct': -5.013019767118115}, '515050': {'shares': 1136300.0, 'price': 0.411, 'value': 467019.3, 'profit_pct': 2.391374211823096}}",-0.022433884752680266,1.883852875250372,-3.3661075107837557
2021-12-20,7.575250372174196,1848486.0999999999,1848493.675250372,"{'512690': {'shares': 521000.0, 'price': 0.989, 'value': 515269.0, 'profit_pct': 10.269195090623672}, '512660': {'shares': 320800.0, 'price': 1.374, 'value': 440779.2, 'profit_pct': -7.003565540150886}, '512670': {'shares': 388200.0, 'price': 1.131, 'value': 439054.2, 'profit_pct': -7.387694272940156}, '515050': {'shares': 1136300.0, 'price': 0.399, 'value': 453383.7, 'profit_pct': -0.5981549622447206}}",-0.01876961861753712,1.848493675250372,-5.179888818334422
2021-12-21,7.575250372174196,1862323.2,1862330.775250372,"{'512690': {'shares': 521000.0, 'price': 0.99, 'value': 515790.0, 'profit_pct': 10.380690737833605}, '512660': {'shares': 320800.0, 'price': 1.38, 'value': 442703.99999999994, 'profit_pct': -6.597467573077323}, '512670': {'shares': 388200.0, 'price': 1.134, 'value': 440218.8, 'profit_pct': -7.142038289579262}, '515050': {'shares': 1136300.0, 'price': 0.408, 'value': 463610.39999999997, 'profit_pct': 1.6439919183061382}}",0.007485608517500575,1.862330775250372,-4.470102586442604
2021-12-22,7.575250372174196,1879180.4999999998,1879188.0752503718,"{'512690': {'shares': 521000.0, 'price': 0.996, 'value': 518916.0, 'profit_pct': 11.049664621093203}, '512660': {'shares': 320800.0, 'price': 1.379, 'value': 442383.2, 'profit_pct': -6.665150567589579}, '512670': {'shares': 388200.0, 'price': 1.138, 'value': 441771.6, 'profit_pct': -6.814496978431393}, '515050': {'shares': 1136300.0, 'price': 0.419, 'value': 476109.69999999995, 'profit_pct': 4.384393661201649}}",0.009051721758576159,1.8791880752503718,-3.6053925354297522
2021-12-23,7.575250372174196,1906380.2999999998,1906387.875250372,"{'512690': {'shares': 521000.0, 'price': 1.025, 'value': 534025.0, 'profit_pct': 14.283038390181249}, '512660': {'shares': 320800.0, 'price': 1.388, 'value': 445270.39999999997, 'profit_pct': -6.05600361697922}, '512670': {'shares': 388200.0, 'price': 1.15, 'value': 446429.99999999994, 'profit_pct': -5.831873044987787}, '515050': {'shares': 1136300.0, 'price': 0.423, 'value': 480654.89999999997, 'profit_pct': 5.380903385890926}}",0.014474229779462888,1.906387875250372,-2.2101548374864444
2021-12-24,7.575250372174196,1905669.9,1905677.4752503722,"{'512690': {'shares': 521000.0, 'price': 1.023, 'value': 532983.0, 'profit_pct': 14.060047095761382}, '512660': {'shares': 320800.0, 'price': 1.388, 'value': 445270.39999999997, 'profit_pct': -6.05600361697922}, '512670': {'shares': 388200.0, 'price': 1.145, 'value': 444489.0, 'profit_pct': -6.241299683922614}, '515050': {'shares': 1136300.0, 'price': 0.425, 'value': 482927.5, 'profit_pct': 5.879158248235565}}",-0.00037264190001551345,1.9056774752503722,-2.246595431190035
2021-12-27,7.575250372174196,1890418.5,1890426.0752503723,"{'512690': {'shares': 521000.0, 'price': 1.01, 'value': 526210.0, 'profit_pct': 12.610603682032265}, '512660': {'shares': 320800.0, 'price': 1.383, 'value': 443666.4, 'profit_pct': -6.3944185895405266}, '512670': {'shares': 388200.0, 'price': 1.139, 'value': 442159.8, 'profit_pct': -6.732611650644417}, '515050': {'shares': 1136300.0, 'price': 0.421, 'value': 478382.3, 'profit_pct': 4.882648523546288}}",-0.00800313809554587,1.8904260752503723,-3.028929427263982
2021-12-28,7.575250372174196,1902352.0999999999,1902359.675250372,"{'512690': {'shares': 521000.0, 'price': 1.028, 'value': 535588.0, 'profit_pct': 14.61752533181106}, '512660': {'shares': 320800.0, 'price': 1.392, 'value': 446553.6, 'profit_pct': -5.785271638930169}, '512670': {'shares': 388200.0, 'price': 1.144, 'value': 444100.8, 'profit_pct': -6.323185011709591}, '515050': {'shares': 1136300.0, 'price': 0.419, 'value': 476109.69999999995, 'profit_pct': 4.384393661201649}}",0.00631265097124678,1.902359675250372,-2.416784904430147
2021-12-29,7.575250372174196,1883408.9,1883416.4752503722,"{'512690': {'shares': 521000.0, 'price': 0.979, 'value': 510059.0, 'profit_pct': 9.15423861852434}, '512660': {'shares': 320800.0, 'price': 1.412, 'value': 452969.6, 'profit_pct': -4.431611748684912}, '512670': {'shares': 388200.0, 'price': 1.162, 'value': 451088.39999999997, 'profit_pct': -4.8492491115441805}, '515050': {'shares': 1136300.0, 'price': 0.413, 'value': 469291.89999999997, 'profit_pct': 2.8896290741677344}}",-0.009957738405859895,1.8834164752503721,-3.3884930331545937
2021-12-30,7.575250372174196,1920434.5,1920442.0752503723,"{'512690': {'shares': 521000.0, 'price': 0.973, 'value': 506933.0, 'profit_pct': 8.485264735264742}, '512660': {'shares': 320800.0, 'price': 1.458, 'value': 467726.39999999997, 'profit_pct': -1.3181940011208189}, '512670': {'shares': 388200.0, 'price': 1.204, 'value': 467392.8, 'profit_pct': -1.4100653444915572}, '515050': {'shares': 1136300.0, 'price': 0.421, 'value': 478382.3, 'profit_pct': 4.882648523546288}}",0.019658742761649695,1.9204420752503724,-1.4892322698780491
2021-12-31,7.575250372174196,1918994.7,1919002.275250372,"{'512690': {'shares': 521000.0, 'price': 0.965, 'value': 502765.0, 'profit_pct': 7.593299557585278}, '512660': {'shares': 320800.0, 'price': 1.457, 'value': 467405.60000000003, 'profit_pct': -1.385876995633074}, '512670': {'shares': 388200.0, 'price': 1.206, 'value': 468169.2, 'profit_pct': -1.2462946889176227}, '515050': {'shares': 1136300.0, 'price': 0.423, 'value': 480654.89999999997, 'profit_pct': 5.380903385890926}}",-0.0007497232114186403,1.919002275250372,-1.563088079019992
2022-01-04,7.575250372174196,1905449.2,1905456.775250372,"{'512690': {'shares': 521000.0, 'price': 0.953, 'value': 496513.0, 'profit_pct': 6.255351791066083}, '512660': {'shares': 320800.0, 'price': 1.443, 'value': 462914.4, 'profit_pct': -2.333438918804754}, '512670': {'shares': 388200.0, 'price': 1.19, 'value': 461958.0, 'profit_pct': -2.5564599335090983}, '515050': {'shares': 1136300.0, 'price': 0.426, 'value': 484063.8, 'profit_pct': 6.128285679407884}}",-0.0070586159144770955,1.905456775250372,-2.2579164320774003
2022-01-05,7.575250372174196,1833740.0,1833747.5752503723,"{'512690': {'shares': 521000.0, 'price': 0.945, 'value': 492345.0, 'profit_pct': 5.363386613386618}, '512660': {'shares': 320800.0, 'price': 1.369, 'value': 439175.2, 'profit_pct': -7.341980512712206}, '512670': {'shares': 388200.0, 'price': 1.124, 'value': 436336.80000000005, 'profit_pct': -7.9608915674489165}, '515050': {'shares': 1136300.0, 'price': 0.41, 'value': 465883.0, 'profit_pct': 2.1422467806507766}}",-0.03763360099867774,1.8337475752503722,-5.936303005852017
2022-01-06,862277.0251878522,949797.7,1812074.725187852,"{'512690': {'shares': 521000.0, 'price': 0.931, 'value': 485051.0, 'profit_pct': 3.802447552447568}, '515050': {'shares': 1136300.0, 'price': 0.409, 'value': 464746.69999999995, 'profit_pct': 1.8931193494784577}}",-0.011818884101079785,1.812074725187852,-7.048030938744942
2022-01-07,862277.0251878522,933080.9,1795357.9251878522,"{'512690': {'shares': 521000.0, 'price': 0.912, 'value': 475152.0, 'profit_pct': 1.68403025545884}, '515050': {'shares': 1136300.0, 'price': 0.403, 'value': 457928.9, 'profit_pct': 0.39835476244455614}}",-0.009225226624286598,1.7953579251878522,-7.9055339185087
2022-01-10,862277.0251878522,936157.3999999999,1798434.4251878522,"{'512690': {'shares': 521000.0, 'price': 0.907, 'value': 472547.0, 'profit_pct': 1.126552019409175}, '515050': {'shares': 1136300.0, 'price': 0.408, 'value': 463610.39999999997, 'profit_pct': 1.6439919183061382}}",0.001713585885487534,1.7984344251878521,-7.747722141299951
2022-01-11,862277.0251878522,916269.8,1778546.8251878521,"{'512690': {'shares': 521000.0, 'price': 0.895, 'value': 466295.0, 'profit_pct': -0.21139574711002146}, '515050': {'shares': 1136300.0, 'price': 0.396, 'value': 449974.80000000005, 'profit_pct': -1.3455372557616783}}",-0.011058284762271886,1.7785468251878522,-8.767874099829687
2022-01-12,862277.0251878522,924983.0,1787260.0251878523,"{'512690': {'shares': 521000.0, 'price': 0.903, 'value': 470463.0, 'profit_pct': 0.6805694305694429}, '515050': {'shares': 1136300.0, 'price': 0.4, 'value': 454520.0, 'profit_pct': -0.3490275310724015}}",0.004899055721560686,1.7872600251878523,-8.320922831448307
2022-01-13,862277.0251878522,898699.6000000001,1760976.6251878524,"{'512690': {'shares': 521000.0, 'price': 0.87, 'value': 453270.0, 'profit_pct': -2.9987869273583474}, '515050': {'shares': 1136300.0, 'price': 0.392, 'value': 445429.60000000003, 'profit_pct': -2.3420469804509554}}",-0.01470597430121412,1.7609766251878525,-9.669152984248065
2022-01-14,862277.0251878522,898367.2,1760644.225187852,"{'512690': {'shares': 521000.0, 'price': 0.865, 'value': 450665.0, 'profit_pct': -3.5562651634080122}, '515050': {'shares': 1136300.0, 'price': 0.394, 'value': 447702.2, 'profit_pct': -1.8437921181063168}}",-0.00018875889392622192,1.760644225187852,-9.686203735018173
2022-01-17,862277.0251878522,914607.8,1776884.8251878521,"{'512690': {'shares': 521000.0, 'price': 0.87, 'value': 453270.0, 'profit_pct': -2.9987869273583474}, '515050': {'shares': 1136300.0, 'price': 0.406, 'value': 461337.80000000005, 'profit_pct': 1.1457370559615137}}",0.009224237223887322,1.7768848251878522,-8.853127853680142
2022-01-18,862277.0251878522,922517.1,1784794.1251878522,"{'512690': {'shares': 521000.0, 'price': 0.883, 'value': 460043.0, 'profit_pct': -1.549343513629218}, '515050': {'shares': 1136300.0, 'price': 0.407, 'value': 462474.1, 'profit_pct': 1.394864487133819}}",0.004451217033250243,1.784794125187852,-8.44741334385497
2022-01-19,862277.0251878522,909353.0,1771630.0251878523,"{'512690': {'shares': 521000.0, 'price': 0.873, 'value': 454833.0, 'profit_pct': -2.6642999857285483}, '515050': {'shares': 1136300.0, 'price': 0.4, 'value': 454520.0, 'profit_pct': -0.3490275310724015}}",-0.007375696621936378,1.7716300251878523,-9.122677447984229
2022-01-20,862277.0251878522,917168.0,1779445.0251878523,"{'512690': {'shares': 521000.0, 'price': 0.888, 'value': 462648.0, 'profit_pct': -0.9918652775795527}, '515050': {'shares': 1136300.0, 'price': 0.4, 'value': 454520.0, 'profit_pct': -0.3490275310724015}}",0.0044111918904576886,1.7794450251878524,-8.721800139716274
2022-01-21,862277.0251878522,912057.0,1774334.0251878523,"{'512690': {'shares': 521000.0, 'price': 0.9, 'value': 468900.0, 'profit_pct': 0.3460824889396437}, '515050': {'shares': 1136300.0, 'price': 0.39, 'value': 443157.0, 'profit_pct': -2.8403018427955935}}",-0.002872243833135779,1.7743340251878523,-8.983973386364708
2022-01-24,862277.0251878522,912339.9,1774616.9251878522,"{'512690': {'shares': 521000.0, 'price': 0.894, 'value': 465774.0, 'profit_pct': -0.3228913943199545}, '515050': {'shares': 1136300.0, 'price': 0.393, 'value': 446565.9, 'profit_pct': -2.0929195492786357}}",0.0001594401031508319,1.7746169251878523,-8.969461781693056
2022-01-25,862277.0251878522,889514.9,1751791.9251878522,"{'512690': {'shares': 521000.0, 'price': 0.872, 'value': 454312.0, 'profit_pct': -2.775795632938481}, '515050': {'shares': 1136300.0, 'price': 0.383, 'value': 435202.9, 'profit_pct': -4.584193861001828}}",-0.012861930750256878,1.7517919251878522,-10.14029026041553
2022-01-26,862277.0251878522,892025.6000000001,1754302.6251878524,"{'512690': {'shares': 521000.0, 'price': 0.879, 'value': 457959.0, 'profit_pct': -1.9953261024689501}, '515050': {'shares': 1136300.0, 'price': 0.382, 'value': 434066.60000000003, 'profit_pct': -4.833321292174147}}",0.0014332181601595106,1.7543026251878524,-10.011501692550084
2022-01-27,862277.0251878522,872564.7,1734841.725187852,"{'512690': {'shares': 521000.0, 'price': 0.87, 'value': 453270.0, 'profit_pct': -2.9987869273583474}, '515050': {'shares': 1136300.0, 'price': 0.369, 'value': 419294.7, 'profit_pct': -8.071977897414296}}",-0.011093239969310553,1.734841725187852,-11.009765698752528
2022-01-28,362.08315607236,1714703.4,1715065.4831560722,"{'159928': {'shares': 388300.0, 'price': 1.104, 'value': 428683.2, 'profit_pct': -0.09990009990007925}, '512400': {'shares': 364200.0, 'price': 1.177, 'value': 428663.4, 'profit_pct': -0.09990009990007967}, '512580': {'shares': 265600.0, 'price': 1.614, 'value': 428678.4, 'profit_pct': -0.09990009990008643}, '512880': {'shares': 398400.0, 'price': 1.076, 'value': 428678.4, 'profit_pct': -0.09990009990008643}}",-0.011399450304112602,1.715065483156072,-12.024205452220937
2022-02-07,362.08315607236,1742319.9000000001,1742681.9831560724,"{'159928': {'shares': 388300.0, 'price': 1.107, 'value': 429848.1, 'profit_pct': 0.17156756287192157}, '512400': {'shares': 364200.0, 'price': 1.219, 'value': 443959.80000000005, 'profit_pct': 3.4649292933065476}, '512580': {'shares': 265600.0, 'price': 1.632, 'value': 433459.19999999995, 'profit_pct': 1.0142274082794536}, '512880': {'shares': 398400.0, 'price': 1.092, 'value': 435052.80000000005, 'profit_pct': 1.3856032443393187}}",0.016102300624218913,1.7426819831560725,-10.607592760758077
2022-02-08,362.08315607236,1731704.5,1732066.5831560723,"{'159928': {'shares': 388300.0, 'price': 1.093, 'value': 424411.89999999997, 'profit_pct': -1.0952815300641292}, '512400': {'shares': 364200.0, 'price': 1.219, 'value': 443959.80000000005, 'profit_pct': 3.4649292933065476}, '512580': {'shares': 265600.0, 'price': 1.59, 'value': 422304.0, 'profit_pct': -1.5854034441394917}, '512880': {'shares': 398400.0, 'price': 1.107, 'value': 441028.8, 'profit_pct': 2.7782626295637507}}",-0.006091415474885009,1.7320665831560722,-11.152119053552422
2022-02-09,362.08315607236,1764006.1,1764368.1831560724,"{'159928': {'shares': 388300.0, 'price': 1.125, 'value': 436837.5, 'profit_pct': 1.8003735395039868}, '512400': {'shares': 364200.0, 'price': 1.263, 'value': 459984.6, 'profit_pct': 7.199512467142043}, '512580': {'shares': 265600.0, 'price': 1.6, 'value': 424960.0, 'profit_pct': -0.9664437173730728}, '512880': {'shares': 398400.0, 'price': 1.11, 'value': 442224.00000000006, 'profit_pct': 3.0567945066086497}}",0.018649167597900362,1.7643681831560725,-9.495180031063832
2022-02-10,362.08315607236,1762092.2,1762454.2831560723,"{'159928': {'shares': 388300.0, 'price': 1.136, 'value': 441108.8, 'profit_pct': 2.7957549696680166}, '512400': {'shares': 364200.0, 'price': 1.273, 'value': 463626.6, 'profit_pct': 8.048281370286478}, '512580': {'shares': 265600.0, 'price': 1.563, 'value': 415132.8, 'profit_pct': -3.2565947064088294}, '512880': {'shares': 398400.0, 'price': 1.11, 'value': 442224.00000000006, 'profit_pct': 3.0567945066086497}}",-0.001084750914390531,1.7624542831560723,-9.593355217281886
2022-02-11,362.08315607236,1747544.9,1747906.9831560722,"{'159928': {'shares': 388300.0, 'price': 1.127, 'value': 437614.1, 'profit_pct': 1.981351981351994}, '512400': {'shares': 364200.0, 'price': 1.27, 'value': 462534.0, 'profit_pct': 7.793650699343156}, '512580': {'shares': 265600.0, 'price': 1.524, 'value': 404774.4, 'profit_pct': -5.670537640797855}, '512880': {'shares': 398400.0, 'price': 1.111, 'value': 442622.4, 'profit_pct': 3.149638465623602}}",-0.008254001331569172,1.7479069831560723,-10.33957178370114
2022-02-14,362.08315607236,1731965.0,1732327.0831560723,"{'159928': {'shares': 388300.0, 'price': 1.13, 'value': 438778.99999999994, 'profit_pct': 2.2528196441239947}, '512400': {'shares': 364200.0, 'price': 1.282, 'value': 466904.4, 'profit_pct': 8.812173383116479}, '512580': {'shares': 265600.0, 'price': 1.521, 'value': 403977.6, 'profit_pct': -5.856225558827789}, '512880': {'shares': 398400.0, 'price': 1.06, 'value': 422304.0, 'profit_pct': -1.5854034441394917}}",-0.008913460584652144,1.7323270831560722,-11.138756476610157
2022-02-15,362.08315607236,1755238.8,1755600.8831560723,"{'159928': {'shares': 388300.0, 'price': 1.142, 'value': 443438.6, 'profit_pct': 3.3386902952120385}, '512400': {'shares': 364200.0, 'price': 1.293, 'value': 470910.6, 'profit_pct': 9.745819176575347}, '512580': {'shares': 265600.0, 'price': 1.573, 'value': 417788.8, 'profit_pct': -2.6376349796424106}, '512880': {'shares': 398400.0, 'price': 1.062, 'value': 423100.80000000005, 'profit_pct': -1.399715526109566}}",0.013434991709301292,1.7556008831560723,-9.9449064065952
2022-02-16,362.08315607236,1757665.5,1758027.5831560723,"{'159928': {'shares': 388300.0, 'price': 1.141, 'value': 443050.3, 'profit_pct': 3.248201074288045}, '512400': {'shares': 364200.0, 'price': 1.3, 'value': 473460.0, 'profit_pct': 10.339957408776462}, '512580': {'shares': 265600.0, 'price': 1.571, 'value': 417257.6, 'profit_pct': -2.761426924995694}, '512880': {'shares': 398400.0, 'price': 1.064, 'value': 423897.60000000003, 'profit_pct': -1.2140276080796402}}",0.0013822617790197889,1.7580275831560723,-9.820426692714989
2022-02-17,362.08315607236,1778644.1999999997,1779006.283156072,"{'159928': {'shares': 388300.0, 'price': 1.14, 'value': 442661.99999999994, 'profit_pct': 3.1577118533640314}, '512400': {'shares': 364200.0, 'price': 1.347, 'value': 490577.39999999997, 'profit_pct': 14.329171253555298}, '512580': {'shares': 265600.0, 'price': 1.599, 'value': 424694.39999999997, 'profit_pct': -1.0283396900497215}, '512880': {'shares': 398400.0, 'price': 1.056, 'value': 420710.4, 'profit_pct': -1.9567792801993427}}",0.01193308921941827,1.779006283156072,-8.744305798670094
2022-02-18,362.08315607236,1777150.9,1777512.9831560722,"{'159928': {'shares': 388300.0, 'price': 1.147, 'value': 445380.10000000003, 'profit_pct': 3.7911363998320664}, '512400': {'shares': 364200.0, 'price': 1.342, 'value': 488756.4, 'profit_pct': 13.904786801983088}, '512580': {'shares': 265600.0, 'price': 1.587, 'value': 421507.2, 'profit_pct': -1.771091362169424}, '512880': {'shares': 398400.0, 'price': 1.058, 'value': 421507.2, 'profit_pct': -1.7710913621694173}}",-0.0008394011950034752,1.7775129831560723,-8.820905937433555
2022-02-21,362.08315607236,1772830.8,1773192.8831560723,"{'159928': {'shares': 388300.0, 'price': 1.148, 'value': 445768.39999999997, 'profit_pct': 3.88162562075606}, '512400': {'shares': 364200.0, 'price': 1.336, 'value': 486571.2, 'profit_pct': 13.395525460096428}, '512580': {'shares': 265600.0, 'price': 1.579, 'value': 419382.39999999997, 'profit_pct': -2.266259143582559}, '512880': {'shares': 398400.0, 'price': 1.057, 'value': 421108.8, 'profit_pct': -1.8639353211843905}}",-0.0024304182534460317,1.7731928831560724,-9.042509271975884
2022-02-22,362.08315607236,1768682.9,1769044.9831560722,"{'159928': {'shares': 388300.0, 'price': 1.125, 'value': 436837.5, 'profit_pct': 1.8003735395039868}, '512400': {'shares': 364200.0, 'price': 1.367, 'value': 497861.4, 'profit_pct': 16.02670905984417}, '512580': {'shares': 265600.0, 'price': 1.586, 'value': 421241.60000000003, 'profit_pct': -1.832987334846059}, '512880': {'shares': 398400.0, 'price': 1.036, 'value': 412742.4, 'profit_pct': -3.8136584604985995}}",-0.0023392266230041203,1.7690449831560722,-9.25527945584853
2022-02-23,362.08315607236,1788442.0,1788804.0831560723,"{'159928': {'shares': 388300.0, 'price': 1.124, 'value': 436449.20000000007, 'profit_pct': 1.7098843185799932}, '512400': {'shares': 364200.0, 'price': 1.372, 'value': 499682.4, 'profit_pct': 16.451093511416396}, '512580': {'shares': 265600.0, 'price': 1.634, 'value': 433990.39999999997, 'profit_pct': 1.1380193536327374}, '512880': {'shares': 398400.0, 'price': 1.05, 'value': 418320.0, 'profit_pct': -2.5138430342891196}}",0.011169359845643267,1.7888040831560723,-8.241719017998573
2022-02-24,362.08315607236,1760995.7,1761357.7831560723,"{'159928': {'shares': 388300.0, 'price': 1.095, 'value': 425188.5, 'profit_pct': -0.9143030882161219}, '512400': {'shares': 364200.0, 'price': 1.356, 'value': 493855.2, 'profit_pct': 15.093063266385299}, '512580': {'shares': 265600.0, 'price': 1.64, 'value': 435584.0, 'profit_pct': 1.5093951896925888}, '512880': {'shares': 398400.0, 'price': 1.02, 'value': 406368.0, 'profit_pct': -5.299161804738004}}",-0.015343379556454928,1.7613577831560723,-9.649601150553266
2022-02-25,362.08315607236,1776643.8000000003,1777005.8831560726,"{'159928': {'shares': 388300.0, 'price': 1.102, 'value': 427906.60000000003, 'profit_pct': -0.2808785417480865}, '512400': {'shares': 364200.0, 'price': 1.374, 'value': 500410.80000000005, 'profit_pct': 16.620847292045283}, '512580': {'shares': 265600.0, 'price': 1.661, 'value': 441161.60000000003, 'profit_pct': 2.809210615902075}, '512880': {'shares': 398400.0, 'price': 1.022, 'value': 407164.8, 'profit_pct': -5.1134738867080785}}",0.008884112103539454,1.7770058831560727,-8.846918078575271
2022-02-28,3.557134972361382,1793861.9,1793865.4571349723,"{'159995': {'shares': 552700.0, 'price': 0.739, 'value': 408445.3, 'profit_pct': -0.09990009990009101}, '512660': {'shares': 353500.0, 'price': 1.259, 'value': 445056.49999999994, 'profit_pct': -0.0999000999000919}, '159928': {'shares': 388300.0, 'price': 1.103, 'value': 428294.89999999997, 'profit_pct': -0.19038932082409293}, '512400': {'shares': 364200.0, 'price': 1.406, 'value': 512065.19999999995, 'profit_pct': 19.336907782107453}}",0.009487629803991426,1.7938654571349724,-7.982091381811884
2022-03-01,3.557134972361382,1803539.0,1803542.5571349724,"{'159995': {'shares': 552700.0, 'price': 0.743, 'value': 410656.1, 'profit_pct': 0.4408311580165531}, '512660': {'shares': 353500.0, 'price': 1.28, 'value': 452480.0, 'profit_pct': 1.5664240445813309}, '159928': {'shares': 388300.0, 'price': 1.135, 'value': 440720.5, 'profit_pct': 2.705265748744023}, '512400': {'shares': 364200.0, 'price': 1.372, 'value': 499682.4, 'profit_pct': 16.451093511416396}}",0.005394551727115449,1.8035425571349724,-7.485696013950093
2022-03-02,3.557134972361382,1793665.0999999999,1793668.6571349723,"{'159995': {'shares': 552700.0, 'price': 0.73, 'value': 403471.0, 'profit_pct': -1.3165454302125403}, '512660': {'shares': 353500.0, 'price': 1.266, 'value': 447531.0, 'profit_pct': 0.45554128159372154}, '159928': {'shares': 388300.0, 'price': 1.123, 'value': 436060.9, 'profit_pct': 1.6193950976559797}, '512400': {'shares': 364200.0, 'price': 1.391, 'value': 506602.2, 'profit_pct': 18.063754427390812}}",-0.0054747252627547205,1.7936686571349723,-7.992186411148694
2022-03-03,3.557134972361382,1765278.0,1765281.5571349724,"{'159995': {'shares': 552700.0, 'price': 0.714, 'value': 394627.8, 'profit_pct': -3.479470461879117}, '512660': {'shares': 353500.0, 'price': 1.239, 'value': 437986.50000000006, 'profit_pct': -1.686875475596659}, '159928': {'shares': 388300.0, 'price': 1.101, 'value': 427518.3, 'profit_pct': -0.3713677626721002}, '512400': {'shares': 364200.0, 'price': 1.387, 'value': 505145.4, 'profit_pct': 17.724246866133036}}",-0.015826278664724303,1.7652815571349725,-9.448327708337857
2022-03-04,3.557134972361382,1750491.1,1750494.6571349725,"{'159995': {'shares': 552700.0, 'price': 0.72, 'value': 397944.0, 'profit_pct': -2.6683735750041504}, '512660': {'shares': 353500.0, 'price': 1.22, 'value': 431270.0, 'profit_pct': -3.1945020825084236}, '159928': {'shares': 388300.0, 'price': 1.097, 'value': 425965.1, 'profit_pct': -0.7333246463681147}, '512400': {'shares': 364200.0, 'price': 1.36, 'value': 495312.00000000006, 'profit_pct': 15.432570827643072}}",-0.008376510783922098,1.7504946571349724,-10.20683476779115
2022-03-07,3.557134972361382,1710170.0,1710173.5571349724,"{'159995': {'shares': 552700.0, 'price': 0.69, 'value': 381362.99999999994, 'profit_pct': -6.723858009378982}, '512660': {'shares': 353500.0, 'price': 1.202, 'value': 424907.0, 'profit_pct': -4.62277992063535}, '159928': {'shares': 388300.0, 'price': 1.056, 'value': 410044.80000000005, 'profit_pct': -4.443382704252253}, '512400': {'shares': 364200.0, 'price': 1.356, 'value': 493855.2, 'profit_pct': 15.093063266385299}}",-0.023034117719612723,1.7101735571349723,-12.275141106166487
2022-03-08,407765.3993727224,1247312.3,1655077.6993727223,"{'159995': {'shares': 552700.0, 'price': 0.691, 'value': 381915.69999999995, 'profit_pct': -6.588675194899821}, '159928': {'shares': 388300.0, 'price': 1.03, 'value': 399949.0, 'profit_pct': -6.796102448276348}, '512400': {'shares': 364200.0, 'price': 1.278, 'value': 465447.60000000003, 'profit_pct': 8.472665821858705}}",-0.032216530031344504,1.6550776993727223,-15.101331657215134
2022-03-09,407765.3993727224,1237705.8,1645471.1993727223,"{'159995': {'shares': 552700.0, 'price': 0.698, 'value': 385784.6, 'profit_pct': -5.642395493545694}, '159928': {'shares': 388300.0, 'price': 1.03, 'value': 399949.0, 'profit_pct': -6.796102448276348}, '512400': {'shares': 364200.0, 'price': 1.241, 'value': 451972.2, 'profit_pct': 5.3322208802243045}}",-0.005804259222174868,1.6454711993727222,-15.594105535894098
2022-03-10,407765.3993727224,1256576.5,1664341.8993727225,"{'159995': {'shares': 552700.0, 'price': 0.705, 'value': 389653.5, 'profit_pct': -4.6961157921915655}, '159928': {'shares': 388300.0, 'price': 1.048, 'value': 406938.4, 'profit_pct': -5.167296471644282}, '512400': {'shares': 364200.0, 'price': 1.263, 'value': 459984.6, 'profit_pct': 7.199512467142043}}",0.011468265143257383,1.6643418993727226,-14.62611635852593
2022-03-11,407765.3993727224,1257085.2999999998,1664850.6993727223,"{'159995': {'shares': 552700.0, 'price': 0.705, 'value': 389653.5, 'profit_pct': -4.6961157921915655}, '159928': {'shares': 388300.0, 'price': 1.054, 'value': 409268.2, 'profit_pct': -4.624361146100261}, '512400': {'shares': 364200.0, 'price': 1.258, 'value': 458163.6, 'profit_pct': 6.775128015569836}}",0.0003057064177687252,1.6648506993727223,-14.600017014386879
2022-03-14,799438.6791276224,815978.1000000001,1615416.7791276225,"{'159995': {'shares': 552700.0, 'price': 0.681, 'value': 376388.7, 'profit_pct': -7.940503339691415}, '512400': {'shares': 364200.0, 'price': 1.207, 'value': 439589.4, 'profit_pct': 2.4464066095332258}}",-0.02969270473546093,1.6154167791276224,-17.135773493592076
2022-03-15,1162090.6269947924,417373.19999999995,1579463.8269947923,"{'512400': {'shares': 364200.0, 'price': 1.146, 'value': 417373.19999999995, 'profit_pct': -2.731083699647838}}",-0.02225614627591399,1.5794638269947923,-18.980011839759158
2022-03-16,1162090.6269947924,434854.8,1596945.4269947924,"{'512400': {'shares': 364200.0, 'price': 1.194, 'value': 434854.8, 'profit_pct': 1.3430070354454504}}",0.011068059743578829,1.5969454269947925,-18.08327777037756
2022-03-17,1162090.6269947924,441774.60000000003,1603865.2269947925,"{'512400': {'shares': 364200.0, 'price': 1.213, 'value': 441774.60000000003, 'profit_pct': 2.9556679514198865}}",0.004333147447012076,1.6038652269947924,-17.72832053458068
2022-03-18,1162090.6269947924,445052.39999999997,1607143.0269947923,"{'512400': {'shares': 364200.0, 'price': 1.222, 'value': 445052.39999999997, 'profit_pct': 3.7195599642498687}}",0.002043687926410964,1.6071430269947924,-17.56018289657164
2022-03-21,1162090.6269947924,454885.80000000005,1616976.4269947924,"{'512400': {'shares': 364200.0, 'price': 1.249, 'value': 454885.80000000005, 'profit_pct': 6.011236002739852}}",0.0061185593533561455,1.6169764269947924,-17.05576998254449
2022-03-22,1162090.6269947924,457435.2,1619525.8269947923,"{'512400': {'shares': 364200.0, 'price': 1.256, 'value': 457435.2, 'profit_pct': 6.605374234940947}}",0.001576646361343803,1.6195258269947923,-16.924996264093007
2022-03-23,1162090.6269947924,455250.0,1617340.6269947924,"{'512400': {'shares': 364200.0, 'price': 1.25, 'value': 455250.0, 'profit_pct': 6.096112893054287}}",-0.0013492838234354654,1.6173406269947923,-17.0370880227657
2022-03-24,1162090.6269947924,461441.39999999997,1623532.0269947923,"{'512400': {'shares': 364200.0, 'price': 1.267, 'value': 461441.39999999997, 'profit_pct': 7.5390200283998166}}",0.0038281360751470928,1.6235320269947924,-16.719494706526394
2022-03-25,1162090.6269947924,454521.6,1616612.2269947925,"{'512400': {'shares': 364200.0, 'price': 1.248, 'value': 454521.6, 'profit_pct': 5.9263591124254}}",-0.004262188786511745,1.6166122269947925,-17.074451942323265
2022-03-28,1162090.6269947924,448330.2,1610420.8269947923,"{'512400': {'shares': 364200.0, 'price': 1.231, 'value': 448330.2, 'profit_pct': 4.48345197707987}}",-0.003829860925591122,1.6104208269947924,-17.392045258562582
2022-03-29,1162090.6269947924,448330.2,1610420.8269947923,"{'512400': {'shares': 364200.0, 'price': 1.231, 'value': 448330.2, 'profit_pct': 4.48345197707987}}",0.0,1.6104208269947924,-17.392045258562582
2022-03-30,1162090.6269947924,455250.0,1617340.6269947924,"{'512400': {'shares': 364200.0, 'price': 1.25, 'value': 455250.0, 'profit_pct': 6.096112893054287}}",0.004296889287574102,1.6173406269947923,-17.0370880227657
2022-03-31,206.60325864254264,1603908.7,1604115.3032586426,"{'512010': {'shares': 749500.0, 'price': 0.535, 'value': 400982.5, 'profit_pct': -0.09990009990009097}, '512170': {'shares': 716100.0, 'price': 0.56, 'value': 401016.00000000006, 'profit_pct': -0.09990009990008099}, '512580': {'shares': 262600.0, 'price': 1.527, 'value': 400990.19999999995, 'profit_pct': -0.09990009990008905}, '515030': {'shares': 205600.0, 'price': 1.95, 'value': 400920.0, 'profit_pct': -0.09990009990008322}}",-0.00817720368573438,1.6041153032586426,-17.715492652365207
2022-04-01,206.60325864254264,1605427.5,1605634.1032586426,"{'512010': {'shares': 749500.0, 'price': 0.532, 'value': 398734.0, 'profit_pct': -0.660087575975418}, '512170': {'shares': 716100.0, 'price': 0.557, 'value': 398867.7, 'profit_pct': -0.6350792065077595}, '512580': {'shares': 262600.0, 'price': 1.537, 'value': 403616.19999999995, 'profit_pct': 0.5543245228903497}, '515030': {'shares': 205600.0, 'price': 1.966, 'value': 404209.6, 'profit_pct': 0.7197930274853527}}",0.0009468147314066755,1.6056341032586425,-17.637584468641933
2022-04-06,206.60325864254264,1583535.1,1583741.7032586427,"{'512010': {'shares': 749500.0, 'price': 0.53, 'value': 397235.0, 'profit_pct': -1.0335458933589694}, '512170': {'shares': 716100.0, 'price': 0.553, 'value': 396003.30000000005, 'profit_pct': -1.348651348651331}, '512580': {'shares': 262600.0, 'price': 1.5, 'value': 393900.0, 'profit_pct': -1.8663065814342665}, '515030': {'shares': 205600.0, 'price': 1.928, 'value': 396396.8, 'profit_pct': -1.2269781500550576}}",-0.013634737799582797,1.5837417032586427,-18.76057440895228
2022-04-07,206.60325864254264,1559202.0,1559408.6032586426,"{'512010': {'shares': 749500.0, 'price': 0.521, 'value': 390489.5, 'profit_pct': -2.7141083215849506}, '512170': {'shares': 716100.0, 'price': 0.543, 'value': 388842.30000000005, 'profit_pct': -3.1325817040102595}, '512580': {'shares': 262600.0, 'price': 1.483, 'value': 389435.80000000005, 'profit_pct': -2.978488440178005}, '515030': {'shares': 205600.0, 'price': 1.899, 'value': 390434.4, 'profit_pct': -2.7126719434411544}}",-0.015364310954199989,1.5594086032586425,-20.00876220547373
2022-04-08,206.60325864254264,1546555.3,1546761.9032586426,"{'512010': {'shares': 749500.0, 'price': 0.516, 'value': 386742.0, 'profit_pct': -3.647754115043829}, '512170': {'shares': 716100.0, 'price': 0.537, 'value': 384545.7, 'profit_pct': -4.202939917225617}, '512580': {'shares': 262600.0, 'price': 1.478, 'value': 388122.8, 'profit_pct': -3.3056007515732317}, '515030': {'shares': 205600.0, 'price': 1.883, 'value': 387144.8, 'profit_pct': -3.532365070826591}}",-0.008109933453985474,1.5467619032586426,-20.657485820889264
2022-04-11,360976.30067040253,1128888.5,1489864.8006704026,"{'512010': {'shares': 749500.0, 'price': 0.507, 'value': 379996.5, 'profit_pct': -5.32831654326981}, '512170': {'shares': 716100.0, 'price': 0.528, 'value': 378100.80000000005, 'profit_pct': -5.808477237048653}, '512580': {'shares': 262600.0, 'price': 1.412, 'value': 370791.19999999995, 'profit_pct': -7.6234832619901285}}",-0.03678465474768422,1.4898648006704025,-23.57607281178109
2022-04-12,360976.30067040253,1153923.5,1514899.8006704026,"{'512010': {'shares': 749500.0, 'price': 0.519, 'value': 388990.5, 'profit_pct': -3.087566638968502}, '512170': {'shares': 716100.0, 'price': 0.546, 'value': 390990.60000000003, 'profit_pct': -2.597402597402581}, '512580': {'shares': 262600.0, 'price': 1.424, 'value': 373942.39999999997, 'profit_pct': -6.838413714641602}}",0.016803538138987495,1.5148998006704026,-22.291880436542655
2022-04-13,360976.30067040253,1131346.9,1492323.2006704025,"{'512010': {'shares': 749500.0, 'price': 0.507, 'value': 379996.5, 'profit_pct': -5.32831654326981}, '512170': {'shares': 716100.0, 'price': 0.534, 'value': 382397.4, 'profit_pct': -4.7381190238332955}, '512580': {'shares': 262600.0, 'price': 1.405, 'value': 368953.0, 'profit_pct': -8.081440497943428}}",-0.014903031863895633,1.4923232006704026,-23.449967018480265
2022-04-14,728138.4789624026,772519.5,1500657.9789624026,"{'512010': {'shares': 749500.0, 'price': 0.51, 'value': 382245.0, 'profit_pct': -4.768129067194484}, '512170': {'shares': 716100.0, 'price': 0.545, 'value': 390274.5, 'profit_pct': -2.7757956329384736}}",0.005585102669619868,1.5006579789624026,-23.02242722491569
2022-04-15,728138.4789624026,779847.5,1507985.9789624026,"{'512010': {'shares': 749500.0, 'price': 0.515, 'value': 385992.5, 'profit_pct': -3.8344832737356045}, '512170': {'shares': 716100.0, 'price': 0.55, 'value': 393855.00000000006, 'profit_pct': -1.8838304552590095}}",0.004883191308566293,1.5079859789624026,-22.646531010585857
2022-04-18,728138.4789624026,778381.9,1506520.3789624027,"{'512010': {'shares': 749500.0, 'price': 0.514, 'value': 385243.0, 'profit_pct': -4.02121243242738}, '512170': {'shares': 716100.0, 'price': 0.549, 'value': 393138.9, 'profit_pct': -2.0622234907949024}}",-0.0009718923255561673,1.5065203789624027,-22.72171025345182
2022-04-19,728138.4789624026,759362.5,1487500.9789624026,"{'512010': {'shares': 749500.0, 'price': 0.502, 'value': 376249.0, 'profit_pct': -6.261962336728688}, '512170': {'shares': 716100.0, 'price': 0.535, 'value': 383113.5, 'profit_pct': -4.559725988297402}}",-0.012624721354980606,1.4875009789624025,-23.697327128291445
2022-04-20,728138.4789624026,745489.4,1473627.8789624027,"{'512010': {'shares': 749500.0, 'price': 0.494, 'value': 370253.0, 'profit_pct': -7.755795606262894}, '512170': {'shares': 716100.0, 'price': 0.524, 'value': 375236.4, 'profit_pct': -6.522049379192224}}",-0.009326447643534963,1.4736278789624027,-24.40896001189121
2022-04-21,1453630.9293133826,0.0,1453630.9293133826,{},-0.013569877398831642,1.4536309293133827,-25.43472115698002
2022-04-22,1453630.9293133826,0.0,1453630.9293133826,{},0.0,1.4536309293133827,-25.43472115698002
2022-04-25,1453630.9293133826,0.0,1453630.9293133826,{},0.0,1.4536309293133827,-25.43472115698002
2022-04-26,1453630.9293133826,0.0,1453630.9293133826,{},0.0,1.4536309293133827,-25.43472115698002
2022-04-27,1453630.9293133826,0.0,1453630.9293133826,{},0.0,1.4536309293133827,-25.43472115698002
2022-04-28,1453630.9293133826,0.0,1453630.9293133826,{},0.0,1.4536309293133827,-25.43472115698002
2022-04-29,94.75063880282687,1451648.6,1451743.3506388029,"{'512690': {'shares': 462900.0, 'price': 0.784, 'value': 362913.60000000003, 'profit_pct': -0.09990009990008665}, '512010': {'shares': 757600.0, 'price': 0.479, 'value': 362890.39999999997, 'profit_pct': -0.09990009990008984}, '512170': {'shares': 702000.0, 'price': 0.517, 'value': 362934.0, 'profit_pct': -0.0999000999000979}, '159928': {'shares': 357900.0, 'price': 1.014, 'value': 362910.6, 'profit_pct': -0.09990009990008498}}",-0.0012985267694265445,1.4517433506388029,-25.53154616762744
2022-05-05,94.75063880282687,1451255.1,1451349.8506388029,"{'512690': {'shares': 462900.0, 'price': 0.783, 'value': 362450.7, 'profit_pct': -0.2273236967114387}, '512010': {'shares': 757600.0, 'price': 0.48, 'value': 363648.0, 'profit_pct': 0.10865960761577656}, '512170': {'shares': 702000.0, 'price': 0.515, 'value': 361530.0, 'profit_pct': -0.4863608345233087}, '159928': {'shares': 357900.0, 'price': 1.016, 'value': 363626.4, 'profit_pct': 0.09714151725987558}}",-0.00027105341989464016,1.451349850638803,-25.55173109671297
2022-05-06,94.75063880282687,1413452.9,1413547.6506388027,"{'512690': {'shares': 462900.0, 'price': 0.753, 'value': 348563.7, 'profit_pct': -4.050031601052}, '512010': {'shares': 757600.0, 'price': 0.47, 'value': 356072.0, 'profit_pct': -1.9769374675428875}, '512170': {'shares': 702000.0, 'price': 0.506, 'value': 355212.0, 'profit_pct': -2.2254341403277573}, '159928': {'shares': 357900.0, 'price': 0.988, 'value': 353605.2, 'profit_pct': -2.6614411229795722}}",-0.026046235498189296,1.4135476506388027,-27.490828241000507
2022-05-09,94.75063880282687,1396122.9,1396217.6506388027,"{'512690': {'shares': 462900.0, 'price': 0.739, 'value': 342083.1, 'profit_pct': -5.833961956410929}, '512010': {'shares': 757600.0, 'price': 0.465, 'value': 352284.0, 'profit_pct': -3.019736005122208}, '512170': {'shares': 702000.0, 'price': 0.499, 'value': 350298.0, 'profit_pct': -3.578046711508995}, '159928': {'shares': 357900.0, 'price': 0.982, 'value': 351457.8, 'profit_pct': -3.2525659744594537}}",-0.012259933361403408,1.3962176506388027,-28.379785854856397
2022-05-10,94.75063880282687,1412275.3,1412370.0506388028,"{'512690': {'shares': 462900.0, 'price': 0.749, 'value': 346712.1, 'profit_pct': -4.559725988297408}, '512010': {'shares': 757600.0, 'price': 0.469, 'value': 355314.39999999997, 'profit_pct': -2.185497175058754}, '512170': {'shares': 702000.0, 'price': 0.506, 'value': 355212.0, 'profit_pct': -2.2254341403277573}, '159928': {'shares': 357900.0, 'price': 0.992, 'value': 355036.8, 'profit_pct': -2.2673578886596513}}",0.011568683430273285,1.4123700506388028,-27.55123427020285
2022-05-11,94.75063880282687,1433499.8,1433594.5506388028,"{'512690': {'shares': 462900.0, 'price': 0.761, 'value': 352266.9, 'profit_pct': -3.0306428265611833}, '512010': {'shares': 757600.0, 'price': 0.479, 'value': 362890.39999999997, 'profit_pct': -0.09990009990008984}, '512170': {'shares': 702000.0, 'price': 0.516, 'value': 362232.0, 'profit_pct': -0.2931304672117033}, '159928': {'shares': 357900.0, 'price': 0.995, 'value': 356110.5, 'profit_pct': -1.9717954629197103}}",0.015027577220573463,1.4335945506388028,-26.46250484866308
2022-05-12,94.75063880282687,1447455.4,1447550.1506388027,"{'512690': {'shares': 462900.0, 'price': 0.77, 'value': 356433.0, 'profit_pct': -1.883830455259015}, '512010': {'shares': 757600.0, 'price': 0.484, 'value': 366678.39999999997, 'profit_pct': 0.9428984376792422}, '512170': {'shares': 702000.0, 'price': 0.522, 'value': 366444.0, 'profit_pct': 0.8662517366579291}, '159928': {'shares': 357900.0, 'price': 1.0, 'value': 357900.0, 'profit_pct': -1.4791914200198089}}",0.009734691021098918,1.4475501506388027,-25.74664005489926
2022-05-13,94.75063880282687,1444593.3,1444688.0506388028,"{'512690': {'shares': 462900.0, 'price': 0.767, 'value': 355044.3, 'profit_pct': -2.266101245693071}, '512010': {'shares': 757600.0, 'price': 0.483, 'value': 365920.8, 'profit_pct': 0.7343387301633758}, '512170': {'shares': 702000.0, 'price': 0.522, 'value': 366444.0, 'profit_pct': 0.8662517366579291}, '159928': {'shares': 357900.0, 'price': 0.998, 'value': 357184.2, 'profit_pct': -1.6762330371797696}}",-0.001977202654247834,1.444688050638803,-25.89345399526953
2022-05-16,94.75063880282687,1425927.5,1426022.2506388028,"{'512690': {'shares': 462900.0, 'price': 0.761, 'value': 352266.9, 'profit_pct': -3.0306428265611833}, '512010': {'shares': 757600.0, 'price': 0.476, 'value': 360617.6, 'profit_pct': -0.725579222447689}, '512170': {'shares': 702000.0, 'price': 0.511, 'value': 358722.0, 'profit_pct': -1.2592823037697303}, '159928': {'shares': 357900.0, 'price': 0.99, 'value': 354321.0, 'profit_pct': -2.4643995058196118}}",-0.012920297909120637,1.4260222506388027,-26.850932646666603
2022-05-17,94.75063880282687,1427962.5,1428057.2506388028,"{'512690': {'shares': 462900.0, 'price': 0.769, 'value': 355970.10000000003, 'profit_pct': -2.0112540520703672}, '512010': {'shares': 757600.0, 'price': 0.471, 'value': 356829.6, 'profit_pct': -1.768377760027021}, '512170': {'shares': 702000.0, 'price': 0.513, 'value': 360126.0, 'profit_pct': -0.8728215691465195}, '159928': {'shares': 357900.0, 'price': 0.992, 'value': 355036.8, 'profit_pct': -2.2673578886596513}}",0.0014270464567354146,1.4280572506388027,-26.746545529286525
2022-05-18,94.75063880282687,1413423.7,1413518.4506388027,"{'512690': {'shares': 462900.0, 'price': 0.761, 'value': 352266.9, 'profit_pct': -3.0306428265611833}, '512010': {'shares': 757600.0, 'price': 0.466, 'value': 353041.60000000003, 'profit_pct': -2.8111762976063415}, '512170': {'shares': 702000.0, 'price': 0.505, 'value': 354510.0, 'profit_pct': -2.4186645076393627}, '159928': {'shares': 357900.0, 'price': 0.988, 'value': 353605.2, 'profit_pct': -2.6614411229795722}}",-0.01018082432864409,1.4135184506388028,-27.492326080719188
2022-05-19,94.75063880282687,1404802.2,1404896.9506388027,"{'512690': {'shares': 462900.0, 'price': 0.751, 'value': 347637.9, 'profit_pct': -4.304878794674704}, '512010': {'shares': 757600.0, 'price': 0.465, 'value': 352284.0, 'profit_pct': -3.019736005122208}, '512170': {'shares': 702000.0, 'price': 0.506, 'value': 355212.0, 'profit_pct': -2.2254341403277573}, '159928': {'shares': 357900.0, 'price': 0.977, 'value': 349668.3, 'profit_pct': -3.745170017359355}}",-0.006099319040443918,1.4048969506388027,-27.93457351683335
2022-05-20,94.75063880282687,1448055.8,1448150.5506388028,"{'512690': {'shares': 462900.0, 'price': 0.784, 'value': 362913.60000000003, 'profit_pct': -0.09990009990008665}, '512010': {'shares': 757600.0, 'price': 0.479, 'value': 362890.39999999997, 'profit_pct': -0.09990009990008984}, '512170': {'shares': 702000.0, 'price': 0.518, 'value': 363636.0, 'profit_pct': 0.09333026741150749}, '159928': {'shares': 357900.0, 'price': 1.002, 'value': 358615.8, 'profit_pct': -1.2821498028598484}}",0.030787738545758003,1.4481505506388028,-25.71584200808107
2022-05-23,94.75063880282687,1439517.5,1439612.2506388028,"{'512690': {'shares': 462900.0, 'price': 0.774, 'value': 358284.60000000003, 'profit_pct': -1.374136068013607}, '512010': {'shares': 757600.0, 'price': 0.479, 'value': 362890.39999999997, 'profit_pct': -0.09990009990008984}, '512170': {'shares': 702000.0, 'price': 0.516, 'value': 362232.0, 'profit_pct': -0.2931304672117033}, '159928': {'shares': 357900.0, 'price': 0.995, 'value': 356110.5, 'profit_pct': -1.9717954629197103}}",-0.0058960030062024105,1.4396122506388027,-26.15382162691464
2022-05-24,94.75063880282687,1401452.3,1401547.0506388028,"{'512690': {'shares': 462900.0, 'price': 0.757, 'value': 350415.3, 'profit_pct': -3.5403372138065916}, '512010': {'shares': 757600.0, 'price': 0.461, 'value': 349253.60000000003, 'profit_pct': -3.8539748351856735}, '512170': {'shares': 702000.0, 'price': 0.497, 'value': 348894.0, 'profit_pct': -3.964507446132206}, '159928': {'shares': 357900.0, 'price': 0.986, 'value': 352889.4, 'profit_pct': -2.8584827401395327}}",-0.02644128652219313,1.4015470506388028,-28.106409587846372
2022-05-25,94.75063880282687,1402372.0,1402466.7506388028,"{'512690': {'shares': 462900.0, 'price': 0.755, 'value': 349489.5, 'profit_pct': -3.795184407429296}, '512010': {'shares': 757600.0, 'price': 0.463, 'value': 350768.8, 'profit_pct': -3.4368554201539405}, '512170': {'shares': 702000.0, 'price': 0.499, 'value': 350298.0, 'profit_pct': -3.578046711508995}, '159928': {'shares': 357900.0, 'price': 0.983, 'value': 351815.7, 'profit_pct': -3.1540451658794737}}",0.0006562034428889696,1.4024667506388027,-28.059232766296272
2022-05-26,94.75063880282687,1394939.9,1395034.6506388027,"{'512690': {'shares': 462900.0, 'price': 0.757, 'value': 350415.3, 'profit_pct': -3.5403372138065916}, '512010': {'shares': 757600.0, 'price': 0.458, 'value': 346980.8, 'profit_pct': -4.479653957733273}, '512170': {'shares': 702000.0, 'price': 0.493, 'value': 346086.0, 'profit_pct': -4.7374289153786275}, '159928': {'shares': 357900.0, 'price': 0.982, 'value': 351457.8, 'profit_pct': -3.2525659744594537}}",-0.0052993056673998895,1.3950346506388027,-28.44046888181494
2022-05-27,94.75063880282687,1402882.7999999998,1402977.5506388026,"{'512690': {'shares': 462900.0, 'price': 0.76, 'value': 351804.0, 'profit_pct': -3.158066423372535}, '512010': {'shares': 757600.0, 'price': 0.462, 'value': 350011.2, 'profit_pct': -3.645415127669807}, '512170': {'shares': 702000.0, 'price': 0.497, 'value': 348894.0, 'profit_pct': -3.964507446132206}, '159928': {'shares': 357900.0, 'price': 0.984, 'value': 352173.6, 'profit_pct': -3.0555243572994932}}",0.005693693698835878,1.4029775506388025,-28.033030830395678
2022-05-30,94.75063880282687,1428447.3,1428542.0506388028,"{'512690': {'shares': 462900.0, 'price': 0.787, 'value': 364302.3, 'profit_pct': 0.28237069053396946}, '512010': {'shares': 757600.0, 'price': 0.468, 'value': 354556.80000000005, 'profit_pct': -2.3940568825746085}, '512170': {'shares': 702000.0, 'price': 0.502, 'value': 352404.0, 'profit_pct': -2.998355609574179}, '159928': {'shares': 357900.0, 'price': 0.998, 'value': 357184.2, 'profit_pct': -1.6762330371797696}}",0.01822160303873721,1.428542050638803,-26.721677286286095
2022-05-31,321.5513097831863,1463289.6,1463611.1513097833,"{'512660': {'shares': 338400.0, 'price': 1.081, 'value': 365810.39999999997, 'profit_pct': -0.09990009990008954}, '512670': {'shares': 417200.0, 'price': 0.877, 'value': 365884.4, 'profit_pct': -0.09990009990008916}, '512580': {'shares': 246200.0, 'price': 1.486, 'value': 365853.2, 'profit_pct': -0.09990009990009159}, '515030': {'shares': 192800.0, 'price': 1.897, 'value': 365741.6, 'profit_pct': -0.09990009990009019}}",0.024548875306329654,1.4636111513097834,-24.922776879330144
2022-06-01,321.5513097831863,1477172.5999999999,1477494.151309783,"{'512660': {'shares': 338400.0, 'price': 1.087, 'value': 367840.8, 'profit_pct': 0.45458704108103903}, '512670': {'shares': 417200.0, 'price': 0.883, 'value': 368387.6, 'profit_pct': 0.5835669461667295}, '512580': {'shares': 246200.0, 'price': 1.495, 'value': 368069.0, 'profit_pct': 0.5051476114733344}, '515030': {'shares': 192800.0, 'price': 1.934, 'value': 372875.2, 'profit_pct': 1.8485994764329032}}",0.009485442897572804,1.477494151309783,-24.210636166510703
2022-06-02,321.5513097831863,1510492.2000000002,1510813.7513097834,"{'512660': {'shares': 338400.0, 'price': 1.111, 'value': 375962.4, 'profit_pct': 2.6725356050055535}, '512670': {'shares': 417200.0, 'price': 0.903, 'value': 376731.60000000003, 'profit_pct': 2.8617904330561252}, '512580': {'shares': 246200.0, 'price': 1.529, 'value': 376439.8, 'profit_pct': 2.7908834099951227}, '515030': {'shares': 192800.0, 'price': 1.978, 'value': 381358.4, 'profit_pct': 4.165734107747822}}",0.022551425987346718,1.5108137513097835,-22.501477937391666
2022-06-06,321.5513097831863,1560467.0,1560788.5513097832,"{'512660': {'shares': 338400.0, 'price': 1.127, 'value': 381376.8, 'profit_pct': 4.15116798095523}, '512670': {'shares': 417200.0, 'price': 0.921, 'value': 384241.2, 'profit_pct': 4.912191571256582}, '512580': {'shares': 246200.0, 'price': 1.591, 'value': 391704.2, 'profit_pct': 6.958989866123118}, '515030': {'shares': 192800.0, 'price': 2.091, 'value': 403144.80000000005, 'profit_pct': 10.116557138170231}}",0.033078067999231964,1.5607885513097832,-19.937976554764724
2022-06-07,321.5513097831863,1552118.5999999999,1552440.151309783,"{'512660': {'shares': 338400.0, 'price': 1.124, 'value': 380361.60000000003, 'profit_pct': 3.8739244104646757}, '512670': {'shares': 417200.0, 'price': 0.916, 'value': 382155.2, 'profit_pct': 4.342635699534232}, '512580': {'shares': 246200.0, 'price': 1.583, 'value': 389734.6, 'profit_pct': 6.421169678235635}, '515030': {'shares': 192800.0, 'price': 2.074, 'value': 399867.19999999995, 'profit_pct': 9.221300576071268}}",-0.0053488347239568634,1.5524401513097832,-20.366215085838856
2022-06-08,321.5513097831863,1550055.4000000001,1550376.9513097834,"{'512660': {'shares': 338400.0, 'price': 1.112, 'value': 376300.80000000005, 'profit_pct': 2.7649501285024183}, '512670': {'shares': 417200.0, 'price': 0.906, 'value': 377983.2, 'profit_pct': 3.2035239560895343}, '512580': {'shares': 246200.0, 'price': 1.583, 'value': 389734.6, 'profit_pct': 6.421169678235635}, '515030': {'shares': 192800.0, 'price': 2.106, 'value': 406036.8, 'profit_pct': 10.906489398845753}}",-0.0013290045340936807,1.5503769513097834,-20.472048747056814
2022-06-09,321.5513097831863,1517589.8,1517911.3513097833,"{'512660': {'shares': 338400.0, 'price': 1.086, 'value': 367502.4, 'profit_pct': 0.36217251758419455}, '512670': {'shares': 417200.0, 'price': 0.883, 'value': 368387.6, 'profit_pct': 0.5835669461667295}, '512580': {'shares': 246200.0, 'price': 1.565, 'value': 385303.0, 'profit_pct': 5.211074255488797}, '515030': {'shares': 192800.0, 'price': 2.056, 'value': 396396.8, 'profit_pct': 8.273381863260632}}",-0.02094045578565429,1.5179113513097833,-22.137400293992737
2022-06-10,321.5513097831863,1569786.6,1570108.1513097833,"{'512660': {'shares': 338400.0, 'price': 1.122, 'value': 379684.80000000005, 'profit_pct': 3.6890953634709662}, '512670': {'shares': 417200.0, 'price': 0.917, 'value': 382572.4, 'profit_pct': 4.456546873878702}, '512580': {'shares': 246200.0, 'price': 1.601, 'value': 394166.2, 'profit_pct': 7.631265100982472}, '515030': {'shares': 192800.0, 'price': 2.144, 'value': 413363.2, 'profit_pct': 12.907651125890467}}",0.034387251900422466,1.5701081513097834,-19.459919464280517
2022-06-13,321.5513097831863,1580503.6,1580825.1513097833,"{'512660': {'shares': 338400.0, 'price': 1.123, 'value': 380023.2, 'profit_pct': 3.7815098869678105}, '512670': {'shares': 417200.0, 'price': 0.917, 'value': 382572.4, 'profit_pct': 4.456546873878702}, '512580': {'shares': 246200.0, 'price': 1.604, 'value': 394904.80000000005, 'profit_pct': 7.8329476714402855}, '515030': {'shares': 192800.0, 'price': 2.194, 'value': 423003.2, 'profit_pct': 15.54075866147559}}",0.006825644457077562,1.5808251513097833,-18.9101815099993
2022-06-14,321.5513097831863,1561258.7999999998,1561580.351309783,"{'512660': {'shares': 338400.0, 'price': 1.103, 'value': 373255.2, 'profit_pct': 1.9332194170307155}, '512670': {'shares': 417200.0, 'price': 0.895, 'value': 373394.0, 'profit_pct': 1.950501038300367}, '512580': {'shares': 246200.0, 'price': 1.6, 'value': 393920.0, 'profit_pct': 7.564037577496544}, '515030': {'shares': 192800.0, 'price': 2.182, 'value': 420689.6, 'profit_pct': 14.908812852935158}}",-0.012173895376130117,1.561580351309783,-19.897360476365943
2022-06-15,321.5513097831863,1555869.7999999998,1556191.351309783,"{'512660': {'shares': 338400.0, 'price': 1.109, 'value': 375285.6, 'profit_pct': 2.487706558011844}, '512670': {'shares': 417200.0, 'price': 0.893, 'value': 372559.60000000003, 'profit_pct': 1.7226786896114274}, '512580': {'shares': 246200.0, 'price': 1.585, 'value': 390227.0, 'profit_pct': 6.5556247252075055}, '515030': {'shares': 192800.0, 'price': 2.167, 'value': 417797.6, 'profit_pct': 14.118880592259611}}",-0.0034509911676846583,1.5561913513097831,-20.173793977870236
2022-06-16,321.5513097831863,1564707.2000000002,1565028.7513097834,"{'512660': {'shares': 338400.0, 'price': 1.11, 'value': 375624.00000000006, 'profit_pct': 2.580121081508709}, '512670': {'shares': 417200.0, 'price': 0.898, 'value': 374645.60000000003, 'profit_pct': 2.2922345613337765}, '512580': {'shares': 246200.0, 'price': 1.604, 'value': 394904.80000000005, 'profit_pct': 7.8329476714402855}, '515030': {'shares': 192800.0, 'price': 2.176, 'value': 419532.80000000005, 'profit_pct': 14.592839948664954}}",0.005678864615564327,1.5650287513097834,-19.720471761096412
2022-06-17,321.5513097831863,1599114.8,1599436.3513097833,"{'512660': {'shares': 338400.0, 'price': 1.114, 'value': 376977.60000000003, 'profit_pct': 2.949779175496128}, '512670': {'shares': 417200.0, 'price': 0.905, 'value': 377566.0, 'profit_pct': 3.089612781745065}, '512580': {'shares': 246200.0, 'price': 1.652, 'value': 406722.39999999997, 'profit_pct': 11.05986879876517}, '515030': {'shares': 192800.0, 'price': 2.271, 'value': 437848.8, 'profit_pct': 19.59574426627669}}",0.021985282999563927,1.5994363513097833,-17.955503613692624
2022-06-20,321.5513097831863,1623820.0,1624141.5513097832,"{'512660': {'shares': 338400.0, 'price': 1.127, 'value': 381376.8, 'profit_pct': 4.15116798095523}, '512670': {'shares': 417200.0, 'price': 0.92, 'value': 383824.0, 'profit_pct': 4.798280396912111}, '512580': {'shares': 246200.0, 'price': 1.684, 'value': 414600.8, 'profit_pct': 13.2111495503151}, '515030': {'shares': 192800.0, 'price': 2.303, 'value': 444018.39999999997, 'profit_pct': 21.280933089051178}}",0.01544619139096648,1.6241415513097832,-16.688228619934264
2022-06-21,321.5513097831863,1599860.4,1600181.9513097832,"{'512660': {'shares': 338400.0, 'price': 1.105, 'value': 373932.0, 'profit_pct': 2.118048464024425}, '512670': {'shares': 417200.0, 'price': 0.899, 'value': 375062.8, 'profit_pct': 2.406145735678246}, '512580': {'shares': 246200.0, 'price': 1.676, 'value': 412631.2, 'profit_pct': 12.673329362427618}, '515030': {'shares': 192800.0, 'price': 2.273, 'value': 438234.4, 'profit_pct': 19.70106856770011}}",-0.014752162445864414,1.6001819513097832,-17.91725740498571
2022-06-22,321.5513097831863,1586668.2,1586989.7513097832,"{'512660': {'shares': 338400.0, 'price': 1.084, 'value': 366825.60000000003, 'profit_pct': 0.17734347059048503}, '512670': {'shares': 417200.0, 'price': 0.881, 'value': 367553.2, 'profit_pct': 0.35574459747778997}, '512580': {'shares': 246200.0, 'price': 1.681, 'value': 413862.2, 'profit_pct': 13.009466979857304}, '515030': {'shares': 192800.0, 'price': 2.274, 'value': 438427.2, 'profit_pct': 19.753730718411806}}",-0.008244187474556797,1.5869897513097833,-18.593962923364803
2022-06-23,321.5513097831863,1659744.0,1660065.5513097832,"{'512660': {'shares': 338400.0, 'price': 1.145, 'value': 387468.0, 'profit_pct': 5.814629403898616}, '512670': {'shares': 417200.0, 'price': 0.947, 'value': 395088.39999999997, 'profit_pct': 7.873882104212783}, '512580': {'shares': 246200.0, 'price': 1.714, 'value': 421986.8, 'profit_pct': 15.227975254893163}, '515030': {'shares': 192800.0, 'price': 2.361, 'value': 455200.80000000005, 'profit_pct': 24.335337830329944}}",0.0460468002012544,1.6600655513097833,-14.84547539892107
2022-06-24,321.5513097831863,1696840.8,1697162.3513097833,"{'512660': {'shares': 338400.0, 'price': 1.171, 'value': 396266.4, 'profit_pct': 8.217407014816839}, '512670': {'shares': 417200.0, 'price': 0.975, 'value': 406770.0, 'profit_pct': 11.063394985857936}, '512580': {'shares': 246200.0, 'price': 1.758, 'value': 432819.6, 'profit_pct': 18.18598628827432}, '515030': {'shares': 192800.0, 'price': 2.391, 'value': 460984.8, 'profit_pct': 25.915202351681017}}",0.02234658744091811,1.6971623513097833,-12.942562368933242
2022-06-27,321.5513097831863,1699370.0,1699691.5513097832,"{'512660': {'shares': 338400.0, 'price': 1.171, 'value': 396266.4, 'profit_pct': 8.217407014816839}, '512670': {'shares': 417200.0, 'price': 0.973, 'value': 405935.6, 'profit_pct': 10.835572637168998}, '512580': {'shares': 246200.0, 'price': 1.756, 'value': 432327.2, 'profit_pct': 18.051531241302452}, '515030': {'shares': 192800.0, 'price': 2.411, 'value': 464840.8, 'profit_pct': 26.968445365915066}}",0.0014902522425435105,1.6996915513097832,-12.81282482727345
2022-06-28,321.5513097831863,1729019.0000000002,1729340.5513097835,"{'512660': {'shares': 338400.0, 'price': 1.197, 'value': 405064.80000000005, 'profit_pct': 10.620184625735064}, '512670': {'shares': 417200.0, 'price': 0.992, 'value': 413862.4, 'profit_pct': 12.999884949713922}, '512580': {'shares': 246200.0, 'price': 1.785, 'value': 439467.0, 'profit_pct': 20.00112942239457}, '515030': {'shares': 192800.0, 'price': 2.441, 'value': 470624.8, 'profit_pct': 28.54830988726614}}",0.01744375323696401,1.7293405513097835,-11.291953258132459
2022-06-29,321.5513097831863,1669217.8,1669539.3513097833,"{'512660': {'shares': 338400.0, 'price': 1.163, 'value': 393559.2, 'profit_pct': 7.478090826842002}, '512670': {'shares': 417200.0, 'price': 0.969, 'value': 404266.8, 'profit_pct': 10.379927939791118}, '512580': {'shares': 246200.0, 'price': 1.721, 'value': 423710.2, 'profit_pct': 15.698567919294721}, '515030': {'shares': 192800.0, 'price': 2.322, 'value': 447681.60000000003, 'profit_pct': 22.281513952573533}}",-0.03458034911325447,1.6695393513097834,-14.35950848362113
2022-06-30,42.334070443350356,1685908.6,1685950.9340704435,"{'512690': {'shares': 447400.0, 'price': 0.933, 'value': 417424.2, 'profit_pct': -0.09990009990008392}, '512170': {'shares': 659000.0, 'price': 0.58, 'value': 382220.0, 'profit_pct': -0.0999000999000851}, '512580': {'shares': 246200.0, 'price': 1.754, 'value': 431834.8, 'profit_pct': 17.91707619433058}, '515030': {'shares': 192800.0, 'price': 2.357, 'value': 454429.60000000003, 'profit_pct': 24.124689227483135}}",0.009830006551079462,1.6859509340704435,-13.517661890977461
2022-07-01,42.334070443350356,1680072.0,1680114.3340704434,"{'512690': {'shares': 447400.0, 'price': 0.926, 'value': 414292.4, 'profit_pct': -0.8494185343059788}, '512170': {'shares': 659000.0, 'price': 0.575, 'value': 378924.99999999994, 'profit_pct': -0.961107857659568}, '512580': {'shares': 246200.0, 'price': 1.747, 'value': 430111.4, 'profit_pct': 17.44648352992904}, '515030': {'shares': 192800.0, 'price': 2.369, 'value': 456743.20000000007, 'profit_pct': 24.756635036023567}}",-0.003461903832461255,1.6801143340704434,-13.817055428717296
2022-07-04,42.334070443350356,1714504.4000000001,1714546.7340704435,"{'512690': {'shares': 447400.0, 'price': 0.922, 'value': 412502.80000000005, 'profit_pct': -1.2777147825379187}, '512170': {'shares': 659000.0, 'price': 0.602, 'value': 396718.0, 'profit_pct': 3.689414034241639}, '512580': {'shares': 246200.0, 'price': 1.778, 'value': 437743.60000000003, 'profit_pct': 19.530536757993026}, '515030': {'shares': 192800.0, 'price': 2.425, 'value': 467539.99999999994, 'profit_pct': 27.705715475878893}}",0.020494081445386003,1.7145467340704434,-12.050815143470238
2022-07-05,42.334070443350356,1716079.9999999998,1716122.3340704432,"{'512690': {'shares': 447400.0, 'price': 0.913, 'value': 408476.2, 'profit_pct': -2.2413813410597836}, '512170': {'shares': 659000.0, 'price': 0.606, 'value': 399354.0, 'profit_pct': 4.378380240449226}, '512580': {'shares': 246200.0, 'price': 1.783, 'value': 438974.6, 'profit_pct': 19.8666743754227}, '515030': {'shares': 192800.0, 'price': 2.434, 'value': 469275.2, 'profit_pct': 28.179674832284235}}",0.0009189600777221862,1.7161223340704432,-11.969993353718877
2022-07-06,42.334070443350356,1693250.6,1693292.9340704435,"{'512690': {'shares': 447400.0, 'price': 0.888, 'value': 397291.2, 'profit_pct': -4.918232892509409}, '512170': {'shares': 659000.0, 'price': 0.596, 'value': 392764.0, 'profit_pct': 2.6559647249302603}, '512580': {'shares': 246200.0, 'price': 1.775, 'value': 437005.0, 'profit_pct': 19.328854187535217}, '515030': {'shares': 192800.0, 'price': 2.418, 'value': 466190.4, 'profit_pct': 27.337080420896992}}",-0.013302897786925838,1.6932929340704435,-13.141047534316764
2022-07-07,42.334070443350356,1712718.8,1712761.1340704435,"{'512690': {'shares': 447400.0, 'price': 0.887, 'value': 396843.8, 'profit_pct': -5.025306954567394}, '512170': {'shares': 659000.0, 'price': 0.585, 'value': 385515.0, 'profit_pct': 0.7613076578593977}, '512580': {'shares': 246200.0, 'price': 1.836, 'value': 452023.2, 'profit_pct': 23.429733120177282}, '515030': {'shares': 192800.0, 'price': 2.481, 'value': 478336.8, 'profit_pct': 30.654795915734244}}",0.011497242803228946,1.7127611340704434,-12.142409068184667
2022-07-08,42.334070443350356,1692248.0,1692290.3340704434,"{'512690': {'shares': 447400.0, 'price': 0.891, 'value': 398633.4, 'profit_pct': -4.597010706335454}, '512170': {'shares': 659000.0, 'price': 0.587, 'value': 386833.0, 'profit_pct': 1.105790760963191}, '512580': {'shares': 246200.0, 'price': 1.788, 'value': 440205.60000000003, 'profit_pct': 20.202811992852382}, '515030': {'shares': 192800.0, 'price': 2.42, 'value': 466576.0, 'profit_pct': 27.442404722320386}}",-0.011951929310393905,1.6922903340704434,-13.192476784383233
2022-07-11,42.334070443350356,1649905.6,1649947.9340704435,"{'512690': {'shares': 447400.0, 'price': 0.871, 'value': 389685.4, 'profit_pct': -6.738491947495154}, '512170': {'shares': 659000.0, 'price': 0.579, 'value': 381561.0, 'profit_pct': -0.27214165145198166}, '512580': {'shares': 246200.0, 'price': 1.756, 'value': 432327.2, 'profit_pct': 18.051531241302452}, '515030': {'shares': 192800.0, 'price': 2.315, 'value': 446332.0, 'profit_pct': 21.912878897591607}}",-0.025020765732410855,1.6499479340704435,-15.364467486571998
2022-07-12,42.334070443350356,1616874.4000000001,1616916.7340704435,"{'512690': {'shares': 447400.0, 'price': 0.863, 'value': 386106.2, 'profit_pct': -7.595084443959034}, '512170': {'shares': 659000.0, 'price': 0.56, 'value': 369040.00000000006, 'profit_pct': -3.5447311309379974}, '512580': {'shares': 246200.0, 'price': 1.735, 'value': 427157.0, 'profit_pct': 16.639753248097815}, '515030': {'shares': 192800.0, 'price': 2.254, 'value': 434571.2, 'profit_pct': 18.70048770417775}}",-0.020019540809697922,1.6169167340704436,-17.058831983675084
2022-07-13,42.334070443350356,1641299.2000000002,1641341.5340704436,"{'512690': {'shares': 447400.0, 'price': 0.87, 'value': 389238.0, 'profit_pct': -6.8455660095531385}, '512170': {'shares': 659000.0, 'price': 0.563, 'value': 371016.99999999994, 'profit_pct': -3.028006476282327}, '512580': {'shares': 246200.0, 'price': 1.779, 'value': 437989.8, 'profit_pct': 19.59776428147896}, '515030': {'shares': 192800.0, 'price': 2.298, 'value': 443054.4, 'profit_pct': 21.017622335492668}}",0.015105787135069493,1.6413415340704436,-15.805940354886438
2022-07-14,42.334070443350356,1671229.7999999998,1671272.1340704432,"{'512690': {'shares': 447400.0, 'price': 0.863, 'value': 386106.2, 'profit_pct': -7.595084443959034}, '512170': {'shares': 659000.0, 'price': 0.577, 'value': 380243.0, 'profit_pct': -0.6166247545557748}, '512580': {'shares': 246200.0, 'price': 1.821, 'value': 448330.2, 'profit_pct': 22.42132026788824}, '515030': {'shares': 192800.0, 'price': 2.368, 'value': 456550.39999999997, 'profit_pct': 24.703972885311845}}",0.01823544909984287,1.6712721340704433,-14.270623865718834
2022-07-15,42.334070443350356,1653169.4,1653211.7340704433,"{'512690': {'shares': 447400.0, 'price': 0.866, 'value': 387448.4, 'profit_pct': -7.273862257785078}, '512170': {'shares': 659000.0, 'price': 0.564, 'value': 371675.99999999994, 'profit_pct': -2.85576492473043}, '512580': {'shares': 246200.0, 'price': 1.795, 'value': 441929.0, 'profit_pct': 20.673404657253926}, '515030': {'shares': 192800.0, 'price': 2.345, 'value': 452116.00000000006, 'profit_pct': 23.492743418942702}}",-0.010806378944411166,1.6532117340704433,-15.19704799089383
2022-07-18,42.334070443350356,1657178.7999999998,1657221.1340704432,"{'512690': {'shares': 447400.0, 'price': 0.861, 'value': 385211.4, 'profit_pct': -7.809232568075003}, '512170': {'shares': 659000.0, 'price': 0.563, 'value': 371016.99999999994, 'profit_pct': -3.028006476282327}, '512580': {'shares': 246200.0, 'price': 1.816, 'value': 447099.2, 'profit_pct': 22.085182650458574}, '515030': {'shares': 192800.0, 'price': 2.354, 'value': 453851.2, 'profit_pct': 23.96670277534802}}",0.002425218692422515,1.6572211340704432,-14.991382286508736
2022-07-19,42.334070443350356,1634613.2000000002,1634655.5340704436,"{'512690': {'shares': 447400.0, 'price': 0.862, 'value': 385658.8, 'profit_pct': -7.7021585060170175}, '512170': {'shares': 659000.0, 'price': 0.555, 'value': 365745.00000000006, 'profit_pct': -4.405938888697481}, '512580': {'shares': 246200.0, 'price': 1.769, 'value': 435527.8, 'profit_pct': 18.925489046619603}, '515030': {'shares': 192800.0, 'price': 2.322, 'value': 447681.60000000003, 'profit_pct': 22.281513952573533}}",-0.013616529222370222,1.6346555340704436,-16.148904613757786
2022-07-20,42.334070443350356,1645337.5999999999,1645379.9340704433,"{'512690': {'shares': 447400.0, 'price': 0.868, 'value': 388343.2, 'profit_pct': -7.059714133669108}, '512170': {'shares': 659000.0, 'price': 0.564, 'value': 371675.99999999994, 'profit_pct': -2.85576492473043}, '512580': {'shares': 246200.0, 'price': 1.776, 'value': 437251.2, 'profit_pct': 19.396081711021157}, '515030': {'shares': 192800.0, 'price': 2.324, 'value': 448067.19999999995, 'profit_pct': 22.386838253996928}}",0.006560648268993274,1.6453799340704434,-15.598787069958831
2022-07-21,382965.80075698334,1241637.4,1624603.2007569834,"{'512170': {'shares': 659000.0, 'price': 0.562, 'value': 370358.00000000006, 'profit_pct': -3.2002480278342045}, '512580': {'shares': 246200.0, 'price': 1.755, 'value': 432081.0, 'profit_pct': 17.98430371781651}, '515030': {'shares': 192800.0, 'price': 2.278, 'value': 439198.4, 'profit_pct': 19.964379321258615}}",-0.012627316574878367,1.6246032007569833,-16.66454790493018
2022-07-22,382965.80075698334,1237676.0,1620641.8007569835,"{'512170': {'shares': 659000.0, 'price': 0.553, 'value': 364427.00000000006, 'profit_pct': -4.750421991801273}, '512580': {'shares': 246200.0, 'price': 1.763, 'value': 434050.6, 'profit_pct': 18.522123905703992}, '515030': {'shares': 192800.0, 'price': 2.278, 'value': 439198.4, 'profit_pct': 19.964379321258615}}",-0.0024383800291382096,1.6206418007569834,-16.867751407038
2022-07-25,382965.80075698334,1223933.0,1606898.8007569835,"{'512170': {'shares': 659000.0, 'price': 0.552, 'value': 363768.00000000006, 'profit_pct': -4.9226635433531705}, '512580': {'shares': 246200.0, 'price': 1.731, 'value': 426172.2, 'profit_pct': 16.370843154154073}, '515030': {'shares': 192800.0, 'price': 2.251, 'value': 433992.8, 'profit_pct': 18.542501252042637}}",-0.008479973794073947,1.6068988007569835,-17.572710696548764
2022-07-26,382965.80075698334,1231215.0,1614180.8007569835,"{'512170': {'shares': 659000.0, 'price': 0.552, 'value': 363768.00000000006, 'profit_pct': -4.9226635433531705}, '512580': {'shares': 246200.0, 'price': 1.741, 'value': 428634.2, 'profit_pct': 17.043118389013426}, '515030': {'shares': 192800.0, 'price': 2.276, 'value': 438812.8, 'profit_pct': 19.859055019835196}}",0.004531710395557997,1.6141808007569836,-17.199174092734648
2022-07-27,382965.80075698334,1236447.4,1619413.2007569834,"{'512170': {'shares': 659000.0, 'price': 0.546, 'value': 359814.0, 'profit_pct': -5.95611285266455}, '512580': {'shares': 246200.0, 'price': 1.765, 'value': 434543.0, 'profit_pct': 18.65657895267586}, '515030': {'shares': 192800.0, 'price': 2.293, 'value': 442090.4, 'profit_pct': 20.75431158193416}}",0.0032415204031333023,1.6194132007569835,-16.93077352615996
2022-07-28,382965.80075698334,1223064.4,1606030.2007569834,"{'512170': {'shares': 659000.0, 'price': 0.541, 'value': 356519.0, 'profit_pct': -6.817320610424033}, '512580': {'shares': 246200.0, 'price': 1.753, 'value': 431588.6, 'profit_pct': 17.849848670844636}, '515030': {'shares': 192800.0, 'price': 2.256, 'value': 434956.79999999993, 'profit_pct': 18.805812005601144}}",-0.008264104549564166,1.6060302007569833,-17.617266298591193
2022-07-29,10.512619613262359,1589703.7000000002,1589714.2126196134,"{'512660': {'shares': 276900.0, 'price': 1.191, 'value': 329787.9, 'profit_pct': -0.09990009990009505}, '512670': {'shares': 412000.0, 'price': 0.967, 'value': 398404.0, 'profit_pct': -0.09990009990009371}, '512580': {'shares': 246200.0, 'price': 1.749, 'value': 430603.80000000005, 'profit_pct': 17.58093857690091}, '515030': {'shares': 192800.0, 'price': 2.235, 'value': 430908.0, 'profit_pct': 17.699906840655395}}",-0.01015920381178359,1.5897142126196133,-18.4542092808357
2022-08-01,10.512619613262359,1612981.0,1612991.5126196132,"{'512660': {'shares': 276900.0, 'price': 1.19, 'value': 329511.0, 'profit_pct': -0.18377927697827395}, '512670': {'shares': 412000.0, 'price': 0.968, 'value': 398816.0, 'profit_pct': 0.0034092071320675973}, '512580': {'shares': 246200.0, 'price': 1.778, 'value': 437743.60000000003, 'profit_pct': 19.530536757993026}, '515030': {'shares': 192800.0, 'price': 2.318, 'value': 446910.4, 'profit_pct': 22.070865349726724}}",0.014642443160674867,1.6129915126196133,-17.260179675238042
2022-08-02,10.512619613262359,1583187.2000000002,1583197.7126196134,"{'512660': {'shares': 276900.0, 'price': 1.174, 'value': 325080.6, 'profit_pct': -1.5258461102289875}, '512670': {'shares': 412000.0, 'price': 0.956, 'value': 393872.0, 'profit_pct': -1.2363024772538682}, '512580': {'shares': 246200.0, 'price': 1.735, 'value': 427157.0, 'profit_pct': 16.639753248097815}, '515030': {'shares': 192800.0, 'price': 2.267, 'value': 437077.6, 'profit_pct': 19.38509566342988}}",-0.018471144929716687,1.5831977126196133,-18.78847888791544
2022-08-03,10.512619613262359,1586333.1999999997,1586343.712619613,"{'512660': {'shares': 276900.0, 'price': 1.226, 'value': 339479.39999999997, 'profit_pct': 2.8358710978358315}, '512670': {'shares': 412000.0, 'price': 0.992, 'value': 408704.0, 'profit_pct': 2.4828325759039394}, '512580': {'shares': 246200.0, 'price': 1.687, 'value': 415339.4, 'profit_pct': 13.412832120772917}, '515030': {'shares': 192800.0, 'price': 2.193, 'value': 422810.4, 'profit_pct': 15.488096510763894}}",0.0019871175753494175,1.586343712619613,-18.62710204699275
2022-08-04,10.512619613262359,1576835.6,1576846.1126196133,"{'512660': {'shares': 276900.0, 'price': 1.2, 'value': 332280.0, 'profit_pct': 0.655012493803422}, '512670': {'shares': 412000.0, 'price': 0.98, 'value': 403760.0, 'profit_pct': 1.2431208915180034}, '512580': {'shares': 246200.0, 'price': 1.686, 'value': 415093.2, 'profit_pct': 13.345604597286972}, '515030': {'shares': 192800.0, 'price': 2.208, 'value': 425702.4, 'profit_pct': 16.27802877143944}}",-0.005987100982242866,1.5768461126196134,-19.114289804255147
2022-08-05,10.512619613262359,1586838.1,1586848.6126196133,"{'512660': {'shares': 276900.0, 'price': 1.205, 'value': 333664.5, 'profit_pct': 1.0744083791942793}, '512670': {'shares': 412000.0, 'price': 0.986, 'value': 406232.0, 'profit_pct': 1.8629767337109713}, '512580': {'shares': 246200.0, 'price': 1.7, 'value': 418540.0, 'profit_pct': 14.286789926090067}, '515030': {'shares': 192800.0, 'price': 2.222, 'value': 428401.6, 'profit_pct': 17.015298881403265}}",0.006343358378442465,1.5868486126196133,-18.601202756788705
2022-08-08,10.512619613262359,1607572.6,1607583.1126196133,"{'512660': {'shares': 276900.0, 'price': 1.23, 'value': 340587.0, 'profit_pct': 3.1713878061485095}, '512670': {'shares': 412000.0, 'price': 1.011, 'value': 416531.99999999994, 'profit_pct': 4.445709409514993}, '512580': {'shares': 246200.0, 'price': 1.708, 'value': 420509.6, 'profit_pct': 14.82461011397755}, '515030': {'shares': 192800.0, 'price': 2.23, 'value': 429944.0, 'profit_pct': 17.436596087096888}}",0.013066463829697561,1.6075831126196134,-17.537608316829388
2022-08-09,10.512619613262359,1634210.5,1634221.0126196132,"{'512660': {'shares': 276900.0, 'price': 1.249, 'value': 345848.10000000003, 'profit_pct': 4.765092170633742}, '512670': {'shares': 412000.0, 'price': 1.033, 'value': 425595.99999999994, 'profit_pct': 6.718514164222541}, '512580': {'shares': 246200.0, 'price': 1.74, 'value': 428388.0, 'profit_pct': 16.975890865527486}, '515030': {'shares': 192800.0, 'price': 2.253, 'value': 434378.4, 'profit_pct': 18.647825553466056}}",0.01657015415930352,1.6342210126196133,-16.17119377429439
2022-08-10,10.512619613262359,1625798.7,1625809.2126196132,"{'512660': {'shares': 276900.0, 'price': 1.251, 'value': 346401.89999999997, 'profit_pct': 4.932850524790062}, '512670': {'shares': 412000.0, 'price': 1.039, 'value': 428067.99999999994, 'profit_pct': 7.338370006415509}, '512580': {'shares': 246200.0, 'price': 1.728, 'value': 425433.6, 'profit_pct': 16.16916058369626}, '515030': {'shares': 192800.0, 'price': 2.209, 'value': 425895.2, 'profit_pct': 16.330690922151135}}",-0.005147284201490021,1.625809212619613,-16.602684464209737
2022-08-11,10.512619613262359,1635449.4,1635459.912619613,"{'512660': {'shares': 276900.0, 'price': 1.254, 'value': 347232.6, 'profit_pct': 5.1844880560245805}, '512670': {'shares': 412000.0, 'price': 1.034, 'value': 426008.0, 'profit_pct': 6.8218234712547146}, '512580': {'shares': 246200.0, 'price': 1.744, 'value': 429372.8, 'profit_pct': 17.244800959471227}, '515030': {'shares': 192800.0, 'price': 2.245, 'value': 432836.0, 'profit_pct': 18.226528347772433}}",0.00593593634793721,1.6354599126196132,-16.10764330760045
2022-08-12,10.512619613262359,1604545.3000000003,1604555.8126196135,"{'512660': {'shares': 276900.0, 'price': 1.227, 'value': 339756.30000000005, 'profit_pct': 2.9197502749140103}, '512670': {'shares': 412000.0, 'price': 1.007, 'value': 414883.99999999994, 'profit_pct': 4.032472181386348}, '512580': {'shares': 246200.0, 'price': 1.723, 'value': 424202.60000000003, 'profit_pct': 15.833022966266588}, '515030': {'shares': 192800.0, 'price': 2.208, 'value': 425702.4, 'profit_pct': 16.27802877143944}}",-0.018896274840817573,1.6045558126196136,-17.692896336703935
2022-08-15,10.512619613262359,1629660.5,1629671.0126196132,"{'512660': {'shares': 276900.0, 'price': 1.229, 'value': 340310.10000000003, 'profit_pct': 3.0875086290703497}, '512670': {'shares': 412000.0, 'price': 1.013, 'value': 417355.99999999994, 'profit_pct': 4.652328023579315}, '512580': {'shares': 246200.0, 'price': 1.772, 'value': 436266.4, 'profit_pct': 19.127171617077416}, '515030': {'shares': 192800.0, 'price': 2.26, 'value': 435727.99999999994, 'profit_pct': 19.016460608447954}}",0.015652431534304956,1.6296710126196132,-16.404590031827237
2022-08-16,10.512619613262359,1638682.2999999998,1638692.812619613,"{'512660': {'shares': 276900.0, 'price': 1.231, 'value': 340863.9, 'profit_pct': 3.2552669832266887}, '512670': {'shares': 412000.0, 'price': 1.015, 'value': 418179.99999999994, 'profit_pct': 4.858946637643638}, '512580': {'shares': 246200.0, 'price': 1.796, 'value': 442175.2, 'profit_pct': 20.740632180739865}, '515030': {'shares': 192800.0, 'price': 2.269, 'value': 437463.2, 'profit_pct': 19.4904199648533}}",0.00553596396459044,1.638692812619613,-15.941808854638262
2022-08-17,10.512619613262359,1635546.5999999999,1635557.112619613,"{'512660': {'shares': 276900.0, 'price': 1.228, 'value': 340033.2, 'profit_pct': 3.003629451992171}, '512670': {'shares': 412000.0, 'price': 1.006, 'value': 414472.0, 'profit_pct': 3.929162874354198}, '512580': {'shares': 246200.0, 'price': 1.797, 'value': 442421.39999999997, 'profit_pct': 20.807859704225795}, '515030': {'shares': 192800.0, 'price': 2.275, 'value': 438620.0, 'profit_pct': 19.806392869123503}}",-0.0019135374097279945,1.6355571126196131,-16.10265734798898
2022-08-18,10.512619613262359,1641670.9000000001,1641681.4126196133,"{'512660': {'shares': 276900.0, 'price': 1.237, 'value': 342525.30000000005, 'profit_pct': 3.758542045695706}, '512670': {'shares': 412000.0, 'price': 1.011, 'value': 416531.99999999994, 'profit_pct': 4.445709409514993}, '512580': {'shares': 246200.0, 'price': 1.812, 'value': 446114.4, 'profit_pct': 21.816272556514832}, '515030': {'shares': 192800.0, 'price': 2.264, 'value': 436499.19999999995, 'profit_pct': 19.227109211294767}}",0.0037444733374008,1.6416814126196133,-15.788505985349754
2022-08-19,10.512619613262359,1601463.1,1601473.6126196133,"{'512660': {'shares': 276900.0, 'price': 1.211, 'value': 335325.9, 'profit_pct': 1.5776834416632968}, '512670': {'shares': 412000.0, 'price': 0.993, 'value': 409116.0, 'profit_pct': 2.5861418829361007}, '512580': {'shares': 246200.0, 'price': 1.766, 'value': 434789.2, 'profit_pct': 18.723806476161805}, '515030': {'shares': 192800.0, 'price': 2.19, 'value': 422232.0, 'profit_pct': 15.33011005862878}}",-0.024491840920487062,1.6014736126196134,-17.851000500433113
2022-08-22,10.512619613262359,1631388.9,1631399.412619613,"{'512660': {'shares': 276900.0, 'price': 1.227, 'value': 339756.30000000005, 'profit_pct': 2.9197502749140103}, '512670': {'shares': 412000.0, 'price': 1.009, 'value': 415707.99999999994, 'profit_pct': 4.23909079545067}, '512580': {'shares': 246200.0, 'price': 1.777, 'value': 437497.39999999997, 'profit_pct': 19.463309234507086}, '515030': {'shares': 192800.0, 'price': 2.274, 'value': 438427.2, 'profit_pct': 19.753730718411806}}",0.018686414664709217,1.6313994126196132,-16.315930231493226
2022-08-23,10.512619613262359,1630870.6,1630881.1126196133,"{'512660': {'shares': 276900.0, 'price': 1.22, 'value': 337818.0, 'profit_pct': 2.332596035366814}, '512670': {'shares': 412000.0, 'price': 1.002, 'value': 412824.0, 'profit_pct': 3.5159256462255524}, '512580': {'shares': 246200.0, 'price': 1.789, 'value': 440451.8, 'profit_pct': 20.27003951633831}, '515030': {'shares': 192800.0, 'price': 2.281, 'value': 439776.80000000005, 'profit_pct': 20.12236577339373}}",-0.0003177027011230793,1.6308811126196132,-16.34251688649965
2022-08-24,10.512619613262359,1571495.2000000002,1571505.7126196134,"{'512660': {'shares': 276900.0, 'price': 1.172, 'value': 324526.8, 'profit_pct': -1.6936044643853267}, '512670': {'shares': 412000.0, 'price': 0.967, 'value': 398404.0, 'profit_pct': -0.09990009990009371}, '512580': {'shares': 246200.0, 'price': 1.734, 'value': 426910.8, 'profit_pct': 16.57252572461187}, '515030': {'shares': 192800.0, 'price': 2.187, 'value': 421653.6, 'profit_pct': 15.172123606493665}}",-0.036406945632369125,1.5715057126196135,-19.388230325953693
2022-08-25,10.512619613262359,1553459.7,1553470.2126196132,"{'512660': {'shares': 276900.0, 'price': 1.175, 'value': 325357.5, 'profit_pct': -1.4419669331508087}, '512670': {'shares': 412000.0, 'price': 0.961, 'value': 395932.0, 'profit_pct': -0.7197559420930617}, '512580': {'shares': 246200.0, 'price': 1.705, 'value': 419771.0, 'profit_pct': 14.622927543519754}, '515030': {'shares': 192800.0, 'price': 2.139, 'value': 412399.19999999995, 'profit_pct': 12.644340372331936}}",-0.01147657298040361,1.5534702126196132,-20.31337718369738
2022-08-26,10.512619613262359,1536092.5,1536103.0126196132,"{'512660': {'shares': 276900.0, 'price': 1.153, 'value': 319265.7, 'profit_pct': -3.2873088288705397}, '512670': {'shares': 412000.0, 'price': 0.944, 'value': 388928.0, 'profit_pct': -2.476014161639804}, '512580': {'shares': 246200.0, 'price': 1.69, 'value': 416078.0, 'profit_pct': 13.614514691230713}, '515030': {'shares': 192800.0, 'price': 2.136, 'value': 411820.80000000005, 'profit_pct': 12.486353920196846}}",-0.011179615713849844,1.5361030126196131,-21.204243004318148
2022-08-29,10.512619613262359,1546261.2,1546271.7126196132,"{'512660': {'shares': 276900.0, 'price': 1.176, 'value': 325634.39999999997, 'profit_pct': -1.3580877560726483}, '512670': {'shares': 412000.0, 'price': 0.963, 'value': 396756.0, 'profit_pct': -0.513137328028739}, '512580': {'shares': 246200.0, 'price': 1.694, 'value': 417062.8, 'profit_pct': 13.883424785174455}, '515030': {'shares': 192800.0, 'price': 2.11, 'value': 406808.0, 'profit_pct': 11.117138001692565}}",0.006619803435355953,1.546271712619613,-20.682630581466654
2022-08-30,10.512619613262359,1532573.5999999999,1532584.112619613,"{'512660': {'shares': 276900.0, 'price': 1.166, 'value': 322865.39999999997, 'profit_pct': -2.196879526854344}, '512670': {'shares': 412000.0, 'price': 0.953, 'value': 392636.0, 'profit_pct': -1.5462303983503523}, '512580': {'shares': 246200.0, 'price': 1.675, 'value': 412385.0, 'profit_pct': 12.606101838941692}, '515030': {'shares': 192800.0, 'price': 2.099, 'value': 404687.2, 'profit_pct': 10.537854343863852}}",-0.008852001810736865,1.5325841126196131,-21.3847480791824
2022-08-31,0.5046338334213942,1479915.7,1479916.2046338334,"{'512670': {'shares': 412000.0, 'price': 0.928, 'value': 382336.0, 'profit_pct': -4.128963074154374}, '159928': {'shares': 344500.0, 'price': 1.081, 'value': 372404.5, 'profit_pct': -0.09990009990008954}, '512880': {'shares': 400800.0, 'price': 0.929, 'value': 372343.2, 'profit_pct': -0.09990009990008342}, '515050': {'shares': 1184000.0, 'price': 0.298, 'value': 352832.0, 'profit_pct': -0.09990009990008816}}",-0.03436542735377546,1.4799162046338334,-24.086394807966016
2022-09-01,0.5046338334213942,1462161.1,1462161.6046338335,"{'512670': {'shares': 412000.0, 'price': 0.926, 'value': 381512.0, 'profit_pct': -4.335581688218697}, '159928': {'shares': 344500.0, 'price': 1.063, 'value': 366203.5, 'profit_pct': -1.7633615228434751}, '512880': {'shares': 400800.0, 'price': 0.917, 'value': 367533.60000000003, 'profit_pct': -1.3903211965644537}, '515050': {'shares': 1184000.0, 'price': 0.293, 'value': 346912.0, 'profit_pct': -1.776076272720558}}",-0.011997030605116477,1.4621616046338335,-24.99713265279957
2022-09-02,0.5046338334213942,1465025.4,1465025.9046338333,"{'512670': {'shares': 412000.0, 'price': 0.93, 'value': 383160.0, 'profit_pct': -3.922344460090051}, '159928': {'shares': 344500.0, 'price': 1.054, 'value': 363103.0, 'profit_pct': -2.595092234315158}, '512880': {'shares': 400800.0, 'price': 0.913, 'value': 365930.4, 'profit_pct': -1.820461562119244}, '515050': {'shares': 1184000.0, 'price': 0.298, 'value': 352832.0, 'profit_pct': -0.09990009990008816}}",0.0019589489909477287,1.4650259046338334,-24.85020586149159
2022-09-05,0.5046338334213942,1461614.5,1461615.0046338334,"{'512670': {'shares': 412000.0, 'price': 0.932, 'value': 383984.0, 'profit_pct': -3.715725846025728}, '159928': {'shares': 344500.0, 'price': 1.037, 'value': 357246.5, 'profit_pct': -4.1661391337617}, '512880': {'shares': 400800.0, 'price': 0.92, 'value': 368736.0, 'profit_pct': -1.0677159223983612}, '515050': {'shares': 1184000.0, 'price': 0.297, 'value': 351648.0, 'profit_pct': -0.4351353344641822}}",-0.0023282182173102184,1.4616150046338334,-25.02517098123198
2022-09-06,0.5046338334213942,1481701.8,1481702.3046338335,"{'512670': {'shares': 412000.0, 'price': 0.963, 'value': 396756.0, 'profit_pct': -0.513137328028739}, '159928': {'shares': 344500.0, 'price': 1.042, 'value': 358969.0, 'profit_pct': -3.7040665162774147}, '512880': {'shares': 400800.0, 'price': 0.931, 'value': 373144.80000000005, 'profit_pct': 0.11517008287731165}, '515050': {'shares': 1184000.0, 'price': 0.298, 'value': 352832.0, 'profit_pct': -0.09990009990008816}}",0.01374322235083536,1.4817023046338336,-23.994775235311195
2022-09-07,0.5046338334213942,1483382.0,1483382.5046338334,"{'512670': {'shares': 412000.0, 'price': 0.976, 'value': 402112.0, 'profit_pct': 0.8298836633893583}, '159928': {'shares': 344500.0, 'price': 1.028, 'value': 354146.0, 'profit_pct': -4.997869845233382}, '512880': {'shares': 400800.0, 'price': 0.925, 'value': 370740.0, 'profit_pct': -0.5300404654548735}, '515050': {'shares': 1184000.0, 'price': 0.301, 'value': 356384.0, 'profit_pct': 0.9058056037921938}}",0.0011339659759894705,1.4833825046338334,-23.9085878964306
2022-09-08,0.5046338334213942,1482642.1,1482642.6046338335,"{'512670': {'shares': 412000.0, 'price': 0.994, 'value': 409528.0, 'profit_pct': 2.689451189968262}, '159928': {'shares': 344500.0, 'price': 1.025, 'value': 353112.49999999994, 'profit_pct': -5.275113415723957}, '512880': {'shares': 400800.0, 'price': 0.922, 'value': 369537.60000000003, 'profit_pct': -0.8526457396209661}, '515050': {'shares': 1184000.0, 'price': 0.296, 'value': 350464.0, 'profit_pct': -0.7703705690282762}}",-0.0004987924541974831,1.4826426046338335,-23.946541718617087
2022-09-09,0.5046338334213942,1492009.2,1492009.7046338334,"{'512670': {'shares': 412000.0, 'price': 0.991, 'value': 408292.0, 'profit_pct': 2.379523268871778}, '159928': {'shares': 344500.0, 'price': 1.036, 'value': 356902.0, 'profit_pct': -4.258553657258544}, '512880': {'shares': 400800.0, 'price': 0.939, 'value': 376351.19999999995, 'profit_pct': 0.9754508139868799}, '515050': {'shares': 1184000.0, 'price': 0.296, 'value': 350464.0, 'profit_pct': -0.7703705690282762}}",0.006317840840890376,1.4920097046338334,-23.46604807379601
2022-09-13,0.5046338334213942,1502982.6,1502983.1046338335,"{'512670': {'shares': 412000.0, 'price': 1.005, 'value': 414059.99999999994, 'profit_pct': 3.8258535673220253}, '159928': {'shares': 344500.0, 'price': 1.05, 'value': 361725.0, 'profit_pct': -2.964750328302577}, '512880': {'shares': 400800.0, 'price': 0.937, 'value': 375549.60000000003, 'profit_pct': 0.7603806312094968}, '515050': {'shares': 1184000.0, 'price': 0.297, 'value': 351648.0, 'profit_pct': -0.4351353344641822}}",0.007354777898507914,1.5029831046338336,-22.9031578556837
2022-09-14,0.5046338334213942,1498328.9,1498329.4046338333,"{'512670': {'shares': 412000.0, 'price': 1.023, 'value': 421475.99999999994, 'profit_pct': 5.685421093900929}, '159928': {'shares': 344500.0, 'price': 1.045, 'value': 360002.5, 'profit_pct': -3.426822945786861}, '512880': {'shares': 400800.0, 'price': 0.923, 'value': 369938.4, 'profit_pct': -0.7451106482322686}, '515050': {'shares': 1184000.0, 'price': 0.293, 'value': 346912.0, 'profit_pct': -1.776076272720558}}",-0.003096308924333435,1.4983294046338334,-23.14187349605308
2022-09-15,0.5046338334213942,1477055.1,1477055.6046338335,"{'512670': {'shares': 412000.0, 'price': 0.997, 'value': 410764.0, 'profit_pct': 2.999379111064746}, '159928': {'shares': 344500.0, 'price': 1.043, 'value': 359313.5, 'profit_pct': -3.611651992780571}, '512880': {'shares': 400800.0, 'price': 0.922, 'value': 369537.60000000003, 'profit_pct': -0.8526457396209661}, '515050': {'shares': 1184000.0, 'price': 0.285, 'value': 337440.0, 'profit_pct': -4.45795814923331}}",-0.014198346461203437,1.4770556046338335,-24.233131804515118
2022-09-16,0.5046338334213942,1446179.2,1446179.7046338334,"{'512670': {'shares': 412000.0, 'price': 1.001, 'value': 412411.99999999994, 'profit_pct': 3.41261633919338}, '159928': {'shares': 344500.0, 'price': 1.024, 'value': 352768.0, 'profit_pct': -5.367527939220801}, '512880': {'shares': 400800.0, 'price': 0.869, 'value': 348295.2, 'profit_pct': -6.552005583221934}, '515050': {'shares': 1184000.0, 'price': 0.281, 'value': 332704.00000000006, 'profit_pct': -5.7988990874896675}}",-0.020903681556155296,1.4461797046338334,-25.816938289780733
2022-09-19,0.5046338334213942,1431028.7,1431029.2046338334,"{'512670': {'shares': 412000.0, 'price': 0.982, 'value': 404584.0, 'profit_pct': 1.4497395055823261}, '159928': {'shares': 344500.0, 'price': 1.035, 'value': 356557.5, 'profit_pct': -4.350968180755409}, '512880': {'shares': 400800.0, 'price': 0.859, 'value': 344287.2, 'profit_pct': -7.62735649710891}, '515050': {'shares': 1184000.0, 'price': 0.275, 'value': 325600.0, 'profit_pct': -7.810310494874232}}",-0.01047622225056466,1.4310292046338333,-26.594096531484336
2022-09-20,0.5046338334213942,1431927.2,1431927.7046338334,"{'512670': {'shares': 412000.0, 'price': 0.98, 'value': 403760.0, 'profit_pct': 1.2431208915180034}, '159928': {'shares': 344500.0, 'price': 1.04, 'value': 358280.0, 'profit_pct': -3.8888955632711246}, '512880': {'shares': 400800.0, 'price': 0.859, 'value': 344287.2, 'profit_pct': -7.62735649710891}, '515050': {'shares': 1184000.0, 'price': 0.275, 'value': 325600.0, 'profit_pct': -7.810310494874232}}",0.0006278697856694215,1.4319277046338335,-26.548007182606703
2022-09-21,321629.9388482335,1097852.5,1419482.4388482335,"{'512670': {'shares': 412000.0, 'price': 0.971, 'value': 400052.0, 'profit_pct': 0.31333712822855153}, '159928': {'shares': 344500.0, 'price': 1.025, 'value': 353112.49999999994, 'profit_pct': -5.275113415723957}, '512880': {'shares': 400800.0, 'price': 0.86, 'value': 344688.0, 'profit_pct': -7.519821405720213}}",-0.008691266846312051,1.4194824388482334,-27.186398052576067
2022-09-22,321629.9388482335,1100569.0,1422198.9388482335,"{'512670': {'shares': 412000.0, 'price': 0.995, 'value': 409940.0, 'profit_pct': 2.792760497000423}, '159928': {'shares': 344500.0, 'price': 1.01, 'value': 347945.0, 'profit_pct': -6.661331268176768}, '512880': {'shares': 400800.0, 'price': 0.855, 'value': 342684.0, 'profit_pct': -8.057496862663701}}",0.0019137256831469607,1.4221989388482335,-27.047052792446834
2022-09-23,321629.9388482335,1101179.3,1422809.2388482336,"{'512670': {'shares': 412000.0, 'price': 0.993, 'value': 409116.0, 'profit_pct': 2.5861418829361007}, '159928': {'shares': 344500.0, 'price': 1.013, 'value': 348978.49999999994, 'profit_pct': -6.384087697686214}, '512880': {'shares': 400800.0, 'price': 0.856, 'value': 343084.8, 'profit_pct': -7.949961771275002}}",0.00042912421274499124,1.4228092388482336,-27.01574691640897
2022-09-26,657063.8080893535,747592.0,1404655.8080893536,"{'512670': {'shares': 412000.0, 'price': 0.965, 'value': 397580.0, 'profit_pct': -0.3065187139644164}, '159928': {'shares': 344500.0, 'price': 1.016, 'value': 350012.0, 'profit_pct': -6.106844127195639}}",-0.012758864831082461,1.4046558080893536,-27.946943136300018
2022-09-27,657063.8080893535,766174.0,1423237.8080893536,"{'512670': {'shares': 412000.0, 'price': 0.98, 'value': 403760.0, 'profit_pct': 1.2431208915180034}, '159928': {'shares': 344500.0, 'price': 1.052, 'value': 362414.0, 'profit_pct': -2.7799212813088676}}",0.013228863535812208,1.4232378080893535,-26.993763079712018
2022-09-28,657063.8080893535,749275.0,1406338.8080893536,"{'512670': {'shares': 412000.0, 'price': 0.944, 'value': 388928.0, 'profit_pct': -2.476014161639804}, '159928': {'shares': 344500.0, 'price': 1.046, 'value': 360347.0, 'profit_pct': -3.3344084222899957}}",-0.011873630607583618,1.4063388080893535,-27.86061216895326
2022-09-29,657063.8080893535,750578.5,1407642.3080893536,"{'512670': {'shares': 412000.0, 'price': 0.948, 'value': 390576.0, 'profit_pct': -2.062776933511159}, '159928': {'shares': 344500.0, 'price': 1.045, 'value': 360002.5, 'profit_pct': -3.426822945786861}}",0.0009268747989474857,1.4076423080893536,-27.79374798836115
2022-09-30,28.97515487362398,1392954.6,1392983.5751548738,"{'512690': {'shares': 426000.0, 'price': 0.825, 'value': 351450.0, 'profit_pct': -0.09990009990008221}, '512660': {'shares': 280600.0, 'price': 1.086, 'value': 304731.60000000003, 'profit_pct': -0.09990009990009258}, '512670': {'shares': 412000.0, 'price': 0.917, 'value': 377804.0, 'profit_pct': -5.265365451508148}, '159928': {'shares': 344500.0, 'price': 1.042, 'value': 358969.0, 'profit_pct': -3.7040665162774147}}",-0.010413677430864299,1.3929835751548738,-28.54568060530206
2022-10-10,28.97515487362398,1349913.9,1349942.8751548736,"{'512690': {'shares': 426000.0, 'price': 0.779, 'value': 331854.0, 'profit_pct': -5.6700874882692816}, '512660': {'shares': 280600.0, 'price': 1.064, 'value': 298558.4, 'profit_pct': -2.1236590297363724}, '512670': {'shares': 412000.0, 'price': 0.901, 'value': 371212.0, 'profit_pct': -6.918314364022729}, '159928': {'shares': 344500.0, 'price': 1.011, 'value': 348289.49999999994, 'profit_pct': -6.568916744679923}}",-0.030898210695136763,1.3499428751548737,-30.75349122103703
2022-10-11,28.97515487362398,1356476.5,1356505.4751548737,"{'512690': {'shares': 426000.0, 'price': 0.784, 'value': 333984.0, 'profit_pct': -5.064632337359584}, '512660': {'shares': 280600.0, 'price': 1.07, 'value': 300242.0, 'profit_pct': -1.5717247761446598}, '512670': {'shares': 412000.0, 'price': 0.906, 'value': 373272.0, 'profit_pct': -6.4017678288619235}, '159928': {'shares': 344500.0, 'price': 1.013, 'value': 348978.49999999994, 'profit_pct': -6.384087697686214}}",0.00486139089348292,1.3565054751548737,-30.416856873853494
2022-10-12,28.97515487362398,1366341.2,1366370.1751548736,"{'512690': {'shares': 426000.0, 'price': 0.778, 'value': 331428.0, 'profit_pct': -5.791178518451221}, '512660': {'shares': 280600.0, 'price': 1.092, 'value': 306415.2, 'profit_pct': 0.45203415369162003}, '512670': {'shares': 412000.0, 'price': 0.922, 'value': 379864.0, 'profit_pct': -4.748818916347341}, '159928': {'shares': 344500.0, 'price': 1.012, 'value': 348634.0, 'profit_pct': -6.4765022211830585}}",0.00727214167629775,1.3663701751548736,-29.910838398758045
2022-10-13,28.97515487362398,1364685.4,1364714.3751548736,"{'512690': {'shares': 426000.0, 'price': 0.765, 'value': 325890.0, 'profit_pct': -7.365361910816433}, '512660': {'shares': 280600.0, 'price': 1.099, 'value': 308379.39999999997, 'profit_pct': 1.095957449548608}, '512670': {'shares': 412000.0, 'price': 0.93, 'value': 383160.0, 'profit_pct': -3.922344460090051}, '159928': {'shares': 344500.0, 'price': 1.008, 'value': 347256.0, 'profit_pct': -6.846160315170477}}",-0.001211823874750717,1.3647143751548736,-29.99577411814769
2022-10-14,28.97515487362398,1393255.4,1393284.3751548736,"{'512690': {'shares': 426000.0, 'price': 0.783, 'value': 333558.0, 'profit_pct': -5.185723367541524}, '512660': {'shares': 280600.0, 'price': 1.124, 'value': 315394.4, 'profit_pct': 3.395683506180754}, '512670': {'shares': 412000.0, 'price': 0.952, 'value': 392224.0, 'profit_pct': -1.6495397053825134}, '159928': {'shares': 344500.0, 'price': 1.022, 'value': 352079.0, 'profit_pct': -5.552356986214511}}",0.0209347835123066,1.3932843751548736,-28.53025080436451
2022-10-17,28.97515487362398,1406176.0,1406204.9751548737,"{'512690': {'shares': 426000.0, 'price': 0.771, 'value': 328446.0, 'profit_pct': -6.638815729724796}, '512660': {'shares': 280600.0, 'price': 1.155, 'value': 324093.0, 'profit_pct': 6.247343816404593}, '512670': {'shares': 412000.0, 'price': 0.978, 'value': 402936.0, 'profit_pct': 1.0365022774536807}, '159928': {'shares': 344500.0, 'price': 1.018, 'value': 350701.0, 'profit_pct': -5.92201508020193}}",0.009273483741295774,1.4062049751548737,-27.8674772472043
2022-10-18,28.97515487362398,1402540.0,1402568.9751548737,"{'512690': {'shares': 426000.0, 'price': 0.767, 'value': 326742.0, 'profit_pct': -7.123179850452555}, '512660': {'shares': 280600.0, 'price': 1.155, 'value': 324093.0, 'profit_pct': 6.247343816404593}, '512670': {'shares': 412000.0, 'price': 0.98, 'value': 403760.0, 'profit_pct': 1.2431208915180034}, '159928': {'shares': 344500.0, 'price': 1.01, 'value': 347945.0, 'profit_pct': -6.661331268176768}}",-0.0025856827875321287,1.4025689751548738,-28.053989069707473
2022-10-19,653569.4631721736,722592.8,1376162.2631721736,"{'512660': {'shares': 280600.0, 'price': 1.148, 'value': 322128.8, 'profit_pct': 5.603420520547584}, '512670': {'shares': 412000.0, 'price': 0.972, 'value': 400464.0, 'profit_pct': 0.41664643526071293}}",-0.018827389205428702,1.3761622631721737,-29.408544619270117
2022-10-20,653569.4631721736,722330.0,1375899.4631721736,"{'512660': {'shares': 280600.0, 'price': 1.15, 'value': 322690.0, 'profit_pct': 5.787398605078155}, '512670': {'shares': 412000.0, 'price': 0.97, 'value': 399640.0, 'profit_pct': 0.21002782119639024}}",-0.00019096585267075472,1.3758994631721735,-29.422025176738163
2022-10-21,653569.4631721736,720831.2,1374400.6631721735,"{'512660': {'shares': 280600.0, 'price': 1.152, 'value': 323251.19999999995, 'profit_pct': 5.971376689608726}, '512670': {'shares': 412000.0, 'price': 0.965, 'value': 397580.0, 'profit_pct': -0.3065187139644164}}",-0.001089323777003659,1.3744006631721735,-29.498907442845912
2022-10-24,653569.4631721736,752918.0,1406487.4631721736,"{'512660': {'shares': 280600.0, 'price': 1.19, 'value': 333914.0, 'profit_pct': 9.466960295689573}, '512670': {'shares': 412000.0, 'price': 1.017, 'value': 419003.99999999994, 'profit_pct': 5.0655652517079615}}",0.023346030644326277,1.4064874631721735,-27.852986775548104
2022-10-25,653569.4631721736,753347.8,1406917.2631721736,"{'512660': {'shares': 280600.0, 'price': 1.193, 'value': 334755.8, 'profit_pct': 9.74292742248544}, '512670': {'shares': 412000.0, 'price': 1.016, 'value': 418592.0, 'profit_pct': 4.962255944675811}}",0.0003055839538239624,1.4069172631721736,-27.830939805990383
2022-10-26,653569.4631721736,760291.6,1413861.0631721737,"{'512660': {'shares': 280600.0, 'price': 1.206, 'value': 338403.6, 'profit_pct': 10.93878497193414}, '512670': {'shares': 412000.0, 'price': 1.024, 'value': 421888.0, 'profit_pct': 5.788730400933102}}",0.00493547146073392,1.4138610631721737,-27.47475146905487
2022-10-27,653569.4631721736,755329.8,1408899.2631721736,"{'512660': {'shares': 280600.0, 'price': 1.203, 'value': 337561.80000000005, 'profit_pct': 10.662817845138294}, '512670': {'shares': 412000.0, 'price': 1.014, 'value': 417768.0, 'profit_pct': 4.7556373306114885}}",-0.003509397160190275,1.4088992631721737,-27.729271370291464
2022-10-28,653569.4631721736,743239.3999999999,1396808.8631721735,"{'512660': {'shares': 280600.0, 'price': 1.179, 'value': 330827.4, 'profit_pct': 8.455080830771443}, '512670': {'shares': 412000.0, 'price': 1.001, 'value': 412411.99999999994, 'profit_pct': 3.41261633919338}}",-0.008581451006495877,1.3968088631721736,-28.349459087231065
2022-10-31,5.137077493709512,1415777.6,1415782.7370774937,"{'512010': {'shares': 681600.0, 'price': 0.446, 'value': 303993.6, 'profit_pct': -0.09990009990008791}, '512170': {'shares': 720500.0, 'price': 0.484, 'value': 348722.0, 'profit_pct': -0.09990009990008525}, '512660': {'shares': 280600.0, 'price': 1.21, 'value': 339526.0, 'profit_pct': 11.306741140995282}, '512670': {'shares': 412000.0, 'price': 1.028, 'value': 423536.0, 'profit_pct': 6.201967629061747}}",0.013583729603655392,1.4157827370774936,-27.376177513516353
2022-11-01,5.137077493709512,1427294.4,1427299.5370774935,"{'512010': {'shares': 681600.0, 'price': 0.464, 'value': 316262.4, 'profit_pct': 3.9319424969649344}, '512170': {'shares': 720500.0, 'price': 0.496, 'value': 357368.0, 'profit_pct': 2.3769618810941298}, '512660': {'shares': 280600.0, 'price': 1.2, 'value': 336720.0, 'profit_pct': 10.386850718342428}, '512670': {'shares': 412000.0, 'price': 1.012, 'value': 416944.0, 'profit_pct': 4.549018716547166}}",0.008134581456878953,1.4272995370774935,-26.785413113790145
2022-11-02,5.137077493709512,1428467.2,1428472.3370774938,"{'512010': {'shares': 681600.0, 'price': 0.471, 'value': 321033.6, 'profit_pct': 5.499881284634653}, '512170': {'shares': 720500.0, 'price': 0.504, 'value': 363132.0, 'profit_pct': 4.02820320175694}, '512660': {'shares': 280600.0, 'price': 1.196, 'value': 335597.6, 'profit_pct': 10.018894549281287}, '512670': {'shares': 412000.0, 'price': 0.992, 'value': 408704.0, 'profit_pct': 2.4828325759039394}}",0.0008216915717647044,1.4284723370774939,-26.72525330481551
2022-11-03,5.137077493709512,1432357.4000000001,1432362.537077494,"{'512010': {'shares': 681600.0, 'price': 0.468, 'value': 318988.80000000005, 'profit_pct': 4.827907518490495}, '512170': {'shares': 720500.0, 'price': 0.504, 'value': 363132.0, 'profit_pct': 4.02820320175694}, '512660': {'shares': 280600.0, 'price': 1.201, 'value': 337000.60000000003, 'profit_pct': 10.478839760607723}, '512670': {'shares': 412000.0, 'price': 1.003, 'value': 413235.99999999994, 'profit_pct': 3.619234953257702}}",0.0027233289011106,1.432362537077494,-26.525702069418955
2022-11-04,5.137077493709512,1448754.6,1448759.7370774937,"{'512010': {'shares': 681600.0, 'price': 0.478, 'value': 325804.8, 'profit_pct': 7.067820072304384}, '512170': {'shares': 720500.0, 'price': 0.514, 'value': 370337.0, 'profit_pct': 6.0922548525854525}, '512660': {'shares': 280600.0, 'price': 1.208, 'value': 338964.8, 'profit_pct': 11.122763056464711}, '512670': {'shares': 412000.0, 'price': 1.004, 'value': 413648.0, 'profit_pct': 3.722544260289875}}",0.011447660473901777,1.4487597370774936,-25.684593253151355
2022-11-07,5.137077493709512,1433787.0,1433792.1370774936,"{'512010': {'shares': 681600.0, 'price': 0.479, 'value': 326486.39999999997, 'profit_pct': 7.291811327685774}, '512170': {'shares': 720500.0, 'price': 0.514, 'value': 370337.0, 'profit_pct': 6.0922548525854525}, '512660': {'shares': 280600.0, 'price': 1.186, 'value': 332791.6, 'profit_pct': 9.099004126628431}, '512670': {'shares': 412000.0, 'price': 0.981, 'value': 404172.0, 'profit_pct': 1.3464301985501648}}",-0.010331319691554541,1.4337921370774935,-26.452369478260962
2022-11-08,5.137077493709512,1421860.7,1421865.8370774938,"{'512010': {'shares': 681600.0, 'price': 0.47, 'value': 320352.0, 'profit_pct': 5.2758900292532624}, '512170': {'shares': 720500.0, 'price': 0.505, 'value': 363852.5, 'profit_pct': 4.234608366839791}, '512660': {'shares': 280600.0, 'price': 1.187, 'value': 333072.2, 'profit_pct': 9.190993168893726}, '512670': {'shares': 412000.0, 'price': 0.982, 'value': 404584.0, 'profit_pct': 1.4497395055823261}}",-0.00831801185931269,1.4218658370774937,-27.064139541165133
2022-11-09,5.137077493709512,1411552.4,1411557.5370774935,"{'512010': {'shares': 681600.0, 'price': 0.467, 'value': 318307.2, 'profit_pct': 4.603916263109105}, '512170': {'shares': 720500.0, 'price': 0.502, 'value': 361691.0, 'profit_pct': 3.6153928715912373}, '512660': {'shares': 280600.0, 'price': 1.177, 'value': 330266.2, 'profit_pct': 8.271102746240873}, '512670': {'shares': 412000.0, 'price': 0.974, 'value': 401288.0, 'profit_pct': 0.6232650493250356}}",-0.007249840126398954,1.4115575370774935,-27.59291286897303
2022-11-10,5.137077493709512,1393195.7,1393200.8370774938,"{'512010': {'shares': 681600.0, 'price': 0.464, 'value': 316262.4, 'profit_pct': 3.9319424969649344}, '512170': {'shares': 720500.0, 'price': 0.499, 'value': 359529.5, 'profit_pct': 2.9961773763426836}, '512660': {'shares': 280600.0, 'price': 1.153, 'value': 323531.8, 'profit_pct': 6.063365731874022}, '512670': {'shares': 412000.0, 'price': 0.956, 'value': 393872.0, 'profit_pct': -1.2363024772538682}}",-0.013004570850158603,1.3932008370774938,-28.534535963622076
2022-11-11,5.137077493709512,1403989.5999999999,1403994.7370774937,"{'512010': {'shares': 681600.0, 'price': 0.467, 'value': 318307.2, 'profit_pct': 4.603916263109105}, '512170': {'shares': 720500.0, 'price': 0.504, 'value': 363132.0, 'profit_pct': 4.02820320175694}, '512660': {'shares': 280600.0, 'price': 1.164, 'value': 326618.39999999997, 'profit_pct': 7.075245196792151}, '512670': {'shares': 412000.0, 'price': 0.961, 'value': 395932.0, 'profit_pct': -0.7197559420930617}}",0.007747554920109145,1.4039947370774937,-27.980853356109158
2022-11-14,5.137077493709512,1410013.7999999998,1410018.9370774934,"{'512010': {'shares': 681600.0, 'price': 0.479, 'value': 326486.39999999997, 'profit_pct': 7.291811327685774}, '512170': {'shares': 720500.0, 'price': 0.516, 'value': 371778.0, 'profit_pct': 6.505065182751155}, '512660': {'shares': 280600.0, 'price': 1.149, 'value': 322409.4, 'profit_pct': 5.6954095628128805}, '512670': {'shares': 412000.0, 'price': 0.945, 'value': 389340.0, 'profit_pct': -2.3727048546076426}}",0.00429075682472968,1.4100189370774934,-27.67183671113568
2022-11-15,5.137077493709512,1427556.6,1427561.7370774937,"{'512010': {'shares': 681600.0, 'price': 0.482, 'value': 328531.2, 'profit_pct': 7.963785093829944}, '512170': {'shares': 720500.0, 'price': 0.52, 'value': 374660.0, 'profit_pct': 7.33068584308256}, '512660': {'shares': 280600.0, 'price': 1.169, 'value': 328021.4, 'profit_pct': 7.535190408118589}, '512670': {'shares': 412000.0, 'price': 0.962, 'value': 396344.0, 'profit_pct': -0.6164466350609004}}",0.012441535030983886,1.4275617370774938,-26.771963333850547
2022-11-16,5.137077493709512,1428014.3,1428019.4370774939,"{'512010': {'shares': 681600.0, 'price': 0.482, 'value': 328531.2, 'profit_pct': 7.963785093829944}, '512170': {'shares': 720500.0, 'price': 0.521, 'value': 375380.5, 'profit_pct': 7.537091008165412}, '512660': {'shares': 280600.0, 'price': 1.171, 'value': 328582.60000000003, 'profit_pct': 7.71916849264916}, '512670': {'shares': 412000.0, 'price': 0.96, 'value': 395520.0, 'profit_pct': -0.8230652491252229}}",0.00032061660670246184,1.428019437077494,-26.748485209219155
2022-11-17,5.137077493709512,1427454.9,1427460.0370774935,"{'512010': {'shares': 681600.0, 'price': 0.48, 'value': 327168.0, 'profit_pct': 7.515802583067164}, '512170': {'shares': 720500.0, 'price': 0.519, 'value': 373939.5, 'profit_pct': 7.1242806779997085}, '512660': {'shares': 280600.0, 'price': 1.179, 'value': 330827.4, 'profit_pct': 8.455080830771443}, '512670': {'shares': 412000.0, 'price': 0.96, 'value': 395520.0, 'profit_pct': -0.8230652491252229}}",-0.00039173136266634767,1.4274600370774935,-26.777180124925525
2022-11-18,5.137077493709512,1422052.2,1422057.3370774938,"{'512010': {'shares': 681600.0, 'price': 0.487, 'value': 331939.2, 'profit_pct': 9.083741370736895}, '512170': {'shares': 720500.0, 'price': 0.522, 'value': 376101.0, 'profit_pct': 7.743496173248262}, '512660': {'shares': 280600.0, 'price': 1.16, 'value': 325496.0, 'profit_pct': 6.70728902773101}, '512670': {'shares': 412000.0, 'price': 0.943, 'value': 388516.0, 'profit_pct': -2.5793234686719657}}",-0.0037848345030105923,1.4220573370774938,-27.054316379996436
2022-11-21,5.137077493709512,1423615.7,1423620.8370774938,"{'512010': {'shares': 681600.0, 'price': 0.482, 'value': 328531.2, 'profit_pct': 7.963785093829944}, '512170': {'shares': 720500.0, 'price': 0.517, 'value': 372498.5, 'profit_pct': 6.711470347834006}, '512660': {'shares': 280600.0, 'price': 1.17, 'value': 328302.0, 'profit_pct': 7.627179450383864}, '512670': {'shares': 412000.0, 'price': 0.957, 'value': 394284.0, 'profit_pct': -1.1329931702217069}}",0.0010994634036438633,1.4236208370774939,-26.974115270402454
2022-11-22,5.137077493709512,1406409.0,1406414.1370774936,"{'512010': {'shares': 681600.0, 'price': 0.473, 'value': 322396.8, 'profit_pct': 5.947863795397433}, '512170': {'shares': 720500.0, 'price': 0.506, 'value': 364573.0, 'profit_pct': 4.441013531922643}, '512660': {'shares': 280600.0, 'price': 1.172, 'value': 328863.19999999995, 'profit_pct': 7.811157534914435}, '512670': {'shares': 412000.0, 'price': 0.948, 'value': 390576.0, 'profit_pct': -2.062776933511159}}",-0.012086574986724163,1.4064141370774936,-27.856748102158612
2022-11-23,5.137077493709512,1390188.9,1390194.0370774935,"{'512010': {'shares': 681600.0, 'price': 0.463, 'value': 315580.8, 'profit_pct': 3.7079512415835443}, '512170': {'shares': 720500.0, 'price': 0.497, 'value': 358088.5, 'profit_pct': 2.583367046176981}, '512660': {'shares': 280600.0, 'price': 1.166, 'value': 327179.6, 'profit_pct': 7.259223281322723}, '512670': {'shares': 412000.0, 'price': 0.945, 'value': 389340.0, 'profit_pct': -2.3727048546076426}}",-0.011532947211200018,1.3901940370774934,-28.688772417940722
2022-11-24,5.137077493709512,1387715.1,1387720.2370774937,"{'512010': {'shares': 681600.0, 'price': 0.465, 'value': 316944.0, 'profit_pct': 4.155933752346325}, '512170': {'shares': 720500.0, 'price': 0.499, 'value': 359529.5, 'profit_pct': 2.9961773763426836}, '512660': {'shares': 280600.0, 'price': 1.156, 'value': 324373.6, 'profit_pct': 6.339332858669867}, '512670': {'shares': 412000.0, 'price': 0.939, 'value': 386868.0, 'profit_pct': -2.9925606968006107}}",-0.0017794638259277518,1.3877202370774937,-28.815668167805498
2022-11-25,5.137077493709512,1373733.7,1373738.8370774938,"{'512010': {'shares': 681600.0, 'price': 0.465, 'value': 316944.0, 'profit_pct': 4.155933752346325}, '512170': {'shares': 720500.0, 'price': 0.495, 'value': 356647.5, 'profit_pct': 2.1705567160112786}, '512660': {'shares': 280600.0, 'price': 1.137, 'value': 319042.2, 'profit_pct': 4.591541055629455}, '512670': {'shares': 412000.0, 'price': 0.925, 'value': 381100.0, 'profit_pct': -4.4388909952508575}}",-0.010075085472158518,1.3737388370774937,-29.53285639529335
2022-11-28,5.137077493709512,1361927.7999999998,1361932.9370774934,"{'512010': {'shares': 681600.0, 'price': 0.457, 'value': 311491.2, 'profit_pct': 2.3640037092952033}, '512170': {'shares': 720500.0, 'price': 0.486, 'value': 350163.0, 'profit_pct': 0.31291023026561726}, '512660': {'shares': 280600.0, 'price': 1.136, 'value': 318761.6, 'profit_pct': 4.499552013364159}, '512670': {'shares': 412000.0, 'price': 0.926, 'value': 381512.0, 'profit_pct': -4.335581688218697}}",-0.008593991580755134,1.3619329370774933,-30.138450434152062
2022-11-29,5.137077493709512,1378969.0,1378974.1370774936,"{'512010': {'shares': 681600.0, 'price': 0.468, 'value': 318988.80000000005, 'profit_pct': 4.827907518490495}, '512170': {'shares': 720500.0, 'price': 0.5, 'value': 360250.0, 'profit_pct': 3.2025825414255347}, '512660': {'shares': 280600.0, 'price': 1.137, 'value': 319042.2, 'profit_pct': 4.591541055629455}, '512670': {'shares': 412000.0, 'price': 0.924, 'value': 380688.0, 'profit_pct': -4.542200302283019}}",0.012512510371155416,1.3789741370774935,-29.264307070664408
2022-11-30,101.42557447392028,1367522.7,1367624.1255744738,"{'512690': {'shares': 453400.0, 'price': 0.754, 'value': 341863.6, 'profit_pct': -0.0999000999000895}, '159995': {'shares': 657500.0, 'price': 0.52, 'value': 341900.0, 'profit_pct': -0.09990009990009316}, '512880': {'shares': 382400.0, 'price': 0.894, 'value': 341865.60000000003, 'profit_pct': -0.09990009990009437}, '515050': {'shares': 1280500.0, 'price': 0.267, 'value': 341893.5, 'profit_pct': -0.09990009990008558}}",-0.008230764593652462,1.3676241255744737,-29.846515907534656
2022-12-01,101.42557447392028,1391214.0,1391315.425574474,"{'512690': {'shares': 453400.0, 'price': 0.778, 'value': 352745.2, 'profit_pct': 3.0799439287503083}, '159995': {'shares': 657500.0, 'price': 0.528, 'value': 347160.0, 'profit_pct': 1.437024513947599}, '512880': {'shares': 382400.0, 'price': 0.897, 'value': 343012.8, 'profit_pct': 0.23533513466399958}, '515050': {'shares': 1280500.0, 'price': 0.272, 'value': 348296.0, 'profit_pct': 1.7708882877422365}}",0.01732296144603973,1.391315425574474,-28.63124980729552
2022-12-02,101.42557447392028,1386440.1,1386541.5255744741,"{'512690': {'shares': 453400.0, 'price': 0.78, 'value': 353652.0, 'profit_pct': 3.3449309311378412}, '159995': {'shares': 657500.0, 'price': 0.525, 'value': 345187.5, 'profit_pct': 0.8606777837547144}, '512880': {'shares': 382400.0, 'price': 0.894, 'value': 341865.60000000003, 'profit_pct': -0.09990009990009437}, '515050': {'shares': 1280500.0, 'price': 0.27, 'value': 345735.0, 'profit_pct': 1.0225729326853077}}",-0.003431213305227887,1.3865415255744742,-28.87613121253422
2022-12-05,101.42557447392028,1410011.4,1410112.825574474,"{'512690': {'shares': 453400.0, 'price': 0.795, 'value': 360453.0, 'profit_pct': 5.33233344904434}, '159995': {'shares': 657500.0, 'price': 0.528, 'value': 347160.0, 'profit_pct': 1.437024513947599}, '512880': {'shares': 382400.0, 'price': 0.926, 'value': 354102.4, 'profit_pct': 3.4759424021169076}, '515050': {'shares': 1280500.0, 'price': 0.272, 'value': 348296.0, 'profit_pct': 1.7708882877422365}}",0.017000067841627553,1.410112825574474,-27.667020617988282
2022-12-06,101.42557447392028,1426348.6,1426450.0255744741,"{'512690': {'shares': 453400.0, 'price': 0.818, 'value': 370881.19999999995, 'profit_pct': 8.379683976500957}, '159995': {'shares': 657500.0, 'price': 0.536, 'value': 352420.0, 'profit_pct': 2.973949127795291}, '512880': {'shares': 382400.0, 'price': 0.921, 'value': 352190.4, 'profit_pct': 2.917217011176751}, '515050': {'shares': 1280500.0, 'price': 0.274, 'value': 350857.0, 'profit_pct': 2.5192036427991655}}",0.011585739597357758,1.426450025574474,-26.82898955456725
2022-12-07,101.42557447392028,1417262.6,1417364.0255744741,"{'512690': {'shares': 453400.0, 'price': 0.817, 'value': 370427.8, 'profit_pct': 8.247190475307189}, '159995': {'shares': 657500.0, 'price': 0.532, 'value': 349790.0, 'profit_pct': 2.205486820871445}, '512880': {'shares': 382400.0, 'price': 0.912, 'value': 348748.8, 'profit_pct': 1.9115113074844692}, '515050': {'shares': 1280500.0, 'price': 0.272, 'value': 348296.0, 'profit_pct': 1.7708882877422365}}",-0.0063696588293310485,1.4173640255744742,-27.295063927302078
2022-12-08,101.42557447392028,1410320.8,1410422.2255744739,"{'512690': {'shares': 453400.0, 'price': 0.822, 'value': 372694.8, 'profit_pct': 8.909657981276023}, '159995': {'shares': 657500.0, 'price': 0.525, 'value': 345187.5, 'profit_pct': 0.8606777837547144}, '512880': {'shares': 382400.0, 'price': 0.91, 'value': 347984.0, 'profit_pct': 1.6880211511084067}, '515050': {'shares': 1280500.0, 'price': 0.269, 'value': 344454.5, 'profit_pct': 0.6484152551568433}}",-0.004897683216692816,1.4104222255744738,-27.65114967247605
2022-12-09,101.42557447392028,1429362.7,1429464.1255744738,"{'512690': {'shares': 453400.0, 'price': 0.85, 'value': 385390.0, 'profit_pct': 12.619476014701487}, '159995': {'shares': 657500.0, 'price': 0.53, 'value': 348475.0, 'profit_pct': 1.8212556674095222}, '512880': {'shares': 382400.0, 'price': 0.918, 'value': 351043.2, 'profit_pct': 2.581981776612657}, '515050': {'shares': 1280500.0, 'price': 0.269, 'value': 344454.5, 'profit_pct': 0.6484152551568433}}",0.013500850776967832,1.4294641255744738,-26.674378640318974
2022-12-12,101.42557447392028,1428406.9,1428508.325574474,"{'512690': {'shares': 453400.0, 'price': 0.835, 'value': 378589.0, 'profit_pct': 10.63207349679499}, '159995': {'shares': 657500.0, 'price': 0.54, 'value': 355050.0, 'profit_pct': 3.7424114347191373}, '512880': {'shares': 382400.0, 'price': 0.896, 'value': 342630.4, 'profit_pct': 0.12359005647596827}, '515050': {'shares': 1280500.0, 'price': 0.275, 'value': 352137.5, 'profit_pct': 2.8933613203276294}}",-0.0006686421735947468,1.428508325574474,-26.723407243165088
2022-12-13,101.42557447392028,1423145.4,1423246.825574474,"{'512690': {'shares': 453400.0, 'price': 0.844, 'value': 382669.6, 'profit_pct': 11.824515007538889}, '159995': {'shares': 657500.0, 'price': 0.533, 'value': 350447.5, 'profit_pct': 2.3976023976024066}, '512880': {'shares': 382400.0, 'price': 0.897, 'value': 343012.8, 'profit_pct': 0.23533513466399958}, '515050': {'shares': 1280500.0, 'price': 0.271, 'value': 347015.5, 'profit_pct': 1.396730610213772}}",-0.0036832126952316413,1.423246825574474,-26.993300519870388
2022-12-14,101.42557447392028,1433068.4,1433169.825574474,"{'512690': {'shares': 453400.0, 'price': 0.868, 'value': 393551.2, 'profit_pct': 15.004359036189285}, '159995': {'shares': 657500.0, 'price': 0.53, 'value': 348475.0, 'profit_pct': 1.8212556674095222}, '512880': {'shares': 382400.0, 'price': 0.903, 'value': 345307.2, 'profit_pct': 0.9058056037921874}, '515050': {'shares': 1280500.0, 'price': 0.27, 'value': 345735.0, 'profit_pct': 1.0225729326853077}}",0.006972086514926756,1.433169825574474,-26.48429149492567
2022-12-15,101.42557447392028,1436070.0,1436171.425574474,"{'512690': {'shares': 453400.0, 'price': 0.859, 'value': 389470.6, 'profit_pct': 13.811917525445386}, '159995': {'shares': 657500.0, 'price': 0.539, 'value': 354392.5, 'profit_pct': 3.5502958579881754}, '512880': {'shares': 382400.0, 'price': 0.896, 'value': 342630.4, 'profit_pct': 0.12359005647596827}, '515050': {'shares': 1280500.0, 'price': 0.273, 'value': 349576.5, 'profit_pct': 2.145045965270701}}",0.002094378451483969,1.436171425574474,-26.33032177918707
2022-12-16,101.42557447392028,1425662.4,1425763.825574474,"{'512690': {'shares': 453400.0, 'price': 0.863, 'value': 391284.2, 'profit_pct': 14.341891530220451}, '159995': {'shares': 657500.0, 'price': 0.528, 'value': 347160.0, 'profit_pct': 1.437024513947599}, '512880': {'shares': 382400.0, 'price': 0.893, 'value': 341483.2, 'profit_pct': -0.2116451780881257}, '515050': {'shares': 1280500.0, 'price': 0.27, 'value': 345735.0, 'profit_pct': 1.0225729326853077}}",-0.007246767213626382,1.425763825574474,-26.864188787956056
2022-12-19,101.42557447392028,1394884.5,1394985.925574474,"{'512690': {'shares': 453400.0, 'price': 0.852, 'value': 386296.8, 'profit_pct': 12.88446301708902}, '159995': {'shares': 657500.0, 'price': 0.515, 'value': 338612.5, 'profit_pct': -1.0604779835549007}, '512880': {'shares': 382400.0, 'price': 0.868, 'value': 331923.2, 'profit_pct': -3.0052721327889085}, '515050': {'shares': 1280500.0, 'price': 0.264, 'value': 338052.0, 'profit_pct': -1.222373132485479}}",-0.021586955320316625,1.394985925574474,-28.442968276905567
2022-12-20,101.42557447392028,1377183.2,1377284.6255744738,"{'512690': {'shares': 453400.0, 'price': 0.82, 'value': 371788.0, 'profit_pct': 8.64467097888849}, '159995': {'shares': 657500.0, 'price': 0.515, 'value': 338612.5, 'profit_pct': -1.0604779835549007}, '512880': {'shares': 382400.0, 'price': 0.863, 'value': 330011.2, 'profit_pct': -3.563997523729065}, '515050': {'shares': 1280500.0, 'price': 0.263, 'value': 336771.5, 'profit_pct': -1.5965308100139433}}",-0.012689231966774628,1.3772846255744737,-29.350972051293756
2022-12-21,101.42557447392028,1374553.7,1374655.1255744738,"{'512690': {'shares': 453400.0, 'price': 0.83, 'value': 376322.0, 'profit_pct': 9.969605990826155}, '159995': {'shares': 657500.0, 'price': 0.508, 'value': 334010.0, 'profit_pct': -2.4052870206716315}, '512880': {'shares': 382400.0, 'price': 0.863, 'value': 330011.2, 'profit_pct': -3.563997523729065}, '515050': {'shares': 1280500.0, 'price': 0.261, 'value': 334210.5, 'profit_pct': -2.344846165070872}}",-0.0019091914272282295,1.3746551255744737,-29.485854569795432
2022-12-22,101.42557447392028,1376948.1,1377049.5255744741,"{'512690': {'shares': 453400.0, 'price': 0.852, 'value': 386296.8, 'profit_pct': 12.88446301708902}, '159995': {'shares': 657500.0, 'price': 0.499, 'value': 328092.5, 'profit_pct': -4.134327211250286}, '512880': {'shares': 382400.0, 'price': 0.862, 'value': 329628.8, 'profit_pct': -3.6757426019170967}, '515050': {'shares': 1280500.0, 'price': 0.26, 'value': 332930.0, 'profit_pct': -2.7190038425993364}}",0.0017418186972530947,1.3770495255744741,-29.363031712864284
2022-12-23,101.42557447392028,1371883.8,1371985.2255744739,"{'512690': {'shares': 453400.0, 'price': 0.857, 'value': 388563.8, 'profit_pct': 13.546930523057855}, '159995': {'shares': 657500.0, 'price': 0.49, 'value': 322175.0, 'profit_pct': -5.863367401828938}, '512880': {'shares': 382400.0, 'price': 0.865, 'value': 330776.0, 'profit_pct': -3.3405073673530024}, '515050': {'shares': 1280500.0, 'price': 0.258, 'value': 330369.0, 'profit_pct': -3.4673191976562654}}",-0.0036776455065314906,1.3719852255744738,-29.62280944188047
2022-12-26,101.42557447392028,1381526.3,1381627.7255744739,"{'512690': {'shares': 453400.0, 'price': 0.845, 'value': 383123.0, 'profit_pct': 11.957008508732654}, '159995': {'shares': 657500.0, 'price': 0.503, 'value': 330722.5, 'profit_pct': -3.3658649043264393}, '512880': {'shares': 382400.0, 'price': 0.862, 'value': 329628.8, 'profit_pct': -3.6757426019170967}, '515050': {'shares': 1280500.0, 'price': 0.264, 'value': 338052.0, 'profit_pct': -1.222373132485479}}",0.0070281369072049404,1.3816277255744738,-29.12818891149356
2022-12-27,101.42557447392028,1399493.1,1399594.5255744741,"{'512690': {'shares': 453400.0, 'price': 0.861, 'value': 390377.4, 'profit_pct': 14.07690452783292}, '159995': {'shares': 657500.0, 'price': 0.509, 'value': 334667.5, 'profit_pct': -2.21317144394067}, '512880': {'shares': 382400.0, 'price': 0.873, 'value': 333835.2, 'profit_pct': -2.446546741848752}, '515050': {'shares': 1280500.0, 'price': 0.266, 'value': 340613.0, 'profit_pct': -0.47405777742854993}}",0.013004081828576375,1.3995945255744742,-28.20656608075921
2022-12-28,101.42557447392028,1387349.3,1387450.7255744739,"{'512690': {'shares': 453400.0, 'price': 0.855, 'value': 387657.0, 'profit_pct': 13.28194352067032}, '159995': {'shares': 657500.0, 'price': 0.504, 'value': 331380.0, 'profit_pct': -3.173749327595478}, '512880': {'shares': 382400.0, 'price': 0.867, 'value': 331540.8, 'profit_pct': -3.1170172109769396}, '515050': {'shares': 1280500.0, 'price': 0.263, 'value': 336771.5, 'profit_pct': -1.5965308100139433}}",-0.008676655830027413,1.387450725574474,-28.829492997732288
2022-12-29,101.42557447392028,1381188.9,1381290.325574474,"{'512690': {'shares': 453400.0, 'price': 0.846, 'value': 383576.39999999997, 'profit_pct': 12.089502009926422}, '159995': {'shares': 657500.0, 'price': 0.502, 'value': 330065.0, 'profit_pct': -3.5579804810574003}, '512880': {'shares': 382400.0, 'price': 0.865, 'value': 330776.0, 'profit_pct': -3.3405073673530024}, '515050': {'shares': 1280500.0, 'price': 0.263, 'value': 336771.5, 'profit_pct': -1.5965308100139433}}",-0.004440085609129785,1.381290325574474,-29.145496141667525
2022-12-30,47.242633194022346,1381554.7,1381601.942633194,"{'512690': {'shares': 453400.0, 'price': 0.85, 'value': 385390.0, 'profit_pct': 12.619476014701487}, '512010': {'shares': 658400.0, 'price': 0.478, 'value': 314715.2, 'profit_pct': -0.0999000999000838}, '512170': {'shares': 678500.0, 'price': 0.508, 'value': 344678.0, 'profit_pct': -0.09990009990009066}, '515050': {'shares': 1280500.0, 'price': 0.263, 'value': 336771.5, 'profit_pct': -1.5965308100139433}}",0.00022559852403980507,1.381601942633194,-29.12951147017552
2023-01-03,47.242633194022346,1383740.5,1383787.742633194,"{'512690': {'shares': 453400.0, 'price': 0.838, 'value': 379949.2, 'profit_pct': 11.029554000376288}, '512010': {'shares': 658400.0, 'price': 0.477, 'value': 314056.8, 'profit_pct': -0.3088961247956905}, '512170': {'shares': 678500.0, 'price': 0.507, 'value': 343999.5, 'profit_pct': -0.29655383986091743}, '515050': {'shares': 1280500.0, 'price': 0.27, 'value': 345735.0, 'profit_pct': 1.0225729326853077}}",0.0015820765247580582,1.383787742633194,-29.017388933974342
2023-01-04,47.242633194022346,1382175.8,1382223.042633194,"{'512690': {'shares': 453400.0, 'price': 0.837, 'value': 379495.8, 'profit_pct': 10.897060499182523}, '512010': {'shares': 658400.0, 'price': 0.48, 'value': 316032.0, 'profit_pct': 0.31809194989112966}, '512170': {'shares': 678500.0, 'price': 0.51, 'value': 346035.0, 'profit_pct': 0.29340738002156286}, '515050': {'shares': 1280500.0, 'price': 0.266, 'value': 340613.0, 'profit_pct': -0.47405777742854993}}",-0.001130736999463866,1.382223042633194,-29.09765159862525
2023-01-05,47.242633194022346,1427846.5,1427893.742633194,"{'512690': {'shares': 453400.0, 'price': 0.881, 'value': 399445.4, 'profit_pct': 16.72677455170825}, '512010': {'shares': 658400.0, 'price': 0.494, 'value': 325249.6, 'profit_pct': 3.2440362984296236}, '512170': {'shares': 678500.0, 'price': 0.523, 'value': 354855.5, 'profit_pct': 2.849905999512311}, '515050': {'shares': 1280500.0, 'price': 0.272, 'value': 348296.0, 'profit_pct': 1.7708882877422365}}",0.033041483603829525,1.427893742633194,-26.75493281644823
2023-01-06,47.242633194022346,1421046.5,1421093.742633194,"{'512690': {'shares': 453400.0, 'price': 0.879, 'value': 398538.6, 'profit_pct': 16.461787549320718}, '512010': {'shares': 658400.0, 'price': 0.491, 'value': 323274.4, 'profit_pct': 2.6170482237428034}, '512170': {'shares': 678500.0, 'price': 0.521, 'value': 353498.5, 'profit_pct': 2.4565985195906572}, '515050': {'shares': 1280500.0, 'price': 0.27, 'value': 345735.0, 'profit_pct': 1.0225729326853077}}",-0.004762259121228518,1.421093742633194,-27.10374480572809
2023-01-09,47.242633194022346,1437199.2,1437246.442633194,"{'512690': {'shares': 453400.0, 'price': 0.903, 'value': 409420.2, 'profit_pct': 19.641631577971115}, '512010': {'shares': 658400.0, 'price': 0.495, 'value': 325908.0, 'profit_pct': 3.45303232332523}, '512170': {'shares': 678500.0, 'price': 0.523, 'value': 354855.5, 'profit_pct': 2.849905999512311}, '515050': {'shares': 1280500.0, 'price': 0.271, 'value': 347015.5, 'profit_pct': 1.396730610213772}}",0.0113663859852553,1.437246442633194,-26.275177832310327
2023-01-10,47.242633194022346,1448291.4,1448338.6426331939,"{'512690': {'shares': 453400.0, 'price': 0.904, 'value': 409873.60000000003, 'profit_pct': 19.774125079164882}, '512010': {'shares': 658400.0, 'price': 0.502, 'value': 330516.8, 'profit_pct': 4.916004497594478}, '512170': {'shares': 678500.0, 'price': 0.53, 'value': 359605.0, 'profit_pct': 4.226482179238098}, '515050': {'shares': 1280500.0, 'price': 0.272, 'value': 348296.0, 'profit_pct': 1.7708882877422365}}",0.007717674346563674,1.448338642633194,-25.706193663561784
2023-01-11,47.242633194022346,1440508.1,1440555.342633194,"{'512690': {'shares': 453400.0, 'price': 0.9, 'value': 408060.0, 'profit_pct': 19.244151074389816}, '512010': {'shares': 658400.0, 'price': 0.499, 'value': 328541.6, 'profit_pct': 4.2890164229076575}, '512170': {'shares': 678500.0, 'price': 0.526, 'value': 356891.0, 'profit_pct': 3.4398672193947912}, '515050': {'shares': 1280500.0, 'price': 0.271, 'value': 347015.5, 'profit_pct': 1.396730610213772}}",-0.005373950380726633,1.440555342633194,-26.105444892409125
2023-01-12,47.242633194022346,1437093.0,1437140.242633194,"{'512690': {'shares': 453400.0, 'price': 0.894, 'value': 405339.60000000003, 'profit_pct': 18.449190067227217}, '512010': {'shares': 658400.0, 'price': 0.496, 'value': 326566.4, 'profit_pct': 3.662028348220837}, '512170': {'shares': 678500.0, 'price': 0.526, 'value': 356891.0, 'profit_pct': 3.4398672193947912}, '515050': {'shares': 1280500.0, 'price': 0.272, 'value': 348296.0, 'profit_pct': 1.7708882877422365}}",-0.00237068295741949,1.437140242633194,-26.28062545484878
2023-01-13,47.242633194022346,1467429.3,1467476.542633194,"{'512690': {'shares': 453400.0, 'price': 0.921, 'value': 417581.4, 'profit_pct': 22.026514599458913}, '512010': {'shares': 658400.0, 'price': 0.511, 'value': 336442.4, 'profit_pct': 6.796968721654937}, '512170': {'shares': 678500.0, 'price': 0.54, 'value': 366390.0, 'profit_pct': 6.193019578846366}, '515050': {'shares': 1280500.0, 'price': 0.271, 'value': 347015.5, 'profit_pct': 1.396730610213772}}",0.021108795857261997,1.467476542633194,-24.724498226850145
2023-01-16,47.242633194022346,1507294.3,1507341.542633194,"{'512690': {'shares': 453400.0, 'price': 0.936, 'value': 424382.4, 'profit_pct': 24.013917117365413}, '512010': {'shares': 658400.0, 'price': 0.531, 'value': 349610.4, 'profit_pct': 10.976889219567072}, '512170': {'shares': 678500.0, 'price': 0.558, 'value': 378603.00000000006, 'profit_pct': 9.732786898141248}, '515050': {'shares': 1280500.0, 'price': 0.277, 'value': 354698.50000000006, 'profit_pct': 3.6416766753845584}}",0.02716568125066421,1.507341542633194,-22.679587939696955
2023-01-17,47.242633194022346,1501684.3,1501731.542633194,"{'512690': {'shares': 453400.0, 'price': 0.924, 'value': 418941.60000000003, 'profit_pct': 22.423995103040216}, '512010': {'shares': 658400.0, 'price': 0.528, 'value': 347635.2, 'profit_pct': 10.349901144880253}, '512170': {'shares': 678500.0, 'price': 0.555, 'value': 376567.50000000006, 'profit_pct': 9.142825678258767}, '515050': {'shares': 1280500.0, 'price': 0.28, 'value': 358540.00000000006, 'profit_pct': 4.764149707969952}}",-0.003721784241546122,1.501731542633194,-22.96735783085284
2023-01-18,47.242633194022346,1493933.6,1493980.842633194,"{'512690': {'shares': 453400.0, 'price': 0.916, 'value': 415314.4, 'profit_pct': 21.364047093490083}, '512010': {'shares': 658400.0, 'price': 0.523, 'value': 344343.2, 'profit_pct': 9.304921020402219}, '512170': {'shares': 678500.0, 'price': 0.55, 'value': 373175.00000000006, 'profit_pct': 8.159556978454633}, '515050': {'shares': 1280500.0, 'price': 0.282, 'value': 361100.99999999994, 'profit_pct': 5.51246506302686}}",-0.005161175469757806,1.493980842633194,-23.36493681398687
2023-01-19,47.242633194022346,1512252.7000000002,1512299.9426331942,"{'512690': {'shares': 453400.0, 'price': 0.914, 'value': 414407.60000000003, 'profit_pct': 21.099060091102547}, '512010': {'shares': 658400.0, 'price': 0.534, 'value': 351585.60000000003, 'profit_pct': 11.603877294253891}, '512170': {'shares': 678500.0, 'price': 0.562, 'value': 381317.00000000006, 'profit_pct': 10.519401857984555}, '515050': {'shares': 1280500.0, 'price': 0.285, 'value': 364942.49999999994, 'profit_pct': 6.634938095612252}}",0.012261937688379021,1.5122999426331942,-22.425242444454994
2023-01-20,47.242633194022346,1509194.4000000001,1509241.642633194,"{'512690': {'shares': 453400.0, 'price': 0.909, 'value': 412140.60000000003, 'profit_pct': 20.436592585133713}, '512010': {'shares': 658400.0, 'price': 0.532, 'value': 350268.80000000005, 'profit_pct': 11.185885244462678}, '512170': {'shares': 678500.0, 'price': 0.559, 'value': 379281.50000000006, 'profit_pct': 9.929440638102074}, '515050': {'shares': 1280500.0, 'price': 0.287, 'value': 367503.5, 'profit_pct': 7.383253450669182}}",-0.002022284015084308,1.509241642633194,-22.58212063663362
2023-01-30,47.242633194022346,1518579.2,1518626.442633194,"{'512690': {'shares': 453400.0, 'price': 0.926, 'value': 419848.4, 'profit_pct': 22.688982105427748}, '512010': {'shares': 658400.0, 'price': 0.527, 'value': 346976.8, 'profit_pct': 10.140905119984645}, '512170': {'shares': 678500.0, 'price': 0.555, 'value': 376567.50000000006, 'profit_pct': 9.142825678258767}, '515050': {'shares': 1280500.0, 'price': 0.293, 'value': 375186.5, 'profit_pct': 9.628199515839968}}",0.006218222274616103,1.518626442633194,-22.100719054722795
2023-01-31,25939.627124284103,1454628.5,1480568.1271242842,"{'512010': {'shares': 658400.0, 'price': 0.513, 'value': 337759.2, 'profit_pct': 7.214960771446151}, '512400': {'shares': 312200.0, 'price': 1.196, 'value': 373391.2, 'profit_pct': -0.0999000999000978}, '512880': {'shares': 390600.0, 'price': 0.956, 'value': 373413.6, 'profit_pct': -0.09990009990009541}, '515050': {'shares': 1280500.0, 'price': 0.289, 'value': 370064.5, 'profit_pct': 8.131568805726111}}",-0.02506101200432098,1.480568127124284,-24.052953869620364
2023-02-01,25939.627124284103,1484046.7000000002,1509986.3271242843,"{'512010': {'shares': 658400.0, 'price': 0.518, 'value': 341051.2, 'profit_pct': 8.259940895924185}, '512400': {'shares': 312200.0, 'price': 1.232, 'value': 384630.4, 'profit_pct': 2.9071263184975606}, '512880': {'shares': 390600.0, 'price': 0.981, 'value': 383178.6, 'profit_pct': 2.5125502112949882}, '515050': {'shares': 1280500.0, 'price': 0.293, 'value': 375186.5, 'profit_pct': 9.628199515839968}}",0.01986953485020604,1.5099863271242844,-22.543921389762577
2023-02-02,25939.627124284103,1474117.2999999998,1500056.927124284,"{'512010': {'shares': 658400.0, 'price': 0.52, 'value': 342368.0, 'profit_pct': 8.677932945715398}, '512400': {'shares': 312200.0, 'price': 1.221, 'value': 381196.2, 'profit_pct': 1.988312690653841}, '512880': {'shares': 390600.0, 'price': 0.961, 'value': 375366.6, 'profit_pct': 0.4225899623389213}, '515050': {'shares': 1280500.0, 'price': 0.293, 'value': 375186.5, 'profit_pct': 9.628199515839968}}",-0.006575821132705606,1.500056927124284,-23.05325870834428
2023-02-03,25939.627124284103,1467515.1,1493454.7271242843,"{'512010': {'shares': 658400.0, 'price': 0.515, 'value': 339076.0, 'profit_pct': 7.632952821237364}, '512400': {'shares': 312200.0, 'price': 1.204, 'value': 375888.8, 'profit_pct': 0.5683279930771598}, '512880': {'shares': 390600.0, 'price': 0.953, 'value': 372241.8, 'profit_pct': -0.41339413724350543}, '515050': {'shares': 1280500.0, 'price': 0.297, 'value': 380308.5, 'profit_pct': 11.124830225953826}}",-0.004401299631112354,1.4934547271242842,-23.391924372406546
2023-02-06,25939.627124284103,1440937.0,1466876.6271242842,"{'512010': {'shares': 658400.0, 'price': 0.503, 'value': 331175.2, 'profit_pct': 5.125000522490084}, '512400': {'shares': 312200.0, 'price': 1.179, 'value': 368083.8, 'profit_pct': -1.5198847974767606}, '512880': {'shares': 390600.0, 'price': 0.935, 'value': 365211.0, 'profit_pct': -2.2943583613039538}, '515050': {'shares': 1280500.0, 'price': 0.294, 'value': 376467.0, 'profit_pct': 10.002357193368432}}",-0.017796388144404873,1.4668766271242841,-24.75527142127113
2023-02-07,25939.627124284103,1444952.5999999999,1470892.227124284,"{'512010': {'shares': 658400.0, 'price': 0.504, 'value': 331833.6, 'profit_pct': 5.3339965473856905}, '512400': {'shares': 312200.0, 'price': 1.186, 'value': 370269.19999999995, 'profit_pct': -0.9351852161216697}, '512880': {'shares': 390600.0, 'price': 0.938, 'value': 366382.8, 'profit_pct': -1.9808643239605555}, '515050': {'shares': 1280500.0, 'price': 0.294, 'value': 376467.0, 'profit_pct': 10.002357193368432}}",0.0027375172020240868,1.470892227124284,-24.549287682425224
2023-02-08,25939.627124284103,1436380.9,1462320.527124284,"{'512010': {'shares': 658400.0, 'price': 0.505, 'value': 332492.0, 'profit_pct': 5.542992572281298}, '512400': {'shares': 312200.0, 'price': 1.18, 'value': 368396.0, 'profit_pct': -1.4363562858546128}, '512880': {'shares': 390600.0, 'price': 0.929, 'value': 362867.4, 'profit_pct': -2.921346435990774}, '515050': {'shares': 1280500.0, 'price': 0.291, 'value': 372625.5, 'profit_pct': 8.87988416078304}}",-0.0058275513609574725,1.462320527124284,-24.988980583676724
2023-02-09,25939.627124284103,1460246.4,1486186.027124284,"{'512010': {'shares': 658400.0, 'price': 0.512, 'value': 337100.8, 'profit_pct': 7.005964746550545}, '512400': {'shares': 312200.0, 'price': 1.186, 'value': 370269.19999999995, 'profit_pct': -0.9351852161216697}, '512880': {'shares': 390600.0, 'price': 0.944, 'value': 368726.39999999997, 'profit_pct': -1.3538762492737355}, '515050': {'shares': 1280500.0, 'price': 0.3, 'value': 384150.0, 'profit_pct': 12.247303258539219}}",0.016320293367509953,1.4861860271242842,-23.764778741006342
2023-02-10,25939.627124284103,1450185.2,1476124.827124284,"{'512010': {'shares': 658400.0, 'price': 0.51, 'value': 335784.0, 'profit_pct': 6.587972696759331}, '512400': {'shares': 312200.0, 'price': 1.168, 'value': 364649.6, 'profit_pct': -2.438698425320499}, '512880': {'shares': 390600.0, 'price': 0.936, 'value': 365601.60000000003, 'profit_pct': -2.1898603488561506}, '515050': {'shares': 1280500.0, 'price': 0.3, 'value': 384150.0, 'profit_pct': 12.247303258539219}}",-0.006769811999557063,1.4761248271242842,-24.28087685667436
2023-02-13,25939.627124284103,1459972.2,1485911.827124284,"{'512010': {'shares': 658400.0, 'price': 0.514, 'value': 338417.60000000003, 'profit_pct': 7.423956796341757}, '512400': {'shares': 312200.0, 'price': 1.167, 'value': 364337.4, 'profit_pct': -2.522226936942647}, '512880': {'shares': 390600.0, 'price': 0.942, 'value': 367945.19999999995, 'profit_pct': -1.5628722741693424}, '515050': {'shares': 1280500.0, 'price': 0.304, 'value': 389272.0, 'profit_pct': 13.743933968653078}}",0.006630198083631189,1.4859118271242842,-23.77884407151525
2023-02-14,25939.627124284103,1460410.4,1486350.027124284,"{'512010': {'shares': 658400.0, 'price': 0.515, 'value': 339076.0, 'profit_pct': 7.632952821237364}, '512400': {'shares': 312200.0, 'price': 1.177, 'value': 367459.4, 'profit_pct': -1.686941820721075}, '512880': {'shares': 390600.0, 'price': 0.94, 'value': 367164.0, 'profit_pct': -1.7718682990649488}, '515050': {'shares': 1280500.0, 'price': 0.302, 'value': 386711.0, 'profit_pct': 12.99561861359615}}",0.0002949030972099198,1.486350027124284,-23.75636621655901
2023-02-15,25939.627124284103,1453971.7,1479911.327124284,"{'512010': {'shares': 658400.0, 'price': 0.507, 'value': 333808.8, 'profit_pct': 5.960984622072511}, '512400': {'shares': 312200.0, 'price': 1.164, 'value': 363400.8, 'profit_pct': -2.772812471809128}, '512880': {'shares': 390600.0, 'price': 0.931, 'value': 363648.60000000003, 'profit_pct': -2.7123504110951675}, '515050': {'shares': 1280500.0, 'price': 0.307, 'value': 393113.5, 'profit_pct': 14.866407001238471}}",-0.004331886757830028,1.479911327124284,-24.086645004114338
2023-02-16,25939.627124284103,1434933.4000000001,1460873.0271242843,"{'512010': {'shares': 658400.0, 'price': 0.505, 'value': 332492.0, 'profit_pct': 5.542992572281298}, '512400': {'shares': 312200.0, 'price': 1.134, 'value': 354034.8, 'profit_pct': -5.278667820473843}, '512880': {'shares': 390600.0, 'price': 0.926, 'value': 361695.60000000003, 'profit_pct': -3.2348404733341845}, '515050': {'shares': 1280500.0, 'price': 0.302, 'value': 386711.0, 'profit_pct': 12.99561861359615}}",-0.012864486980442513,1.4608730271242842,-25.063231371100624
2023-02-17,25939.627124284103,1412264.2,1438203.827124284,"{'512010': {'shares': 658400.0, 'price': 0.502, 'value': 330516.8, 'profit_pct': 4.916004497594478}, '512400': {'shares': 312200.0, 'price': 1.13, 'value': 352785.99999999994, 'profit_pct': -5.612781866962472}, '512880': {'shares': 390600.0, 'price': 0.909, 'value': 355055.4, 'profit_pct': -5.011306684946841}, '515050': {'shares': 1280500.0, 'price': 0.292, 'value': 373906.0, 'profit_pct': 9.254041838311505}}",-0.015517570369975475,1.438203827124284,-26.226067951598143
2023-02-20,25939.627124284103,1443315.6,1469255.2271242843,"{'512010': {'shares': 658400.0, 'price': 0.509, 'value': 335125.6, 'profit_pct': 6.378976671863724}, '512400': {'shares': 312200.0, 'price': 1.152, 'value': 359654.39999999997, 'profit_pct': -3.775154611275014}, '512880': {'shares': 390600.0, 'price': 0.946, 'value': 369507.6, 'profit_pct': -1.1448802243781289}, '515050': {'shares': 1280500.0, 'price': 0.296, 'value': 379028.0, 'profit_pct': 10.750672548425362}}",0.021590402844420264,1.4692552271242842,-24.63325903925626
2023-02-21,25939.627124284103,1451831.5,1477771.1271242842,"{'512010': {'shares': 658400.0, 'price': 0.506, 'value': 333150.4, 'profit_pct': 5.751988597176904}, '512400': {'shares': 312200.0, 'price': 1.179, 'value': 368083.8, 'profit_pct': -1.5198847974767606}, '512880': {'shares': 390600.0, 'price': 0.948, 'value': 370288.8, 'profit_pct': -0.9358841994825222}, '515050': {'shares': 1280500.0, 'price': 0.297, 'value': 380308.5, 'profit_pct': 11.124830225953826}}",0.0057960658180999935,1.4777711271242842,-24.196428448152098
2023-02-22,25939.627124284103,1438472.5,1464412.1271242842,"{'512010': {'shares': 658400.0, 'price': 0.503, 'value': 331175.2, 'profit_pct': 5.125000522490084}, '512400': {'shares': 312200.0, 'price': 1.162, 'value': 362776.39999999997, 'profit_pct': -2.939869495053442}, '512880': {'shares': 390600.0, 'price': 0.939, 'value': 366773.39999999997, 'profit_pct': -1.8763663115127522}, '515050': {'shares': 1280500.0, 'price': 0.295, 'value': 377747.5, 'profit_pct': 10.376514870896896}}",-0.009039965495872382,1.4644121271242843,-24.881690119444688
2023-02-23,25939.627124284103,1439522.4,1465462.027124284,"{'512010': {'shares': 658400.0, 'price': 0.498, 'value': 327883.2, 'profit_pct': 4.08002039801205}, '512400': {'shares': 312200.0, 'price': 1.17, 'value': 365274.0, 'profit_pct': -2.2716414020761846}, '512880': {'shares': 390600.0, 'price': 0.947, 'value': 369898.19999999995, 'profit_pct': -1.0403822119303254}, '515050': {'shares': 1280500.0, 'price': 0.294, 'value': 376467.0, 'profit_pct': 10.002357193368432}}",0.0007169429838453922,1.465462027124284,-24.8278345742175
2023-02-24,25939.627124284103,1424395.2,1450334.827124284,"{'512010': {'shares': 658400.0, 'price': 0.494, 'value': 325249.6, 'profit_pct': 3.2440362984296236}, '512400': {'shares': 312200.0, 'price': 1.15, 'value': 359030.0, 'profit_pct': -3.9422116345193285}, '512880': {'shares': 390600.0, 'price': 0.931, 'value': 363648.60000000003, 'profit_pct': -2.7123504110951675}, '515050': {'shares': 1280500.0, 'price': 0.294, 'value': 376467.0, 'profit_pct': 10.002357193368432}}",-0.010322478317424943,1.4503348271242842,-25.603797621899016
2023-02-27,25939.627124284103,1408484.2000000002,1434423.8271242843,"{'512010': {'shares': 658400.0, 'price': 0.489, 'value': 321957.6, 'profit_pct': 2.1990561739515897}, '512400': {'shares': 312200.0, 'price': 1.141, 'value': 356220.2, 'profit_pct': -4.693968239118734}, '512880': {'shares': 390600.0, 'price': 0.919, 'value': 358961.4, 'profit_pct': -3.9663265604688074}, '515050': {'shares': 1280500.0, 'price': 0.29, 'value': 371345.0, 'profit_pct': 8.505726483254575}}",-0.010970570176231709,1.4344238271242844,-26.41996638093311
2023-02-28,79.38147811417002,1446606.2,1446685.5814781142,"{'512690': {'shares': 373100.0, 'price': 0.932, 'value': 347729.2, 'profit_pct': -0.0999000999000927}, '159928': {'shares': 329700.0, 'price': 1.089, 'value': 359043.3, 'profit_pct': -0.09990009990009034}, '512880': {'shares': 390600.0, 'price': 0.927, 'value': 362086.2, 'profit_pct': -3.130342460886381}, '515050': {'shares': 1280500.0, 'price': 0.295, 'value': 377747.5, 'profit_pct': 10.376514870896896}}",0.008548208780393862,1.4466855814781143,-25.79098889148893
2023-03-01,79.38147811417002,1465692.2,1465771.5814781142,"{'512690': {'shares': 373100.0, 'price': 0.941, 'value': 351087.1, 'profit_pct': 0.8648004356158824}, '159928': {'shares': 329700.0, 'price': 1.098, 'value': 362010.60000000003, 'profit_pct': 0.7257205604313248}, '512880': {'shares': 390600.0, 'price': 0.94, 'value': 367164.0, 'profit_pct': -1.7718682990649488}, '515050': {'shares': 1280500.0, 'price': 0.301, 'value': 385430.5, 'profit_pct': 12.621460936067683}}",0.013192915063478639,1.4657715814781143,-24.811955710989597
2023-03-02,79.38147811417002,1460472.0999999999,1460551.4814781141,"{'512690': {'shares': 373100.0, 'price': 0.938, 'value': 349967.8, 'profit_pct': 0.5432335904438867}, '159928': {'shares': 329700.0, 'price': 1.093, 'value': 360362.1, 'profit_pct': 0.2670424158027563}, '512880': {'shares': 390600.0, 'price': 0.937, 'value': 365992.2, 'profit_pct': -2.0853623364083473}, '515050': {'shares': 1280500.0, 'price': 0.3, 'value': 384150.0, 'profit_pct': 12.247303258539219}}",-0.0035613325199933543,1.4605514814781142,-25.07972533823075
2023-03-03,79.38147811417002,1457995.3,1458074.6814781143,"{'512690': {'shares': 373100.0, 'price': 0.931, 'value': 347356.10000000003, 'profit_pct': -0.20708904829075794}, '159928': {'shares': 329700.0, 'price': 1.089, 'value': 359043.3, 'profit_pct': -0.09990009990009034}, '512880': {'shares': 390600.0, 'price': 0.944, 'value': 368726.39999999997, 'profit_pct': -1.3538762492737355}, '515050': {'shares': 1280500.0, 'price': 0.299, 'value': 382869.5, 'profit_pct': 11.873145581010755}}",-0.0016957978074783053,1.4580746814781143,-25.206774975737854
2023-03-06,79.38147811417002,1451208.1,1451287.4814781141,"{'512690': {'shares': 373100.0, 'price': 0.931, 'value': 347356.10000000003, 'profit_pct': -0.20708904829075794}, '159928': {'shares': 329700.0, 'price': 1.085, 'value': 357724.5, 'profit_pct': -0.466842615602937}, '512880': {'shares': 390600.0, 'price': 0.93, 'value': 363258.0, 'profit_pct': -2.8168484235429707}, '515050': {'shares': 1280500.0, 'price': 0.299, 'value': 382869.5, 'profit_pct': 11.873145581010755}}",-0.004654905599979053,1.451287481478114,-25.55493037774379
2023-03-07,79.38147811417002,1420415.6,1420494.9814781141,"{'512690': {'shares': 373100.0, 'price': 0.913, 'value': 340640.3, 'profit_pct': -2.1364901193227324}, '159928': {'shares': 329700.0, 'price': 1.062, 'value': 350141.4, 'profit_pct': -2.5767620808942953}, '512880': {'shares': 390600.0, 'price': 0.914, 'value': 357008.4, 'profit_pct': -4.488816622707825}, '515050': {'shares': 1280500.0, 'price': 0.291, 'value': 372625.5, 'profit_pct': 8.87988416078304}}",-0.021217367608406756,1.420494981478114,-27.13445878655264
2023-03-08,79.38147811417002,1418082.9,1418162.281478114,"{'512690': {'shares': 373100.0, 'price': 0.908, 'value': 338774.8, 'profit_pct': -2.672434861276058}, '159928': {'shares': 329700.0, 'price': 1.054, 'value': 347503.8, 'profit_pct': -3.3106471122999888}, '512880': {'shares': 390600.0, 'price': 0.913, 'value': 356617.8, 'profit_pct': -4.593314635155628}, '515050': {'shares': 1280500.0, 'price': 0.293, 'value': 375186.5, 'profit_pct': 9.628199515839968}}",-0.0016421740522960526,1.4181622814781139,-27.254116687639872
2023-03-09,79.38147811417002,1416948.3,1417027.6814781143,"{'512690': {'shares': 373100.0, 'price': 0.9, 'value': 335790.0, 'profit_pct': -3.52994644840138}, '159928': {'shares': 329700.0, 'price': 1.05, 'value': 346185.0, 'profit_pct': -3.677589628002835}, '512880': {'shares': 390600.0, 'price': 0.908, 'value': 354664.8, 'profit_pct': -5.115804697394644}, '515050': {'shares': 1280500.0, 'price': 0.297, 'value': 380308.5, 'profit_pct': 11.124830225953826}}",-0.0008000494829245586,1.4170276814781144,-27.31231699396881
2023-03-10,79.38147811417002,1396640.5,1396719.881478114,"{'512690': {'shares': 373100.0, 'price': 0.886, 'value': 330566.6, 'profit_pct': -5.030591725870693}, '159928': {'shares': 329700.0, 'price': 1.034, 'value': 340909.8, 'profit_pct': -5.145359690814222}, '512880': {'shares': 390600.0, 'price': 0.896, 'value': 349977.60000000003, 'profit_pct': -6.369780846768284}, '515050': {'shares': 1280500.0, 'price': 0.293, 'value': 375186.5, 'profit_pct': 9.628199515839968}}",-0.014331265553554351,1.396719881478114,-28.35402348160082
2023-03-13,79.38147811417002,1416634.7,1416714.0814781142,"{'512690': {'shares': 373100.0, 'price': 0.904, 'value': 337282.4, 'profit_pct': -3.1011906548387187}, '159928': {'shares': 329700.0, 'price': 1.054, 'value': 347503.8, 'profit_pct': -3.3106471122999888}, '512880': {'shares': 390600.0, 'price': 0.9, 'value': 351540.0, 'profit_pct': -5.9517887969770715}, '515050': {'shares': 1280500.0, 'price': 0.297, 'value': 380308.5, 'profit_pct': 11.124830225953826}}",0.014315110900290806,1.4167140814781143,-27.328403382180312
2023-03-14,79.38147811417002,1407243.7999999998,1407323.1814781139,"{'512690': {'shares': 373100.0, 'price': 0.896, 'value': 334297.60000000003, 'profit_pct': -3.9587022419640405}, '159928': {'shares': 329700.0, 'price': 1.053, 'value': 347174.1, 'profit_pct': -3.4023827412257104}, '512880': {'shares': 390600.0, 'price': 0.891, 'value': 348024.6, 'profit_pct': -6.892270909007301}, '515050': {'shares': 1280500.0, 'price': 0.295, 'value': 377747.5, 'profit_pct': 10.376514870896896}}",-0.006628648732143971,1.407323181478114,-27.8101178689639
2023-03-15,79.38147811417002,1401504.3,1401583.6814781143,"{'512690': {'shares': 373100.0, 'price': 0.885, 'value': 330193.5, 'profit_pct': -5.137780674261358}, '159928': {'shares': 329700.0, 'price': 1.046, 'value': 344866.2, 'profit_pct': -4.044532143705681}, '512880': {'shares': 390600.0, 'price': 0.896, 'value': 349977.60000000003, 'profit_pct': -6.369780846768284}, '515050': {'shares': 1280500.0, 'price': 0.294, 'value': 376467.0, 'profit_pct': 10.002357193368432}}",-0.004078309854863127,1.4015836814781144,-28.104530576680308
2023-03-16,79.38147811417002,1389665.8,1389745.1814781143,"{'512690': {'shares': 373100.0, 'price': 0.883, 'value': 329447.3, 'profit_pct': -5.352158571042689}, '159928': {'shares': 329700.0, 'price': 1.035, 'value': 341239.5, 'profit_pct': -5.05362406188852}, '512880': {'shares': 390600.0, 'price': 0.89, 'value': 347634.0, 'profit_pct': -6.9967689214551045}, '515050': {'shares': 1280500.0, 'price': 0.29, 'value': 371345.0, 'profit_pct': 8.505726483254575}}",-0.008446516719940012,1.3897451814781143,-28.711796861252314
2023-03-17,79.38147811417002,1398237.5,1398316.881478114,"{'512690': {'shares': 373100.0, 'price': 0.869, 'value': 324223.9, 'profit_pct': -6.852803848512002}, '159928': {'shares': 329700.0, 'price': 1.028, 'value': 338931.60000000003, 'profit_pct': -5.695773464368491}, '512880': {'shares': 390600.0, 'price': 0.905, 'value': 353493.0, 'profit_pct': -5.429298734738055}, '515050': {'shares': 1280500.0, 'price': 0.298, 'value': 381589.0, 'profit_pct': 11.49898790348229}}",0.006167821349006619,1.398316881478114,-28.272103960000827
2023-03-20,319410.5066921242,1070284.1,1389694.6066921242,"{'159928': {'shares': 329700.0, 'price': 1.013, 'value': 333986.1, 'profit_pct': -7.071807898254177}, '512880': {'shares': 390600.0, 'price': 0.895, 'value': 349587.0, 'profit_pct': -6.474278859216087}, '515050': {'shares': 1280500.0, 'price': 0.302, 'value': 386711.0, 'profit_pct': 12.99561861359615}}",-0.006166180856570613,1.389694606692124,-28.71439113944476
2023-03-21,319410.5066921242,1081283.4,1400693.906692124,"{'159928': {'shares': 329700.0, 'price': 1.033, 'value': 340580.1, 'profit_pct': -5.237095319739944}, '512880': {'shares': 390600.0, 'price': 0.903, 'value': 352711.8, 'profit_pct': -5.638294759633661}, '515050': {'shares': 1280500.0, 'price': 0.303, 'value': 387991.5, 'profit_pct': 13.369776291124612}}",0.007914904430823988,1.400693906692124,-28.150172358020363
2023-03-22,319410.5066921242,1093415.9,1412826.406692124,"{'159928': {'shares': 329700.0, 'price': 1.033, 'value': 340580.1, 'profit_pct': -5.237095319739944}, '512880': {'shares': 390600.0, 'price': 0.898, 'value': 350758.8, 'profit_pct': -6.160784821872678}, '515050': {'shares': 1280500.0, 'price': 0.314, 'value': 402077.0, 'profit_pct': 17.48551074393772}}",0.008661778238653328,1.412826406692124,-27.52782508450008
2023-03-23,319410.5066921242,1113776.2,1433186.7066921243,"{'159928': {'shares': 329700.0, 'price': 1.039, 'value': 342558.3, 'profit_pct': -4.686681546185674}, '512880': {'shares': 390600.0, 'price': 0.909, 'value': 355055.4, 'profit_pct': -5.011306684946841}, '515050': {'shares': 1280500.0, 'price': 0.325, 'value': 416162.5, 'profit_pct': 21.601245196750828}}",0.014411041514767797,1.4331867066921242,-26.483425563127305
2023-03-24,319410.5066921242,1121910.7000000002,1441321.2066921243,"{'159928': {'shares': 329700.0, 'price': 1.038, 'value': 342228.60000000003, 'profit_pct': -4.778417175111374}, '512880': {'shares': 390600.0, 'price': 0.911, 'value': 355836.60000000003, 'profit_pct': -4.802310660051234}, '515050': {'shares': 1280500.0, 'price': 0.331, 'value': 423845.5, 'profit_pct': 23.846191261921614}}",0.005675813180527456,1.4413212066921242,-26.066159220951267
2023-03-27,319410.5066921242,1120313.6,1439724.1066921242,"{'159928': {'shares': 329700.0, 'price': 1.035, 'value': 341239.5, 'profit_pct': -5.05362406188852}, '512880': {'shares': 390600.0, 'price': 0.916, 'value': 357789.60000000003, 'profit_pct': -4.2798205978122175}, '515050': {'shares': 1280500.0, 'price': 0.329, 'value': 421284.5, 'profit_pct': 23.097875906864687}}",-0.001108080553165136,1.4397241066921243,-26.14808387213934
2023-03-28,319410.5066921242,1109498.9,1428909.406692124,"{'159928': {'shares': 329700.0, 'price': 1.049, 'value': 345855.3, 'profit_pct': -3.7693252569285565}, '512880': {'shares': 390600.0, 'price': 0.906, 'value': 353883.60000000003, 'profit_pct': -5.3248007222902505}, '515050': {'shares': 1280500.0, 'price': 0.32, 'value': 409760.0, 'profit_pct': 19.730456809108507}}",-0.0075116475092216195,1.428909406692124,-26.70283343397243
2023-03-29,319410.5066921242,1113327.3,1432737.8066921243,"{'159928': {'shares': 329700.0, 'price': 1.051, 'value': 346514.69999999995, 'profit_pct': -3.5858539990771336}, '512880': {'shares': 390600.0, 'price': 0.901, 'value': 351930.60000000003, 'profit_pct': -5.847290784529268}, '515050': {'shares': 1280500.0, 'price': 0.324, 'value': 414882.0, 'profit_pct': 21.227087519222366}}",0.002679246131399582,1.4327378066921244,-26.506452284007853
2023-03-30,319410.5066921242,1117626.5,1437037.006692124,"{'159928': {'shares': 329700.0, 'price': 1.062, 'value': 350141.4, 'profit_pct': -2.5767620808942953}, '512880': {'shares': 390600.0, 'price': 0.906, 'value': 353883.60000000003, 'profit_pct': -5.3248007222902505}, '515050': {'shares': 1280500.0, 'price': 0.323, 'value': 413601.5, 'profit_pct': 20.8529298416939}}",0.0030006885976754383,1.437037006692124,-26.28592103337375
2023-03-31,26.963306854246184,1443008.1,1443035.0633068543,"{'159995': {'shares': 626800.0, 'price': 0.572, 'value': 358529.6, 'profit_pct': -0.09990009990008349}, '159928': {'shares': 329700.0, 'price': 1.066, 'value': 351460.2, 'profit_pct': -2.2098195651914487}, '512400': {'shares': 284300.0, 'price': 1.101, 'value': 313014.3, 'profit_pct': -0.09990009990008147}, '515050': {'shares': 1280500.0, 'price': 0.328, 'value': 420004.0, 'profit_pct': 22.723718229336225}}",0.004173905464367245,1.4430350633068543,-25.97824543637415
2023-04-03,26.963306854246184,1476317.2000000002,1476344.1633068544,"{'159995': {'shares': 626800.0, 'price': 0.601, 'value': 376706.8, 'profit_pct': 4.964965104825267}, '159928': {'shares': 329700.0, 'price': 1.064, 'value': 350800.80000000005, 'profit_pct': -2.3932908230428716}, '512400': {'shares': 284300.0, 'price': 1.107, 'value': 314720.1, 'profit_pct': 0.4445146134519622}, '515050': {'shares': 1280500.0, 'price': 0.339, 'value': 434089.50000000006, 'profit_pct': 26.83945268214933}}",0.023082668499869285,1.4763441633068544,-24.26962581400328
2023-04-04,26.963306854246184,1488387.3,1488414.2633068543,"{'159995': {'shares': 626800.0, 'price': 0.61, 'value': 382348.0, 'profit_pct': 6.536819823533134}, '159928': {'shares': 329700.0, 'price': 1.074, 'value': 354097.80000000005, 'profit_pct': -1.475934533785755}, '512400': {'shares': 284300.0, 'price': 1.1, 'value': 312730.0, 'profit_pct': -0.19063588545874532}, '515050': {'shares': 1280500.0, 'price': 0.343, 'value': 439211.50000000006, 'profit_pct': 28.33608339226319}}",0.008175668180896434,1.4884142633068542,-23.65047940344345
2023-04-06,26.963306854246184,1514571.1,1514598.0633068543,"{'159995': {'shares': 626800.0, 'price': 0.635, 'value': 398018.0, 'profit_pct': 10.903082931054987}, '159928': {'shares': 329700.0, 'price': 1.058, 'value': 348822.60000000003, 'profit_pct': -2.943704596597142}, '512400': {'shares': 284300.0, 'price': 1.115, 'value': 316994.5, 'profit_pct': 1.1704008979213536}, '515050': {'shares': 1280500.0, 'price': 0.352, 'value': 450736.0, 'profit_pct': 31.703502490019346}}",0.01759174219536619,1.5145980633068543,-22.30735832036903
2023-04-07,26.963306854246184,1517208.9,1517235.8633068542,"{'159995': {'shares': 626800.0, 'price': 0.641, 'value': 401778.8, 'profit_pct': 11.950986076860232}, '159928': {'shares': 329700.0, 'price': 1.052, 'value': 346844.4, 'profit_pct': -3.494118370151412}, '512400': {'shares': 284300.0, 'price': 1.109, 'value': 315288.7, 'profit_pct': 0.6259861845693101}, '515050': {'shares': 1280500.0, 'price': 0.354, 'value': 453297.0, 'profit_pct': 32.45181784507628}}",0.0017415841627583806,1.5172358633068541,-22.172050046056913
2023-04-10,26.963306854246184,1488012.7999999998,1488039.763306854,"{'159995': {'shares': 626800.0, 'price': 0.622, 'value': 389869.6, 'profit_pct': 8.632626115143625}, '159928': {'shares': 329700.0, 'price': 1.041, 'value': 343217.69999999995, 'profit_pct': -4.50321028833425}, '512400': {'shares': 284300.0, 'price': 1.115, 'value': 316994.5, 'profit_pct': 1.1704008979213536}, '515050': {'shares': 1280500.0, 'price': 0.342, 'value': 437931.00000000006, 'profit_pct': 27.961925714734726}}",-0.019242954049587535,1.488039763306854,-23.669689710794238
2023-04-11,26.963306854246184,1491448.2,1491475.1633068542,"{'159995': {'shares': 626800.0, 'price': 0.622, 'value': 389869.6, 'profit_pct': 8.632626115143625}, '159928': {'shares': 329700.0, 'price': 1.029, 'value': 339261.3, 'profit_pct': -5.6040378354427896}, '512400': {'shares': 284300.0, 'price': 1.141, 'value': 324386.3, 'profit_pct': 3.5295313224468763}, '515050': {'shares': 1280500.0, 'price': 0.342, 'value': 437931.00000000006, 'profit_pct': 27.961925714734726}}",0.002308674865223903,1.4914751633068541,-23.493467841974812
2023-04-12,26.963306854246184,1507243.2,1507270.1633068542,"{'159995': {'shares': 626800.0, 'price': 0.632, 'value': 396137.6, 'profit_pct': 10.379131358152366}, '159928': {'shares': 329700.0, 'price': 1.01, 'value': 332997.0, 'profit_pct': -7.347014785031301}, '512400': {'shares': 284300.0, 'price': 1.147, 'value': 326092.1, 'profit_pct': 4.07394603579892}, '515050': {'shares': 1280500.0, 'price': 0.353, 'value': 452016.5, 'profit_pct': 32.07766016754781}}",0.01059018640644327,1.5072701633068541,-22.683249405110782
2023-04-13,26.963306854246184,1470564.3,1470591.2633068543,"{'159995': {'shares': 626800.0, 'price': 0.607, 'value': 380467.6, 'profit_pct': 6.012868250630512}, '159928': {'shares': 329700.0, 'price': 1.011, 'value': 333326.69999999995, 'profit_pct': -7.2552791561056}, '512400': {'shares': 284300.0, 'price': 1.135, 'value': 322680.5, 'profit_pct': 2.9851166090948325}, '515050': {'shares': 1280500.0, 'price': 0.339, 'value': 434089.50000000006, 'profit_pct': 26.83945268214933}}",-0.024334655387544313,1.4705912633068543,-24.56472588652212
2023-04-14,26.963306854246184,1498246.0,1498272.9633068542,"{'159995': {'shares': 626800.0, 'price': 0.637, 'value': 399271.60000000003, 'profit_pct': 11.252383979656736}, '159928': {'shares': 329700.0, 'price': 1.003, 'value': 330689.1, 'profit_pct': -7.989164187511294}, '512400': {'shares': 284300.0, 'price': 1.171, 'value': 332915.3, 'profit_pct': 6.251604889207095}, '515050': {'shares': 1280500.0, 'price': 0.34, 'value': 435370.00000000006, 'profit_pct': 27.213610359677798}}",0.018823517241461918,1.4982729633068543,-23.144768703632668
2023-04-17,26.963306854246184,1497649.4,1497676.3633068542,"{'159995': {'shares': 626800.0, 'price': 0.632, 'value': 396137.6, 'profit_pct': 10.379131358152366}, '159928': {'shares': 329700.0, 'price': 1.012, 'value': 333656.4, 'profit_pct': -7.163543527179879}, '512400': {'shares': 284300.0, 'price': 1.183, 'value': 336326.9, 'profit_pct': 7.340434315911182}, '515050': {'shares': 1280500.0, 'price': 0.337, 'value': 431528.5, 'profit_pct': 26.0911373270924}}",-0.0003981917945601321,1.4976763633068542,-23.1753718261039
2023-04-18,26.963306854246184,1494712.4,1494739.3633068542,"{'159995': {'shares': 626800.0, 'price': 0.62, 'value': 388616.0, 'profit_pct': 8.283325066541876}, '159928': {'shares': 329700.0, 'price': 1.019, 'value': 335964.3, 'profit_pct': -6.521394124699907}, '512400': {'shares': 284300.0, 'price': 1.182, 'value': 336042.6, 'profit_pct': 7.249698530352498}, '515050': {'shares': 1280500.0, 'price': 0.339, 'value': 434089.50000000006, 'profit_pct': 26.83945268214933}}",-0.0019610378262998607,1.4947393633068542,-23.32602782794433
2023-04-19,26.963306854246184,1484574.8,1484601.7633068543,"{'159995': {'shares': 626800.0, 'price': 0.619, 'value': 387989.2, 'profit_pct': 8.108674542241001}, '159928': {'shares': 329700.0, 'price': 1.01, 'value': 332997.0, 'profit_pct': -7.347014785031301}, '512400': {'shares': 284300.0, 'price': 1.177, 'value': 334621.10000000003, 'profit_pct': 6.796019602559138}, '515050': {'shares': 1280500.0, 'price': 0.335, 'value': 428967.5, 'profit_pct': 25.342821972035473}}",-0.00678218574345435,1.4846017633068542,-23.846044948903668
2023-04-20,328969.1807279443,1165766.2,1494735.3807279442,"{'159995': {'shares': 626800.0, 'price': 0.633, 'value': 396764.4, 'profit_pct': 10.55378188245324}, '512400': {'shares': 284300.0, 'price': 1.151, 'value': 327229.3, 'profit_pct': 4.436889178033616}, '515050': {'shares': 1280500.0, 'price': 0.345, 'value': 441772.49999999994, 'profit_pct': 29.084398747320094}}",0.006825815293737714,1.4947353807279442,-23.326232117837275
2023-04-21,328969.1807279443,1119362.2999999998,1448331.480727944,"{'159995': {'shares': 626800.0, 'price': 0.598, 'value': 374826.39999999997, 'profit_pct': 4.4410135319226445}, '512400': {'shares': 284300.0, 'price': 1.128, 'value': 320690.39999999997, 'profit_pct': 2.3499661101841047}, '515050': {'shares': 1280500.0, 'price': 0.331, 'value': 423845.5, 'profit_pct': 23.846191261921614}}",-0.03104489302808977,1.4483314807279442,-25.706561039799613
2023-04-24,328969.1807279443,1100746.3,1429715.4807279443,"{'159995': {'shares': 626800.0, 'price': 0.581, 'value': 364170.8, 'profit_pct': 1.4719546188077839}, '512400': {'shares': 284300.0, 'price': 1.1, 'value': 312730.0, 'profit_pct': -0.19063588545874532}, '515050': {'shares': 1280500.0, 'price': 0.331, 'value': 423845.5, 'profit_pct': 23.846191261921614}}",-0.012853411147731975,1.4297154807279442,-26.661485156333995
2023-04-25,328969.1807279443,1067935.1,1396904.2807279443,"{'159995': {'shares': 626800.0, 'price': 0.567, 'value': 355395.6, 'profit_pct': -0.9731527214044543}, '512400': {'shares': 284300.0, 'price': 1.065, 'value': 302779.5, 'profit_pct': -3.366388380012343}, '515050': {'shares': 1280500.0, 'price': 0.32, 'value': 409760.0, 'profit_pct': 19.730456809108507}}",-0.022949461233569335,1.3969042807279444,-28.344564559666264
2023-04-26,328969.1807279443,1049424.0,1378393.1807279442,"{'159995': {'shares': 626800.0, 'price': 0.552, 'value': 345993.60000000003, 'profit_pct': -3.592910585917547}, '512400': {'shares': 284300.0, 'price': 1.078, 'value': 306475.4, 'profit_pct': -2.186823167749572}, '515050': {'shares': 1280500.0, 'price': 0.31, 'value': 396955.0, 'profit_pct': 15.988880033823863}}",-0.013251516410525799,1.3783931807279441,-29.29410773830722
2023-04-27,328969.1807279443,1041714.1000000001,1370683.2807279443,"{'159995': {'shares': 626800.0, 'price': 0.554, 'value': 347247.2, 'profit_pct': -3.2436095373157987}, '512400': {'shares': 284300.0, 'price': 1.078, 'value': 306475.4, 'profit_pct': -2.186823167749572}, '515050': {'shares': 1280500.0, 'price': 0.303, 'value': 387991.5, 'profit_pct': 13.369776291124612}}",-0.00559339679548343,1.3706832807279443,-29.68959384950557
2023-04-28,37266.279331934464,1350129.1,1387395.3793319345,"{'159995': {'shares': 626800.0, 'price': 0.56, 'value': 351008.00000000006, 'profit_pct': -2.1957063915105537}, '512660': {'shares': 316100.0, 'price': 1.091, 'value': 344865.1, 'profit_pct': -0.0999000999000956}, '512400': {'shares': 284300.0, 'price': 1.088, 'value': 309318.4, 'profit_pct': -1.2794653121628328}, '512880': {'shares': 371700.0, 'price': 0.928, 'value': 344937.60000000003, 'profit_pct': -0.09990009990009224}}",0.012192531155056141,1.3873953793319345,-28.832332031991005
2023-05-04,37266.279331934464,1344499.7,1381765.9793319344,"{'159995': {'shares': 626800.0, 'price': 0.545, 'value': 341606.0, 'profit_pct': -4.815464256023666}, '512660': {'shares': 316100.0, 'price': 1.09, 'value': 344549.0, 'profit_pct': -0.191467560853431}, '512400': {'shares': 284300.0, 'price': 1.088, 'value': 309318.4, 'profit_pct': -1.2794653121628328}, '512880': {'shares': 371700.0, 'price': 0.939, 'value': 349026.3, 'profit_pct': 1.0842605670191845}}",-0.004057531172340201,1.3817659793319343,-29.121097063233957
2023-05-05,37266.279331934464,1337743.5,1375009.7793319344,"{'159995': {'shares': 626800.0, 'price': 0.542, 'value': 339725.60000000003, 'profit_pct': -5.339415828926289}, '512660': {'shares': 316100.0, 'price': 1.077, 'value': 340439.7, 'profit_pct': -1.3818445532469332}, '512400': {'shares': 284300.0, 'price': 1.067, 'value': 303348.1, 'profit_pct': -3.1849168088949957}, '512880': {'shares': 371700.0, 'price': 0.953, 'value': 354230.1, 'profit_pct': 2.591374143098279}}",-0.004889539980761803,1.3750097793319345,-29.467662292935813
2023-05-08,37266.279331934464,1360702.4,1397968.6793319343,"{'159995': {'shares': 626800.0, 'price': 0.542, 'value': 339725.60000000003, 'profit_pct': -5.339415828926289}, '512660': {'shares': 316100.0, 'price': 1.112, 'value': 351503.2, 'profit_pct': 1.8230165801201712}, '512400': {'shares': 284300.0, 'price': 1.084, 'value': 308181.2, 'profit_pct': -1.6424084543975284}, '512880': {'shares': 371700.0, 'price': 0.972, 'value': 361292.39999999997, 'profit_pct': 4.63674256777705}}",0.01669726306321606,1.3979686793319344,-28.289965295777375
2023-05-09,37266.279331934464,1346456.9,1383723.1793319343,"{'159995': {'shares': 626800.0, 'price': 0.531, 'value': 332830.8, 'profit_pct': -7.260571596235904}, '512660': {'shares': 316100.0, 'price': 1.092, 'value': 345181.2, 'profit_pct': -0.008332638946739898}, '512400': {'shares': 284300.0, 'price': 1.066, 'value': 303063.8, 'profit_pct': -3.2756525944536596}, '512880': {'shares': 371700.0, 'price': 0.983, 'value': 365381.1, 'profit_pct': 5.820903234696339}}",-0.010190142462138452,1.3837231793319342,-29.020700765378294
2023-05-10,365908.58705293445,1002648.0,1368556.5870529343,"{'512660': {'shares': 316100.0, 'price': 1.083, 'value': 342336.3, 'profit_pct': -0.83243978752686}, '512400': {'shares': 284300.0, 'price': 1.074, 'value': 305338.2, 'profit_pct': -2.549766309984268}, '512880': {'shares': 371700.0, 'price': 0.955, 'value': 354973.5, 'profit_pct': 2.80667608253815}}",-0.010960712739033873,1.3685565870529344,-29.798684474706917
2023-05-11,365908.58705293445,996840.8999999999,1362749.4870529342,"{'512660': {'shares': 316100.0, 'price': 1.073, 'value': 339175.3, 'profit_pct': -1.7481143970603155}, '512400': {'shares': 284300.0, 'price': 1.066, 'value': 303063.8, 'profit_pct': -3.2756525944536596}, '512880': {'shares': 371700.0, 'price': 0.954, 'value': 354601.8, 'profit_pct': 2.6990251128182146}}",-0.004243229731921594,1.3627494870529342,-30.096564783963842
2023-05-12,365908.58705293445,976716.3999999999,1342624.9870529342,"{'512660': {'shares': 316100.0, 'price': 1.057, 'value': 334117.69999999995, 'profit_pct': -3.2131937723138444}, '512400': {'shares': 284300.0, 'price': 1.03, 'value': 292829.0, 'profit_pct': -6.542140874565922}, '512880': {'shares': 371700.0, 'price': 0.941, 'value': 349769.69999999995, 'profit_pct': 1.2995625064590552}}",-0.014767571142896507,1.3426249870529343,-31.12886873664952
2023-05-15,365908.58705293445,1002807.0,1368715.5870529343,"{'512660': {'shares': 316100.0, 'price': 1.088, 'value': 343916.80000000005, 'profit_pct': -0.37460248276012215}, '512400': {'shares': 284300.0, 'price': 1.069, 'value': 303916.7, 'profit_pct': -3.0034452377776475}, '512880': {'shares': 371700.0, 'price': 0.955, 'value': 354973.5, 'profit_pct': 2.80667608253815}}",0.019432529747021254,1.3687155870529344,-29.790528429663453
2023-05-16,365908.58705293445,995258.8999999999,1361167.4870529342,"{'512660': {'shares': 316100.0, 'price': 1.081, 'value': 341704.1, 'profit_pct': -1.0155747094335512}, '512400': {'shares': 284300.0, 'price': 1.062, 'value': 301926.60000000003, 'profit_pct': -3.638595736688355}, '512880': {'shares': 371700.0, 'price': 0.946, 'value': 351628.19999999995, 'profit_pct': 1.837817355058732}}",-0.005514732258037891,1.3611674870529342,-30.17771486735219
2023-05-17,365908.58705293445,1000491.5,1366400.0870529343,"{'512660': {'shares': 316100.0, 'price': 1.108, 'value': 350238.80000000005, 'profit_pct': 1.456746736306789}, '512400': {'shares': 284300.0, 'price': 1.053, 'value': 299367.89999999997, 'profit_pct': -4.455217806716431}, '512880': {'shares': 371700.0, 'price': 0.944, 'value': 350884.8, 'profit_pct': 1.6225154156188613}}",0.003844199960527428,1.3664000870529343,-29.909304041601324
2023-05-18,365908.58705293445,998744.2,1364652.7870529345,"{'512660': {'shares': 316100.0, 'price': 1.106, 'value': 349606.60000000003, 'profit_pct': 1.2736118144000979}, '512400': {'shares': 284300.0, 'price': 1.053, 'value': 299367.89999999997, 'profit_pct': -4.455217806716431}, '512880': {'shares': 371700.0, 'price': 0.941, 'value': 349769.69999999995, 'profit_pct': 1.2995625064590552}}",-0.00127876162813223,1.3646527870529346,-29.99893333408201
2023-05-19,365908.58705293445,991100.9000000001,1357009.4870529347,"{'512660': {'shares': 316100.0, 'price': 1.107, 'value': 349922.7, 'profit_pct': 1.365179275353433}, '512400': {'shares': 284300.0, 'price': 1.042, 'value': 296240.60000000003, 'profit_pct': -5.453311447861834}, '512880': {'shares': 371700.0, 'price': 0.928, 'value': 344937.60000000003, 'profit_pct': -0.09990009990009224}}",-0.00560091187481182,1.3570094870529348,-30.391003139620643
2023-05-22,365908.58705293445,988713.3999999999,1354621.9870529342,"{'512660': {'shares': 316100.0, 'price': 1.1, 'value': 347710.0, 'profit_pct': 0.7242070486800245}, '512400': {'shares': 284300.0, 'price': 1.044, 'value': 296809.2, 'profit_pct': -5.271839876744486}, '512880': {'shares': 371700.0, 'price': 0.926, 'value': 344194.2, 'profit_pct': -0.3152020393399629}}",-0.0017593834256719454,1.3546219870529344,-30.513472054974443
2023-05-23,365908.58705293445,973358.4000000001,1339266.9870529347,"{'512660': {'shares': 316100.0, 'price': 1.082, 'value': 342020.2, 'profit_pct': -0.9240072484801954}, '512400': {'shares': 284300.0, 'price': 1.027, 'value': 291976.1, 'profit_pct': -6.8143482312419525}, '512880': {'shares': 371700.0, 'price': 0.913, 'value': 339362.10000000003, 'profit_pct': -1.7146646456991224}}",-0.011335265591993937,1.3392669870529348,-31.301120304296816
2023-05-24,365908.58705293445,965152.6000000001,1331061.1870529344,"{'512660': {'shares': 316100.0, 'price': 1.077, 'value': 340439.7, 'profit_pct': -1.3818445532469332}, '512400': {'shares': 284300.0, 'price': 1.022, 'value': 290554.6, 'profit_pct': -7.268027159035313}, '512880': {'shares': 371700.0, 'price': 0.899, 'value': 334158.3, 'profit_pct': -3.2217782217782167}}",-0.006127083008338197,1.3310611870529345,-31.722044042772225
2023-05-25,652394.4568005444,676605.8,1329000.2568005444,"{'512660': {'shares': 316100.0, 'price': 1.081, 'value': 341704.1, 'profit_pct': -1.0155747094335512}, '512880': {'shares': 371700.0, 'price': 0.901, 'value': 334901.7, 'profit_pct': -3.006476282338346}}",-0.0015483362240867882,1.3290002568005443,-31.827761275287404
2023-05-26,652394.4568005444,676400.9000000001,1328795.3568005445,"{'512660': {'shares': 316100.0, 'price': 1.078, 'value': 340755.80000000005, 'profit_pct': -1.2902770922935776}, '512880': {'shares': 371700.0, 'price': 0.903, 'value': 335645.10000000003, 'profit_pct': -2.7911743428984757}}",-0.00015417604244349903,1.3287953568005446,-31.83827180125849
2023-05-29,652394.4568005444,673687.8,1326082.2568005444,"{'512660': {'shares': 316100.0, 'price': 1.08, 'value': 341388.0, 'profit_pct': -1.1071421703868867}, '512880': {'shares': 371700.0, 'price': 0.894, 'value': 332299.8, 'profit_pct': -3.7600330703778937}}",-0.002041774142357511,1.3260822568005444,-31.977442655393084
2023-05-30,652394.4568005444,672274.1000000001,1324668.5568005445,"{'512660': {'shares': 316100.0, 'price': 1.072, 'value': 338859.2, 'profit_pct': -1.8396818580136511}, '512880': {'shares': 371700.0, 'price': 0.897, 'value': 333414.9, 'profit_pct': -3.4370801612180877}}",-0.0010660726306758184,1.3246685568005445,-32.049959642046744
2023-05-31,143.63643940445036,1322712.1,1322855.7364394045,"{'512660': {'shares': 316100.0, 'price': 1.076, 'value': 340123.60000000003, 'profit_pct': -1.4734120142002687}, '515030': {'shares': 214500.0, 'price': 1.495, 'value': 320677.5, 'profit_pct': -0.09990009990008668}, '512880': {'shares': 371700.0, 'price': 0.891, 'value': 331184.7, 'profit_pct': -4.0829859795377}, '515050': {'shares': 1030300.0, 'price': 0.321, 'value': 330726.3, 'profit_pct': -0.09990009990008752}}",-0.0013685086369970012,1.3228557364394045,-32.14294985916091
2023-06-01,143.63643940445036,1331595.7000000002,1331739.3364394046,"{'512660': {'shares': 316100.0, 'price': 1.086, 'value': 343284.60000000003, 'profit_pct': -0.5577374046668132}, '515030': {'shares': 214500.0, 'price': 1.499, 'value': 321535.5, 'profit_pct': 0.16739113729081634}, '512880': {'shares': 371700.0, 'price': 0.893, 'value': 331928.10000000003, 'profit_pct': -3.8676840400978287}, '515050': {'shares': 1030300.0, 'price': 0.325, 'value': 334847.5, 'profit_pct': 1.1449609580450837}}",0.006715471502517056,1.3317393364394046,-31.687257772695222
2023-06-02,143.63643940445036,1341968.6,1342112.2364394045,"{'512660': {'shares': 316100.0, 'price': 1.08, 'value': 341388.0, 'profit_pct': -1.1071421703868867}, '515030': {'shares': 214500.0, 'price': 1.541, 'value': 330544.5, 'profit_pct': 2.973949127795283}, '512880': {'shares': 371700.0, 'price': 0.899, 'value': 334158.3, 'profit_pct': -3.2217782217782167}, '515050': {'shares': 1030300.0, 'price': 0.326, 'value': 335877.8, 'profit_pct': 1.4561762225313766}}",0.007788986715473456,1.3421122364394045,-31.15517073098919
2023-06-05,143.63643940445036,1335047.1,1335190.7364394045,"{'512660': {'shares': 316100.0, 'price': 1.069, 'value': 337910.89999999997, 'profit_pct': -2.1143842408736977}, '515030': {'shares': 214500.0, 'price': 1.524, 'value': 326898.0, 'profit_pct': 1.8379613697339525}, '512880': {'shares': 371700.0, 'price': 0.894, 'value': 332299.8, 'profit_pct': -3.7600330703778937}, '515050': {'shares': 1030300.0, 'price': 0.328, 'value': 337938.4, 'profit_pct': 2.0786067515039623}}",-0.005157169282922758,1.3351907364394044,-31.510215169783386
2023-06-06,143.63643940445036,1307091.8,1307235.4364394045,"{'512660': {'shares': 316100.0, 'price': 1.046, 'value': 330640.60000000003, 'profit_pct': -4.220435842800635}, '515030': {'shares': 214500.0, 'price': 1.506, 'value': 323037.0, 'profit_pct': 0.6351508023748892}, '512880': {'shares': 371700.0, 'price': 0.882, 'value': 327839.4, 'profit_pct': -5.051844707017118}, '515050': {'shares': 1030300.0, 'price': 0.316, 'value': 325574.8, 'profit_pct': -1.6559764223315516}}",-0.020937308233990093,1.3072354364394045,-32.944206905653296
2023-06-07,143.63643940445036,1302191.9,1302335.5364394044,"{'512660': {'shares': 316100.0, 'price': 1.038, 'value': 328111.8, 'profit_pct': -4.952975530427399}, '515030': {'shares': 214500.0, 'price': 1.474, 'value': 316173.0, 'profit_pct': -1.5031790951523347}, '512880': {'shares': 371700.0, 'price': 0.883, 'value': 328211.1, 'profit_pct': -4.944193737297183}, '515050': {'shares': 1030300.0, 'price': 0.32, 'value': 329696.0, 'profit_pct': -0.41111536438638036}}",-0.00374829190168402,1.3023355364394043,-33.19555159186983
2023-06-08,143.63643940445036,1300669.2000000002,1300812.8364394046,"{'512660': {'shares': 316100.0, 'price': 1.036, 'value': 327479.60000000003, 'profit_pct': -5.136110452334091}, '515030': {'shares': 214500.0, 'price': 1.47, 'value': 315315.0, 'profit_pct': -1.7704703323432376}, '512880': {'shares': 371700.0, 'price': 0.894, 'value': 332299.8, 'profit_pct': -3.7600330703778937}, '515050': {'shares': 1030300.0, 'price': 0.316, 'value': 325574.8, 'profit_pct': -1.6559764223315516}}",-0.0011692071339486354,1.3008128364394047,-33.273659829528114
2023-06-09,143.63643940445036,1314055.9,1314199.5364394044,"{'512660': {'shares': 316100.0, 'price': 1.042, 'value': 329376.2, 'profit_pct': -4.5867056866140175}, '515030': {'shares': 214500.0, 'price': 1.479, 'value': 317245.5, 'profit_pct': -1.1690650486636986}, '512880': {'shares': 371700.0, 'price': 0.892, 'value': 331556.4, 'profit_pct': -3.9753350098177647}, '515050': {'shares': 1030300.0, 'price': 0.326, 'value': 335877.8, 'profit_pct': 1.4561762225313766}}",0.010291026983283658,1.3141995364394043,-32.586977262338024
2023-06-12,143.63643940445036,1318631.0,1318774.6364394045,"{'512660': {'shares': 316100.0, 'price': 1.038, 'value': 328111.8, 'profit_pct': -4.952975530427399}, '515030': {'shares': 214500.0, 'price': 1.493, 'value': 320248.5, 'profit_pct': -0.23354571849553818}, '512880': {'shares': 371700.0, 'price': 0.883, 'value': 328211.1, 'profit_pct': -4.944193737297183}, '515050': {'shares': 1030300.0, 'price': 0.332, 'value': 342059.60000000003, 'profit_pct': 3.3234678094491334}}",0.0034812826158769905,1.3187746364394044,-32.35229347819768
2023-06-13,143.63643940445036,1328548.3,1328691.9364394045,"{'512660': {'shares': 316100.0, 'price': 1.04, 'value': 328744.0, 'profit_pct': -4.769840608520708}, '515030': {'shares': 214500.0, 'price': 1.494, 'value': 320463.0, 'profit_pct': -0.16672290919781985}, '512880': {'shares': 371700.0, 'price': 0.888, 'value': 330069.6, 'profit_pct': -4.405938888697506}, '515050': {'shares': 1030300.0, 'price': 0.339, 'value': 349271.7, 'profit_pct': 5.501974660853183}}",0.007520087000441489,1.3286919364394045,-31.84357683977338
2023-06-14,143.63643940445036,1329722.1,1329865.7364394045,"{'512660': {'shares': 316100.0, 'price': 1.039, 'value': 328427.89999999997, 'profit_pct': -4.861408069474065}, '515030': {'shares': 214500.0, 'price': 1.48, 'value': 317460.0, 'profit_pct': -1.1022422393659803}, '512880': {'shares': 371700.0, 'price': 0.889, 'value': 330441.3, 'profit_pct': -4.298287918977571}, '515050': {'shares': 1030300.0, 'price': 0.343, 'value': 353392.9, 'profit_pct': 6.746835718798355}}",0.0008834252453924218,1.3298657364394046,-31.78336573491799
2023-06-15,143.63643940445036,1352699.2999999998,1352842.9364394043,"{'512660': {'shares': 316100.0, 'price': 1.047, 'value': 330956.69999999995, 'profit_pct': -4.128868381847299}, '515030': {'shares': 214500.0, 'price': 1.548, 'value': 332046.0, 'profit_pct': 3.441708792879371}, '512880': {'shares': 371700.0, 'price': 0.902, 'value': 335273.4, 'profit_pct': -2.898825312618411}, '515050': {'shares': 1030300.0, 'price': 0.344, 'value': 354423.19999999995, 'profit_pct': 7.05805098328463}}",0.01727783442373587,1.3528429364394043,-30.604730023141347
2023-06-16,143.63643940445036,1373853.9000000001,1373997.5364394046,"{'512660': {'shares': 316100.0, 'price': 1.064, 'value': 336330.4, 'profit_pct': -2.5722215456404154}, '515030': {'shares': 214500.0, 'price': 1.557, 'value': 333976.5, 'profit_pct': 4.043114076558895}, '512880': {'shares': 371700.0, 'price': 0.906, 'value': 336760.2, 'profit_pct': -2.4682214337386696}, '515050': {'shares': 1030300.0, 'price': 0.356, 'value': 366786.8, 'profit_pct': 10.792634157120144}}",0.015637144143042958,1.3739975364394046,-29.519586183667833
2023-06-19,143.63643940445036,1382555.2,1382698.8364394044,"{'512660': {'shares': 316100.0, 'price': 1.072, 'value': 338859.2, 'profit_pct': -1.8396818580136511}, '515030': {'shares': 214500.0, 'price': 1.542, 'value': 330759.0, 'profit_pct': 3.040771937093016}, '512880': {'shares': 371700.0, 'price': 0.898, 'value': 333786.60000000003, 'profit_pct': -3.3294291914981526}, '515050': {'shares': 1030300.0, 'price': 0.368, 'value': 379150.39999999997, 'profit_pct': 14.527217330955658}}",0.006332835226581679,1.3826988364394044,-29.073245336267718
2023-06-20,143.63643940445036,1396777.5,1396921.1364394045,"{'512660': {'shares': 316100.0, 'price': 1.103, 'value': 348658.3, 'profit_pct': 0.998909431540051}, '515030': {'shares': 214500.0, 'price': 1.539, 'value': 330115.5, 'profit_pct': 2.8403035091998317}, '512880': {'shares': 371700.0, 'price': 0.895, 'value': 332671.5, 'profit_pct': -3.652382100657958}, '515050': {'shares': 1030300.0, 'price': 0.374, 'value': 385332.2, 'profit_pct': 16.394508917873416}}",0.010285898581229747,1.3969211364394045,-28.343699931100808
2023-06-21,143.63643940445036,1366333.0,1366476.6364394045,"{'512660': {'shares': 316100.0, 'price': 1.09, 'value': 344549.0, 'profit_pct': -0.191467560853431}, '515030': {'shares': 214500.0, 'price': 1.516, 'value': 325182.0, 'profit_pct': 1.3033788953521466}, '512880': {'shares': 371700.0, 'price': 0.879, 'value': 326724.3, 'profit_pct': -5.374797616176924}, '515050': {'shares': 1030300.0, 'price': 0.359, 'value': 369877.7, 'profit_pct': 11.726279950579023}}",-0.021794000538641445,1.3664766364394045,-29.905377373399446
2023-06-26,143.63643940445036,1339229.0999999999,1339372.7364394043,"{'512660': {'shares': 316100.0, 'price': 1.072, 'value': 338859.2, 'profit_pct': -1.8396818580136511}, '515030': {'shares': 214500.0, 'price': 1.515, 'value': 324967.5, 'profit_pct': 1.2365560860544136}, '512880': {'shares': 371700.0, 'price': 0.858, 'value': 318918.6, 'profit_pct': -7.635467980295566}, '515050': {'shares': 1030300.0, 'price': 0.346, 'value': 356483.8, 'profit_pct': 7.680481512257216}}",-0.0198348799220045,1.3393727364394044,-31.29569579637629
2023-06-27,143.63643940445036,1351370.2,1351513.8364394044,"{'512660': {'shares': 316100.0, 'price': 1.09, 'value': 344549.0, 'profit_pct': -0.191467560853431}, '515030': {'shares': 214500.0, 'price': 1.512, 'value': 324324.0, 'profit_pct': 1.0360876581612437}, '512880': {'shares': 371700.0, 'price': 0.866, 'value': 321892.2, 'profit_pct': -6.774260222536083}, '515050': {'shares': 1030300.0, 'price': 0.35, 'value': 360605.0, 'profit_pct': 8.925342570202387}}",0.009064765669544839,1.3515138364394044,-30.672907378281323
2023-06-28,143.63643940445036,1342850.9,1342994.5364394044,"{'512660': {'shares': 316100.0, 'price': 1.097, 'value': 346761.7, 'profit_pct': 0.44950466581997767}, '515030': {'shares': 214500.0, 'price': 1.51, 'value': 323895.0, 'profit_pct': 0.9024420395657922}, '512880': {'shares': 371700.0, 'price': 0.866, 'value': 321892.2, 'profit_pct': -6.774260222536083}, '515050': {'shares': 1030300.0, 'price': 0.34, 'value': 350302.0, 'profit_pct': 5.8131899253394765}}",-0.006303524070788935,1.3429945364394043,-31.109912375380134
2023-06-29,143.63643940445036,1352047.1,1352190.7364394045,"{'512660': {'shares': 316100.0, 'price': 1.103, 'value': 348658.3, 'profit_pct': 0.998909431540051}, '515030': {'shares': 214500.0, 'price': 1.506, 'value': 323037.0, 'profit_pct': 0.6351508023748892}, '512880': {'shares': 371700.0, 'price': 0.863, 'value': 320777.1, 'profit_pct': -7.09721313169589}, '515050': {'shares': 1030300.0, 'price': 0.349, 'value': 359574.69999999995, 'profit_pct': 8.614127305716094}}",0.00684753344148481,1.3521907364394046,-30.638185196583734
2023-06-30,6.793000074510928,1377354.1,1377360.8930000747,"{'512660': {'shares': 316100.0, 'price': 1.124, 'value': 355296.4, 'profit_pct': 2.9218261115603177}, '512670': {'shares': 382400.0, 'price': 0.823, 'value': 314715.19999999995, 'profit_pct': -0.09990009990008865}, '512580': {'shares': 273100.0, 'price': 1.247, 'value': 340555.7, 'profit_pct': -0.09990009990008197}, '515050': {'shares': 1030300.0, 'price': 0.356, 'value': 366786.8, 'profit_pct': 10.792634157120144}}",0.01861435364285091,1.3773608930000747,-29.347059846523006
2023-07-03,6.793000074510928,1385283.0999999999,1385289.8930000744,"{'512660': {'shares': 316100.0, 'price': 1.132, 'value': 357825.19999999995, 'profit_pct': 3.654365799187062}, '512670': {'shares': 382400.0, 'price': 0.828, 'value': 316627.2, 'profit_pct': 0.5070263879498507}, '512580': {'shares': 273100.0, 'price': 1.256, 'value': 343013.6, 'profit_pct': 0.621111046131104}, '515050': {'shares': 1030300.0, 'price': 0.357, 'value': 367817.1, 'profit_pct': 11.103849421606437}}",0.005756661191918422,1.3852898930000743,-28.940334807846547
2023-07-04,6.793000074510928,1388109.9,1388116.6930000745,"{'512660': {'shares': 316100.0, 'price': 1.134, 'value': 358457.39999999997, 'profit_pct': 3.8375007210937526}, '512670': {'shares': 382400.0, 'price': 0.829, 'value': 317009.6, 'profit_pct': 0.6284116855198385}, '512580': {'shares': 273100.0, 'price': 1.24, 'value': 338644.0, 'profit_pct': -0.6606865468132425}, '515050': {'shares': 1030300.0, 'price': 0.363, 'value': 373998.89999999997, 'profit_pct': 12.971141008524196}}",0.0020405837177359665,1.3881166930000746,-28.795331612067677
2023-07-05,6.793000074510928,1369608.9000000001,1369615.6930000747,"{'512660': {'shares': 316100.0, 'price': 1.119, 'value': 353715.9, 'profit_pct': 2.46398880679358}, '512670': {'shares': 382400.0, 'price': 0.821, 'value': 313950.39999999997, 'profit_pct': -0.34267069504006437}, '512580': {'shares': 273100.0, 'price': 1.231, 'value': 336186.10000000003, 'profit_pct': -1.3816976928444282}, '515050': {'shares': 1030300.0, 'price': 0.355, 'value': 365756.5, 'profit_pct': 10.481418892633851}}",-0.013328130187682086,1.3696156930000747,-29.744356702312768
2023-07-06,6.793000074510928,1362246.2999999998,1362253.0930000744,"{'512660': {'shares': 316100.0, 'price': 1.112, 'value': 351503.2, 'profit_pct': 1.8230165801201712}, '512670': {'shares': 382400.0, 'price': 0.81, 'value': 309744.0, 'profit_pct': -1.677908968309917}, '512580': {'shares': 273100.0, 'price': 1.22, 'value': 333182.0, 'profit_pct': -2.2629335379936752}, '515050': {'shares': 1030300.0, 'price': 0.357, 'value': 367817.1, 'profit_pct': 11.103849421606437}}",-0.005375668545293144,1.3622530930000745,-30.122027754117475
2023-07-07,6.793000074510928,1350332.5999999999,1350339.3930000744,"{'512660': {'shares': 316100.0, 'price': 1.101, 'value': 348026.1, 'profit_pct': 0.8157745096333598}, '512670': {'shares': 382400.0, 'price': 0.803, 'value': 307067.2, 'profit_pct': -2.5276060512998324}, '512580': {'shares': 273100.0, 'price': 1.214, 'value': 331543.39999999997, 'profit_pct': -2.7436076353478054}, '515050': {'shares': 1030300.0, 'price': 0.353, 'value': 363695.89999999997, 'profit_pct': 9.858988363661265}}",-0.008745584841185816,1.3503393930000744,-30.73315148892387
2023-07-10,6.793000074510928,1357452.4000000001,1357459.1930000747,"{'512660': {'shares': 316100.0, 'price': 1.106, 'value': 349606.60000000003, 'profit_pct': 1.2736118144000979}, '512670': {'shares': 382400.0, 'price': 0.807, 'value': 308596.80000000005, 'profit_pct': -2.0420648610198806}, '512580': {'shares': 273100.0, 'price': 1.24, 'value': 338644.0, 'profit_pct': -0.6606865468132425}, '515050': {'shares': 1030300.0, 'price': 0.35, 'value': 360605.0, 'profit_pct': 8.925342570202387}}",0.005272600382472792,1.3574591930000748,-30.367935076971687
2023-07-11,6.793000074510928,1371447.4000000001,1371454.1930000747,"{'512660': {'shares': 316100.0, 'price': 1.112, 'value': 351503.2, 'profit_pct': 1.8230165801201712}, '512670': {'shares': 382400.0, 'price': 0.814, 'value': 311273.6, 'profit_pct': -1.1923677780299795}, '512580': {'shares': 273100.0, 'price': 1.233, 'value': 336732.30000000005, 'profit_pct': -1.221472993726385}, '515050': {'shares': 1030300.0, 'price': 0.361, 'value': 371938.3, 'profit_pct': 12.348710479551608}}",0.010309702179017277,1.3714541930000748,-29.65004922550526
2023-07-12,6.793000074510928,1348125.8,1348132.5930000746,"{'512660': {'shares': 316100.0, 'price': 1.092, 'value': 345181.2, 'profit_pct': -0.008332638946739898}, '512670': {'shares': 382400.0, 'price': 0.801, 'value': 306302.4, 'profit_pct': -2.770376646439808}, '512580': {'shares': 273100.0, 'price': 1.238, 'value': 338097.8, 'profit_pct': -0.8209112459312858}, '515050': {'shares': 1030300.0, 'price': 0.348, 'value': 358544.39999999997, 'profit_pct': 8.302912041229801}}",-0.017005015638899112,1.3481325930000747,-30.846351238621338
2023-07-13,6.793000074510928,1365659.2999999998,1365666.0930000744,"{'512660': {'shares': 316100.0, 'price': 1.099, 'value': 347393.89999999997, 'profit_pct': 0.6326395877266687}, '512670': {'shares': 382400.0, 'price': 0.805, 'value': 307832.0, 'profit_pct': -2.2848354561598567}, '512580': {'shares': 273100.0, 'price': 1.247, 'value': 340555.7, 'profit_pct': -0.09990009990008197}, '515050': {'shares': 1030300.0, 'price': 0.359, 'value': 369877.7, 'profit_pct': 11.726279950579023}}",0.013005768194493061,1.3656660930000744,-29.946954913027458
2023-07-14,6.793000074510928,1362293.2,1362299.9930000745,"{'512660': {'shares': 316100.0, 'price': 1.094, 'value': 345813.4, 'profit_pct': 0.1748022829599512}, '512670': {'shares': 382400.0, 'price': 0.799, 'value': 305537.60000000003, 'profit_pct': -3.0131472415797838}, '512580': {'shares': 273100.0, 'price': 1.23, 'value': 335913.0, 'profit_pct': -1.4618100424034588}, '515050': {'shares': 1030300.0, 'price': 0.364, 'value': 375029.2, 'profit_pct': 13.282356273010487}}",-0.0024648045501409754,1.3622999930000745,-30.119621977309052
2023-07-17,6.793000074510928,1361790.6,1361797.3930000747,"{'512660': {'shares': 316100.0, 'price': 1.099, 'value': 347393.89999999997, 'profit_pct': 0.6326395877266687}, '512670': {'shares': 382400.0, 'price': 0.798, 'value': 305155.2, 'profit_pct': -3.1345325391497716}, '512580': {'shares': 273100.0, 'price': 1.22, 'value': 333182.0, 'profit_pct': -2.2629335379936752}, '515050': {'shares': 1030300.0, 'price': 0.365, 'value': 376059.5, 'profit_pct': 13.593571537496778}}",-0.00036893489142064695,1.3617973930000746,-30.145403286987293
2023-07-18,6.793000074510928,1356853.8,1356860.5930000746,"{'512660': {'shares': 316100.0, 'price': 1.1, 'value': 347710.0, 'profit_pct': 0.7242070486800245}, '512670': {'shares': 382400.0, 'price': 0.804, 'value': 307449.60000000003, 'profit_pct': -2.4062207537298446}, '512580': {'shares': 273100.0, 'price': 1.215, 'value': 331816.5, 'profit_pct': -2.6634952857887746}, '515050': {'shares': 1030300.0, 'price': 0.359, 'value': 369877.7, 'profit_pct': 11.726279950579023}}",-0.0036252088786307146,1.3568605930000746,-30.39864079120448
2023-07-19,6.793000074510928,1344035.4000000001,1344042.1930000747,"{'512660': {'shares': 316100.0, 'price': 1.091, 'value': 344865.1, 'profit_pct': -0.0999000999000956}, '512670': {'shares': 382400.0, 'price': 0.796, 'value': 304390.4, 'profit_pct': -3.3773031342897477}, '512580': {'shares': 273100.0, 'price': 1.201, 'value': 327993.10000000003, 'profit_pct': -3.7850681796150782}, '515050': {'shares': 1030300.0, 'price': 0.356, 'value': 366786.8, 'profit_pct': 10.792634157120144}}",-0.009447101689096793,1.3440421930000748,-31.056171909349317
2023-07-20,6.793000074510928,1318329.8,1318336.5930000746,"{'512660': {'shares': 316100.0, 'price': 1.07, 'value': 338227.0, 'profit_pct': -2.0228167799203423}, '512670': {'shares': 382400.0, 'price': 0.786, 'value': 300566.4, 'profit_pct': -4.591156109989626}, '512580': {'shares': 273100.0, 'price': 1.198, 'value': 327173.8, 'profit_pct': -4.0254052282921515}, '515050': {'shares': 1030300.0, 'price': 0.342, 'value': 352362.60000000003, 'profit_pct': 6.435620454312062}}",-0.019125590055042774,1.3183365930000746,-32.374763302236445
2023-07-21,6.793000074510928,1310310.7000000002,1310317.4930000748,"{'512660': {'shares': 316100.0, 'price': 1.067, 'value': 337278.7, 'profit_pct': -2.2975191627803886}, '512670': {'shares': 382400.0, 'price': 0.784, 'value': 299801.60000000003, 'profit_pct': -4.833926705129602}, '512580': {'shares': 273100.0, 'price': 1.19, 'value': 324989.0, 'profit_pct': -4.666304024764325}, '515050': {'shares': 1030300.0, 'price': 0.338, 'value': 348241.4, 'profit_pct': 5.19075939636689}}",-0.006082740965075661,1.3103174930000747,-32.78611009977087
2023-07-24,6.793000074510928,1315759.3,1315766.0930000746,"{'512660': {'shares': 316100.0, 'price': 1.075, 'value': 339807.5, 'profit_pct': -1.5649794751536246}, '512670': {'shares': 382400.0, 'price': 0.788, 'value': 301331.2, 'profit_pct': -4.34838551484965}, '512580': {'shares': 273100.0, 'price': 1.18, 'value': 322258.0, 'profit_pct': -5.4674275203545415}, '515050': {'shares': 1030300.0, 'price': 0.342, 'value': 352362.60000000003, 'profit_pct': 6.435620454312062}}",0.004158228848433421,1.3157660930000745,-32.506619363772316
2023-07-25,6.793000074510928,1329280.1,1329286.8930000747,"{'512660': {'shares': 316100.0, 'price': 1.084, 'value': 342652.4, 'profit_pct': -0.7408723265735043}, '512670': {'shares': 382400.0, 'price': 0.793, 'value': 303243.2, 'profit_pct': -3.741459026999711}, '512580': {'shares': 273100.0, 'price': 1.197, 'value': 326900.7, 'profit_pct': -4.105517577851164}, '515050': {'shares': 1030300.0, 'price': 0.346, 'value': 356483.8, 'profit_pct': 7.680481512257216}}",0.010275990597364615,1.3292868930000747,-31.813058018970086
2023-07-26,6.793000074510928,1320624.0,1320630.7930000746,"{'512660': {'shares': 316100.0, 'price': 1.076, 'value': 340123.60000000003, 'profit_pct': -1.4734120142002687}, '512670': {'shares': 382400.0, 'price': 0.791, 'value': 302478.4, 'profit_pct': -3.9842296221396865}, '512580': {'shares': 273100.0, 'price': 1.2, 'value': 327720.0, 'profit_pct': -3.8651805291741086}, '515050': {'shares': 1030300.0, 'price': 0.34, 'value': 350302.0, 'profit_pct': 5.8131899253394765}}",-0.006511837320884228,1.3206307930000745,-32.25708029255912
2023-07-27,6.793000074510928,1309506.4,1309513.1930000745,"{'512660': {'shares': 316100.0, 'price': 1.073, 'value': 339175.3, 'profit_pct': -1.7481143970603155}, '512670': {'shares': 382400.0, 'price': 0.787, 'value': 300948.8, 'profit_pct': -4.469770812419638}, '512580': {'shares': 273100.0, 'price': 1.191, 'value': 325262.10000000003, 'profit_pct': -4.586191675205295}, '515050': {'shares': 1030300.0, 'price': 0.334, 'value': 344120.2, 'profit_pct': 3.9458983384217197}}",-0.008418401311652168,1.3095131930000745,-32.82736737667938
2023-07-28,6.793000074510928,1314368.2,1314374.9930000745,"{'512660': {'shares': 316100.0, 'price': 1.071, 'value': 338543.1, 'profit_pct': -1.9312493189670068}, '512670': {'shares': 382400.0, 'price': 0.784, 'value': 299801.60000000003, 'profit_pct': -4.833926705129602}, '512580': {'shares': 273100.0, 'price': 1.204, 'value': 328812.39999999997, 'profit_pct': -3.544731130938022}, '515050': {'shares': 1030300.0, 'price': 0.337, 'value': 347211.10000000003, 'profit_pct': 4.879544131880598}}",0.003712677372009976,1.3143749930000745,-32.577977063520436
2023-07-31,246.74049032502808,1316456.0999999999,1316702.840490325,"{'512690': {'shares': 386300.0, 'price': 0.852, 'value': 329127.6, 'profit_pct': -0.09990009990008267}, '159928': {'shares': 329100.0, 'price': 1.0, 'value': 329100.0, 'profit_pct': -0.09990009990008891}, '512400': {'shares': 309600.0, 'price': 1.063, 'value': 329104.8, 'profit_pct': -0.09990009990008245}, '512880': {'shares': 324900.0, 'price': 1.013, 'value': 329123.69999999995, 'profit_pct': -0.09990009990009308}}",0.0017710680001123968,1.316702840490325,-32.458568076194794
2023-08-01,246.74049032502808,1308670.5,1308917.240490325,"{'512690': {'shares': 386300.0, 'price': 0.843, 'value': 325650.89999999997, 'profit_pct': -1.1551828453236743}, '159928': {'shares': 329100.0, 'price': 0.987, 'value': 324821.7, 'profit_pct': -1.398601398601389}, '512400': {'shares': 309600.0, 'price': 1.065, 'value': 329724.0, 'profit_pct': 0.08805869577273036}, '512880': {'shares': 324900.0, 'price': 1.011, 'value': 328473.89999999997, 'profit_pct': -0.2971362300088789}}",-0.005912951472862749,1.308917240490325,-32.857937285567914
2023-08-02,246.74049032502808,1304734.8,1304981.540490325,"{'512690': {'shares': 386300.0, 'price': 0.84, 'value': 324492.0, 'profit_pct': -1.5069437604648714}, '159928': {'shares': 329100.0, 'price': 0.982, 'value': 323176.2, 'profit_pct': -1.898101898101889}, '512400': {'shares': 309600.0, 'price': 1.054, 'value': 326318.4, 'profit_pct': -0.9457146804277297}, '512880': {'shares': 324900.0, 'price': 1.018, 'value': 330748.2, 'profit_pct': 0.39319022537188236}}",-0.0030068363974834478,1.304981540490325,-33.05982248353979
2023-08-03,246.74049032502808,1320181.0999999999,1320427.840490325,"{'512690': {'shares': 386300.0, 'price': 0.847, 'value': 327196.1, 'profit_pct': -0.6861682918020781}, '159928': {'shares': 329100.0, 'price': 0.988, 'value': 325150.8, 'profit_pct': -1.298701298701289}, '512400': {'shares': 309600.0, 'price': 1.051, 'value': 325389.6, 'profit_pct': -1.2276528739369594}, '512880': {'shares': 324900.0, 'price': 1.054, 'value': 342444.60000000003, 'profit_pct': 3.943440567330027}}",0.011836412639366634,1.320427840490325,-32.26749092030252
2023-08-04,246.74049032502808,1326181.7,1326428.440490325,"{'512690': {'shares': 386300.0, 'price': 0.847, 'value': 327196.1, 'profit_pct': -0.6861682918020781}, '159928': {'shares': 329100.0, 'price': 0.987, 'value': 324821.7, 'profit_pct': -1.398601398601389}, '512400': {'shares': 309600.0, 'price': 1.062, 'value': 328795.2, 'profit_pct': -0.19387949773647845}, '512880': {'shares': 324900.0, 'price': 1.063, 'value': 345368.69999999995, 'profit_pct': 4.831003152819552}}",0.004544436141070696,1.326428440490325,-31.959684858115345
2023-08-07,246.74049032502808,1317334.5,1317581.240490325,"{'512690': {'shares': 386300.0, 'price': 0.834, 'value': 322174.2, 'profit_pct': -2.210465590747266}, '159928': {'shares': 329100.0, 'price': 0.979, 'value': 322188.89999999997, 'profit_pct': -2.197802197802189}, '512400': {'shares': 309600.0, 'price': 1.055, 'value': 326628.0, 'profit_pct': -0.8517352825913337}, '512880': {'shares': 324900.0, 'price': 1.066, 'value': 346343.4, 'profit_pct': 5.1268573479827415}}",-0.006669941423096737,1.317581240490325,-32.413509774520755
2023-08-08,246.74049032502808,1318153.4,1318400.140490325,"{'512690': {'shares': 386300.0, 'price': 0.838, 'value': 323719.39999999997, 'profit_pct': -1.7414510372256695}, '159928': {'shares': 329100.0, 'price': 0.979, 'value': 322188.89999999997, 'profit_pct': -2.197802197802189}, '512400': {'shares': 309600.0, 'price': 1.06, 'value': 328176.0, 'profit_pct': -0.3818382934092912}, '512880': {'shares': 324900.0, 'price': 1.059, 'value': 344069.1, 'profit_pct': 4.43653089260198}}",0.0006215176528281408,1.318400140490325,-32.371503577752925
2023-08-09,246.74049032502808,1312526.5,1312773.240490325,"{'512690': {'shares': 386300.0, 'price': 0.839, 'value': 324105.7, 'profit_pct': -1.6241973988452705}, '159928': {'shares': 329100.0, 'price': 0.977, 'value': 321530.7, 'profit_pct': -2.397602397602389}, '512400': {'shares': 309600.0, 'price': 1.049, 'value': 324770.39999999997, 'profit_pct': -1.415611669609772}, '512880': {'shares': 324900.0, 'price': 1.053, 'value': 342119.69999999995, 'profit_pct': 3.844822502275623}}",-0.0042679758801505985,1.312773240490325,-32.660140369293934
2023-08-10,246.74049032502808,1318094.3,1318341.040490325,"{'512690': {'shares': 386300.0, 'price': 0.835, 'value': 322560.5, 'profit_pct': -2.093211952366867}, '159928': {'shares': 329100.0, 'price': 0.976, 'value': 321201.6, 'profit_pct': -2.497502497502489}, '512400': {'shares': 309600.0, 'price': 1.051, 'value': 325389.6, 'profit_pct': -1.2276528739369594}, '512880': {'shares': 324900.0, 'price': 1.074, 'value': 348942.60000000003, 'profit_pct': 5.915801868417884}}",0.00424125037612777,1.318341040490325,-32.374535164306806
2023-08-11,246.74049032502808,1281028.4,1281275.140490325,"{'512690': {'shares': 386300.0, 'price': 0.814, 'value': 314448.19999999995, 'profit_pct': -4.555538358355247}, '159928': {'shares': 329100.0, 'price': 0.957, 'value': 314948.7, 'profit_pct': -4.395604395604389}, '512400': {'shares': 309600.0, 'price': 1.027, 'value': 317959.19999999995, 'profit_pct': -3.4831584220107135}, '512880': {'shares': 324900.0, 'price': 1.027, 'value': 333672.3, 'profit_pct': 1.2807528108614075}}",-0.02811556256051495,1.2812751404903249,-34.27586315157865
2023-08-14,246.74049032502808,1267896.2,1268142.940490325,"{'512690': {'shares': 386300.0, 'price': 0.805, 'value': 310971.5, 'profit_pct': -5.610821103778826}, '159928': {'shares': 329100.0, 'price': 0.946, 'value': 311328.6, 'profit_pct': -5.494505494505489}, '512400': {'shares': 309600.0, 'price': 1.018, 'value': 315172.8, 'profit_pct': -4.32897300253836}, '512880': {'shares': 324900.0, 'price': 1.017, 'value': 330423.3, 'profit_pct': 0.2945721603174785}}",-0.010249320840623244,1.268142940490325,-34.949490917111135
2023-08-15,246.74049032502808,1270199.4,1270446.140490325,"{'512690': {'shares': 386300.0, 'price': 0.804, 'value': 310585.2, 'profit_pct': -5.728074742159225}, '159928': {'shares': 329100.0, 'price': 0.942, 'value': 310012.2, 'profit_pct': -5.894105894105889}, '512400': {'shares': 309600.0, 'price': 1.011, 'value': 313005.6, 'profit_pct': -4.9868287873932164}, '512880': {'shares': 324900.0, 'price': 1.036, 'value': 336596.4, 'profit_pct': 2.1683153963509545}}",0.0018161990470171308,1.270446140490325,-34.831346244506825
2023-08-16,246.74049032502808,1265354.6,1265601.3404903251,"{'512690': {'shares': 386300.0, 'price': 0.802, 'value': 309812.60000000003, 'profit_pct': -5.962582018920023}, '159928': {'shares': 329100.0, 'price': 0.938, 'value': 308695.8, 'profit_pct': -6.293706293706289}, '512400': {'shares': 309600.0, 'price': 1.0, 'value': 309600.0, 'profit_pct': -6.020602163593676}, '512880': {'shares': 324900.0, 'price': 1.038, 'value': 337246.2, 'profit_pct': 2.36555152645974}}",-0.0038134635114323023,1.265601340490325,-35.079864527692564
2023-08-17,246.74049032502808,1279044.9,1279291.640490325,"{'512690': {'shares': 386300.0, 'price': 0.819, 'value': 316379.69999999995, 'profit_pct': -3.9692701664532524}, '159928': {'shares': 329100.0, 'price': 0.954, 'value': 313961.39999999997, 'profit_pct': -4.695304695304689}, '512400': {'shares': 309600.0, 'price': 1.006, 'value': 311457.6, 'profit_pct': -5.4567257765752375}, '512880': {'shares': 324900.0, 'price': 1.038, 'value': 337246.2, 'profit_pct': 2.36555152645974}}",0.010817229377060977,1.279291640490325,-34.37760853109874
2023-08-18,246.74049032502808,1253098.3,1253345.040490325,"{'512690': {'shares': 386300.0, 'price': 0.8, 'value': 309040.0, 'profit_pct': -6.197089295680821}, '159928': {'shares': 329100.0, 'price': 0.934, 'value': 307379.4, 'profit_pct': -6.693306693306678}, '512400': {'shares': 309600.0, 'price': 0.985, 'value': 304956.0, 'profit_pct': -7.430293131139772}, '512880': {'shares': 324900.0, 'price': 1.021, 'value': 331722.89999999997, 'profit_pct': 0.6890444205350501}}",-0.0202820054307985,1.253345040490325,-35.70856223125297
2023-08-21,302023.610661205,934142.2,1236165.810661205,"{'512690': {'shares': 386300.0, 'price': 0.8, 'value': 309040.0, 'profit_pct': -6.197089295680821}, '159928': {'shares': 329100.0, 'price': 0.927, 'value': 305075.7, 'profit_pct': -7.3926073926073785}, '512880': {'shares': 324900.0, 'price': 0.985, 'value': 320026.5, 'profit_pct': -2.861205921423083}}",-0.013706704278655168,1.236165810661205,-36.58978595639874
2023-08-22,302023.610661205,939270.7999999999,1241294.410661205,"{'512690': {'shares': 386300.0, 'price': 0.799, 'value': 308653.7, 'profit_pct': -6.31434293406122}, '159928': {'shares': 329100.0, 'price': 0.925, 'value': 304417.5, 'profit_pct': -7.592407592407578}, '512880': {'shares': 324900.0, 'price': 1.004, 'value': 326199.6, 'profit_pct': -0.9874626853896182}}",0.004148796185567294,1.241294410661205,-36.32670990224865
2023-08-23,601772.719742965,620286.5,1222059.219742965,"{'512690': {'shares': 386300.0, 'price': 0.784, 'value': 302859.2, 'profit_pct': -8.073147509767207}, '512880': {'shares': 324900.0, 'price': 0.977, 'value': 317427.3, 'profit_pct': -3.6501504418582265}}",-0.015496074704786533,1.222059219742965,-37.313395962302955
2023-08-24,601772.719742965,633658.6000000001,1235431.319742965,"{'512690': {'shares': 386300.0, 'price': 0.806, 'value': 311357.80000000005, 'profit_pct': -5.493567465398427}, '512880': {'shares': 324900.0, 'price': 0.992, 'value': 322300.8, 'profit_pct': -2.170879466042333}}",0.010942268413811185,1.235431319742965,-36.62746231497218
2023-08-25,601772.719742965,634062.8,1235835.519742965,"{'512690': {'shares': 386300.0, 'price': 0.802, 'value': 309812.60000000003, 'profit_pct': -5.962582018920023}, '512880': {'shares': 324900.0, 'price': 0.998, 'value': 324250.2, 'profit_pct': -1.5791710757159756}}",0.00032717318521924277,1.235835519742965,-36.60672851996234
2023-08-28,601772.719742965,641799.0,1243571.719742965,"{'512690': {'shares': 386300.0, 'price': 0.801, 'value': 309426.30000000005, 'profit_pct': -6.079835657300422}, '512880': {'shares': 324900.0, 'price': 1.023, 'value': 332372.69999999995, 'profit_pct': 0.8862805506438359}}",0.006259894521893239,1.243571719742965,-36.209893327099564
2023-08-29,601772.719742965,644546.6,1246319.319742965,"{'512690': {'shares': 386300.0, 'price': 0.814, 'value': 314448.19999999995, 'profit_pct': -4.555538358355247}, '512880': {'shares': 324900.0, 'price': 1.016, 'value': 330098.4, 'profit_pct': 0.19595409526309654}}",0.0022094423316156853,1.246319319742965,-36.06895276507819
2023-08-30,601772.719742965,633965.6000000001,1235738.319742965,"{'512690': {'shares': 386300.0, 'price': 0.811, 'value': 313289.30000000005, 'profit_pct': -4.907299273496432}, '512880': {'shares': 324900.0, 'price': 0.987, 'value': 320676.3, 'profit_pct': -2.6639697913142975}}",-0.008489798587236974,1.235738319742965,-36.611714479573806
2023-08-31,78.80672419501934,1226343.2,1226422.006724195,"{'512690': {'shares': 386300.0, 'price': 0.807, 'value': 311744.10000000003, 'profit_pct': -5.376313827018028}, '512010': {'shares': 732400.0, 'price': 0.419, 'value': 306875.6, 'profit_pct': -0.09990009990008733}, '512670': {'shares': 399000.0, 'price': 0.769, 'value': 306831.0, 'profit_pct': -0.09990009990007365}, '159928': {'shares': 322500.0, 'price': 0.933, 'value': 300892.5, 'profit_pct': -0.09990009990008392}}",-0.007539066216468715,1.226422006724195,-37.08960296146072
2023-09-01,78.80672419501934,1231505.7,1231584.506724195,"{'512690': {'shares': 386300.0, 'price': 0.821, 'value': 317152.3, 'profit_pct': -3.7347628896924534}, '512010': {'shares': 732400.0, 'price': 0.416, 'value': 304678.39999999997, 'profit_pct': -0.8151752781824263}, '512670': {'shares': 399000.0, 'price': 0.765, 'value': 305235.0, 'profit_pct': -0.6195365103037148}, '159928': {'shares': 322500.0, 'price': 0.944, 'value': 304440.0, 'profit_pct': 1.077914582737739}}",0.004209399351687404,1.231584506724195,-36.8247879769523
2023-09-04,78.80672419501934,1252678.1,1252756.906724195,"{'512690': {'shares': 386300.0, 'price': 0.847, 'value': 327196.1, 'profit_pct': -0.6861682918020781}, '512010': {'shares': 732400.0, 'price': 0.42, 'value': 307608.0, 'profit_pct': 0.138524959527359}, '512670': {'shares': 399000.0, 'price': 0.771, 'value': 307629.0, 'profit_pct': 0.15991810530174694}, '159928': {'shares': 322500.0, 'price': 0.962, 'value': 310245.0, 'profit_pct': 3.005247699781469}}",0.0171911873561279,1.252756906724195,-35.73873107080099
2023-09-05,78.80672419501934,1242465.5,1242544.306724195,"{'512690': {'shares': 386300.0, 'price': 0.836, 'value': 322946.8, 'profit_pct': -1.975958313986468}, '512010': {'shares': 732400.0, 'price': 0.418, 'value': 306143.2, 'profit_pct': -0.33832515932753365}, '512670': {'shares': 399000.0, 'price': 0.767, 'value': 306033.0, 'profit_pct': -0.3597183051018942}, '159928': {'shares': 322500.0, 'price': 0.953, 'value': 307342.5, 'profit_pct': 2.041581141259604}}",-0.008152100335814372,1.2425443067241948,-36.26259538281856
2023-09-06,78.80672419501934,1243487.6,1243566.406724195,"{'512690': {'shares': 386300.0, 'price': 0.836, 'value': 322946.8, 'profit_pct': -1.975958313986468}, '512010': {'shares': 732400.0, 'price': 0.412, 'value': 301748.8, 'profit_pct': -1.7688755158922116}, '512670': {'shares': 399000.0, 'price': 0.783, 'value': 312417.0, 'profit_pct': 1.7188273365126703}, '159928': {'shares': 322500.0, 'price': 0.95, 'value': 306375.0, 'profit_pct': 1.720358955085649}}",0.0008225863612820739,1.243566406724195,-36.21016586307695
2023-09-07,78.80672419501934,1226213.1,1226291.906724195,"{'512690': {'shares': 386300.0, 'price': 0.822, 'value': 317538.6, 'profit_pct': -3.6175092513120544}, '512010': {'shares': 732400.0, 'price': 0.405, 'value': 296622.0, 'profit_pct': -3.4378509318843222}, '512670': {'shares': 399000.0, 'price': 0.775, 'value': 309225.0, 'profit_pct': 0.6795545157053882}, '159928': {'shares': 322500.0, 'price': 0.939, 'value': 302827.5, 'profit_pct': 0.5425442724478141}}",-0.013891095728055691,1.226291906724195,-37.09627655554974
2023-09-08,78.80672419501934,1228794.4,1228873.2067241948,"{'512690': {'shares': 386300.0, 'price': 0.818, 'value': 315993.39999999997, 'profit_pct': -4.086523804833651}, '512010': {'shares': 732400.0, 'price': 0.405, 'value': 296622.0, 'profit_pct': -3.4378509318843222}, '512670': {'shares': 399000.0, 'price': 0.791, 'value': 315609.0, 'profit_pct': 2.758100157319953}, '159928': {'shares': 322500.0, 'price': 0.932, 'value': 300570.0, 'profit_pct': -0.20697416195806892}}",0.002104963741378141,1.2288732067241948,-36.963866498501496
2023-09-11,78.80672419501934,1236937.0,1237015.806724195,"{'512690': {'shares': 386300.0, 'price': 0.825, 'value': 318697.5, 'profit_pct': -3.2657483361708572}, '512010': {'shares': 732400.0, 'price': 0.415, 'value': 303946.0, 'profit_pct': -1.0536003376098726}, '512670': {'shares': 399000.0, 'price': 0.779, 'value': 310821.0, 'profit_pct': 1.1991909261090292}, '159928': {'shares': 322500.0, 'price': 0.941, 'value': 303472.5, 'profit_pct': 0.7566923965637841}}",0.006626070090425262,1.237015806724195,-36.54618465969117
2023-09-12,78.80672419501934,1231494.6,1231573.406724195,"{'512690': {'shares': 386300.0, 'price': 0.818, 'value': 315993.39999999997, 'profit_pct': -4.086523804833651}, '512010': {'shares': 732400.0, 'price': 0.413, 'value': 302481.2, 'profit_pct': -1.5304504564647652}, '512670': {'shares': 399000.0, 'price': 0.775, 'value': 309225.0, 'profit_pct': 0.6795545157053882}, '159928': {'shares': 322500.0, 'price': 0.942, 'value': 303795.0, 'profit_pct': 0.8637664586217693}}",-0.0043996204174724385,1.231573406724195,-36.82535736122892
2023-09-13,78.80672419501934,1225832.2,1225911.006724195,"{'512690': {'shares': 386300.0, 'price': 0.821, 'value': 317152.3, 'profit_pct': -3.7347628896924534}, '512010': {'shares': 732400.0, 'price': 0.411, 'value': 301016.39999999997, 'profit_pct': -2.007300575319658}, '512670': {'shares': 399000.0, 'price': 0.764, 'value': 304836.0, 'profit_pct': -0.7494456129046251}, '159928': {'shares': 322500.0, 'price': 0.939, 'value': 302827.5, 'profit_pct': 0.5425442724478141}}",-0.004597695897852416,1.2259110067241952,-37.115815156537494
2023-09-14,78.80672419501934,1222869.4,1222948.2067241948,"{'512690': {'shares': 386300.0, 'price': 0.815, 'value': 314834.5, 'profit_pct': -4.438284719974848}, '512010': {'shares': 732400.0, 'price': 0.411, 'value': 301016.39999999997, 'profit_pct': -2.007300575319658}, '512670': {'shares': 399000.0, 'price': 0.764, 'value': 304836.0, 'profit_pct': -0.7494456129046251}, '159928': {'shares': 322500.0, 'price': 0.937, 'value': 302182.5, 'profit_pct': 0.32839614833185604}}",-0.002416814910502607,1.2229482067241948,-37.267794592101964
2023-09-15,78.80672419501934,1220846.2,1220925.006724195,"{'512690': {'shares': 386300.0, 'price': 0.803, 'value': 310198.9, 'profit_pct': -5.845328380539624}, '512010': {'shares': 732400.0, 'price': 0.417, 'value': 305410.8, 'profit_pct': -0.5767502187549799}, '512670': {'shares': 399000.0, 'price': 0.766, 'value': 305634.0, 'profit_pct': -0.48962740770280455}, '159928': {'shares': 322500.0, 'price': 0.929, 'value': 299602.5, 'profit_pct': -0.5281963481320239}}",-0.0016543627840291952,1.220925006724195,-37.37157641808887
2023-09-18,78.80672419501934,1227460.3,1227539.1067241952,"{'512690': {'shares': 386300.0, 'price': 0.812, 'value': 313675.60000000003, 'profit_pct': -4.790045635116033}, '512010': {'shares': 732400.0, 'price': 0.423, 'value': 309805.2, 'profit_pct': 0.8538001378096979}, '512670': {'shares': 399000.0, 'price': 0.758, 'value': 302442.0, 'profit_pct': -1.5289002285100868}, '159928': {'shares': 322500.0, 'price': 0.935, 'value': 301537.5, 'profit_pct': 0.11424802421588606}}",0.005417286044247849,1.2275391067241952,-37.03230033304534
2023-09-19,78.80672419501934,1218643.7,1218722.506724195,"{'512690': {'shares': 386300.0, 'price': 0.806, 'value': 311357.80000000005, 'profit_pct': -5.493567465398427}, '512010': {'shares': 732400.0, 'price': 0.421, 'value': 308340.39999999997, 'profit_pct': 0.3769500189548053}, '512670': {'shares': 399000.0, 'price': 0.747, 'value': 298053.0, 'profit_pct': -2.9579003571201}, '159928': {'shares': 322500.0, 'price': 0.933, 'value': 300892.5, 'profit_pct': -0.09990009990008392}}",-0.007182337370520098,1.2187225067241951,-37.484555595499
2023-09-20,78.80672419501934,1212221.1,1212299.906724195,"{'512690': {'shares': 386300.0, 'price': 0.8, 'value': 309040.0, 'profit_pct': -6.197089295680821}, '512010': {'shares': 732400.0, 'price': 0.419, 'value': 306875.6, 'profit_pct': -0.09990009990008733}, '512670': {'shares': 399000.0, 'price': 0.742, 'value': 296058.0, 'profit_pct': -3.6074458701246517}, '159928': {'shares': 322500.0, 'price': 0.931, 'value': 300247.5, 'profit_pct': -0.3140482240160539}}",-0.005269944523518699,1.212299906724195,-37.81400851937383
2023-09-21,78.80672419501934,1198400.8,1198479.6067241952,"{'512690': {'shares': 386300.0, 'price': 0.786, 'value': 303631.8, 'profit_pct': -7.838640233006408}, '512010': {'shares': 732400.0, 'price': 0.415, 'value': 303946.0, 'profit_pct': -1.0536003376098726}, '512670': {'shares': 399000.0, 'price': 0.742, 'value': 296058.0, 'profit_pct': -3.6074458701246517}, '159928': {'shares': 322500.0, 'price': 0.914, 'value': 294765.0, 'profit_pct': -2.134307279001799}}",-0.011400066867401026,1.1984796067241952,-38.5229329804686
2023-09-22,78.80672419501934,1215323.9,1215402.7067241948,"{'512690': {'shares': 386300.0, 'price': 0.801, 'value': 309426.30000000005, 'profit_pct': -6.079835657300422}, '512010': {'shares': 732400.0, 'price': 0.419, 'value': 306875.6, 'profit_pct': -0.09990009990008733}, '512670': {'shares': 399000.0, 'price': 0.748, 'value': 298452.0, 'profit_pct': -2.8279912545191896}, '159928': {'shares': 322500.0, 'price': 0.932, 'value': 300570.0, 'profit_pct': -0.20697416195806892}}",0.014120473894633445,1.2154027067241948,-37.65484766050068
2023-09-25,78.80672419501934,1211798.0,1211876.806724195,"{'512690': {'shares': 386300.0, 'price': 0.795, 'value': 307108.5, 'profit_pct': -6.783357487582816}, '512010': {'shares': 732400.0, 'price': 0.425, 'value': 311270.0, 'profit_pct': 1.3306502566645906}, '512670': {'shares': 399000.0, 'price': 0.738, 'value': 294462.0, 'profit_pct': -4.127082280528293}, '159928': {'shares': 322500.0, 'price': 0.927, 'value': 298957.5, 'profit_pct': -0.7423444722479939}}",-0.002901013779624595,1.211876806724195,-37.835711806530355
2023-09-26,78.80672419501934,1200133.5,1200212.306724195,"{'512690': {'shares': 386300.0, 'price': 0.786, 'value': 303631.8, 'profit_pct': -7.838640233006408}, '512010': {'shares': 732400.0, 'price': 0.423, 'value': 309805.2, 'profit_pct': 0.8538001378096979}, '512670': {'shares': 399000.0, 'price': 0.726, 'value': 289674.0, 'profit_pct': -5.685991511739216}, '159928': {'shares': 322500.0, 'price': 0.921, 'value': 297022.5, 'profit_pct': -1.3847888445959038}}",-0.009625153262508679,1.200212306724195,-38.434052607847256
2023-09-27,78.80672419501934,1210859.2,1210938.006724195,"{'512690': {'shares': 386300.0, 'price': 0.788, 'value': 304404.4, 'profit_pct': -7.60413295624561}, '512010': {'shares': 732400.0, 'price': 0.432, 'value': 316396.8, 'profit_pct': 2.9996256726567148}, '512670': {'shares': 399000.0, 'price': 0.732, 'value': 292068.0, 'profit_pct': -4.906536896133754}, '159928': {'shares': 322500.0, 'price': 0.924, 'value': 297990.0, 'profit_pct': -1.063566658421949}}",0.008936502267065105,1.210938006724195,-37.883868379403275
2023-09-28,72.20859551522881,1201160.7,1201232.9085955152,"{'512010': {'shares': 732400.0, 'price': 0.428, 'value': 313467.2, 'profit_pct': 2.045925434946929}, '512170': {'shares': 721600.0, 'price': 0.417, 'value': 300907.2, 'profit_pct': -0.09990009990010007}, '512400': {'shares': 311800.0, 'price': 0.965, 'value': 300887.0, 'profit_pct': -0.09990009990007628}, '512880': {'shares': 301900.0, 'price': 0.947, 'value': 285899.3, 'profit_pct': -0.0999000999000915}}",-0.00801452929447144,1.2012329085955151,-38.3816999359358
2023-10-09,72.20859551522881,1198509.5,1198581.7085955152,"{'512010': {'shares': 732400.0, 'price': 0.433, 'value': 317129.2, 'profit_pct': 3.238050732084161}, '512170': {'shares': 721600.0, 'price': 0.415, 'value': 299464.0, 'profit_pct': -0.5790372696847523}, '512400': {'shares': 311800.0, 'price': 0.961, 'value': 299639.8, 'profit_pct': -0.5139937782424598}, '512880': {'shares': 301900.0, 'price': 0.935, 'value': 282276.5, 'profit_pct': -1.365793657240312}}",-0.002207065741397063,1.1985817085955153,-38.51769557505031
2023-10-10,72.20859551522881,1189394.5999999999,1189466.808595515,"{'512010': {'shares': 732400.0, 'price': 0.426, 'value': 312002.39999999997, 'profit_pct': 1.569075316092037}, '512170': {'shares': 721600.0, 'price': 0.409, 'value': 295134.39999999997, 'profit_pct': -2.016448779038709}, '512400': {'shares': 311800.0, 'price': 0.965, 'value': 300887.0, 'profit_pct': -0.09990009990007628}, '512880': {'shares': 301900.0, 'price': 0.932, 'value': 281370.8, 'profit_pct': -1.6822670465753702}}",-0.007604738112248377,1.1894668085955151,-38.98525239873959
2023-10-11,72.20859551522881,1201645.2,1201717.4085955152,"{'512010': {'shares': 732400.0, 'price': 0.435, 'value': 318594.0, 'profit_pct': 3.7149008509390535}, '512170': {'shares': 721600.0, 'price': 0.422, 'value': 304515.2, 'profit_pct': 1.0979428245615306}, '512400': {'shares': 311800.0, 'price': 0.955, 'value': 297769.0, 'profit_pct': -1.1351342957560349}, '512880': {'shares': 301900.0, 'price': 0.93, 'value': 280767.0, 'profit_pct': -1.8932493061320756}}",0.010299236524695665,1.2017174085955151,-38.356847081699605
2023-10-12,72.20859551522881,1215571.0999999999,1215643.308595515,"{'512010': {'shares': 732400.0, 'price': 0.437, 'value': 320058.8, 'profit_pct': 4.191750969793946}, '512170': {'shares': 721600.0, 'price': 0.423, 'value': 305236.8, 'profit_pct': 1.3375114094538567}, '512400': {'shares': 311800.0, 'price': 0.982, 'value': 306187.6, 'profit_pct': 1.6599980330550534}, '512880': {'shares': 301900.0, 'price': 0.941, 'value': 284087.89999999997, 'profit_pct': -0.7328468785702077}}",0.011588331749537994,1.2156433085955152,-37.642505775594834
2023-10-13,72.20859551522881,1206820.1,1206892.3085955153,"{'512010': {'shares': 732400.0, 'price': 0.435, 'value': 318594.0, 'profit_pct': 3.7149008509390535}, '512170': {'shares': 721600.0, 'price': 0.424, 'value': 305958.39999999997, 'profit_pct': 1.5770799943461828}, '512400': {'shares': 311800.0, 'price': 0.966, 'value': 301198.8, 'profit_pct': 0.0036233196855195893}, '512880': {'shares': 301900.0, 'price': 0.931, 'value': 281068.9, 'profit_pct': -1.787758176353723}}",-0.007198657647455975,1.2068923085955152,-38.09139602826954
2023-10-16,72.20859551522881,1191673.1,1191745.3085955153,"{'512010': {'shares': 732400.0, 'price': 0.428, 'value': 313467.2, 'profit_pct': 2.045925434946929}, '512170': {'shares': 721600.0, 'price': 0.417, 'value': 300907.2, 'profit_pct': -0.09990009990010007}, '512400': {'shares': 311800.0, 'price': 0.952, 'value': 296833.6, 'profit_pct': -1.4457045545128226}, '512880': {'shares': 301900.0, 'price': 0.929, 'value': 280465.10000000003, 'profit_pct': -1.9987404359104282}}",-0.012550415552508465,1.1917453085955154,-38.86837473439044
2023-10-17,72.20859551522881,1193734.0,1193806.2085955152,"{'512010': {'shares': 732400.0, 'price': 0.427, 'value': 312734.8, 'profit_pct': 1.8075003755194834}, '512170': {'shares': 721600.0, 'price': 0.415, 'value': 299464.0, 'profit_pct': -0.5790372696847523}, '512400': {'shares': 311800.0, 'price': 0.953, 'value': 297145.39999999997, 'profit_pct': -1.3421811349272268}, '512880': {'shares': 301900.0, 'price': 0.942, 'value': 284389.8, 'profit_pct': -0.627355748791855}}",0.0017293124505173285,1.1938062085955152,-38.76265905369826
2023-10-18,72.20859551522881,1177543.7,1177615.9085955152,"{'512010': {'shares': 732400.0, 'price': 0.42, 'value': 307608.0, 'profit_pct': 0.138524959527359}, '512170': {'shares': 721600.0, 'price': 0.407, 'value': 293691.19999999995, 'profit_pct': -2.4955859488233614}, '512400': {'shares': 311800.0, 'price': 0.937, 'value': 292156.60000000003, 'profit_pct': -2.998555848296749}, '512880': {'shares': 301900.0, 'price': 0.941, 'value': 284087.89999999997, 'profit_pct': -0.7328468785702077}}",-0.013561916401027552,1.1776159085955151,-39.59315475223322
2023-10-19,72.20859551522881,1163883.3,1163955.5085955153,"{'512010': {'shares': 732400.0, 'price': 0.415, 'value': 303946.0, 'profit_pct': -1.0536003376098726}, '512170': {'shares': 721600.0, 'price': 0.403, 'value': 290804.80000000005, 'profit_pct': -3.4538602883926526}, '512400': {'shares': 311800.0, 'price': 0.92, 'value': 286856.0, 'profit_pct': -4.758453981251879}, '512880': {'shares': 301900.0, 'price': 0.935, 'value': 282276.5, 'profit_pct': -1.365793657240312}}",-0.011600047095399746,1.1639555085955153,-40.29387700199184
2023-10-20,72.20859551522881,1156891.5999999999,1156963.808595515,"{'512010': {'shares': 732400.0, 'price': 0.408, 'value': 298819.19999999995, 'profit_pct': -2.7225757536019968}, '512170': {'shares': 721600.0, 'price': 0.397, 'value': 286475.2, 'profit_pct': -4.89127179774661}, '512400': {'shares': 311800.0, 'price': 0.925, 'value': 288415.0, 'profit_pct': -4.240836883323899}, '512880': {'shares': 301900.0, 'price': 0.938, 'value': 283182.2, 'profit_pct': -1.0493202679052658}}",-0.006006844719036342,1.1569638085955152,-40.65252241161655
2023-10-23,72.20859551522881,1139385.2,1139457.4085955152,"{'512010': {'shares': 732400.0, 'price': 0.409, 'value': 299551.6, 'profit_pct': -2.4841506941745504}, '512170': {'shares': 721600.0, 'price': 0.393, 'value': 283588.8, 'profit_pct': -5.849546137315913}, '512400': {'shares': 311800.0, 'price': 0.899, 'value': 280308.2, 'profit_pct': -6.932445792549393}, '512880': {'shares': 301900.0, 'price': 0.914, 'value': 275936.60000000003, 'profit_pct': -3.581107382585719}}",-0.015131328974976044,1.1394574085955151,-41.5505286188414
2023-10-24,72.20859551522881,1156640.9,1156713.1085955151,"{'512010': {'shares': 732400.0, 'price': 0.411, 'value': 301016.39999999997, 'profit_pct': -2.007300575319658}, '512170': {'shares': 721600.0, 'price': 0.395, 'value': 285032.0, 'profit_pct': -5.370408967531262}, '512400': {'shares': 311800.0, 'price': 0.915, 'value': 285297.0, 'profit_pct': -5.276071079179858}, '512880': {'shares': 301900.0, 'price': 0.945, 'value': 285295.5, 'profit_pct': -0.3108823594567969}}",0.015143786744314713,1.1567131085955151,-40.66538228892721
2023-10-25,72.20859551522881,1151683.0,1151755.2085955152,"{'512010': {'shares': 732400.0, 'price': 0.408, 'value': 298819.19999999995, 'profit_pct': -2.7225757536019968}, '512170': {'shares': 721600.0, 'price': 0.389, 'value': 280702.4, 'profit_pct': -6.807820476885218}, '512400': {'shares': 311800.0, 'price': 0.921, 'value': 287167.8, 'profit_pct': -4.6549305616662835}, '512880': {'shares': 301900.0, 'price': 0.944, 'value': 284993.6, 'profit_pct': -0.41637348923514955}}",-0.004286196778749973,1.1517552085955152,-40.919702136228764
2023-10-26,72.20859551522881,1157099.1,1157171.3085955153,"{'512010': {'shares': 732400.0, 'price': 0.412, 'value': 301748.8, 'profit_pct': -1.7688755158922116}, '512170': {'shares': 721600.0, 'price': 0.392, 'value': 282867.2, 'profit_pct': -6.08911472220824}, '512400': {'shares': 311800.0, 'price': 0.923, 'value': 287791.4, 'profit_pct': -4.447883722495091}, '512880': {'shares': 301900.0, 'price': 0.943, 'value': 284691.7, 'profit_pct': -0.5218646190135022}}",0.004702474935281309,1.1571713085955153,-40.64187851635543
2023-10-27,72.20859551522881,1184996.7,1185068.9085955152,"{'512010': {'shares': 732400.0, 'price': 0.426, 'value': 312002.39999999997, 'profit_pct': 1.569075316092037}, '512170': {'shares': 721600.0, 'price': 0.407, 'value': 293691.19999999995, 'profit_pct': -2.4955859488233614}, '512400': {'shares': 311800.0, 'price': 0.941, 'value': 293403.8, 'profit_pct': -2.584462169954377}, '512880': {'shares': 301900.0, 'price': 0.947, 'value': 285899.3, 'profit_pct': -0.0999000999000915}}",0.02410844426644121,1.1850689085955153,-39.21084655280633
2023-10-30,72.20859551522881,1203829.5,1203901.7085955152,"{'512010': {'shares': 732400.0, 'price': 0.438, 'value': 320791.2, 'profit_pct': 4.430176029221393}, '512170': {'shares': 721600.0, 'price': 0.42, 'value': 303072.0, 'profit_pct': 0.6188056547768782}, '512400': {'shares': 311800.0, 'price': 0.947, 'value': 295274.6, 'profit_pct': -1.963321652440802}, '512880': {'shares': 301900.0, 'price': 0.943, 'value': 284691.7, 'profit_pct': -0.5218646190135022}}",0.015891734112170486,1.2039017085955153,-38.2448014893196
2023-10-31,6.644964915292803,1200323.3,1200329.9449649153,"{'512010': {'shares': 732400.0, 'price': 0.438, 'value': 320791.2, 'profit_pct': 4.430176029221393}, '512170': {'shares': 721600.0, 'price': 0.417, 'value': 300907.2, 'profit_pct': -0.09990009990010007}, '159995': {'shares': 590200.0, 'price': 0.497, 'value': 293329.4, 'profit_pct': -0.09990009990008267}, '512880': {'shares': 301900.0, 'price': 0.945, 'value': 285295.5, 'profit_pct': -0.3108823594567969}}",-0.002966823292216092,1.2003299449649152,-38.42801825067652
2023-11-01,6.644964915292803,1193875.2,1193881.8449649152,"{'512010': {'shares': 732400.0, 'price': 0.435, 'value': 318594.0, 'profit_pct': 3.7149008509390535}, '512170': {'shares': 721600.0, 'price': 0.414, 'value': 298742.39999999997, 'profit_pct': -0.8186058545770784}, '159995': {'shares': 590200.0, 'price': 0.495, 'value': 292149.0, 'profit_pct': -0.5019125743471652}, '512880': {'shares': 301900.0, 'price': 0.942, 'value': 284389.8, 'profit_pct': -0.627355748791855}}",-0.005371939629639555,1.1938818449649151,-38.758779219511155
2023-11-02,6.644964915292803,1183279.2999999998,1183285.944964915,"{'512010': {'shares': 732400.0, 'price': 0.433, 'value': 317129.2, 'profit_pct': 3.238050732084161}, '512170': {'shares': 721600.0, 'price': 0.41, 'value': 295856.0, 'profit_pct': -1.7768801941463828}, '159995': {'shares': 590200.0, 'price': 0.488, 'value': 288017.6, 'profit_pct': -1.908956234911954}, '512880': {'shares': 301900.0, 'price': 0.935, 'value': 282276.5, 'profit_pct': -1.365793657240312}}",-0.0088751663698442,1.1832859449649151,-39.302305242630354
2023-11-03,6.644964915292803,1198165.2,1198171.8449649152,"{'512010': {'shares': 732400.0, 'price': 0.435, 'value': 318594.0, 'profit_pct': 3.7149008509390535}, '512170': {'shares': 721600.0, 'price': 0.415, 'value': 299464.0, 'profit_pct': -0.5790372696847523}, '159995': {'shares': 590200.0, 'price': 0.499, 'value': 294509.8, 'profit_pct': 0.30211237454699985}, '512880': {'shares': 301900.0, 'price': 0.946, 'value': 285597.39999999997, 'profit_pct': -0.20539122967844417}}",0.012580137593404261,1.1981718449649152,-38.538719890980175
2023-11-06,6.644964915292803,1230669.6,1230676.2449649153,"{'512010': {'shares': 732400.0, 'price': 0.445, 'value': 325918.0, 'profit_pct': 6.099151445213517}, '512170': {'shares': 721600.0, 'price': 0.425, 'value': 306680.0, 'profit_pct': 1.8166485792385088}, '159995': {'shares': 590200.0, 'price': 0.51, 'value': 301002.0, 'profit_pct': 2.513180984005954}, '512880': {'shares': 301900.0, 'price': 0.984, 'value': 297069.6, 'profit_pct': 3.803271701898958}}",0.027128328992701345,1.2306762449649153,-36.87137806387012
2023-11-07,6.644964915292803,1229246.7,1229253.3449649152,"{'512010': {'shares': 732400.0, 'price': 0.442, 'value': 323720.8, 'profit_pct': 5.3838762669311775}, '512170': {'shares': 721600.0, 'price': 0.424, 'value': 305958.39999999997, 'profit_pct': 1.5770799943461828}, '159995': {'shares': 590200.0, 'price': 0.511, 'value': 301592.2, 'profit_pct': 2.714187221229495}, '512880': {'shares': 301900.0, 'price': 0.987, 'value': 297975.3, 'profit_pct': 4.119745091234017}}",-0.0011561936015436203,1.2292533449649152,-36.94436697262694
2023-11-08,6.644964915292803,1231193.5,1231200.1449649152,"{'512010': {'shares': 732400.0, 'price': 0.445, 'value': 325918.0, 'profit_pct': 6.099151445213517}, '512170': {'shares': 721600.0, 'price': 0.427, 'value': 308123.2, 'profit_pct': 2.2957857490231612}, '159995': {'shares': 590200.0, 'price': 0.511, 'value': 301592.2, 'profit_pct': 2.714187221229495}, '512880': {'shares': 301900.0, 'price': 0.979, 'value': 295560.1, 'profit_pct': 3.2758160530071945}}",0.001583725607072095,1.2312001449649153,-36.844504151931346
2023-11-09,6.644964915292803,1219907.1,1219913.7449649153,"{'512010': {'shares': 732400.0, 'price': 0.441, 'value': 322988.4, 'profit_pct': 5.145451207503732}, '512170': {'shares': 721600.0, 'price': 0.422, 'value': 304515.2, 'profit_pct': 1.0979428245615306}, '159995': {'shares': 590200.0, 'price': 0.505, 'value': 298051.0, 'profit_pct': 1.5081497978882474}, '512880': {'shares': 301900.0, 'price': 0.975, 'value': 294352.5, 'profit_pct': 2.853851533893784}}",-0.00916699047360936,1.2199137449649153,-37.423449980726666
2023-11-10,6.644964915292803,1217272.7,1217279.3449649152,"{'512010': {'shares': 732400.0, 'price': 0.44, 'value': 322256.0, 'profit_pct': 4.907026148076285}, '512170': {'shares': 721600.0, 'price': 0.421, 'value': 303793.6, 'profit_pct': 0.8583742396692043}, '159995': {'shares': 590200.0, 'price': 0.503, 'value': 296870.6, 'profit_pct': 1.1061373234411649}, '512880': {'shares': 301900.0, 'price': 0.975, 'value': 294352.5, 'profit_pct': 2.853851533893784}}",-0.0021594969405610565,1.217279344964915,-37.558583849044155
2023-11-13,6.644964915292803,1209214.7999999998,1209221.444964915,"{'512010': {'shares': 732400.0, 'price': 0.435, 'value': 318594.0, 'profit_pct': 3.7149008509390535}, '512170': {'shares': 721600.0, 'price': 0.417, 'value': 300907.2, 'profit_pct': -0.09990009990010007}, '159995': {'shares': 590200.0, 'price': 0.503, 'value': 296870.6, 'profit_pct': 1.1061373234411649}, '512880': {'shares': 301900.0, 'price': 0.97, 'value': 292843.0, 'profit_pct': 2.3263958850020203}}",-0.00661959806788015,1.209221444964915,-37.97192092675272
2023-11-14,6.644964915292803,1218255.3,1218261.9449649153,"{'512010': {'shares': 732400.0, 'price': 0.435, 'value': 318594.0, 'profit_pct': 3.7149008509390535}, '512170': {'shares': 721600.0, 'price': 0.42, 'value': 303072.0, 'profit_pct': 0.6188056547768782}, '159995': {'shares': 590200.0, 'price': 0.508, 'value': 299821.6, 'profit_pct': 2.1111685095588713}, '512880': {'shares': 301900.0, 'price': 0.983, 'value': 296767.7, 'profit_pct': 3.6977805721206054}}",0.007476298107053969,1.2182619449649152,-37.508180516593214
2023-11-15,6.644964915292803,1222482.0,1222488.6449649152,"{'512010': {'shares': 732400.0, 'price': 0.44, 'value': 322256.0, 'profit_pct': 4.907026148076285}, '512170': {'shares': 721600.0, 'price': 0.422, 'value': 304515.2, 'profit_pct': 1.0979428245615306}, '159995': {'shares': 590200.0, 'price': 0.506, 'value': 298641.2, 'profit_pct': 1.7091560351117887}, '512880': {'shares': 301900.0, 'price': 0.984, 'value': 297069.6, 'profit_pct': 3.803271701898958}}",0.0034694508988555306,1.2224886449649153,-37.29136821731539
2023-11-16,6.644964915292803,1204132.9,1204139.5449649151,"{'512010': {'shares': 732400.0, 'price': 0.432, 'value': 316396.8, 'profit_pct': 2.9996256726567148}, '512170': {'shares': 721600.0, 'price': 0.415, 'value': 299464.0, 'profit_pct': -0.5790372696847523}, '159995': {'shares': 590200.0, 'price': 0.498, 'value': 293919.6, 'profit_pct': 0.10110613732345859}, '512880': {'shares': 301900.0, 'price': 0.975, 'value': 294352.5, 'profit_pct': 2.853851533893784}}",-0.015009628167570233,1.204139544964915,-38.232601463270555
2023-11-17,6.644964915292803,1209571.1,1209577.7449649153,"{'512010': {'shares': 732400.0, 'price': 0.435, 'value': 318594.0, 'profit_pct': 3.7149008509390535}, '512170': {'shares': 721600.0, 'price': 0.417, 'value': 300907.2, 'profit_pct': -0.09990009990010007}, '159995': {'shares': 590200.0, 'price': 0.499, 'value': 294509.8, 'profit_pct': 0.30211237454699985}, '512880': {'shares': 301900.0, 'price': 0.979, 'value': 295560.1, 'profit_pct': 3.2758160530071945}}",0.004516253969683026,1.2095777449649154,-37.95364420443206
2023-11-20,6.644964915292803,1212408.9,1212415.5449649151,"{'512010': {'shares': 732400.0, 'price': 0.439, 'value': 321523.6, 'profit_pct': 4.668601088648839}, '512170': {'shares': 721600.0, 'price': 0.421, 'value': 303793.6, 'profit_pct': 0.8583742396692043}, '159995': {'shares': 590200.0, 'price': 0.496, 'value': 292739.2, 'profit_pct': -0.30090633712362397}, '512880': {'shares': 301900.0, 'price': 0.975, 'value': 294352.5, 'profit_pct': 2.853851533893784}}",0.0023461079800886075,1.2124155449649152,-37.808076753964656
2023-11-21,6.644964915292803,1208001.1,1208007.7449649153,"{'512010': {'shares': 732400.0, 'price': 0.439, 'value': 321523.6, 'profit_pct': 4.668601088648839}, '512170': {'shares': 721600.0, 'price': 0.419, 'value': 302350.39999999997, 'profit_pct': 0.37923706988455214}, '159995': {'shares': 590200.0, 'price': 0.492, 'value': 290378.4, 'profit_pct': -1.104931286017789}, '512880': {'shares': 301900.0, 'price': 0.973, 'value': 293748.7, 'profit_pct': 2.6428692743370785}}",-0.0036355521985057537,1.2080077449649154,-38.03417873725109
2023-11-22,6.644964915292803,1193150.2,1193156.8449649152,"{'512010': {'shares': 732400.0, 'price': 0.433, 'value': 317129.2, 'profit_pct': 3.238050732084161}, '512170': {'shares': 721600.0, 'price': 0.414, 'value': 298742.39999999997, 'profit_pct': -0.8186058545770784}, '159995': {'shares': 590200.0, 'price': 0.485, 'value': 286247.0, 'profit_pct': -2.5119749465825776}, '512880': {'shares': 301900.0, 'price': 0.964, 'value': 291031.6, 'profit_pct': 1.6934491063319044}}",-0.012293712570883741,1.1931568449649153,-38.79596873307408
2023-11-23,6.644964915292803,1198603.1,1198609.7449649153,"{'512010': {'shares': 732400.0, 'price': 0.435, 'value': 318594.0, 'profit_pct': 3.7149008509390535}, '512170': {'shares': 721600.0, 'price': 0.415, 'value': 299464.0, 'profit_pct': -0.5790372696847523}, '159995': {'shares': 590200.0, 'price': 0.489, 'value': 288607.8, 'profit_pct': -1.7079499976884127}, '512880': {'shares': 301900.0, 'price': 0.967, 'value': 291937.3, 'profit_pct': 2.0099224956669626}}",0.004570145176647333,1.1986097449649153,-38.51625742478817
2023-11-24,6.644964915292803,1189277.0999999999,1189283.744964915,"{'512010': {'shares': 732400.0, 'price': 0.434, 'value': 317861.6, 'profit_pct': 3.476475791511607}, '512170': {'shares': 721600.0, 'price': 0.413, 'value': 298020.8, 'profit_pct': -1.0581744394694046}, '159995': {'shares': 590200.0, 'price': 0.482, 'value': 284476.39999999997, 'profit_pct': -3.1149936582532014}, '512880': {'shares': 301900.0, 'price': 0.957, 'value': 288918.3, 'profit_pct': 0.9550111978834354}}",-0.007780680942380602,1.1892837449649152,-38.994642808909354
2023-11-27,6.644964915292803,1184403.0,1184409.6449649152,"{'512010': {'shares': 732400.0, 'price': 0.43, 'value': 314932.0, 'profit_pct': 2.522775553801822}, '512170': {'shares': 721600.0, 'price': 0.41, 'value': 295856.0, 'profit_pct': -1.7768801941463828}, '159995': {'shares': 590200.0, 'price': 0.488, 'value': 288017.6, 'profit_pct': -1.908956234911954}, '512880': {'shares': 301900.0, 'price': 0.946, 'value': 285597.39999999997, 'profit_pct': -0.20539122967844417}}",-0.004098349128738521,1.1844096449649153,-39.24466406140185
2023-11-28,6.644964915292803,1192956.5,1192963.1449649152,"{'512010': {'shares': 732400.0, 'price': 0.436, 'value': 319326.4, 'profit_pct': 3.9533259103665}, '512170': {'shares': 721600.0, 'price': 0.417, 'value': 300907.2, 'profit_pct': -0.09990009990010007}, '159995': {'shares': 590200.0, 'price': 0.487, 'value': 287427.39999999997, 'profit_pct': -2.109962472135495}, '512880': {'shares': 301900.0, 'price': 0.945, 'value': 285295.5, 'profit_pct': -0.3108823594567969}}",0.007221741258492953,1.1929631449649152,-38.80590474518048
2023-11-29,6.644964915292803,1185888.1999999997,1185894.844964915,"{'512010': {'shares': 732400.0, 'price': 0.434, 'value': 317861.6, 'profit_pct': 3.476475791511607}, '512170': {'shares': 721600.0, 'price': 0.413, 'value': 298020.8, 'profit_pct': -1.0581744394694046}, '159995': {'shares': 590200.0, 'price': 0.487, 'value': 287427.39999999997, 'profit_pct': -2.109962472135495}, '512880': {'shares': 301900.0, 'price': 0.936, 'value': 282578.4, 'profit_pct': -1.2603025274619595}}",-0.005924994439126752,1.185894844964915,-39.16847941927267
2023-11-30,3.5233245752751827,1187946.2,1187949.7233245752,"{'512010': {'shares': 732400.0, 'price': 0.436, 'value': 319326.4, 'profit_pct': 3.9533259103665}, '512170': {'shares': 721600.0, 'price': 0.414, 'value': 298742.39999999997, 'profit_pct': -0.8186058545770784}, '159995': {'shares': 590200.0, 'price': 0.487, 'value': 287427.39999999997, 'profit_pct': -2.109962472135495}, '515050': {'shares': 941500.0, 'price': 0.3, 'value': 282450.0, 'profit_pct': -0.09990009990008891}}",0.001732766078193837,1.1879497233245753,-39.063072623925436
2023-12-01,3.5233245752751827,1191559.2,1191562.7233245752,"{'512010': {'shares': 732400.0, 'price': 0.434, 'value': 317861.6, 'profit_pct': 3.476475791511607}, '512170': {'shares': 721600.0, 'price': 0.415, 'value': 299464.0, 'profit_pct': -0.5790372696847523}, '159995': {'shares': 590200.0, 'price': 0.488, 'value': 288017.6, 'profit_pct': -1.908956234911954}, '515050': {'shares': 941500.0, 'price': 0.304, 'value': 286216.0, 'profit_pct': 1.2321012321012446}}",0.0030413745035342554,1.1915627233245751,-38.87774060668011
2023-12-04,3.5233245752751827,1167023.9,1167027.4233245752,"{'512010': {'shares': 732400.0, 'price': 0.422, 'value': 309072.8, 'profit_pct': 0.6153750783822516}, '512170': {'shares': 721600.0, 'price': 0.402, 'value': 290083.2, 'profit_pct': -3.6934288732849785}, '159995': {'shares': 590200.0, 'price': 0.482, 'value': 284476.39999999997, 'profit_pct': -3.1149936582532014}, '515050': {'shares': 941500.0, 'price': 0.301, 'value': 283391.5, 'profit_pct': 0.23310023310024441}}",-0.020590858978488558,1.1670274233245752,-40.13630043029456
2023-12-05,3.5233245752751827,1143446.6,1143450.1233245754,"{'512010': {'shares': 732400.0, 'price': 0.416, 'value': 304678.39999999997, 'profit_pct': -0.8151752781824263}, '512170': {'shares': 721600.0, 'price': 0.396, 'value': 285753.60000000003, 'profit_pct': -5.130840382638936}, '159995': {'shares': 590200.0, 'price': 0.468, 'value': 276213.60000000003, 'profit_pct': -5.929080979382769}, '515050': {'shares': 941500.0, 'price': 0.294, 'value': 276801.0, 'profit_pct': -2.097902097902089}}",-0.020202867155284077,1.1434501233245753,-41.345718800125155
2023-12-06,3.5233245752751827,1144310.4,1144313.9233245752,"{'512010': {'shares': 732400.0, 'price': 0.417, 'value': 305410.8, 'profit_pct': -0.5767502187549799}, '512170': {'shares': 721600.0, 'price': 0.397, 'value': 286475.2, 'profit_pct': -4.89127179774661}, '159995': {'shares': 590200.0, 'price': 0.467, 'value': 275623.4, 'profit_pct': -6.130087216606309}, '515050': {'shares': 941500.0, 'price': 0.294, 'value': 276801.0, 'profit_pct': -2.097902097902089}}",0.0007554330375936225,1.1443139233245752,-41.30140941831046
2023-12-07,3.5233245752751827,1137917.3,1137920.8233245753,"{'512010': {'shares': 732400.0, 'price': 0.412, 'value': 301748.8, 'profit_pct': -1.7688755158922116}, '512170': {'shares': 721600.0, 'price': 0.396, 'value': 285753.60000000003, 'profit_pct': -5.130840382638936}, '159995': {'shares': 590200.0, 'price': 0.462, 'value': 272672.4, 'profit_pct': -7.135118402724015}, '515050': {'shares': 941500.0, 'price': 0.295, 'value': 277742.5, 'profit_pct': -1.7649017649017558}}",-0.005586841049199154,1.1379208233245752,-41.62934911370238
2023-12-08,3.5233245752751827,1158811.4,1158814.9233245752,"{'512010': {'shares': 732400.0, 'price': 0.416, 'value': 304678.39999999997, 'profit_pct': -0.8151752781824263}, '512170': {'shares': 721600.0, 'price': 0.4, 'value': 288640.0, 'profit_pct': -4.172566043069631}, '159995': {'shares': 590200.0, 'price': 0.47, 'value': 277394.0, 'profit_pct': -5.527068504935697}, '515050': {'shares': 941500.0, 'price': 0.306, 'value': 288099.0, 'profit_pct': 1.898101898101911}}",0.01836164658535311,1.1588149233245753,-40.557567851171164
2023-12-11,3.5233245752751827,1171529.6,1171533.1233245754,"{'512010': {'shares': 732400.0, 'price': 0.419, 'value': 306875.6, 'profit_pct': -0.09990009990008733}, '512170': {'shares': 721600.0, 'price': 0.402, 'value': 290083.2, 'profit_pct': -3.6934288732849785}, '159995': {'shares': 590200.0, 'price': 0.479, 'value': 282705.8, 'profit_pct': -3.7180123699238252}, '515050': {'shares': 941500.0, 'price': 0.31, 'value': 291865.0, 'profit_pct': 3.230103230103244}}",0.010975177954657633,1.1715331233245754,-39.9051765802801
2023-12-12,3.5233245752751827,1167309.7999999998,1167313.323324575,"{'512010': {'shares': 732400.0, 'price': 0.417, 'value': 305410.8, 'profit_pct': -0.5767502187549799}, '512170': {'shares': 721600.0, 'price': 0.399, 'value': 287918.4, 'profit_pct': -4.412134627961957}, '159995': {'shares': 590200.0, 'price': 0.478, 'value': 282115.6, 'profit_pct': -3.919018607147367}, '515050': {'shares': 941500.0, 'price': 0.31, 'value': 291865.0, 'profit_pct': 3.230103230103244}}",-0.003601946813100221,1.1673133233245752,-40.12163493798057
2023-12-13,3.5233245752751827,1155938.2000000002,1155941.7233245755,"{'512010': {'shares': 732400.0, 'price': 0.413, 'value': 302481.2, 'profit_pct': -1.5304504564647652}, '512170': {'shares': 721600.0, 'price': 0.394, 'value': 284310.4, 'profit_pct': -5.6099775524235875}, '159995': {'shares': 590200.0, 'price': 0.473, 'value': 279164.6, 'profit_pct': -4.924049793265073}, '515050': {'shares': 941500.0, 'price': 0.308, 'value': 289982.0, 'profit_pct': 2.564102564102578}}",-0.009741686120409043,1.1559417233245755,-40.70495117581804
2023-12-14,3.5233245752751827,1150699.2,1150702.7233245752,"{'512010': {'shares': 732400.0, 'price': 0.412, 'value': 301748.8, 'profit_pct': -1.7688755158922116}, '512170': {'shares': 721600.0, 'price': 0.392, 'value': 282867.2, 'profit_pct': -6.08911472220824}, '159995': {'shares': 590200.0, 'price': 0.471, 'value': 277984.2, 'profit_pct': -5.326062267712155}, '515050': {'shares': 941500.0, 'price': 0.306, 'value': 288099.0, 'profit_pct': 1.898101898101911}}",-0.00453223540104819,1.1507027233245752,-40.97369029520588
2023-12-15,3.5233245752751827,1141218.8,1141222.3233245753,"{'512010': {'shares': 732400.0, 'price': 0.407, 'value': 298086.8, 'profit_pct': -2.961000813029443}, '512170': {'shares': 721600.0, 'price': 0.389, 'value': 280702.4, 'profit_pct': -6.807820476885218}, '159995': {'shares': 590200.0, 'price': 0.468, 'value': 276213.60000000003, 'profit_pct': -5.929080979382769}, '515050': {'shares': 941500.0, 'price': 0.304, 'value': 286216.0, 'profit_pct': 1.2321012321012446}}",-0.00823879165994279,1.1412223233245753,-41.459995763318936
2023-12-18,3.5233245752751827,1136164.9000000001,1136168.4233245754,"{'512010': {'shares': 732400.0, 'price': 0.407, 'value': 298086.8, 'profit_pct': -2.961000813029443}, '512170': {'shares': 721600.0, 'price': 0.39, 'value': 281424.0, 'profit_pct': -6.568251891992892}, '159995': {'shares': 590200.0, 'price': 0.463, 'value': 273262.60000000003, 'profit_pct': -6.934112165500475}, '515050': {'shares': 941500.0, 'price': 0.301, 'value': 283391.5, 'profit_pct': 0.23310023310024441}}",-0.004428497319678315,1.1361684233245755,-41.71924001517503
2023-12-19,3.5233245752751827,1135773.1,1135776.6233245754,"{'512010': {'shares': 732400.0, 'price': 0.403, 'value': 295157.2, 'profit_pct': -3.914701050739215}, '512170': {'shares': 721600.0, 'price': 0.386, 'value': 278537.60000000003, 'profit_pct': -7.5265262315621975}, '159995': {'shares': 590200.0, 'price': 0.469, 'value': 276803.8, 'profit_pct': -5.7280747421592375}, '515050': {'shares': 941500.0, 'price': 0.303, 'value': 285274.5, 'profit_pct': 0.8991008991009112}}",-0.00034484323974925957,1.1357766233245754,-41.73933774126325
2023-12-20,3.5233245752751827,1124396.5,1124400.0233245753,"{'512010': {'shares': 732400.0, 'price': 0.401, 'value': 293692.4, 'profit_pct': -4.391551169594108}, '512170': {'shares': 721600.0, 'price': 0.385, 'value': 277816.0, 'profit_pct': -7.766094816454523}, '159995': {'shares': 590200.0, 'price': 0.463, 'value': 273262.60000000003, 'profit_pct': -6.934112165500475}, '515050': {'shares': 941500.0, 'price': 0.297, 'value': 279625.5, 'profit_pct': -1.098901098901089}}",-0.010016582280677033,1.1244000233245752,-42.322910458504616
2023-12-21,3.5233245752751827,1132160.1,1132163.6233245754,"{'512010': {'shares': 732400.0, 'price': 0.405, 'value': 296622.0, 'profit_pct': -3.4378509318843222}, '512170': {'shares': 721600.0, 'price': 0.385, 'value': 277816.0, 'profit_pct': -7.766094816454523}, '159995': {'shares': 590200.0, 'price': 0.468, 'value': 276213.60000000003, 'profit_pct': -5.929080979382769}, '515050': {'shares': 941500.0, 'price': 0.299, 'value': 281508.5, 'profit_pct': -0.43290043290042224}}",0.006904660120021111,1.1321636233245753,-41.92466975850856
2023-12-22,274575.7973234553,846752.5,1121328.2973234553,"{'512010': {'shares': 732400.0, 'price': 0.403, 'value': 295157.2, 'profit_pct': -3.914701050739215}, '159995': {'shares': 590200.0, 'price': 0.464, 'value': 273852.8, 'profit_pct': -6.733105928276934}, '515050': {'shares': 941500.0, 'price': 0.295, 'value': 277742.5, 'profit_pct': -1.7649017649017558}}",-0.009570459408775545,1.1213282973234553,-42.48047734923599
2023-12-25,274575.7973234553,845826.7000000001,1120402.4973234553,"{'512010': {'shares': 732400.0, 'price': 0.404, 'value': 295889.60000000003, 'profit_pct': -3.6762759913117686}, '159995': {'shares': 590200.0, 'price': 0.458, 'value': 270311.60000000003, 'profit_pct': -7.93914335161818}, '515050': {'shares': 941500.0, 'price': 0.297, 'value': 279625.5, 'profit_pct': -1.098901098901089}}",-0.0008256279648073406,1.1204024973234552,-42.52796707565882
2023-12-26,538641.7441663353,567668.9,1106310.6441663355,"{'512010': {'shares': 732400.0, 'price': 0.401, 'value': 293692.4, 'profit_pct': -4.391551169594108}, '515050': {'shares': 941500.0, 'price': 0.291, 'value': 273976.5, 'profit_pct': -3.0969030969030893}}",-0.012577491741391222,1.1063106441663355,-43.250821095125694
2023-12-27,538641.7441663353,571016.7,1109658.4441663353,"{'512010': {'shares': 732400.0, 'price': 0.403, 'value': 295157.2, 'profit_pct': -3.914701050739215}, '515050': {'shares': 941500.0, 'price': 0.293, 'value': 275859.5, 'profit_pct': -2.4309024309024223}}",0.0030260939977870827,1.1096584441663353,-43.0790927454623
2023-12-28,538641.7441663353,582734.0,1121375.7441663353,"{'512010': {'shares': 732400.0, 'price': 0.41, 'value': 300284.0, 'profit_pct': -2.245725634747104}, '515050': {'shares': 941500.0, 'price': 0.3, 'value': 282450.0, 'profit_pct': -0.09990009990008891}}",0.010559375329949328,1.1213757441663352,-42.478043521640394
2023-12-29,6.640180135262199,1126269.4000000001,1126276.0401801355,"{'512170': {'shares': 711300.0, 'price': 0.391, 'value': 278118.3, 'profit_pct': -0.09990009990010759}, '512400': {'shares': 304400.0, 'price': 0.92, 'value': 280048.0, 'profit_pct': -0.09990009990010335}, '515030': {'shares': 235100.0, 'price': 1.191, 'value': 280004.10000000003, 'profit_pct': -0.09990009990009505}, '515050': {'shares': 941500.0, 'price': 0.306, 'value': 288099.0, 'profit_pct': 1.898101898101911}}",0.004369896566153386,1.1262760401801355,-42.22667852154719
2024-01-02,6.640180135262199,1110481.1,1110487.7401801352,"{'512170': {'shares': 711300.0, 'price': 0.386, 'value': 274561.8, 'profit_pct': -1.3773949835330996}, '512400': {'shares': 304400.0, 'price': 0.92, 'value': 280048.0, 'profit_pct': -0.09990009990010335}, '515030': {'shares': 235100.0, 'price': 1.163, 'value': 273421.3, 'profit_pct': -2.448517058088844}, '515050': {'shares': 941500.0, 'price': 0.3, 'value': 282450.0, 'profit_pct': -0.09990009990008891}}",-0.014018144253051035,1.1104877401801352,-43.036553276010025
2024-01-03,6.640180135262199,1102136.4,1102143.040180135,"{'512170': {'shares': 711300.0, 'price': 0.384, 'value': 273139.2, 'profit_pct': -1.8883929369862964}, '512400': {'shares': 304400.0, 'price': 0.922, 'value': 280656.8, 'profit_pct': 0.1172740303175053}, '515030': {'shares': 235100.0, 'price': 1.159, 'value': 272480.9, 'profit_pct': -2.7840337664015222}, '515050': {'shares': 941500.0, 'price': 0.293, 'value': 275859.5, 'profit_pct': -2.4309024309024223}}",-0.007514445858399665,1.102143040180135,-43.46460201232528
2024-01-04,6.640180135262199,1087004.6,1087011.2401801352,"{'512170': {'shares': 711300.0, 'price': 0.38, 'value': 270294.0, 'profit_pct': -2.91038884389269}, '512400': {'shares': 304400.0, 'price': 0.911, 'value': 277308.4, 'profit_pct': -1.0771836858793424}, '515030': {'shares': 235100.0, 'price': 1.137, 'value': 267308.7, 'profit_pct': -4.629375662121253}, '515050': {'shares': 941500.0, 'price': 0.289, 'value': 272093.5, 'profit_pct': -3.7629037629037554}}",-0.013729433883216013,1.0870112401801353,-44.24080102105836
2024-01-05,6.640180135262199,1073679.0,1073685.6401801351,"{'512170': {'shares': 711300.0, 'price': 0.373, 'value': 265314.9, 'profit_pct': -4.698881680978879}, '512400': {'shares': 304400.0, 'price': 0.906, 'value': 275786.4, 'profit_pct': -1.6201190114233641}, '515030': {'shares': 235100.0, 'price': 1.132, 'value': 266133.19999999995, 'profit_pct': -5.048771547512111}, '515050': {'shares': 941500.0, 'price': 0.283, 'value': 266444.5, 'profit_pct': -5.760905760905756}}",-0.012258934873379812,1.0736856401801351,-44.92434940993304
2024-01-08,258582.63160388527,795088.1,1053670.7316038853,"{'512170': {'shares': 711300.0, 'price': 0.368, 'value': 261758.4, 'profit_pct': -5.976376564611871}, '512400': {'shares': 304400.0, 'price': 0.894, 'value': 272133.6, 'profit_pct': -2.923163792729016}, '515030': {'shares': 235100.0, 'price': 1.111, 'value': 261196.1, 'profit_pct': -6.810234266153663}}",-0.018641311597398236,1.0536707316038854,-45.95103177401191
2024-01-09,258582.63160388527,800787.5,1059370.1316038852,"{'512170': {'shares': 711300.0, 'price': 0.368, 'value': 261758.4, 'profit_pct': -5.976376564611871}, '512400': {'shares': 304400.0, 'price': 0.905, 'value': 275482.0, 'profit_pct': -1.728706076532168}, '515030': {'shares': 235100.0, 'price': 1.121, 'value': 263547.1, 'profit_pct': -5.971442495371967}}",0.005409090173098319,1.0593701316038853,-45.65867603111461
2024-01-10,258582.63160388527,800453.0,1059035.6316038852,"{'512170': {'shares': 711300.0, 'price': 0.37, 'value': 263181.0, 'profit_pct': -5.465378611158674}, '512400': {'shares': 304400.0, 'price': 0.9, 'value': 273960.0, 'profit_pct': -2.27164140207619}, '515030': {'shares': 235100.0, 'price': 1.12, 'value': 263312.0, 'profit_pct': -6.055321672450127}}",-0.0003157536634467162,1.0590356316038851,-45.67583450323433
2024-01-11,258582.63160388527,817813.7,1076396.3316038852,"{'512170': {'shares': 711300.0, 'price': 0.375, 'value': 266737.5, 'profit_pct': -4.187883727525682}, '512400': {'shares': 304400.0, 'price': 0.916, 'value': 278830.4, 'profit_pct': -0.5342483603353206}, '515030': {'shares': 235100.0, 'price': 1.158, 'value': 272245.8, 'profit_pct': -2.867912943479701}}",0.016392932855061382,1.0763963316038851,-44.78530210583861
2024-01-12,258582.63160388527,811089.5,1069672.1316038852,"{'512170': {'shares': 711300.0, 'price': 0.37, 'value': 263181.0, 'profit_pct': -5.465378611158674}, '512400': {'shares': 304400.0, 'price': 0.911, 'value': 277308.4, 'profit_pct': -1.0771836858793424}, '515030': {'shares': 235100.0, 'price': 1.151, 'value': 270600.1, 'profit_pct': -3.455067183026879}}",-0.006246955514964014,1.0696721316038853,-45.13022586735561
2024-01-15,258582.63160388527,802397.1000000001,1060979.7316038853,"{'512170': {'shares': 711300.0, 'price': 0.369, 'value': 262469.7, 'profit_pct': -5.720877587885273}, '512400': {'shares': 304400.0, 'price': 0.901, 'value': 274264.4, 'profit_pct': -2.163054336967386}, '515030': {'shares': 235100.0, 'price': 1.13, 'value': 265663.0, 'profit_pct': -5.21652990166845}}",-0.008126228349023545,1.0609797316038854,-45.57611018141683
2024-01-16,258582.63160388527,804748.1000000001,1063330.7316038853,"{'512170': {'shares': 711300.0, 'price': 0.369, 'value': 262469.7, 'profit_pct': -5.720877587885273}, '512400': {'shares': 304400.0, 'price': 0.901, 'value': 274264.4, 'profit_pct': -2.163054336967386}, '515030': {'shares': 235100.0, 'price': 1.14, 'value': 268014.0, 'profit_pct': -4.377738130886754}}",0.0022158764488799942,1.0633307316038854,-45.45551356571139
2024-01-17,513607.4445008952,523272.20000000007,1036879.6445008953,"{'512400': {'shares': 304400.0, 'price': 0.871, 'value': 265132.4, 'profit_pct': -5.420666290231516}, '515030': {'shares': 235100.0, 'price': 1.098, 'value': 258139.80000000002, 'profit_pct': -7.900663568169858}}",-0.0248756913694127,1.0368796445008952,-46.81234537615387
2024-01-18,513607.4445008952,527268.9,1040876.3445008952,"{'512400': {'shares': 304400.0, 'price': 0.871, 'value': 265132.4, 'profit_pct': -5.420666290231516}, '515030': {'shares': 235100.0, 'price': 1.115, 'value': 262136.5, 'profit_pct': -6.474717557840984}}",0.003854545723986913,1.0408763445008953,-46.607331129454636
2024-01-19,513607.4445008952,524571.4,1038178.8445008952,"{'512400': {'shares': 304400.0, 'price': 0.866, 'value': 263610.4, 'profit_pct': -5.963601615775537}, '515030': {'shares': 235100.0, 'price': 1.11, 'value': 260961.00000000003, 'profit_pct': -6.894113443231823}}",-0.0025915662453578348,1.0381788445008953,-46.74570176784911
2024-01-22,1014936.7188854052,0.0,1014936.7188854052,{},-0.022387400531806878,1.0149367188854053,-47.93792707241257
2024-01-23,1014936.7188854052,0.0,1014936.7188854052,{},0.0,1.0149367188854053,-47.93792707241257
2024-01-24,1014936.7188854052,0.0,1014936.7188854052,{},0.0,1.0149367188854053,-47.93792707241257
2024-01-25,1014936.7188854052,0.0,1014936.7188854052,{},0.0,1.0149367188854053,-47.93792707241257
2024-01-26,1014936.7188854052,0.0,1014936.7188854052,{},0.0,1.0149367188854053,-47.93792707241257
2024-01-29,1014936.7188854052,0.0,1014936.7188854052,{},0.0,1.0149367188854053,-47.93792707241257
2024-01-30,1014936.7188854052,0.0,1014936.7188854052,{},0.0,1.0149367188854053,-47.93792707241257
2024-01-31,187.85442607538425,1013431.1,1013618.9544260753,"{'159928': {'shares': 328600.0, 'price': 0.771, 'value': 253350.6, 'profit_pct': -0.09990009990009552}, '512400': {'shares': 310500.0, 'price': 0.816, 'value': 253367.99999999997, 'profit_pct': -0.09990009990009109}, '512580': {'shares': 296000.0, 'price': 0.856, 'value': 253376.0, 'profit_pct': -0.09990009990008322}, '512880': {'shares': 296300.0, 'price': 0.855, 'value': 253336.5, 'profit_pct': -0.09990009990009281}}",-0.001298371055859615,1.0136189544260754,-48.005522961009795
2024-02-01,187.85442607538425,1012950.4999999999,1013138.3544260752,"{'159928': {'shares': 328600.0, 'price': 0.774, 'value': 254336.4, 'profit_pct': 0.2888162421236399}, '512400': {'shares': 310500.0, 'price': 0.817, 'value': 253678.49999999997, 'profit_pct': 0.02252649311473735}, '512580': {'shares': 296000.0, 'price': 0.853, 'value': 252488.0, 'profit_pct': -0.4500172724471627}, '512880': {'shares': 296300.0, 'price': 0.852, 'value': 252447.6, 'profit_pct': -0.4504267662162331}}",-0.00047414267255119213,1.0131383544260752,-48.030175761310964
2024-02-02,187.85442607538425,994880.3,995068.1544260754,"{'159928': {'shares': 328600.0, 'price': 0.774, 'value': 254336.4, 'profit_pct': 0.2888162421236399}, '512400': {'shares': 310500.0, 'price': 0.796, 'value': 247158.0, 'profit_pct': -2.548431960196646}, '512580': {'shares': 296000.0, 'price': 0.833, 'value': 246568.0, 'profit_pct': -2.784131756094359}, '512880': {'shares': 296300.0, 'price': 0.833, 'value': 246817.9, 'profit_pct': -2.670428986218455}}",-0.017835866070075146,0.9950681544260754,-48.95710258611757
2024-02-05,187.85442607538425,983189.4,983377.2544260754,"{'159928': {'shares': 328600.0, 'price': 0.779, 'value': 255979.4, 'profit_pct': 0.9366768121631989}, '512400': {'shares': 310500.0, 'price': 0.775, 'value': 240637.5, 'profit_pct': -5.119390413508043}, '512580': {'shares': 296000.0, 'price': 0.828, 'value': 245088.0, 'profit_pct': -3.367660377006158}, '512880': {'shares': 296300.0, 'price': 0.815, 'value': 241484.49999999997, 'profit_pct': -4.773588984115298}}",-0.011748843481724114,0.9833772544260754,-49.55679759868698
2024-02-06,187.85442607538425,1030999.4,1031187.2544260754,"{'159928': {'shares': 328600.0, 'price': 0.81, 'value': 266166.0, 'profit_pct': 4.953412346408465}, '512400': {'shares': 310500.0, 'price': 0.817, 'value': 253678.49999999997, 'profit_pct': 0.02252649311473735}, '512580': {'shares': 296000.0, 'price': 0.863, 'value': 255448.0, 'profit_pct': 0.7170399693764355}, '512880': {'shares': 296300.0, 'price': 0.863, 'value': 255706.9, 'profit_pct': 0.8348376769429481}}",0.048618167427416425,1.0311872544260754,-47.104341538764885
2024-02-07,187.85442607538425,1054874.2,1055062.0544260754,"{'159928': {'shares': 328600.0, 'price': 0.828, 'value': 272080.8, 'profit_pct': 7.285710398550862}, '512400': {'shares': 310500.0, 'price': 0.851, 'value': 264235.5, 'profit_pct': 4.185030655618904}, '512580': {'shares': 296000.0, 'price': 0.878, 'value': 259888.0, 'profit_pct': 2.4676258321118327}, '512880': {'shares': 296300.0, 'price': 0.873, 'value': 258669.9, 'profit_pct': 2.0032598979967493}}",0.023152729921286586,1.0550620544260754,-45.87966264440328
2024-02-08,187.85442607538425,1063789.3,1063977.1544260755,"{'159928': {'shares': 328600.0, 'price': 0.825, 'value': 271095.0, 'profit_pct': 6.896994056527126}, '512400': {'shares': 310500.0, 'price': 0.86, 'value': 267030.0, 'profit_pct': 5.28686999275236}, '512580': {'shares': 296000.0, 'price': 0.894, 'value': 264624.0, 'profit_pct': 4.3349174190295905}, '512880': {'shares': 296300.0, 'price': 0.881, 'value': 261040.3, 'profit_pct': 2.93799767483979}}",0.008449834739672868,1.0639771544260754,-45.42235473769315
2024-02-19,187.85442607538425,1063346.5,1063534.3544260755,"{'159928': {'shares': 328600.0, 'price': 0.827, 'value': 271752.2, 'profit_pct': 7.1561382845429495}, '512400': {'shares': 310500.0, 'price': 0.866, 'value': 268893.0, 'profit_pct': 6.02142955084133}, '512580': {'shares': 296000.0, 'price': 0.894, 'value': 264624.0, 'profit_pct': 4.3349174190295905}, '512880': {'shares': 296300.0, 'price': 0.871, 'value': 258077.3, 'profit_pct': 1.769575453785989}}",-0.0004161743493814596,1.0635343544260756,-45.44506855370096
2024-02-20,187.85442607538425,1065890.7,1066078.5544260754,"{'159928': {'shares': 328600.0, 'price': 0.821, 'value': 269780.6, 'profit_pct': 6.378705600495479}, '512400': {'shares': 310500.0, 'price': 0.871, 'value': 270445.5, 'profit_pct': 6.6335625159154725}, '512580': {'shares': 296000.0, 'price': 0.893, 'value': 264328.0, 'profit_pct': 4.21821169484723}, '512880': {'shares': 296300.0, 'price': 0.882, 'value': 261336.6, 'profit_pct': 3.0548398969451704}}",0.002392212333726551,1.0660785544260754,-45.314561573829515
2024-02-21,187.85442607538425,1081934.9,1082122.7544260754,"{'159928': {'shares': 328600.0, 'price': 0.846, 'value': 277995.6, 'profit_pct': 9.618008450693274}, '512400': {'shares': 310500.0, 'price': 0.88, 'value': 273240.0, 'profit_pct': 7.735401853048929}, '512580': {'shares': 296000.0, 'price': 0.901, 'value': 266696.0, 'profit_pct': 5.151857488306109}, '512880': {'shares': 296300.0, 'price': 0.891, 'value': 264003.3, 'profit_pct': 4.106419895893591}}",0.01504973525017328,1.0821227544260754,-44.491560203476
2024-02-22,187.85442607538425,1088927.1,1089114.9544260756,"{'159928': {'shares': 328600.0, 'price': 0.848, 'value': 278652.8, 'profit_pct': 9.877152678709097}, '512400': {'shares': 310500.0, 'price': 0.888, 'value': 275724.0, 'profit_pct': 8.714814597167557}, '512580': {'shares': 296000.0, 'price': 0.904, 'value': 267584.0, 'profit_pct': 5.501974660853188}, '512880': {'shares': 296300.0, 'price': 0.901, 'value': 266966.3, 'profit_pct': 5.274842116947393}}",0.006461558978776427,1.0891149544260756,-44.132889145910895
2024-02-23,187.85442607538425,1095025.0,1095212.8544260755,"{'159928': {'shares': 328600.0, 'price': 0.849, 'value': 278981.39999999997, 'profit_pct': 10.00672479271701}, '512400': {'shares': 310500.0, 'price': 0.898, 'value': 278829.0, 'profit_pct': 9.939080527315841}, '512580': {'shares': 296000.0, 'price': 0.912, 'value': 269952.0, 'profit_pct': 6.435620454312067}, '512880': {'shares': 296300.0, 'price': 0.902, 'value': 267262.60000000003, 'profit_pct': 5.391684339052773}}",0.005598949840160072,1.0952128544260755,-43.82009199452418
2024-02-26,187.85442607538425,1084239.0,1084426.8544260755,"{'159928': {'shares': 328600.0, 'price': 0.84, 'value': 276024.0, 'profit_pct': 8.840575766645804}, '512400': {'shares': 310500.0, 'price': 0.889, 'value': 276034.5, 'profit_pct': 8.837241190182384}, '512580': {'shares': 296000.0, 'price': 0.902, 'value': 266992.0, 'profit_pct': 5.268563212488469}, '512880': {'shares': 296300.0, 'price': 0.895, 'value': 265188.5, 'profit_pct': 4.573788784315112}}",-0.009848313920358565,1.0844268544260756,-44.37336936457898
2024-02-27,187.85442607538425,1094488.4,1094676.2544260754,"{'159928': {'shares': 328600.0, 'price': 0.842, 'value': 276681.2, 'profit_pct': 9.099719994661628}, '512400': {'shares': 310500.0, 'price': 0.897, 'value': 278518.5, 'profit_pct': 9.816653934301012}, '512580': {'shares': 296000.0, 'price': 0.912, 'value': 269952.0, 'profit_pct': 6.435620454312067}, '512880': {'shares': 296300.0, 'price': 0.909, 'value': 269336.7, 'profit_pct': 6.209579893790433}}",0.009451444288904431,1.0946762544260753,-43.847617364148824
2024-02-28,187.85442607538425,1081942.4,1082130.2544260754,"{'159928': {'shares': 328600.0, 'price': 0.834, 'value': 274052.39999999997, 'profit_pct': 8.063143082598332}, '512400': {'shares': 310500.0, 'price': 0.887, 'value': 275413.5, 'profit_pct': 8.592388004152728}, '512580': {'shares': 296000.0, 'price': 0.903, 'value': 267288.0, 'profit_pct': 5.385268936670828}, '512880': {'shares': 296300.0, 'price': 0.895, 'value': 265188.5, 'profit_pct': 4.573788784315112}}",-0.011460922760746062,1.0821302544260754,-44.491175484370174
2024-02-29,13.328687805391382,1104290.6,1104303.9286878055,"{'512690': {'shares': 402600.0, 'price': 0.671, 'value': 270144.60000000003, 'profit_pct': -0.09990009990011302}, '159928': {'shares': 328600.0, 'price': 0.848, 'value': 278652.8, 'profit_pct': 9.877152678709097}, '512400': {'shares': 310500.0, 'price': 0.91, 'value': 282555.0, 'profit_pct': 11.40819964349378}, '515050': {'shares': 915900.0, 'price': 0.298, 'value': 272938.2, 'profit_pct': -0.09990009990006958}}",0.02049076270720329,1.1043039286878056,-43.353757333064614
2024-03-01,13.328687805391382,1118131.8,1118145.1286878055,"{'512690': {'shares': 402600.0, 'price': 0.672, 'value': 270547.2, 'profit_pct': 0.048982314258009155}, '159928': {'shares': 328600.0, 'price': 0.846, 'value': 277995.6, 'profit_pct': 9.618008450693274}, '512400': {'shares': 310500.0, 'price': 0.92, 'value': 285660.0, 'profit_pct': 12.632465573642065}, '515050': {'shares': 915900.0, 'price': 0.31, 'value': 283929.0, 'profit_pct': 3.9229227148690584}}",0.012533868295159234,1.1181451286878055,-42.64376078806161
2024-03-04,13.328687805391382,1119802.6,1119815.9286878055,"{'512690': {'shares': 402600.0, 'price': 0.665, 'value': 267729.0, 'profit_pct': -0.9931945848488459}, '159928': {'shares': 328600.0, 'price': 0.841, 'value': 276352.6, 'profit_pct': 8.970147880653716}, '512400': {'shares': 310500.0, 'price': 0.925, 'value': 287212.5, 'profit_pct': 13.24459853871621}, '515050': {'shares': 915900.0, 'price': 0.315, 'value': 288508.5, 'profit_pct': 5.599098887689529}}",0.001494260411401882,1.1198159286878056,-42.55805563046032
2024-03-05,13.328687805391382,1124237.0,1124250.3286878054,"{'512690': {'shares': 402600.0, 'price': 0.673, 'value': 270949.8, 'profit_pct': 0.1978647284161313}, '159928': {'shares': 328600.0, 'price': 0.854, 'value': 280624.39999999997, 'profit_pct': 10.654585362756569}, '512400': {'shares': 310500.0, 'price': 0.924, 'value': 286902.0, 'profit_pct': 13.12217194570138}, '515050': {'shares': 915900.0, 'price': 0.312, 'value': 285760.8, 'profit_pct': 4.5933931839972475}}",0.003959936527422103,1.1242503286878054,-42.330589176745235
2024-03-06,13.328687805391382,1117233.0,1117246.3286878054,"{'512690': {'shares': 402600.0, 'price': 0.663, 'value': 266923.8, 'profit_pct': -1.2909594131650903}, '159928': {'shares': 328600.0, 'price': 0.843, 'value': 277009.8, 'profit_pct': 9.229292108669538}, '512400': {'shares': 310500.0, 'price': 0.929, 'value': 288454.5, 'profit_pct': 13.734304910775522}, '515050': {'shares': 915900.0, 'price': 0.311, 'value': 284844.9, 'profit_pct': 4.258157949433153}}",-0.006229929243760979,1.1172463286878054,-42.689865525703496
2024-03-07,13.328687805391382,1118145.9,1118159.2286878054,"{'512690': {'shares': 402600.0, 'price': 0.659, 'value': 265313.4, 'profit_pct': -1.8864890697975791}, '159928': {'shares': 328600.0, 'price': 0.84, 'value': 276024.0, 'profit_pct': 8.840575766645804}, '512400': {'shares': 310500.0, 'price': 0.958, 'value': 297459.0, 'profit_pct': 17.28467610820553}, '515050': {'shares': 915900.0, 'price': 0.305, 'value': 279349.5, 'profit_pct': 2.246746542048589}}",0.000817098232107849,1.1181592286878053,-42.64303751614268
2024-03-08,13.328687805391382,1127402.0999999999,1127415.4286878053,"{'512690': {'shares': 402600.0, 'price': 0.655, 'value': 263703.0, 'profit_pct': -2.4820187264300677}, '159928': {'shares': 328600.0, 'price': 0.834, 'value': 274052.39999999997, 'profit_pct': 8.063143082598332}, '512400': {'shares': 310500.0, 'price': 0.961, 'value': 298390.5, 'profit_pct': 17.65195588725002}, '515050': {'shares': 915900.0, 'price': 0.318, 'value': 291256.2, 'profit_pct': 6.604804591381812}}",0.00827806967247624,1.1274154286878053,-42.1682325844997
2024-03-11,13.328687805391382,1145718.9,1145732.2286878054,"{'512690': {'shares': 402600.0, 'price': 0.672, 'value': 270547.2, 'profit_pct': 0.048982314258009155}, '159928': {'shares': 328600.0, 'price': 0.852, 'value': 279967.2, 'profit_pct': 10.395441134740745}, '512400': {'shares': 310500.0, 'price': 0.973, 'value': 302116.5, 'profit_pct': 19.121075003427958}, '515050': {'shares': 915900.0, 'price': 0.32, 'value': 293088.0, 'profit_pct': 7.2752750605099985}}",0.016246717522146126,1.1457322286878053,-41.228656195493606
2024-03-12,13.328687805391382,1157202.2,1157215.5286878054,"{'512690': {'shares': 402600.0, 'price': 0.704, 'value': 283430.39999999997, 'profit_pct': 4.813219567317901}, '159928': {'shares': 328600.0, 'price': 0.875, 'value': 287525.0, 'profit_pct': 13.375599756922716}, '512400': {'shares': 310500.0, 'price': 0.953, 'value': 295906.5, 'profit_pct': 16.672543143131392}, '515050': {'shares': 915900.0, 'price': 0.317, 'value': 290340.3, 'profit_pct': 6.269569356817717}}",0.010022673459357812,1.1572155286878054,-40.639610207773394
2024-03-13,13.328687805391382,1155539.1,1155552.4286878055,"{'512690': {'shares': 402600.0, 'price': 0.701, 'value': 282222.6, 'profit_pct': 4.366572324843535}, '159928': {'shares': 328600.0, 'price': 0.867, 'value': 284896.2, 'profit_pct': 12.339022844859421}, '512400': {'shares': 310500.0, 'price': 0.96, 'value': 298080.0, 'profit_pct': 17.52952929423519}, '515050': {'shares': 915900.0, 'price': 0.317, 'value': 290340.3, 'profit_pct': 6.269569356817717}}",-0.0014371566564490568,1.1555524286878056,-40.7249203870927
2024-03-14,13.328687805391382,1155036.9,1155050.2286878054,"{'512690': {'shares': 402600.0, 'price': 0.699, 'value': 281417.39999999997, 'profit_pct': 4.068807496527291}, '159928': {'shares': 328600.0, 'price': 0.864, 'value': 283910.4, 'profit_pct': 11.950306502835687}, '512400': {'shares': 310500.0, 'price': 0.973, 'value': 302116.5, 'profit_pct': 19.121075003427958}, '515050': {'shares': 915900.0, 'price': 0.314, 'value': 287592.6, 'profit_pct': 5.263863653125435}}",-0.0004345973298420791,1.1550502286878053,-40.750681178418645
2024-03-15,13.328687805391382,1174398.6,1174411.9286878055,"{'512690': {'shares': 402600.0, 'price': 0.704, 'value': 283430.39999999997, 'profit_pct': 4.813219567317901}, '159928': {'shares': 328600.0, 'price': 0.867, 'value': 284896.2, 'profit_pct': 12.339022844859421}, '512400': {'shares': 310500.0, 'price': 1.008, 'value': 312984.0, 'profit_pct': 23.406005758946954}, '515050': {'shares': 915900.0, 'price': 0.32, 'value': 293088.0, 'profit_pct': 7.2752750605099985}}",0.016762647648661977,1.1744119286878056,-39.75750572358924
2024-03-18,13.328687805391382,1183332.5999999999,1183345.9286878053,"{'512690': {'shares': 402600.0, 'price': 0.704, 'value': 283430.39999999997, 'profit_pct': 4.813219567317901}, '159928': {'shares': 328600.0, 'price': 0.87, 'value': 285882.0, 'profit_pct': 12.727739186883158}, '512400': {'shares': 310500.0, 'price': 1.01, 'value': 313605.0, 'profit_pct': 23.650858944976612}, '515050': {'shares': 915900.0, 'price': 0.328, 'value': 300415.2, 'profit_pct': 9.957156937022752}}",0.007607211559901295,1.1833459286878054,-39.29922832473244
2024-03-19,13.328687805391382,1188581.8,1188595.1286878055,"{'512690': {'shares': 402600.0, 'price': 0.712, 'value': 286651.2, 'profit_pct': 6.004278880582879}, '159928': {'shares': 328600.0, 'price': 0.88, 'value': 289168.0, 'profit_pct': 14.023460326962276}, '512400': {'shares': 310500.0, 'price': 1.003, 'value': 311431.49999999994, 'profit_pct': 22.7938727938728}, '515050': {'shares': 915900.0, 'price': 0.329, 'value': 301331.10000000003, 'profit_pct': 10.292392171586846}}",0.0044358964464608075,1.1885951286878056,-39.02996598736069
2024-03-20,13.328687805391382,1185490.4,1185503.7286878054,"{'512690': {'shares': 402600.0, 'price': 0.709, 'value': 285443.39999999997, 'profit_pct': 5.5576316381085125}, '159928': {'shares': 328600.0, 'price': 0.878, 'value': 288510.8, 'profit_pct': 13.764316098946452}, '512400': {'shares': 310500.0, 'price': 1.002, 'value': 311121.0, 'profit_pct': 22.671446200857982}, '515050': {'shares': 915900.0, 'price': 0.328, 'value': 300415.2, 'profit_pct': 9.957156937022752}}",-0.002600885638335937,1.1855037286878054,-39.18854207319301
2024-03-21,13.328687805391382,1187492.7,1187506.0286878054,"{'512690': {'shares': 402600.0, 'price': 0.712, 'value': 286651.2, 'profit_pct': 6.004278880582879}, '159928': {'shares': 328600.0, 'price': 0.885, 'value': 290811.0, 'profit_pct': 14.671320897001836}, '512400': {'shares': 310500.0, 'price': 1.006, 'value': 312363.0, 'profit_pct': 23.1611525729173}, '515050': {'shares': 915900.0, 'price': 0.325, 'value': 297667.5, 'profit_pct': 8.95145123333047}}",0.0016889866742269,1.1875060286878054,-39.085832331114325
2024-03-22,13.328687805391382,1165818.8,1165832.1286878055,"{'512690': {'shares': 402600.0, 'price': 0.696, 'value': 280209.6, 'profit_pct': 3.6221602540529245}, '159928': {'shares': 328600.0, 'price': 0.866, 'value': 284567.6, 'profit_pct': 12.209450730851511}, '512400': {'shares': 310500.0, 'price': 0.98, 'value': 304290.0, 'profit_pct': 19.97806115453176}, '515050': {'shares': 915900.0, 'price': 0.324, 'value': 296751.60000000003, 'profit_pct': 8.616215998766377}}",-0.018251612603558343,1.1658321286878055,-40.197614121475034
2024-03-25,13.328687805391382,1155306.1,1155319.4286878055,"{'512690': {'shares': 402600.0, 'price': 0.689, 'value': 277391.39999999997, 'profit_pct': 2.5799833549460693}, '159928': {'shares': 328600.0, 'price': 0.862, 'value': 283253.2, 'profit_pct': 11.691162274819863}, '512400': {'shares': 310500.0, 'price': 0.986, 'value': 306153.0, 'profit_pct': 20.71262071262073}, '515050': {'shares': 915900.0, 'price': 0.315, 'value': 288508.5, 'profit_pct': 5.599098887689529}}",-0.009017335979436769,1.1553194286878055,-40.73687232731361
2024-03-26,13.328687805391382,1158407.5,1158420.8286878054,"{'512690': {'shares': 402600.0, 'price': 0.7, 'value': 281820.0, 'profit_pct': 4.217689910685413}, '159928': {'shares': 328600.0, 'price': 0.871, 'value': 286210.6, 'profit_pct': 12.85731130089107}, '512400': {'shares': 310500.0, 'price': 0.984, 'value': 305532.0, 'profit_pct': 20.46776752659107}, '515050': {'shares': 915900.0, 'price': 0.311, 'value': 284844.9, 'profit_pct': 4.258157949433153}}",0.002684452388654446,1.1584208286878055,-40.57778328267354
2024-03-27,13.328687805391382,1135831.7,1135845.0286878054,"{'512690': {'shares': 402600.0, 'price': 0.691, 'value': 278196.6, 'profit_pct': 2.8777481832623137}, '159928': {'shares': 328600.0, 'price': 0.86, 'value': 282596.0, 'profit_pct': 11.432018046804039}, '512400': {'shares': 310500.0, 'price': 0.97, 'value': 301185.0, 'profit_pct': 18.753795224383474}, '515050': {'shares': 915900.0, 'price': 0.299, 'value': 273854.1, 'profit_pct': 0.23533513466402448}}",-0.01948842721135513,1.1358450286878055,-41.73582882790653
2024-03-28,13.328687805391382,1149150.5,1149163.8286878054,"{'512690': {'shares': 402600.0, 'price': 0.692, 'value': 278599.19999999995, 'profit_pct': 3.026630597420436}, '159928': {'shares': 328600.0, 'price': 0.86, 'value': 282596.0, 'profit_pct': 11.432018046804039}, '512400': {'shares': 310500.0, 'price': 0.988, 'value': 306774.0, 'profit_pct': 20.957473898650385}, '515050': {'shares': 915900.0, 'price': 0.307, 'value': 281181.3, 'profit_pct': 2.917217011176777}}",0.011725895402638464,1.1491638286878054,-41.05262925102113
2024-03-29,51.59988973540021,1162006.6,1162058.1998897356,"{'512690': {'shares': 402600.0, 'price': 0.691, 'value': 278196.6, 'profit_pct': 2.8777481832623137}, '512660': {'shares': 313600.0, 'price': 0.9, 'value': 282240.0, 'profit_pct': -0.09990009990008891}, '159928': {'shares': 328600.0, 'price': 0.865, 'value': 284239.0, 'profit_pct': 12.079878616843597}, '512400': {'shares': 310500.0, 'price': 1.022, 'value': 317331.0, 'profit_pct': 25.11997806115455}}",0.011220655297385917,1.1620581998897355,-40.39120112315964
2024-04-01,51.59988973540021,1184274.6,1184326.1998897356,"{'512690': {'shares': 402600.0, 'price': 0.71, 'value': 285846.0, 'profit_pct': 5.706514052266635}, '512660': {'shares': 313600.0, 'price': 0.909, 'value': 285062.4, 'profit_pct': 0.899100899100911}, '159928': {'shares': 328600.0, 'price': 0.882, 'value': 289825.2, 'profit_pct': 14.282604554978098}, '512400': {'shares': 310500.0, 'price': 1.042, 'value': 323541.0, 'profit_pct': 27.568509921451124}}",0.01916255141275447,1.1843261998897356,-39.24894445002964
2024-04-02,51.59988973540021,1180972.1,1181023.6998897356,"{'512690': {'shares': 402600.0, 'price': 0.706, 'value': 284235.6, 'profit_pct': 5.110984395634146}, '512660': {'shares': 313600.0, 'price': 0.899, 'value': 281926.4, 'profit_pct': -0.2109002109002}, '159928': {'shares': 328600.0, 'price': 0.876, 'value': 287853.6, 'profit_pct': 13.505171870930626}, '512400': {'shares': 310500.0, 'price': 1.053, 'value': 326956.5, 'profit_pct': 28.91520244461422}}",-0.0027885053968302875,1.1810236998897357,-39.418349096293866
2024-04-03,51.59988973540021,1189074.1,1189125.6998897356,"{'512690': {'shares': 402600.0, 'price': 0.706, 'value': 284235.6, 'profit_pct': 5.110984395634146}, '512660': {'shares': 313600.0, 'price': 0.885, 'value': 277536.0, 'profit_pct': -1.7649017649017555}, '159928': {'shares': 328600.0, 'price': 0.88, 'value': 289168.0, 'profit_pct': 14.023460326962276}, '512400': {'shares': 310500.0, 'price': 1.089, 'value': 338134.5, 'profit_pct': 33.322559793148045}}",0.0068601502245522195,1.1891256998897355,-39.00274987024307
2024-04-08,51.59988973540021,1163010.0,1163061.5998897355,"{'512690': {'shares': 402600.0, 'price': 0.678, 'value': 272962.80000000005, 'profit_pct': 0.9422767992067421}, '512660': {'shares': 313600.0, 'price': 0.867, 'value': 271891.2, 'profit_pct': -3.7629037629037554}, '159928': {'shares': 328600.0, 'price': 0.855, 'value': 280953.0, 'profit_pct': 10.78415747676448}, '512400': {'shares': 310500.0, 'price': 1.086, 'value': 337203.0, 'profit_pct': 32.95528001410357}}",-0.021918708848372326,1.1630615998897356,-40.339730836388554
2024-04-09,51.59988973540021,1165909.0,1165960.5998897355,"{'512690': {'shares': 402600.0, 'price': 0.679, 'value': 273365.4, 'profit_pct': 1.0911592133648642}, '512660': {'shares': 313600.0, 'price': 0.871, 'value': 273145.6, 'profit_pct': -3.318903318903311}, '159928': {'shares': 328600.0, 'price': 0.855, 'value': 280953.0, 'profit_pct': 10.78415747676448}, '512400': {'shares': 310500.0, 'price': 1.09, 'value': 338445.0, 'profit_pct': 33.44498638616289}}",0.002492559293742369,1.1659605998897355,-40.19102407801762
2024-04-10,51.59988973540021,1154693.1,1154744.6998897356,"{'512690': {'shares': 402600.0, 'price': 0.668, 'value': 268936.8, 'profit_pct': -0.5465473423744794}, '512660': {'shares': 313600.0, 'price': 0.855, 'value': 268128.0, 'profit_pct': -5.094905094905089}, '159928': {'shares': 328600.0, 'price': 0.843, 'value': 277009.8, 'profit_pct': 9.229292108669538}, '512400': {'shares': 310500.0, 'price': 1.097, 'value': 340618.5, 'profit_pct': 34.30197253726667}}",-0.009619450263637197,1.1547446998897355,-40.7663535472182
2024-04-11,51.59988973540021,1151595.4,1151646.9998897354,"{'512690': {'shares': 402600.0, 'price': 0.669, 'value': 269339.4, 'profit_pct': -0.39766492821635735}, '512660': {'shares': 313600.0, 'price': 0.851, 'value': 266873.6, 'profit_pct': -5.538905538905533}, '159928': {'shares': 328600.0, 'price': 0.839, 'value': 275695.39999999997, 'profit_pct': 8.711003652637892}, '512400': {'shares': 310500.0, 'price': 1.094, 'value': 339687.0, 'profit_pct': 33.9346927582222}}",-0.0026825842978936976,1.1516469998897354,-40.92525279709943
2024-04-12,51.59988973540021,1144727.5,1144779.0998897355,"{'512690': {'shares': 402600.0, 'price': 0.658, 'value': 264910.8, 'profit_pct': -2.0353714839557013}, '512660': {'shares': 313600.0, 'price': 0.847, 'value': 265619.2, 'profit_pct': -5.982905982905978}, '159928': {'shares': 328600.0, 'price': 0.825, 'value': 271095.0, 'profit_pct': 6.896994056527126}, '512400': {'shares': 310500.0, 'price': 1.105, 'value': 343102.5, 'profit_pct': 35.281385281385305}}",-0.005963546121908414,1.1447790998897354,-41.27754777668401
2024-04-15,51.59988973540021,1166612.4000000001,1166663.9998897356,"{'512690': {'shares': 402600.0, 'price': 0.678, 'value': 272962.80000000005, 'profit_pct': 0.9422767992067421}, '512660': {'shares': 313600.0, 'price': 0.868, 'value': 272204.8, 'profit_pct': -3.6519036519036443}, '159928': {'shares': 328600.0, 'price': 0.848, 'value': 278652.8, 'profit_pct': 9.877152678709097}, '512400': {'shares': 310500.0, 'price': 1.104, 'value': 342792.0, 'profit_pct': 35.15895868837048}}",0.019117137971953024,1.1666639998897357,-40.15494255547946
2024-04-16,51.59988973540021,1132961.9,1133013.4998897354,"{'512690': {'shares': 402600.0, 'price': 0.666, 'value': 268131.60000000003, 'profit_pct': -0.844312170690724}, '512660': {'shares': 313600.0, 'price': 0.833, 'value': 261228.8, 'profit_pct': -7.536907536907533}, '159928': {'shares': 328600.0, 'price': 0.84, 'value': 276024.0, 'profit_pct': 8.840575766645804}, '512400': {'shares': 310500.0, 'price': 1.055, 'value': 327577.5, 'profit_pct': 29.16005563064388}}",-0.028843351644672888,1.1330134998897354,-41.88107459154742
2024-04-17,51.59988973540021,1152048.6,1152100.1998897356,"{'512690': {'shares': 402600.0, 'price': 0.669, 'value': 269339.4, 'profit_pct': -0.39766492821635735}, '512660': {'shares': 313600.0, 'price': 0.862, 'value': 270323.2, 'profit_pct': -4.31790431790431}, '159928': {'shares': 328600.0, 'price': 0.845, 'value': 277667.0, 'profit_pct': 9.488436336685362}, '512400': {'shares': 310500.0, 'price': 1.078, 'value': 334719.0, 'profit_pct': 31.97586726998495}}",0.01684595991297333,1.1521001998897356,-40.90200550393153
2024-04-18,51.59988973540021,1160006.1,1160057.6998897356,"{'512690': {'shares': 402600.0, 'price': 0.67, 'value': 269742.0, 'profit_pct': -0.24878251405823518}, '512660': {'shares': 313600.0, 'price': 0.866, 'value': 271577.6, 'profit_pct': -3.873903873903867}, '159928': {'shares': 328600.0, 'price': 0.85, 'value': 279310.0, 'profit_pct': 10.136296906724922}, '512400': {'shares': 310500.0, 'price': 1.093, 'value': 339376.5, 'profit_pct': 33.81226616520736}}",0.006906951323124133,1.1600576998897356,-40.493818532652924
2024-04-19,51.59988973540021,1154224.8,1154276.3998897355,"{'512690': {'shares': 402600.0, 'price': 0.659, 'value': 265313.4, 'profit_pct': -1.8864890697975791}, '512660': {'shares': 313600.0, 'price': 0.877, 'value': 275027.2, 'profit_pct': -2.6529026529026445}, '159928': {'shares': 328600.0, 'price': 0.842, 'value': 276681.2, 'profit_pct': 9.099719994661628}, '512400': {'shares': 310500.0, 'price': 1.086, 'value': 337203.0, 'profit_pct': 32.95528001410357}}",-0.004983631418117862,1.1542763998897354,-40.79037540818582
2024-04-22,51.59988973540021,1161761.7000000002,1161813.2998897356,"{'512690': {'shares': 402600.0, 'price': 0.673, 'value': 270949.8, 'profit_pct': 0.1978647284161313}, '512660': {'shares': 313600.0, 'price': 0.89, 'value': 279104.0, 'profit_pct': -1.2099012099011999}, '159928': {'shares': 328600.0, 'price': 0.859, 'value': 282267.4, 'profit_pct': 11.302445932796127}, '512400': {'shares': 310500.0, 'price': 1.061, 'value': 329440.5, 'profit_pct': 29.89461518873285}}",0.0065295452637861295,1.1618132998897357,-40.40376348436179
2024-04-23,51.59988973540021,1147840.8,1147892.3998897355,"{'512690': {'shares': 402600.0, 'price': 0.683, 'value': 274975.80000000005, 'profit_pct': 1.686688869997353}, '512660': {'shares': 313600.0, 'price': 0.875, 'value': 274400.0, 'profit_pct': -2.8749028749028667}, '159928': {'shares': 328600.0, 'price': 0.865, 'value': 284239.0, 'profit_pct': 12.079878616843597}, '512400': {'shares': 310500.0, 'price': 1.012, 'value': 314226.0, 'profit_pct': 23.89571213100627}}",-0.01198204565339489,1.1478923998897355,-41.11784831106268
2024-04-24,51.59988973540021,1156336.0,1156387.5998897355,"{'512690': {'shares': 402600.0, 'price': 0.684, 'value': 275378.4, 'profit_pct': 1.835571284155475}, '512660': {'shares': 313600.0, 'price': 0.893, 'value': 280044.8, 'profit_pct': -0.8769008769008666}, '159928': {'shares': 328600.0, 'price': 0.863, 'value': 283581.8, 'profit_pct': 11.820734388827775}, '512400': {'shares': 310500.0, 'price': 1.022, 'value': 317331.0, 'profit_pct': 25.11997806115455}}",0.007400693654576074,1.1563875998897355,-40.68207954469059
2024-04-25,51.59988973540021,1154037.4,1154088.9998897354,"{'512690': {'shares': 402600.0, 'price': 0.68, 'value': 273768.0, 'profit_pct': 1.2400416275229864}, '512660': {'shares': 313600.0, 'price': 0.883, 'value': 276908.8, 'profit_pct': -1.9869019869019777}, '159928': {'shares': 328600.0, 'price': 0.861, 'value': 282924.6, 'profit_pct': 11.561590160811951}, '512400': {'shares': 310500.0, 'price': 1.032, 'value': 320436.0, 'profit_pct': 26.34424399130284}}",-0.001987741826546152,1.1540889998897355,-40.79998825624334
2024-04-26,51.59988973540021,1175536.0,1175587.5998897355,"{'512690': {'shares': 402600.0, 'price': 0.695, 'value': 279807.0, 'profit_pct': 3.4732778398948025}, '512660': {'shares': 313600.0, 'price': 0.892, 'value': 279731.2, 'profit_pct': -0.9879009879009778}, '159928': {'shares': 328600.0, 'price': 0.873, 'value': 286867.8, 'profit_pct': 13.116455528906892}, '512400': {'shares': 310500.0, 'price': 1.06, 'value': 329130.0, 'profit_pct': 29.772188595718035}}",0.0186281993867492,1.1755875998897354,-39.69719863378274
2024-04-29,51.59988973540021,1181509.7999999998,1181561.3998897353,"{'512690': {'shares': 402600.0, 'price': 0.701, 'value': 282222.6, 'profit_pct': 4.366572324843535}, '512660': {'shares': 313600.0, 'price': 0.903, 'value': 283180.8, 'profit_pct': 0.23310023310024441}, '159928': {'shares': 328600.0, 'price': 0.879, 'value': 288839.4, 'profit_pct': 13.893888212954364}, '512400': {'shares': 310500.0, 'price': 1.054, 'value': 327267.0, 'profit_pct': 29.037629037629063}}",0.005081543902436536,1.1815613998897352,-39.39076730120038
2024-04-30,16.61211691540666,1173474.4,1173491.0121169153,"{'512690': {'shares': 402600.0, 'price': 0.699, 'value': 281417.39999999997, 'profit_pct': 4.068807496527291}, '159928': {'shares': 328600.0, 'price': 0.88, 'value': 289168.0, 'profit_pct': 14.023460326962276}, '512400': {'shares': 310500.0, 'price': 1.044, 'value': 324162.0, 'profit_pct': 27.813363107480775}, '515050': {'shares': 876500.0, 'price': 0.318, 'value': 278727.0, 'profit_pct': -0.09990009990009517}}",-0.0068302737154185555,1.1734910121169153,-39.804744950214676
2024-05-06,16.61211691540666,1195444.2,1195460.8121169154,"{'512690': {'shares': 402600.0, 'price': 0.724, 'value': 291482.39999999997, 'profit_pct': 7.790867850480344}, '159928': {'shares': 328600.0, 'price': 0.898, 'value': 295082.8, 'profit_pct': 16.35575837910469}, '512400': {'shares': 310500.0, 'price': 1.052, 'value': 326646.0, 'profit_pct': 28.792775851599405}, '515050': {'shares': 876500.0, 'price': 0.322, 'value': 282233.0, 'profit_pct': 1.1567049302898418}}",0.018721745435755555,1.1954608121169155,-38.67778470873222
2024-05-07,16.61211691540666,1197711.6,1197728.2121169155,"{'512690': {'shares': 402600.0, 'price': 0.727, 'value': 292690.2, 'profit_pct': 8.23751509295471}, '159928': {'shares': 328600.0, 'price': 0.899, 'value': 295411.4, 'profit_pct': 16.4853304931126}, '512400': {'shares': 310500.0, 'price': 1.06, 'value': 329130.0, 'profit_pct': 29.772188595718035}, '515050': {'shares': 876500.0, 'price': 0.32, 'value': 280480.0, 'profit_pct': 0.5284024151948733}}",0.0018966744681367942,1.1977282121169155,-38.56147642865969
2024-05-08,16.61211691540666,1186199.9,1186216.5121169153,"{'512690': {'shares': 402600.0, 'price': 0.719, 'value': 289469.39999999997, 'profit_pct': 7.046455779689734}, '159928': {'shares': 328600.0, 'price': 0.9, 'value': 295740.0, 'profit_pct': 16.61490260712051}, '512400': {'shares': 310500.0, 'price': 1.052, 'value': 326646.0, 'profit_pct': 28.792775851599405}, '515050': {'shares': 876500.0, 'price': 0.313, 'value': 274344.5, 'profit_pct': -1.6706563876375164}}",-0.009611278989290817,1.1862165121169153,-39.151979219393965
2024-05-09,16.61211691540666,1197414.3,1197430.9121169155,"{'512690': {'shares': 402600.0, 'price': 0.72, 'value': 289872.0, 'profit_pct': 7.195338193847857}, '159928': {'shares': 328600.0, 'price': 0.903, 'value': 296725.8, 'profit_pct': 17.003618949144247}, '512400': {'shares': 310500.0, 'price': 1.078, 'value': 334719.0, 'profit_pct': 31.97586726998495}, '515050': {'shares': 876500.0, 'price': 0.315, 'value': 276097.5, 'profit_pct': -1.0423538725425479}}",0.00945392336512585,1.1974309121169155,-38.57672669401453
2024-05-10,16.61211691540666,1192919.6,1192936.2121169155,"{'512690': {'shares': 402600.0, 'price': 0.716, 'value': 288261.6, 'profit_pct': 6.5998085372153685}, '159928': {'shares': 328600.0, 'price': 0.9, 'value': 295740.0, 'profit_pct': 16.61490260712051}, '512400': {'shares': 310500.0, 'price': 1.086, 'value': 337203.0, 'profit_pct': 32.95528001410357}, '515050': {'shares': 876500.0, 'price': 0.31, 'value': 271715.0, 'profit_pct': -2.613110160279969}}",-0.00375361948194064,1.1929362121169156,-38.80728628934044
2024-05-13,16.61211691540666,1181986.4,1182003.0121169153,"{'512690': {'shares': 402600.0, 'price': 0.701, 'value': 282222.6, 'profit_pct': 4.366572324843535}, '159928': {'shares': 328600.0, 'price': 0.893, 'value': 293439.8, 'profit_pct': 15.707897809065127}, '512400': {'shares': 310500.0, 'price': 1.072, 'value': 332856.0, 'profit_pct': 31.241307711895978}, '515050': {'shares': 876500.0, 'price': 0.312, 'value': 273468.0, 'profit_pct': -1.9848076451850007}}",-0.009164949381994858,1.1820030121169154,-39.36811441304554
2024-05-14,16.61211691540666,1185696.3,1185712.9121169155,"{'512690': {'shares': 402600.0, 'price': 0.704, 'value': 283430.39999999997, 'profit_pct': 4.813219567317901}, '159928': {'shares': 328600.0, 'price': 0.894, 'value': 293768.4, 'profit_pct': 15.83746992307304}, '512400': {'shares': 310500.0, 'price': 1.079, 'value': 335029.5, 'profit_pct': 32.09829386299976}, '515050': {'shares': 876500.0, 'price': 0.312, 'value': 273468.0, 'profit_pct': -1.9848076451850007}}",0.0031386552842669335,1.1857129121169154,-39.17781182495298
2024-05-15,16.61211691540666,1174773.0,1174789.6121169154,"{'512690': {'shares': 402600.0, 'price': 0.7, 'value': 281820.0, 'profit_pct': 4.217689910685413}, '159928': {'shares': 328600.0, 'price': 0.885, 'value': 290811.0, 'profit_pct': 14.671320897001836}, '512400': {'shares': 310500.0, 'price': 1.067, 'value': 331303.5, 'profit_pct': 30.629174746821818}, '515050': {'shares': 876500.0, 'price': 0.309, 'value': 270838.5, 'profit_pct': -2.927261417827453}}",-0.00921243235894098,1.1747896121169155,-39.738132119438376
2024-05-16,16.61211691540666,1183032.8,1183049.4121169155,"{'512690': {'shares': 402600.0, 'price': 0.708, 'value': 285040.8, 'profit_pct': 5.40874922395039}, '159928': {'shares': 328600.0, 'price': 0.89, 'value': 292454.0, 'profit_pct': 15.319181467041393}, '512400': {'shares': 310500.0, 'price': 1.061, 'value': 329440.5, 'profit_pct': 29.89461518873285}, '515050': {'shares': 876500.0, 'price': 0.315, 'value': 276097.5, 'profit_pct': -1.0423538725425479}}",0.007030875924342039,1.1830494121169155,-39.314438403401056
2024-05-17,16.61211691540666,1199020.2,1199036.8121169154,"{'512690': {'shares': 402600.0, 'price': 0.719, 'value': 289469.39999999997, 'profit_pct': 7.046455779689734}, '159928': {'shares': 328600.0, 'price': 0.903, 'value': 296725.8, 'profit_pct': 17.003618949144247}, '512400': {'shares': 310500.0, 'price': 1.076, 'value': 334098.0, 'profit_pct': 31.731014083955287}, '515050': {'shares': 876500.0, 'price': 0.318, 'value': 278727.0, 'profit_pct': -0.09990009990009517}}",0.013513721266631196,1.1990368121169153,-38.494350639075634
2024-05-20,16.61211691540666,1218545.4,1218562.0121169153,"{'512690': {'shares': 402600.0, 'price': 0.722, 'value': 290677.2, 'profit_pct': 7.4931030221641}, '159928': {'shares': 328600.0, 'price': 0.912, 'value': 299683.2, 'profit_pct': 18.169767975215454}, '512400': {'shares': 310500.0, 'price': 1.117, 'value': 346828.5, 'profit_pct': 36.75050439756324}, '515050': {'shares': 876500.0, 'price': 0.321, 'value': 281356.5, 'profit_pct': 0.8425536727423575}}",0.016284070516173754,1.2185620121169154,-37.49278830773929
2024-05-21,16.61211691540666,1203657.3,1203673.9121169155,"{'512690': {'shares': 402600.0, 'price': 0.718, 'value': 289066.8, 'profit_pct': 6.897573365531612}, '159928': {'shares': 328600.0, 'price': 0.91, 'value': 299026.0, 'profit_pct': 17.91062374719963}, '512400': {'shares': 310500.0, 'price': 1.082, 'value': 335961.0, 'profit_pct': 32.46557364204426}, '515050': {'shares': 876500.0, 'price': 0.319, 'value': 279603.5, 'profit_pct': 0.21425115764738908}}",-0.012217761469632493,1.2036739121169155,-38.25648651032715
2024-05-22,16.61211691540666,1197186.9,1197203.5121169153,"{'512690': {'shares': 402600.0, 'price': 0.711, 'value': 286248.6, 'profit_pct': 5.855396466424756}, '159928': {'shares': 328600.0, 'price': 0.903, 'value': 296725.8, 'profit_pct': 17.003618949144247}, '512400': {'shares': 310500.0, 'price': 1.072, 'value': 332856.0, 'profit_pct': 31.241307711895978}, '515050': {'shares': 876500.0, 'price': 0.321, 'value': 281356.5, 'profit_pct': 0.8425536727423575}}",-0.0053755422750839665,1.1972035121169153,-38.5883913773031
2024-05-23,16.61211691540666,1174624.9,1174641.5121169153,"{'512690': {'shares': 402600.0, 'price': 0.701, 'value': 282222.6, 'profit_pct': 4.366572324843535}, '159928': {'shares': 328600.0, 'price': 0.893, 'value': 293439.8, 'profit_pct': 15.707897809065127}, '512400': {'shares': 310500.0, 'price': 1.037, 'value': 321988.5, 'profit_pct': 26.956376956376964}, '515050': {'shares': 876500.0, 'price': 0.316, 'value': 276974.0, 'profit_pct': -0.7282026149950637}}",-0.018845584540681415,1.1746415121169154,-39.745729039381374
2024-05-24,16.61211691540666,1161580.0,1161596.6121169154,"{'512690': {'shares': 402600.0, 'price': 0.692, 'value': 278599.19999999995, 'profit_pct': 3.026630597420436}, '159928': {'shares': 328600.0, 'price': 0.883, 'value': 290153.8, 'profit_pct': 14.41217666898601}, '512400': {'shares': 310500.0, 'price': 1.037, 'value': 321988.5, 'profit_pct': 26.956376956376964}, '515050': {'shares': 876500.0, 'price': 0.309, 'value': 270838.5, 'profit_pct': -2.927261417827453}}",-0.011105430776484848,1.1615966121169155,-40.41487867452209
2024-05-27,16.61211691540666,1170912.6,1170929.2121169155,"{'512690': {'shares': 402600.0, 'price': 0.693, 'value': 279001.8, 'profit_pct': 3.175513011578558}, '159928': {'shares': 328600.0, 'price': 0.888, 'value': 291796.8, 'profit_pct': 15.06003723902557}, '512400': {'shares': 310500.0, 'price': 1.052, 'value': 326646.0, 'profit_pct': 28.792775851599405}, '515050': {'shares': 876500.0, 'price': 0.312, 'value': 273468.0, 'profit_pct': -1.9848076451850007}}",0.008034286517926592,1.1709292121169155,-39.936154737587785
2024-05-28,16.61211691540666,1158745.1,1158761.7121169155,"{'512690': {'shares': 402600.0, 'price': 0.685, 'value': 275781.0, 'profit_pct': 1.9844536983135972}, '159928': {'shares': 328600.0, 'price': 0.876, 'value': 287853.6, 'profit_pct': 13.505171870930626}, '512400': {'shares': 310500.0, 'price': 1.05, 'value': 326025.0, 'profit_pct': 28.547922665569747}, '515050': {'shares': 876500.0, 'price': 0.307, 'value': 269085.5, 'profit_pct': -3.555563932922422}}",-0.010391319880048488,1.1587617121169156,-40.56029736693524
2024-05-29,16.61211691540666,1164570.4,1164587.0121169153,"{'512690': {'shares': 402600.0, 'price': 0.683, 'value': 274975.80000000005, 'profit_pct': 1.686688869997353}, '159928': {'shares': 328600.0, 'price': 0.876, 'value': 287853.6, 'profit_pct': 13.505171870930626}, '512400': {'shares': 310500.0, 'price': 1.077, 'value': 334408.5, 'profit_pct': 31.853440676970102}, '515050': {'shares': 876500.0, 'price': 0.305, 'value': 267332.5, 'profit_pct': -4.18386644801739}}",0.005027176803553246,1.1645870121169153,-40.261483472648194
2024-05-30,16.61211691540666,1149549.3,1149565.9121169155,"{'512690': {'shares': 402600.0, 'price': 0.672, 'value': 270547.2, 'profit_pct': 0.048982314258009155}, '159928': {'shares': 328600.0, 'price': 0.866, 'value': 284567.6, 'profit_pct': 12.209450730851511}, '512400': {'shares': 310500.0, 'price': 1.045, 'value': 324472.5, 'profit_pct': 27.935789700495594}, '515050': {'shares': 876500.0, 'price': 0.308, 'value': 269962.0, 'profit_pct': -3.2414126753749377}}",-0.012898220436698304,1.1495659121169155,-41.03200402737932
2024-05-31,63.993005145632196,1147484.4,1147548.3930051455,"{'512660': {'shares': 276600.0, 'price': 0.905, 'value': 250323.0, 'profit_pct': -0.09990009990009258}, '512670': {'shares': 462400.0, 'price': 0.621, 'value': 287150.4, 'profit_pct': -0.09990009990009713}, '512400': {'shares': 310500.0, 'price': 1.04, 'value': 322920.0, 'profit_pct': 27.323656735421466}, '512580': {'shares': 303800.0, 'price': 0.945, 'value': 287091.0, 'profit_pct': -0.09990009990008539}}",-0.0017550269110317984,1.1475483930051456,-41.13549444720089
2024-06-03,63.993005145632196,1137083.0999999999,1137147.0930051454,"{'512660': {'shares': 276600.0, 'price': 0.901, 'value': 249216.6, 'profit_pct': -0.5414475027734628}, '512670': {'shares': 462400.0, 'price': 0.615, 'value': 284376.0, 'profit_pct': -1.0651184564228022}, '512400': {'shares': 310500.0, 'price': 1.019, 'value': 316399.49999999994, 'profit_pct': 24.752698282110057}, '512580': {'shares': 303800.0, 'price': 0.945, 'value': 287091.0, 'profit_pct': -0.09990009990008539}}",-0.009063931476355092,1.1371470930051455,-41.66903829192098
2024-06-04,63.993005145632196,1152796.7,1152860.6930051455,"{'512660': {'shares': 276600.0, 'price': 0.91, 'value': 251706.0, 'profit_pct': 0.45203415369162003}, '512670': {'shares': 462400.0, 'price': 0.627, 'value': 289924.8, 'profit_pct': 0.8653182566226081}, '512400': {'shares': 310500.0, 'price': 1.031, 'value': 320125.5, 'profit_pct': 26.221817398287996}, '512580': {'shares': 303800.0, 'price': 0.958, 'value': 291040.39999999997, 'profit_pct': 1.274386988672719}}",0.013818440988556446,1.1528606930051455,-40.86299533975215
2024-06-05,63.993005145632196,1149950.7,1150014.6930051455,"{'512660': {'shares': 276600.0, 'price': 0.916, 'value': 253365.6, 'profit_pct': 1.1143552580016753}, '512670': {'shares': 462400.0, 'price': 0.636, 'value': 294086.4, 'profit_pct': 2.313145791406666}, '512400': {'shares': 310500.0, 'price': 1.007, 'value': 312673.49999999994, 'profit_pct': 23.283579165932114}, '512580': {'shares': 303800.0, 'price': 0.954, 'value': 289825.2, 'profit_pct': 0.8515294229580099}}",-0.0024686417164431207,1.1500146930051456,-41.00898341644192
2024-06-06,63.993005145632196,1137350.0999999999,1137414.0930051454,"{'512660': {'shares': 276600.0, 'price': 0.898, 'value': 248386.80000000002, 'profit_pct': -0.8726080549284903}, '512670': {'shares': 462400.0, 'price': 0.622, 'value': 287612.8, 'profit_pct': 0.06096962618702042}, '512400': {'shares': 310500.0, 'price': 1.017, 'value': 315778.49999999994, 'profit_pct': 24.5078450960804}, '512580': {'shares': 303800.0, 'price': 0.94, 'value': 285572.0, 'profit_pct': -0.6284720570434716}}",-0.010956903487096326,1.1374140930051455,-41.65534229175367
2024-06-07,63.993005145632196,1136039.5,1136103.4930051456,"{'512660': {'shares': 276600.0, 'price': 0.902, 'value': 249493.2, 'profit_pct': -0.4310606520551202}, '512670': {'shares': 462400.0, 'price': 0.622, 'value': 287612.8, 'profit_pct': 0.06096962618702042}, '512400': {'shares': 310500.0, 'price': 1.019, 'value': 316399.49999999994, 'profit_pct': 24.752698282110057}, '512580': {'shares': 303800.0, 'price': 0.93, 'value': 282534.0, 'profit_pct': -1.6856159713302326}}",-0.0011522628460995943,1.1361034930051457,-41.72257067309928
2024-06-11,63.993005145632196,1137715.8,1137779.7930051456,"{'512660': {'shares': 276600.0, 'price': 0.911, 'value': 251982.6, 'profit_pct': 0.5624210044099626}, '512670': {'shares': 462400.0, 'price': 0.637, 'value': 294548.8, 'profit_pct': 2.4740155174937835}, '512400': {'shares': 310500.0, 'price': 0.996, 'value': 309258.0, 'profit_pct': 21.936886642769014}, '512580': {'shares': 303800.0, 'price': 0.928, 'value': 281926.4, 'profit_pct': -1.8970447541875872}}",0.0014754817763704686,1.1377797930051456,-41.63658338815372
2024-06-12,63.993005145632196,1138384.1,1138448.0930051457,"{'512660': {'shares': 276600.0, 'price': 0.91, 'value': 251706.0, 'profit_pct': 0.45203415369162003}, '512670': {'shares': 462400.0, 'price': 0.633, 'value': 292699.2, 'profit_pct': 1.8305366131453134}, '512400': {'shares': 310500.0, 'price': 1.005, 'value': 312052.49999999994, 'profit_pct': 23.038725979902456}, '512580': {'shares': 303800.0, 'price': 0.928, 'value': 281926.4, 'profit_pct': -1.8970447541875872}}",0.000587372006524145,1.1384480930051457,-41.60230235103081
2024-06-13,63.993005145632196,1134370.6,1134434.5930051457,"{'512660': {'shares': 276600.0, 'price': 0.914, 'value': 252812.40000000002, 'profit_pct': 0.8935815565649902}, '512670': {'shares': 462400.0, 'price': 0.634, 'value': 293161.6, 'profit_pct': 1.9914063392324308}, '512400': {'shares': 310500.0, 'price': 0.988, 'value': 306774.0, 'profit_pct': 20.957473898650385}, '512580': {'shares': 303800.0, 'price': 0.927, 'value': 281622.60000000003, 'profit_pct': -2.002759145616264}}",-0.0035254132574508157,1.1344345930051456,-41.808178368527095
2024-06-14,63.993005145632196,1127199.9,1127263.8930051455,"{'512660': {'shares': 276600.0, 'price': 0.903, 'value': 249769.80000000002, 'profit_pct': -0.32067380133677764}, '512670': {'shares': 462400.0, 'price': 0.627, 'value': 289924.8, 'profit_pct': 0.8653182566226081}, '512400': {'shares': 310500.0, 'price': 0.991, 'value': 307705.5, 'profit_pct': 21.324753677694872}, '512580': {'shares': 303800.0, 'price': 0.921, 'value': 279799.8, 'profit_pct': -2.6370454941883277}}",-0.006320946173727693,1.1272638930051455,-42.176005740810794
2024-06-17,63.993005145632196,1126319.0,1126382.9930051456,"{'512660': {'shares': 276600.0, 'price': 0.905, 'value': 250323.0, 'profit_pct': -0.09990009990009258}, '512670': {'shares': 462400.0, 'price': 0.63, 'value': 291312.0, 'profit_pct': 1.3479274348839607}, '512400': {'shares': 310500.0, 'price': 0.978, 'value': 303669.0, 'profit_pct': 19.733207968502104}, '512580': {'shares': 303800.0, 'price': 0.925, 'value': 281015.0, 'profit_pct': -2.214187928473619}}",-0.0007814496724910525,1.1263829930051457,-42.22119228218677
2024-06-18,63.993005145632196,1130179.3,1130243.2930051456,"{'512660': {'shares': 276600.0, 'price': 0.91, 'value': 251706.0, 'profit_pct': 0.45203415369162003}, '512670': {'shares': 462400.0, 'price': 0.63, 'value': 291312.0, 'profit_pct': 1.3479274348839607}, '512400': {'shares': 310500.0, 'price': 0.985, 'value': 305842.5, 'profit_pct': 20.5901941196059}, '512580': {'shares': 303800.0, 'price': 0.926, 'value': 281318.8, 'profit_pct': -2.1084735370449414}}",0.0034271646713175397,1.1302432930051456,-42.02317479362543
2024-06-19,63.993005145632196,1120136.3,1120200.2930051456,"{'512660': {'shares': 276600.0, 'price': 0.898, 'value': 248386.80000000002, 'profit_pct': -0.8726080549284903}, '512670': {'shares': 462400.0, 'price': 0.62, 'value': 286688.0, 'profit_pct': -0.26076982598721465}, '512400': {'shares': 310500.0, 'price': 0.989, 'value': 307084.5, 'profit_pct': 21.079900491665214}, '512580': {'shares': 303800.0, 'price': 0.915, 'value': 277977.0, 'profit_pct': -3.2713318427603917}}",-0.008885697497303613,1.1202002930051456,-42.53833932426332
2024-06-20,63.993005145632196,1103182.0,1103245.9930051456,"{'512660': {'shares': 276600.0, 'price': 0.88, 'value': 243408.0, 'profit_pct': -2.859571367858656}, '512670': {'shares': 462400.0, 'price': 0.608, 'value': 281139.2, 'profit_pct': -2.191206539032625}, '512400': {'shares': 310500.0, 'price': 0.982, 'value': 304911.0, 'profit_pct': 20.222914340561417}, '512580': {'shares': 303800.0, 'price': 0.901, 'value': 273723.8, 'profit_pct': -4.751333322761873}}",-0.015135061208131795,1.1032459930051455,-43.4080250757115
2024-06-21,63.993005145632196,1101112.7,1101176.6930051455,"{'512660': {'shares': 276600.0, 'price': 0.882, 'value': 243961.2, 'profit_pct': -2.6387976664219708}, '512670': {'shares': 462400.0, 'price': 0.607, 'value': 280676.8, 'profit_pct': -2.3520762651197424}, '512400': {'shares': 310500.0, 'price': 0.977, 'value': 303358.5, 'profit_pct': 19.610781375487274}, '512580': {'shares': 303800.0, 'price': 0.899, 'value': 273116.2, 'profit_pct': -4.962762105619228}}",-0.0018756469664245046,1.1011766930051454,-43.5141716418022
2024-06-24,63.993005145632196,1078539.7,1078603.6930051455,"{'512660': {'shares': 276600.0, 'price': 0.86, 'value': 237876.0, 'profit_pct': -5.067308382225506}, '512670': {'shares': 462400.0, 'price': 0.594, 'value': 274665.6, 'profit_pct': -4.443382704252271}, '512400': {'shares': 310500.0, 'price': 0.955, 'value': 296527.5, 'profit_pct': 16.917396329161047}, '512580': {'shares': 303800.0, 'price': 0.887, 'value': 269470.6, 'profit_pct': -6.231334802763355}}",-0.020498980902326935,1.0786036930051455,-44.672073558569025
2024-06-25,63.993005145632196,1067302.0,1067365.9930051456,"{'512660': {'shares': 276600.0, 'price': 0.847, 'value': 234280.19999999998, 'profit_pct': -6.50233744156396}, '512670': {'shares': 462400.0, 'price': 0.586, 'value': 270966.39999999997, 'profit_pct': -5.730340512949211}, '512400': {'shares': 310500.0, 'price': 0.956, 'value': 296838.0, 'profit_pct': 17.039822922175876}, '512580': {'shares': 303800.0, 'price': 0.873, 'value': 265217.4, 'profit_pct': -7.711336282764836}}",-0.010418747935759476,1.0673659930051456,-45.24852127797053
2024-06-26,63.993005145632196,1083510.2000000002,1083574.1930051458,"{'512660': {'shares': 276600.0, 'price': 0.865, 'value': 239259.0, 'profit_pct': -4.515374128633794}, '512670': {'shares': 462400.0, 'price': 0.597, 'value': 276052.8, 'profit_pct': -3.960773525990918}, '512400': {'shares': 310500.0, 'price': 0.966, 'value': 299943.0, 'profit_pct': 18.26408885232416}, '512580': {'shares': 303800.0, 'price': 0.883, 'value': 268255.4, 'profit_pct': -6.654192368478064}}",0.015185231781992936,1.0835741930051457,-44.417107383169665
2024-06-27,63.993005145632196,1064040.9,1064104.8930051455,"{'512660': {'shares': 276600.0, 'price': 0.852, 'value': 235663.19999999998, 'profit_pct': -5.950403187972246}, '512670': {'shares': 462400.0, 'price': 0.586, 'value': 270966.39999999997, 'profit_pct': -5.730340512949211}, '512400': {'shares': 310500.0, 'price': 0.943, 'value': 292801.5, 'profit_pct': 15.448277212983108}, '512580': {'shares': 303800.0, 'price': 0.871, 'value': 264609.8, 'profit_pct': -7.92276506562219}}",-0.017967666751092293,1.0641048930051455,-45.41580227477062
2024-06-28,27433.785023285833,1055260.4,1082694.1850232857,"{'159995': {'shares': 628900.0, 'price': 0.424, 'value': 266653.6, 'profit_pct': -0.09990009990009517}, '512660': {'shares': 276600.0, 'price': 0.879, 'value': 243131.4, 'profit_pct': -2.9699582185769984}, '512670': {'shares': 462400.0, 'price': 0.603, 'value': 278827.2, 'profit_pct': -2.9955551694682128}, '515050': {'shares': 788900.0, 'price': 0.338, 'value': 266648.2, 'profit_pct': -0.0999000999000686}}",0.017469416915885105,1.0826941850232856,-44.46224816768948
2024-07-01,27433.785023285833,1056375.8,1083809.5850232858,"{'159995': {'shares': 628900.0, 'price': 0.424, 'value': 266653.6, 'profit_pct': -0.09990009990009517}, '512660': {'shares': 276600.0, 'price': 0.879, 'value': 243131.4, 'profit_pct': -2.9699582185769984}, '512670': {'shares': 462400.0, 'price': 0.602, 'value': 278364.8, 'profit_pct': -3.1564248955553307}, '515050': {'shares': 788900.0, 'price': 0.34, 'value': 268226.0, 'profit_pct': 0.49122475157981316}}",0.0010302078051487307,1.0838095850232858,-44.40503274227142
2024-07-02,27433.785023285833,1042553.6,1069987.3850232859,"{'159995': {'shares': 628900.0, 'price': 0.416, 'value': 261622.4, 'profit_pct': -1.9848076451850007}, '512660': {'shares': 276600.0, 'price': 0.872, 'value': 241195.2, 'profit_pct': -3.742666173605396}, '512670': {'shares': 462400.0, 'price': 0.594, 'value': 274665.6, 'profit_pct': -4.443382704252271}, '515050': {'shares': 788900.0, 'price': 0.336, 'value': 265070.4, 'profit_pct': -0.6910249513799503}}",-0.01275334725859889,1.069987385023286,-45.11405466553967
2024-07-03,27433.785023285833,1033929.5,1061363.2850232858,"{'159995': {'shares': 628900.0, 'price': 0.42, 'value': 264138.0, 'profit_pct': -1.0423538725425479}, '512660': {'shares': 276600.0, 'price': 0.857, 'value': 237046.19999999998, 'profit_pct': -5.398468934380534}, '512670': {'shares': 462400.0, 'price': 0.584, 'value': 270041.6, 'profit_pct': -6.052079965123446}, '515050': {'shares': 788900.0, 'price': 0.333, 'value': 262703.7, 'profit_pct': -1.577712228599773}}",-0.008060001567039454,1.0613632850232857,-45.55643547094385
2024-07-04,27433.785023285833,1025547.0,1052980.7850232858,"{'159995': {'shares': 628900.0, 'price': 0.416, 'value': 261622.4, 'profit_pct': -1.9848076451850007}, '512660': {'shares': 276600.0, 'price': 0.847, 'value': 234280.19999999998, 'profit_pct': -6.50233744156396}, '512670': {'shares': 462400.0, 'price': 0.579, 'value': 267729.6, 'profit_pct': -6.856428595559033}, '515050': {'shares': 788900.0, 'price': 0.332, 'value': 261914.80000000002, 'profit_pct': -1.8732746543397139}}",-0.007897861286784713,1.0529807850232857,-45.98642319155246
2024-07-05,27433.785023285833,1025773.7000000001,1053207.485023286,"{'159995': {'shares': 628900.0, 'price': 0.416, 'value': 261622.4, 'profit_pct': -1.9848076451850007}, '512660': {'shares': 276600.0, 'price': 0.849, 'value': 234833.4, 'profit_pct': -6.281563740127274}, '512670': {'shares': 462400.0, 'price': 0.58, 'value': 268192.0, 'profit_pct': -6.695558869471917}, '515050': {'shares': 788900.0, 'price': 0.331, 'value': 261125.90000000002, 'profit_pct': -2.1688370800796544}}",0.00021529357726612908,1.053207485023286,-45.97479441538043
2024-07-08,288812.02961880586,753432.7,1042244.7296188058,"{'159995': {'shares': 628900.0, 'price': 0.416, 'value': 261622.4, 'profit_pct': -1.9848076451850007}, '512660': {'shares': 276600.0, 'price': 0.834, 'value': 230684.4, 'profit_pct': -7.937366500902413}, '515050': {'shares': 788900.0, 'price': 0.331, 'value': 261125.90000000002, 'profit_pct': -2.1688370800796544}}",-0.010408922800465792,1.0422447296188058,-46.53713860959002
2024-07-09,288812.02961880586,781920.0,1070732.0296188057,"{'159995': {'shares': 628900.0, 'price': 0.433, 'value': 272313.7, 'profit_pct': 2.0206208885454235}, '512660': {'shares': 276600.0, 'price': 0.847, 'value': 234280.19999999998, 'profit_pct': -6.50233744156396}, '515050': {'shares': 788900.0, 'price': 0.349, 'value': 275326.1, 'profit_pct': 3.1512865832392647}}",0.027332640012887266,1.0707320296188056,-45.07585746514705
2024-07-10,288812.02961880586,784959.0,1073771.0296188057,"{'159995': {'shares': 628900.0, 'price': 0.432, 'value': 271684.8, 'profit_pct': 1.7850074453848106}, '512660': {'shares': 276600.0, 'price': 0.846, 'value': 234003.6, 'profit_pct': -6.6127242922823015}, '515050': {'shares': 788900.0, 'price': 0.354, 'value': 279270.6, 'profit_pct': 4.629098711938969}}",0.002838245159325181,1.0737710296188057,-44.919969283467424
2024-07-11,288812.02961880586,794861.0,1083673.0296188057,"{'159995': {'shares': 628900.0, 'price': 0.436, 'value': 274200.4, 'profit_pct': 2.727461218027263}, '512660': {'shares': 276600.0, 'price': 0.867, 'value': 239812.2, 'profit_pct': -4.294600427197109}, '515050': {'shares': 788900.0, 'price': 0.356, 'value': 280848.39999999997, 'profit_pct': 5.220223563418851}}",0.009221705304822025,1.0836730296188057,-44.412037472019016
2024-07-12,288812.02961880586,790119.0,1078931.0296188057,"{'159995': {'shares': 628900.0, 'price': 0.439, 'value': 276087.1, 'profit_pct': 3.4343015475091025}, '512660': {'shares': 276600.0, 'price': 0.863, 'value': 238705.8, 'profit_pct': -4.736147830070479}, '515050': {'shares': 788900.0, 'price': 0.349, 'value': 275326.1, 'profit_pct': 3.1512865832392647}}",-0.004375858649603992,1.0789310296188057,-44.655282538660934
2024-07-15,288812.02961880586,789321.5,1078133.5296188057,"{'159995': {'shares': 628900.0, 'price': 0.442, 'value': 277973.8, 'profit_pct': 4.141141876990942}, '512660': {'shares': 276600.0, 'price': 0.859, 'value': 237599.4, 'profit_pct': -5.177695232943849}, '515050': {'shares': 788900.0, 'price': 0.347, 'value': 273748.3, 'profit_pct': 2.5601617317593828}}",-0.0007391575347329704,1.0781335296188057,-44.696191003580154
2024-07-16,288812.02961880586,807238.0999999999,1096050.1296188058,"{'159995': {'shares': 628900.0, 'price': 0.457, 'value': 287407.3, 'profit_pct': 7.67534352440014}, '512660': {'shares': 276600.0, 'price': 0.864, 'value': 238982.4, 'profit_pct': -4.625760979352137}, '515050': {'shares': 788900.0, 'price': 0.356, 'value': 280848.39999999997, 'profit_pct': 5.220223563418851}}",0.016618164177061523,1.0960501296188059,-43.7771432260608
2024-07-17,288812.02961880586,793756.1,1082568.1296188058,"{'159995': {'shares': 628900.0, 'price': 0.452, 'value': 284262.8, 'profit_pct': 6.497276308597074}, '512660': {'shares': 276600.0, 'price': 0.858, 'value': 237322.8, 'profit_pct': -5.288082083662192}, '515050': {'shares': 788900.0, 'price': 0.345, 'value': 272170.5, 'profit_pct': 1.969036880279501}}",-0.012300532280114629,1.0825681296188059,-44.46871429068891
2024-07-18,288812.02961880586,797273.7000000001,1086085.729618806,"{'159995': {'shares': 628900.0, 'price': 0.453, 'value': 284891.7, 'profit_pct': 6.732889751757688}, '512660': {'shares': 276600.0, 'price': 0.877, 'value': 242578.2, 'profit_pct': -3.1907319200136834}, '515050': {'shares': 788900.0, 'price': 0.342, 'value': 269803.80000000005, 'profit_pct': 1.0823496030596949}}",0.0032493105087425533,1.086085729618806,-44.288275900469664
2024-07-19,288812.02961880586,805260.7,1094072.729618806,"{'159995': {'shares': 628900.0, 'price': 0.465, 'value': 292438.5, 'profit_pct': 9.560251069685046}, '512660': {'shares': 276600.0, 'price': 0.89, 'value': 246174.0, 'profit_pct': -1.7557028606752307}, '515050': {'shares': 788900.0, 'price': 0.338, 'value': 266648.2, 'profit_pct': -0.0999000999000686}}",0.007353931445911899,1.094072729618806,-43.878575700708154
2024-07-22,288812.02961880586,807432.6000000001,1096244.6296188058,"{'159995': {'shares': 628900.0, 'price': 0.465, 'value': 292438.5, 'profit_pct': 9.560251069685046}, '512660': {'shares': 276600.0, 'price': 0.895, 'value': 247557.0, 'profit_pct': -1.2037686070835178}, '515050': {'shares': 788900.0, 'price': 0.339, 'value': 267437.10000000003, 'profit_pct': 0.19566232583987228}}",0.0019851513900328577,1.0962446296188058,-43.767166177249784
2024-07-23,288812.02961880586,778632.8,1067444.829618806,"{'159995': {'shares': 628900.0, 'price': 0.444, 'value': 279231.6, 'profit_pct': 4.612368763312169}, '512660': {'shares': 276600.0, 'price': 0.87, 'value': 240642.0, 'profit_pct': -3.963439875042081}, '515050': {'shares': 788900.0, 'price': 0.328, 'value': 258759.2, 'profit_pct': -3.0555243572994772}}",-0.026271325963087566,1.067444829618806,-45.24447728443539
2024-07-24,288812.02961880586,773791.4,1062603.4296188059,"{'159995': {'shares': 628900.0, 'price': 0.44, 'value': 276716.0, 'profit_pct': 3.6699149906697164}, '512660': {'shares': 276600.0, 'price': 0.873, 'value': 241471.8, 'profit_pct': -3.632279322887054}, '515050': {'shares': 788900.0, 'price': 0.324, 'value': 255603.6, 'profit_pct': -4.237774060259241}}",-0.004535503724093171,1.0626034296188058,-45.49282116162651
2024-07-25,288812.02961880586,763028.4,1051840.4296188059,"{'159995': {'shares': 628900.0, 'price': 0.436, 'value': 274200.4, 'profit_pct': 2.727461218027263}, '512660': {'shares': 276600.0, 'price': 0.866, 'value': 239535.6, 'profit_pct': -4.404987277915452}, '515050': {'shares': 788900.0, 'price': 0.316, 'value': 249292.4, 'profit_pct': -6.602273466178768}}",-0.010128896350222627,1.051840429618806,-46.04491872642343
2024-07-26,288812.02961880586,776881.0,1065693.0296188057,"{'159995': {'shares': 628900.0, 'price': 0.439, 'value': 276087.1, 'profit_pct': 3.4343015475091025}, '512660': {'shares': 276600.0, 'price': 0.895, 'value': 247557.0, 'profit_pct': -1.2037686070835178}, '515050': {'shares': 788900.0, 'price': 0.321, 'value': 253236.9, 'profit_pct': -5.124461337479063}}",0.01316986836588896,1.0656930296188056,-45.33433740837959
2024-07-29,288812.02961880586,775363.8,1064175.829618806,"{'159995': {'shares': 628900.0, 'price': 0.431, 'value': 271055.9, 'profit_pct': 1.5493940022241972}, '512660': {'shares': 276600.0, 'price': 0.902, 'value': 249493.2, 'profit_pct': -0.4310606520551202}, '515050': {'shares': 788900.0, 'price': 0.323, 'value': 254814.7, 'profit_pct': -4.533336485999182}}",-0.0014236745083547886,1.064175829618806,-45.4121635186936
2024-07-30,288812.02961880586,776735.7000000001,1065547.729618806,"{'159995': {'shares': 628900.0, 'price': 0.436, 'value': 274200.4, 'profit_pct': 2.727461218027263}, '512660': {'shares': 276600.0, 'price': 0.907, 'value': 250876.2, 'profit_pct': 0.12087360153659249}, '515050': {'shares': 788900.0, 'price': 0.319, 'value': 251659.1, 'profit_pct': -5.715586188958945}}",0.001289166660072727,1.0655477296188058,-45.341790699856396
2024-07-31,11576.559748355998,1074484.4,1086060.959748356,"{'159995': {'shares': 628900.0, 'price': 0.452, 'value': 284262.8, 'profit_pct': 6.497276308597074}, '512660': {'shares': 276600.0, 'price': 0.92, 'value': 254472.0, 'profit_pct': 1.5559026608750455}, '512670': {'shares': 425900.0, 'price': 0.629, 'value': 267891.1, 'profit_pct': -0.09990009990006318}, '512880': {'shares': 318500.0, 'price': 0.841, 'value': 267858.5, 'profit_pct': -0.0999000999000976}}",0.019251347977521815,1.086060959748356,-44.28954649279111
2024-08-01,11576.559748355998,1073958.5,1085535.059748356,"{'159995': {'shares': 628900.0, 'price': 0.454, 'value': 285520.60000000003, 'profit_pct': 6.9685031949183}, '512660': {'shares': 276600.0, 'price': 0.922, 'value': 255025.2, 'profit_pct': 1.7766763623117305}, '512670': {'shares': 425900.0, 'price': 0.628, 'value': 267465.2, 'profit_pct': -0.25872378813551633}, '512880': {'shares': 318500.0, 'price': 0.835, 'value': 265947.5, 'profit_pct': -0.8126237614941523}}",-0.00048422696284167177,1.085535059748356,-44.31652299649145
2024-08-02,11576.559748355998,1055845.0,1067421.559748356,"{'159995': {'shares': 628900.0, 'price': 0.442, 'value': 277973.8, 'profit_pct': 4.141141876990942}, '512660': {'shares': 276600.0, 'price': 0.913, 'value': 252535.80000000002, 'profit_pct': 0.7831947058466477}, '512670': {'shares': 425900.0, 'price': 0.621, 'value': 264483.9, 'profit_pct': -1.3704896057836882}, '512880': {'shares': 318500.0, 'price': 0.819, 'value': 260851.49999999997, 'profit_pct': -2.7132201924116313}}",-0.016686241349219033,1.067421559748356,-45.24567093293568
2024-08-05,11576.559748355998,1027053.5,1038630.059748356,"{'159995': {'shares': 628900.0, 'price': 0.422, 'value': 265395.8, 'profit_pct': -0.5711269862213215}, '512660': {'shares': 276600.0, 'price': 0.884, 'value': 244514.4, 'profit_pct': -2.4180239649852857}, '512670': {'shares': 425900.0, 'price': 0.607, 'value': 258521.3, 'profit_pct': -3.5940212410800325}, '512880': {'shares': 318500.0, 'price': 0.812, 'value': 258622.00000000003, 'profit_pct': -3.5447311309380156}}",-0.026972942168029257,1.038630059748356,-46.72255628431085
2024-08-06,11576.559748355998,1043221.2,1054797.759748356,"{'159995': {'shares': 628900.0, 'price': 0.425, 'value': 267282.5, 'profit_pct': 0.135713343260518}, '512660': {'shares': 276600.0, 'price': 0.906, 'value': 250599.6, 'profit_pct': 0.010486750818249955}, '512670': {'shares': 425900.0, 'price': 0.624, 'value': 265761.6, 'profit_pct': -0.8940185410773288}, '512880': {'shares': 318500.0, 'price': 0.815, 'value': 259577.49999999997, 'profit_pct': -3.1883693001410007}}",0.0155663701895139,1.054797759748356,-45.893219872681435
2024-08-07,11576.559748355998,1040792.6,1052369.1597483559,"{'159995': {'shares': 628900.0, 'price': 0.419, 'value': 263509.1, 'profit_pct': -1.2779673157031612}, '512660': {'shares': 276600.0, 'price': 0.912, 'value': 252259.2, 'profit_pct': 0.6728078551283051}, '512670': {'shares': 425900.0, 'price': 0.627, 'value': 267039.3, 'profit_pct': -0.41754747637096945}, '512880': {'shares': 318500.0, 'price': 0.81, 'value': 257985.00000000003, 'profit_pct': -3.7823056848027004}}",-0.0023024318904313334,1.0523691597483558,-46.01779704873512
2024-08-08,11576.559748355998,1026040.6,1037617.159748356,"{'159995': {'shares': 628900.0, 'price': 0.421, 'value': 264766.89999999997, 'profit_pct': -0.8067404293819348}, '512660': {'shares': 276600.0, 'price': 0.883, 'value': 244237.8, 'profit_pct': -2.5284108157036282}, '512670': {'shares': 425900.0, 'price': 0.606, 'value': 258095.4, 'profit_pct': -3.7528449293154855}, '512880': {'shares': 318500.0, 'price': 0.813, 'value': 258940.49999999997, 'profit_pct': -3.4259438540056864}}",-0.014017894636448092,1.0376171597483559,-46.77451388194931
2024-08-09,11576.559748355998,1019544.5,1031121.059748356,"{'159995': {'shares': 628900.0, 'price': 0.422, 'value': 265395.8, 'profit_pct': -0.5711269862213215}, '512660': {'shares': 276600.0, 'price': 0.873, 'value': 241471.8, 'profit_pct': -3.632279322887054}, '512670': {'shares': 425900.0, 'price': 0.601, 'value': 255965.9, 'profit_pct': -4.546963370492751}, '512880': {'shares': 318500.0, 'price': 0.806, 'value': 256711.00000000003, 'profit_pct': -4.25745479253207}}",-0.006260594226848992,1.031121059748356,-47.107737053061214
2024-08-12,11576.559748355998,1012881.5,1024458.059748356,"{'159995': {'shares': 628900.0, 'price': 0.42, 'value': 264138.0, 'profit_pct': -1.0423538725425479}, '512660': {'shares': 276600.0, 'price': 0.865, 'value': 239259.0, 'profit_pct': -4.515374128633794}, '512670': {'shares': 425900.0, 'price': 0.595, 'value': 253410.5, 'profit_pct': -5.49990549990547}, '512880': {'shares': 318500.0, 'price': 0.804, 'value': 256074.00000000003, 'profit_pct': -4.4950293463967546}}",-0.006461898859505544,1.024458059748356,-47.4495215066747
2024-08-13,11576.559748355998,1024222.0,1035798.559748356,"{'159995': {'shares': 628900.0, 'price': 0.424, 'value': 266653.6, 'profit_pct': -0.09990009990009517}, '512660': {'shares': 276600.0, 'price': 0.875, 'value': 242025.0, 'profit_pct': -3.4115056214503685}, '512670': {'shares': 425900.0, 'price': 0.601, 'value': 255965.9, 'profit_pct': -4.546963370492751}, '512880': {'shares': 318500.0, 'price': 0.815, 'value': 259577.49999999997, 'profit_pct': -3.1883693001410007}}",0.01106975526434506,1.035798559748356,-46.867800570729365
2024-08-14,11576.559748355998,1011343.3999999999,1022919.9597483559,"{'159995': {'shares': 628900.0, 'price': 0.418, 'value': 262880.2, 'profit_pct': -1.5135807588637744}, '512660': {'shares': 276600.0, 'price': 0.864, 'value': 238982.4, 'profit_pct': -4.625760979352137}, '512670': {'shares': 425900.0, 'price': 0.592, 'value': 252132.8, 'profit_pct': -5.976376564611829}, '512880': {'shares': 318500.0, 'price': 0.808, 'value': 257348.00000000003, 'profit_pct': -4.019880238667385}}",-0.01243349865550003,1.0229199597483558,-47.52841970089696
2024-08-15,11576.559748355998,1016723.4,1028299.959748356,"{'159995': {'shares': 628900.0, 'price': 0.42, 'value': 264138.0, 'profit_pct': -1.0423538725425479}, '512660': {'shares': 276600.0, 'price': 0.867, 'value': 239812.2, 'profit_pct': -4.294600427197109}, '512670': {'shares': 425900.0, 'price': 0.593, 'value': 252558.69999999998, 'profit_pct': -5.817552876376377}, '512880': {'shares': 318500.0, 'price': 0.817, 'value': 260214.49999999997, 'profit_pct': -2.950794746276316}}",0.005259453536641923,1.028299959748356,-47.252447862319656
2024-08-16,11576.559748355998,1007200.3999999999,1018776.9597483559,"{'159995': {'shares': 628900.0, 'price': 0.419, 'value': 263509.1, 'profit_pct': -1.2779673157031612}, '512660': {'shares': 276600.0, 'price': 0.856, 'value': 236769.6, 'profit_pct': -5.508855785098877}, '512670': {'shares': 425900.0, 'price': 0.583, 'value': 248299.69999999998, 'profit_pct': -7.405789758730908}, '512880': {'shares': 318500.0, 'price': 0.812, 'value': 258622.00000000003, 'profit_pct': -3.5447311309380156}}",-0.009260916437583644,1.0187769597483558,-47.74093853495379
2024-08-19,11576.559748355998,1005403.2999999999,1016979.8597483559,"{'159995': {'shares': 628900.0, 'price': 0.42, 'value': 264138.0, 'profit_pct': -1.0423538725425479}, '512660': {'shares': 276600.0, 'price': 0.853, 'value': 235939.8, 'profit_pct': -5.840016337253904}, '512670': {'shares': 425900.0, 'price': 0.58, 'value': 247021.99999999997, 'profit_pct': -7.882260823437267}, '512880': {'shares': 318500.0, 'price': 0.811, 'value': 258303.50000000003, 'profit_pct': -3.6635184078703578}}",-0.001763977858749266,1.016979859748356,-47.83312236229715
2024-08-20,254449.387135026,748195.6,1002644.9871350259,"{'159995': {'shares': 628900.0, 'price': 0.413, 'value': 259735.69999999998, 'profit_pct': -2.6916479746668402}, '512660': {'shares': 276600.0, 'price': 0.839, 'value': 232067.4, 'profit_pct': -7.3854322473107}, '512880': {'shares': 318500.0, 'price': 0.805, 'value': 256392.50000000003, 'profit_pct': -4.376242069464412}}",-0.014095532449263093,1.0026449871350258,-48.568442278816136
2024-08-21,254449.387135026,743962.3,998411.6871350261,"{'159995': {'shares': 628900.0, 'price': 0.411, 'value': 258477.9, 'profit_pct': -3.1628748609880666}, '512660': {'shares': 276600.0, 'price': 0.834, 'value': 230684.4, 'profit_pct': -7.937366500902413}, '512880': {'shares': 318500.0, 'price': 0.8, 'value': 254800.0, 'profit_pct': -4.970178454126124}}",-0.004222132513818422,0.998411687135026,-48.78559313090707
2024-08-22,484005.24511140597,505053.6,989058.845111406,"{'159995': {'shares': 628900.0, 'price': 0.404, 'value': 254075.6, 'profit_pct': -4.812168963112346}, '512880': {'shares': 318500.0, 'price': 0.788, 'value': 250978.0, 'profit_pct': -6.395625777314234}}",-0.009367720895233522,0.989058845111406,-49.26535540027167
2024-08-23,484005.24511140597,505396.4,989401.645111406,"{'159995': {'shares': 628900.0, 'price': 0.401, 'value': 252188.90000000002, 'profit_pct': -5.519009292594186}, '512880': {'shares': 318500.0, 'price': 0.795, 'value': 253207.5, 'profit_pct': -5.564114838787837}}",0.0003465921180467735,0.9894016451114059,-49.247771172341494
2024-08-26,484005.24511140597,505396.4,989401.645111406,"{'159995': {'shares': 628900.0, 'price': 0.401, 'value': 252188.90000000002, 'profit_pct': -5.519009292594186}, '512880': {'shares': 318500.0, 'price': 0.795, 'value': 253207.5, 'profit_pct': -5.564114838787837}}",0.0,0.9894016451114059,-49.247771172341494
2024-08-27,484005.24511140597,498764.6,982769.845111406,"{'159995': {'shares': 628900.0, 'price': 0.394, 'value': 247786.6, 'profit_pct': -7.168303394718478}, '512880': {'shares': 318500.0, 'price': 0.788, 'value': 250978.0, 'profit_pct': -6.395625777314234}}",-0.006702839067195265,0.982769845111406,-49.587955194474766
2024-08-28,484005.24511140597,499083.1,983088.345111406,"{'159995': {'shares': 628900.0, 'price': 0.394, 'value': 247786.6, 'profit_pct': -7.168303394718478}, '512880': {'shares': 318500.0, 'price': 0.789, 'value': 251296.5, 'profit_pct': -6.276838500381891}}",0.0003240840178240223,0.983088345111406,-49.571617456447456
2024-08-29,484005.24511140597,503191.2,987196.445111406,"{'159995': {'shares': 628900.0, 'price': 0.398, 'value': 250302.2, 'profit_pct': -6.2258496220760255}, '512880': {'shares': 318500.0, 'price': 0.794, 'value': 252889.0, 'profit_pct': -5.68290211572018}}",0.0041787699146556,0.987196445111406,-49.36088884862973
2024-08-30,7.149841885984642,1000435.3,1000442.4498418861,"{'512010': {'shares': 769100.0, 'price': 0.323, 'value': 248419.30000000002, 'profit_pct': -0.09990009990008822}, '512580': {'shares': 289500.0, 'price': 0.858, 'value': 248391.0, 'profit_pct': -0.09990009990008995}, '512880': {'shares': 318500.0, 'price': 0.814, 'value': 259258.99999999997, 'profit_pct': -3.3071565770733433}, '515050': {'shares': 801200.0, 'price': 0.305, 'value': 244366.0, 'profit_pct': -0.09990009990008164}}",0.01341780027275652,1.000442449841886,-48.68142336921072
2024-09-02,7.149841885984642,975429.6,975436.749841886,"{'512010': {'shares': 769100.0, 'price': 0.316, 'value': 243035.6, 'profit_pct': -2.2649177447938964}, '512580': {'shares': 289500.0, 'price': 0.841, 'value': 243469.5, 'profit_pct': -2.0792727086433302}, '512880': {'shares': 318500.0, 'price': 0.793, 'value': 252570.5, 'profit_pct': -5.801689392652522}, '515050': {'shares': 801200.0, 'price': 0.295, 'value': 236354.0, 'profit_pct': -3.3753132113787707}}",-0.024994641124986283,0.975436749841886,-49.96411277514241
2024-09-03,7.149841885984642,984335.4,984342.549841886,"{'512010': {'shares': 769100.0, 'price': 0.32, 'value': 246112.0, 'profit_pct': -1.0277648048545773}, '512580': {'shares': 289500.0, 'price': 0.849, 'value': 245785.5, 'profit_pct': -1.1478032457053347}, '512880': {'shares': 318500.0, 'price': 0.799, 'value': 254481.5, 'profit_pct': -5.088965731058467}, '515050': {'shares': 801200.0, 'price': 0.297, 'value': 237956.4, 'profit_pct': -2.7202305890830325}}",0.009130064047149888,0.9843425498418861,-49.50728192012349
2024-09-04,7.149841885984642,979531.3,979538.4498418861,"{'512010': {'shares': 769100.0, 'price': 0.319, 'value': 245342.9, 'profit_pct': -1.3370530398394072}, '512580': {'shares': 289500.0, 'price': 0.85, 'value': 246075.0, 'profit_pct': -1.0313695628380852}, '512880': {'shares': 318500.0, 'price': 0.798, 'value': 254163.0, 'profit_pct': -5.20775300799081}, '515050': {'shares': 801200.0, 'price': 0.292, 'value': 233950.4, 'profit_pct': -4.357937144822377}}",-0.004880516442951288,0.9795384498418861,-49.753712460961644
2024-09-05,7.149841885984642,985989.0,985996.149841886,"{'512010': {'shares': 769100.0, 'price': 0.322, 'value': 247650.2, 'profit_pct': -0.40918833488491796}, '512580': {'shares': 289500.0, 'price': 0.85, 'value': 246075.0, 'profit_pct': -1.0313695628380852}, '512880': {'shares': 318500.0, 'price': 0.806, 'value': 256711.00000000003, 'profit_pct': -4.25745479253207}, '515050': {'shares': 801200.0, 'price': 0.294, 'value': 235552.8, 'profit_pct': -3.702854522526639}}",0.0065925947072749125,0.985996149841886,-49.42245905167157
2024-09-06,7.149841885984642,973537.0,973544.149841886,"{'512010': {'shares': 769100.0, 'price': 0.316, 'value': 243035.6, 'profit_pct': -2.2649177447938964}, '512580': {'shares': 289500.0, 'price': 0.839, 'value': 242890.5, 'profit_pct': -2.312140074377829}, '512880': {'shares': 318500.0, 'price': 0.809, 'value': 257666.50000000003, 'profit_pct': -3.901092961735043}, '515050': {'shares': 801200.0, 'price': 0.287, 'value': 229944.4, 'profit_pct': -5.995643700561722}}",-0.01262885255890378,0.973544149841886,-50.06119535909992
2024-09-09,7.149841885984642,970390.7999999999,970397.949841886,"{'512010': {'shares': 769100.0, 'price': 0.316, 'value': 243035.6, 'profit_pct': -2.2649177447938964}, '512580': {'shares': 289500.0, 'price': 0.832, 'value': 240864.0, 'profit_pct': -3.1271758544485744}, '512880': {'shares': 318500.0, 'price': 0.808, 'value': 257348.00000000003, 'profit_pct': -4.019880238667385}, '515050': {'shares': 801200.0, 'price': 0.286, 'value': 229143.19999999998, 'profit_pct': -6.323185011709591}}",-0.003231697299512337,0.970397949841886,-50.2225824591988
2024-09-10,7.149841885984642,969943.9,969951.049841886,"{'512010': {'shares': 769100.0, 'price': 0.314, 'value': 241497.4, 'profit_pct': -2.8834942147635556}, '512580': {'shares': 289500.0, 'price': 0.828, 'value': 239706.0, 'profit_pct': -3.5929105859175725}, '512880': {'shares': 318500.0, 'price': 0.805, 'value': 256392.50000000003, 'profit_pct': -4.376242069464412}, '515050': {'shares': 801200.0, 'price': 0.29, 'value': 232347.99999999997, 'profit_pct': -5.013019767118115}}",-0.00046053271245338756,0.9699510498418861,-50.24550658831778
2024-09-11,7.149841885984642,971040.8,971047.9498418861,"{'512010': {'shares': 769100.0, 'price': 0.315, 'value': 242266.5, 'profit_pct': -2.5742059797787262}, '512580': {'shares': 289500.0, 'price': 0.833, 'value': 241153.5, 'profit_pct': -3.0107421715813256}, '512880': {'shares': 318500.0, 'price': 0.804, 'value': 256074.00000000003, 'profit_pct': -4.4950293463967546}, '515050': {'shares': 801200.0, 'price': 0.289, 'value': 231546.8, 'profit_pct': -5.340561078265984}}",0.0011308818111788188,0.971047949841886,-50.18924013669409
2024-09-12,7.149841885984642,967713.2,967720.349841886,"{'512010': {'shares': 769100.0, 'price': 0.311, 'value': 239190.1, 'profit_pct': -3.811358919718045}, '512580': {'shares': 289500.0, 'price': 0.836, 'value': 242022.0, 'profit_pct': -2.661441122979577}, '512880': {'shares': 318500.0, 'price': 0.803, 'value': 255755.50000000003, 'profit_pct': -4.613816623329097}, '515050': {'shares': 801200.0, 'price': 0.288, 'value': 230745.59999999998, 'profit_pct': -5.6681023894138525}}",-0.0034268132696659848,0.9677203498418859,-50.359932309565814
2024-09-13,7.149841885984642,967022.4,967029.549841886,"{'512010': {'shares': 769100.0, 'price': 0.31, 'value': 238421.0, 'profit_pct': -4.1206471547028745}, '512580': {'shares': 289500.0, 'price': 0.823, 'value': 238258.5, 'profit_pct': -4.175079000253819}, '512880': {'shares': 318500.0, 'price': 0.805, 'value': 256392.50000000003, 'profit_pct': -4.376242069464412}, '515050': {'shares': 801200.0, 'price': 0.292, 'value': 233950.4, 'profit_pct': -4.357937144822377}}",-0.0007138425890421685,0.967029549841886,-50.395367504006174
2024-09-18,7.149841885984642,961340.5,961347.649841886,"{'512010': {'shares': 769100.0, 'price': 0.309, 'value': 237651.9, 'profit_pct': -4.429935389687705}, '512580': {'shares': 289500.0, 'price': 0.816, 'value': 236231.99999999997, 'profit_pct': -4.990114780324566}, '512880': {'shares': 318500.0, 'price': 0.806, 'value': 256711.00000000003, 'profit_pct': -4.25745479253207}, '515050': {'shares': 801200.0, 'price': 0.288, 'value': 230745.59999999998, 'profit_pct': -5.6681023894138525}}",-0.005875621898967842,0.961347649841886,-50.68682556898989
2024-09-19,7.149841885984642,969148.7999999999,969155.949841886,"{'512010': {'shares': 769100.0, 'price': 0.312, 'value': 239959.2, 'profit_pct': -3.502070684733215}, '512580': {'shares': 289500.0, 'price': 0.824, 'value': 238548.0, 'profit_pct': -4.05864531738657}, '512880': {'shares': 318500.0, 'price': 0.816, 'value': 259895.99999999997, 'profit_pct': -3.069582023208659}, '515050': {'shares': 801200.0, 'price': 0.288, 'value': 230745.59999999998, 'profit_pct': -5.6681023894138525}}",0.008122243811886642,0.9691559498418859,-50.28629194312314
2024-09-20,7.149841885984642,964045.8999999999,964053.0498418859,"{'512010': {'shares': 769100.0, 'price': 0.308, 'value': 236882.8, 'profit_pct': -4.739223624672534}, '512580': {'shares': 289500.0, 'price': 0.817, 'value': 236521.49999999997, 'profit_pct': -4.873681097457316}, '512880': {'shares': 318500.0, 'price': 0.816, 'value': 259895.99999999997, 'profit_pct': -3.069582023208659}, '515050': {'shares': 801200.0, 'price': 0.288, 'value': 230745.59999999998, 'profit_pct': -5.6681023894138525}}",-0.005265303278417233,0.9640530498418859,-50.54804969313729
2024-09-23,7.149841885984642,964010.7,964017.849841886,"{'512010': {'shares': 769100.0, 'price': 0.307, 'value': 236113.69999999998, 'profit_pct': -5.0485118596573635}, '512580': {'shares': 289500.0, 'price': 0.814, 'value': 235652.99999999997, 'profit_pct': -5.222982146059064}, '512880': {'shares': 318500.0, 'price': 0.816, 'value': 259895.99999999997, 'profit_pct': -3.069582023208659}, '515050': {'shares': 801200.0, 'price': 0.29, 'value': 232347.99999999997, 'profit_pct': -5.013019767118115}}",-3.651251350300644e-05,0.964017849841886,-50.54985530814062
2024-09-24,7.149841885984642,1009487.7,1009494.849841886,"{'512010': {'shares': 769100.0, 'price': 0.317, 'value': 243804.7, 'profit_pct': -1.9556295098090666}, '512580': {'shares': 289500.0, 'price': 0.848, 'value': 245496.0, 'profit_pct': -1.264236928572584}, '512880': {'shares': 318500.0, 'price': 0.866, 'value': 275821.0, 'profit_pct': 2.8697818234084633}, '515050': {'shares': 801200.0, 'price': 0.305, 'value': 244366.0, 'profit_pct': -0.09990009990008164}}",0.047174437700981287,1.0094948498418859,-48.217072538069985
2024-09-25,7.149841885984642,1021256.8999999999,1021264.0498418859,"{'512010': {'shares': 769100.0, 'price': 0.322, 'value': 247650.2, 'profit_pct': -0.40918833488491796}, '512580': {'shares': 289500.0, 'price': 0.855, 'value': 247522.5, 'profit_pct': -0.4492011485018382}, '512880': {'shares': 318500.0, 'price': 0.882, 'value': 280917.0, 'profit_pct': 4.7703782543259425}, '515050': {'shares': 801200.0, 'price': 0.306, 'value': 245167.19999999998, 'profit_pct': 0.22764121124778722}}",0.011658504252739288,1.021264049841886,-47.613361058035785
2024-09-26,7.149841885984642,1063250.0,1063257.149841886,"{'512010': {'shares': 769100.0, 'price': 0.335, 'value': 257648.50000000003, 'profit_pct': 3.6115587199178685}, '512580': {'shares': 289500.0, 'price': 0.879, 'value': 254470.5, 'profit_pct': 2.345207240312148}, '512880': {'shares': 318500.0, 'price': 0.938, 'value': 298753.0, 'profit_pct': 11.422465762537106}, '515050': {'shares': 801200.0, 'price': 0.315, 'value': 252378.0, 'profit_pct': 3.1755130115786074}}",0.04111874887449685,1.063257149841886,-45.45928800700223
2024-09-27,7.149841885984642,1131488.3,1131495.449841886,"{'512010': {'shares': 769100.0, 'price': 0.363, 'value': 279183.3, 'profit_pct': 12.271629299493084}, '512580': {'shares': 289500.0, 'price': 0.924, 'value': 267498.0, 'profit_pct': 7.5847229693383715}, '512880': {'shares': 318500.0, 'price': 1.006, 'value': 320411.0, 'profit_pct': 19.50000059393639}, '515050': {'shares': 801200.0, 'price': 0.33, 'value': 264396.0, 'profit_pct': 8.08863267879664}}",0.06417854797416367,1.131495449841886,-41.95894430581457
2024-09-30,18.695930076239165,1242090.7,1242109.3959300763,"{'512690': {'shares': 401100.0, 'price': 0.71, 'value': 284781.0, 'profit_pct': -0.09990009990009828}, '512170': {'shares': 859000.0, 'price': 0.352, 'value': 302368.0, 'profit_pct': -0.09990009990008954}, '515030': {'shares': 252600.0, 'price': 1.197, 'value': 302362.2, 'profit_pct': -0.09990009990009094}, '512880': {'shares': 318500.0, 'price': 1.107, 'value': 352579.5, 'profit_pct': 31.49751556410297}}",0.09775907283025065,1.2421093959300762,-36.28490451506207
2024-10-08,18.695930076239165,1344639.9,1344658.5959300762,"{'512690': {'shares': 401100.0, 'price': 0.727, 'value': 291599.7, 'profit_pct': 2.2920741230600425}, '512170': {'shares': 859000.0, 'price': 0.387, 'value': 332433.0, 'profit_pct': 9.833348469712126}, '515030': {'shares': 252600.0, 'price': 1.317, 'value': 332674.2, 'profit_pct': 9.91514750913247}, '512880': {'shares': 318500.0, 'price': 1.218, 'value': 387933.0, 'profit_pct': 44.682903303592965}}",0.08256052191217211,1.3446585959300763,-31.024552978141706
2024-10-09,18.695930076239165,1260749.9,1260768.5959300762,"{'512690': {'shares': 401100.0, 'price': 0.654, 'value': 262319.4, 'profit_pct': -7.979344599062898}, '512170': {'shares': 859000.0, 'price': 0.362, 'value': 310958.0, 'profit_pct': 2.7381709199891153}, '515030': {'shares': 252600.0, 'price': 1.235, 'value': 311961.0, 'profit_pct': 3.071531642960226}, '512880': {'shares': 318500.0, 'price': 1.179, 'value': 375511.5, 'profit_pct': 40.05019950323162}}",-0.06238758317829718,1.2607685959300763,-35.327764416478125
2024-10-10,261196.00202523626,972660.3,1233856.3020252362,"{'512170': {'shares': 859000.0, 'price': 0.36, 'value': 309240.0, 'profit_pct': 2.170556716011274}, '515030': {'shares': 252600.0, 'price': 1.223, 'value': 308929.80000000005, 'profit_pct': 2.0700268820569683}, '512880': {'shares': 318500.0, 'price': 1.113, 'value': 354490.5, 'profit_pct': 32.210239225697016}}",-0.021345942460588185,1.2338563020252362,-36.70825423604159
2024-10-11,261196.00202523626,939006.3999999999,1200202.4020252363,"{'512170': {'shares': 859000.0, 'price': 0.34, 'value': 292060.0, 'profit_pct': -3.5055853237671193}, '515030': {'shares': 252600.0, 'price': 1.154, 'value': 291500.39999999997, 'profit_pct': -3.6886254931367746}, '512880': {'shares': 318500.0, 'price': 1.116, 'value': 355446.00000000006, 'profit_pct': 32.56660105649406}}",-0.027275380402694283,1.2002024020252362,-38.43456067810417
2024-10-14,261196.00202523626,948678.2,1209874.202025236,"{'512170': {'shares': 859000.0, 'price': 0.343, 'value': 294637.0, 'profit_pct': -2.654164017800358}, '515030': {'shares': 252600.0, 'price': 1.172, 'value': 296047.19999999995, 'profit_pct': -2.186368351781888}, '512880': {'shares': 318500.0, 'price': 1.124, 'value': 357994.00000000006, 'profit_pct': 33.5168992719528}}",0.008058474123764148,1.209874202025236,-37.93843717841051
2024-10-15,261196.00202523626,918856.3,1180052.3020252362,"{'512170': {'shares': 859000.0, 'price': 0.332, 'value': 285188.0, 'profit_pct': -5.776042139678483}, '515030': {'shares': 252600.0, 'price': 1.138, 'value': 287458.8, 'profit_pct': -5.023965174341119}, '512880': {'shares': 318500.0, 'price': 1.087, 'value': 346209.5, 'profit_pct': 29.12177002545612}}",-0.024648760962156513,1.1800523020252363,-39.468177805337724
2024-10-16,261196.00202523626,911233.6000000001,1172429.6020252365,"{'512170': {'shares': 859000.0, 'price': 0.327, 'value': 280893.0, 'profit_pct': -7.1950776496230855}, '515030': {'shares': 252600.0, 'price': 1.116, 'value': 281901.60000000003, 'profit_pct': -6.860057235997073}, '512880': {'shares': 318500.0, 'price': 1.094, 'value': 348439.0, 'profit_pct': 29.953280963982525}}",-0.006459628939257556,1.1724296020252365,-39.859190915732356
2024-10-17,261196.00202523626,903714.4,1164910.4020252363,"{'512170': {'shares': 859000.0, 'price': 0.324, 'value': 278316.0, 'profit_pct': -8.046498955589847}, '515030': {'shares': 252600.0, 'price': 1.104, 'value': 278870.4, 'profit_pct': -7.861561996900332}, '512880': {'shares': 318500.0, 'price': 1.088, 'value': 346528.0, 'profit_pct': 29.24055730238847}}",-0.006413348816007081,1.1649104020252363,-40.244894902466655
2024-10-18,261196.00202523626,959423.3,1220619.3020252362,"{'512170': {'shares': 859000.0, 'price': 0.34, 'value': 292060.0, 'profit_pct': -3.5055853237671193}, '515030': {'shares': 252600.0, 'price': 1.168, 'value': 295036.8, 'profit_pct': -2.520203272082974}, '512880': {'shares': 318500.0, 'price': 1.169, 'value': 372326.5, 'profit_pct': 38.8623267339082}}",0.04782247622061586,1.2206193020252363,-37.38725780987947
2024-10-21,261196.00202523626,952515.1000000001,1213711.1020252365,"{'512170': {'shares': 859000.0, 'price': 0.34, 'value': 292060.0, 'profit_pct': -3.5055853237671193}, '515030': {'shares': 252600.0, 'price': 1.181, 'value': 298320.60000000003, 'profit_pct': -1.435239781104435}, '512880': {'shares': 318500.0, 'price': 1.137, 'value': 362134.5, 'profit_pct': 35.06113387207324}}",-0.005659586071216194,1.2137111020252365,-37.74162001345932
2024-10-22,261196.00202523626,961343.6000000001,1222539.6020252365,"{'512170': {'shares': 859000.0, 'price': 0.344, 'value': 295496.0, 'profit_pct': -2.3703569158114535}, '515030': {'shares': 252600.0, 'price': 1.191, 'value': 300846.60000000003, 'profit_pct': -0.60065248035172}, '512880': {'shares': 318500.0, 'price': 1.146, 'value': 365000.99999999994, 'profit_pct': 36.1302193644643}}",0.0072739715285363715,1.2225396020252364,-37.28875433002443
2024-10-23,261196.00202523626,963070.2,1224266.202025236,"{'512170': {'shares': 859000.0, 'price': 0.345, 'value': 296355.0, 'profit_pct': -2.0865498138225327}, '515030': {'shares': 252600.0, 'price': 1.202, 'value': 303625.2, 'profit_pct': 0.31739355047625734}, '512880': {'shares': 318500.0, 'price': 1.14, 'value': 363089.99999999994, 'profit_pct': 35.417495702870255}}",0.0014123059875845723,1.2242662020252362,-37.20018686227583
2024-10-24,261196.00202523626,952328.3999999999,1213524.4020252363,"{'512170': {'shares': 859000.0, 'price': 0.34, 'value': 292060.0, 'profit_pct': -3.5055853237671193}, '515030': {'shares': 252600.0, 'price': 1.179, 'value': 297815.4, 'profit_pct': -1.602157241254978}, '512880': {'shares': 318500.0, 'price': 1.138, 'value': 362452.99999999994, 'profit_pct': 35.179921149005565}}",-0.008774072160311452,1.2135244020252363,-37.7511969544003
2024-10-25,261196.00202523626,980002.3,1241198.3020252362,"{'512170': {'shares': 859000.0, 'price': 0.353, 'value': 303227.0, 'profit_pct': 0.18390700208883093}, '515030': {'shares': 252600.0, 'price': 1.233, 'value': 311455.80000000005, 'profit_pct': 2.904614182809683}, '512880': {'shares': 318500.0, 'price': 1.147, 'value': 365319.5, 'profit_pct': 36.24900664139666}}",0.022804568209601195,1.2411983020252362,-36.331639879380894
2024-10-28,261196.00202523626,983822.7,1245018.702025236,"{'512170': {'shares': 859000.0, 'price': 0.357, 'value': 306663.0, 'profit_pct': 1.319135410044513}, '515030': {'shares': 252600.0, 'price': 1.232, 'value': 311203.2, 'profit_pct': 2.8211554527344025}, '512880': {'shares': 318500.0, 'price': 1.149, 'value': 365956.5, 'profit_pct': 36.486581195261344}}",0.0030779932535891508,1.2450187020252361,-36.13566909646255
2024-10-29,261196.00202523626,965636.2,1226832.202025236,"{'512170': {'shares': 859000.0, 'price': 0.348, 'value': 298932.0, 'profit_pct': -1.2351285078557714}, '515030': {'shares': 252600.0, 'price': 1.207, 'value': 304888.2, 'profit_pct': 0.7346872008526242}, '512880': {'shares': 318500.0, 'price': 1.136, 'value': 361815.99999999994, 'profit_pct': 34.94234659514088}}",-0.014607411093838674,1.226832202025236,-37.06856163220347
2024-10-30,261196.00202523626,956344.1000000001,1217540.1020252365,"{'512170': {'shares': 859000.0, 'price': 0.343, 'value': 294637.0, 'profit_pct': -2.654164017800358}, '515030': {'shares': 252600.0, 'price': 1.191, 'value': 300846.60000000003, 'profit_pct': -0.60065248035172}, '512880': {'shares': 318500.0, 'price': 1.133, 'value': 360860.5, 'profit_pct': 34.58598476434387}}",-0.007574059422845614,1.2175401020252365,-37.545208085966294
2024-10-31,55.48196481631021,1227201.0,1227256.4819648163,"{'512170': {'shares': 859000.0, 'price': 0.341, 'value': 292919.0, 'profit_pct': -3.221778221778199}, '159995': {'shares': 439800.0, 'price': 0.593, 'value': 260801.4, 'profit_pct': -0.09990009990009227}, '515030': {'shares': 252600.0, 'price': 1.196, 'value': 302109.6, 'profit_pct': -0.18335882997537173}, '512880': {'shares': 318500.0, 'price': 1.166, 'value': 371371.0, 'profit_pct': 38.505964903111156}}",0.007980336683299116,1.2272564819648164,-37.04679781900692
2024-11-01,55.48196481631021,1208014.1,1208069.5819648164,"{'512170': {'shares': 859000.0, 'price': 0.336, 'value': 288624.0, 'profit_pct': -4.640813731722801}, '159995': {'shares': 439800.0, 'price': 0.572, 'value': 251565.59999999998, 'profit_pct': -3.6376776680317953}, '515030': {'shares': 252600.0, 'price': 1.19, 'value': 300594.0, 'profit_pct': -0.6841112104270007}, '512880': {'shares': 318500.0, 'price': 1.153, 'value': 367230.5, 'profit_pct': 36.961730302990716}}",-0.015633977316039105,1.2080695819648164,-38.03100675387658
2024-11-04,55.48196481631021,1239946.0,1240001.4819648163,"{'512170': {'shares': 859000.0, 'price': 0.341, 'value': 292919.0, 'profit_pct': -3.221778221778199}, '159995': {'shares': 439800.0, 'price': 0.581, 'value': 255523.8, 'profit_pct': -2.121487281689637}, '515030': {'shares': 252600.0, 'price': 1.227, 'value': 309940.2, 'profit_pct': 2.4038618023580542}, '512880': {'shares': 318500.0, 'price': 1.198, 'value': 381563.0, 'profit_pct': 42.30715776494611}}",0.02643216953452754,1.2400014819648164,-36.393031818511055
2024-11-05,55.48196481631021,1294097.9,1294153.3819648162,"{'512170': {'shares': 859000.0, 'price': 0.352, 'value': 302368.0, 'profit_pct': -0.09990009990008954}, '159995': {'shares': 439800.0, 'price': 0.61, 'value': 268278.0, 'profit_pct': 2.764015074301763}, '515030': {'shares': 252600.0, 'price': 1.269, 'value': 320549.39999999997, 'profit_pct': 5.909128465519439}, '512880': {'shares': 318500.0, 'price': 1.265, 'value': 402902.49999999994, 'profit_pct': 50.26590531941304}}",0.043670834904321776,1.2941533819648163,-33.6152624122928
2024-11-06,55.48196481631021,1296800.7,1296856.1819648163,"{'512170': {'shares': 859000.0, 'price': 0.351, 'value': 301509.0, 'profit_pct': -0.38370720188901}, '159995': {'shares': 439800.0, 'price': 0.617, 'value': 271356.6, 'profit_pct': 3.9432742636789975}, '515030': {'shares': 252600.0, 'price': 1.281, 'value': 323580.6, 'profit_pct': 6.910633226422696}, '512880': {'shares': 318500.0, 'price': 1.257, 'value': 400354.49999999994, 'profit_pct': 49.31560710395431}}",0.0020884696031135963,1.2968561819648163,-33.47661990573021
2024-11-07,55.48196481631021,1358269.8,1358325.2819648164,"{'512170': {'shares': 859000.0, 'price': 0.365, 'value': 313535.0, 'profit_pct': 3.589592225955877}, '159995': {'shares': 439800.0, 'price': 0.637, 'value': 280152.6, 'profit_pct': 7.312586233328239}, '515030': {'shares': 252600.0, 'price': 1.307, 'value': 330148.2, 'profit_pct': 9.080560208379756}, '512880': {'shares': 318500.0, 'price': 1.364, 'value': 434434.00000000006, 'profit_pct': 62.02584573571496}}",0.04739854800774479,1.3583252819648164,-30.3235082806945
2024-11-08,55.48196481631021,1340769.6,1340825.0819648164,"{'512170': {'shares': 859000.0, 'price': 0.363, 'value': 311817.0, 'profit_pct': 3.0219780219780357}, '159995': {'shares': 439800.0, 'price': 0.637, 'value': 280152.6, 'profit_pct': 7.312586233328239}, '515030': {'shares': 252600.0, 'price': 1.3, 'value': 328380.0, 'profit_pct': 8.496349097852866}, '512880': {'shares': 318500.0, 'price': 1.32, 'value': 420420.0, 'profit_pct': 56.79920555069189}}",-0.01288365918853096,1.3408250819648164,-31.221196453458532
2024-11-11,55.48196481631021,1381450.7000000002,1381506.1819648165,"{'512170': {'shares': 859000.0, 'price': 0.369, 'value': 316971.0, 'profit_pct': 4.724820633911558}, '159995': {'shares': 439800.0, 'price': 0.678, 'value': 298184.4, 'profit_pct': 14.219675771109182}, '515030': {'shares': 252600.0, 'price': 1.368, 'value': 345556.80000000005, 'profit_pct': 14.171542742971328}, '512880': {'shares': 318500.0, 'price': 1.321, 'value': 420738.5, 'profit_pct': 56.91799282762422}}",0.0303403483028426,1.3815061819648164,-29.13442359800368
2024-11-12,55.48196481631021,1366626.9,1366682.3819648162,"{'512170': {'shares': 859000.0, 'price': 0.374, 'value': 321266.0, 'profit_pct': 6.14385614385616}, '159995': {'shares': 439800.0, 'price': 0.66, 'value': 290268.0, 'profit_pct': 11.187294998424866}, '515030': {'shares': 252600.0, 'price': 1.364, 'value': 344546.4, 'profit_pct': 13.837707822670243}, '512880': {'shares': 318500.0, 'price': 1.289, 'value': 410546.5, 'profit_pct': 53.11679996578926}}",-0.010730172758921297,1.3666823819648162,-29.89482347545763
2024-11-13,55.48196481631021,1361902.2000000002,1361957.6819648165,"{'512170': {'shares': 859000.0, 'price': 0.368, 'value': 316112.0, 'profit_pct': 4.441013531922637}, '159995': {'shares': 439800.0, 'price': 0.662, 'value': 291147.60000000003, 'profit_pct': 11.52422619538979}, '515030': {'shares': 252600.0, 'price': 1.366, 'value': 345051.60000000003, 'profit_pct': 14.004625282820784}, '512880': {'shares': 318500.0, 'price': 1.286, 'value': 409591.0, 'profit_pct': 52.76043813499225}}",-0.0034570578082723236,1.3619576819648165,-30.13718112336211
2024-11-14,55.48196481631021,1321655.0999999999,1321710.5819648162,"{'512170': {'shares': 859000.0, 'price': 0.356, 'value': 305804.0, 'profit_pct': 1.0353283080555922}, '159995': {'shares': 439800.0, 'price': 0.639, 'value': 281032.2, 'profit_pct': 7.649517430293162}, '515030': {'shares': 252600.0, 'price': 1.314, 'value': 331916.4, 'profit_pct': 9.664771318906666}, '512880': {'shares': 318500.0, 'price': 1.265, 'value': 402902.49999999994, 'profit_pct': 50.26590531941304}}",-0.02955091816211075,1.3217105819648163,-32.20169156656001
2024-11-15,55.48196481631021,1274065.1,1274120.5819648164,"{'512170': {'shares': 859000.0, 'price': 0.347, 'value': 298073.0, 'profit_pct': -1.5189356098446918}, '159995': {'shares': 439800.0, 'price': 0.611, 'value': 268717.8, 'profit_pct': 2.9324806727842248}, '515030': {'shares': 252600.0, 'price': 1.268, 'value': 320296.8, 'profit_pct': 5.825669735444176}, '512880': {'shares': 318500.0, 'price': 1.215, 'value': 386977.5, 'profit_pct': 44.32654147279595}}",-0.03600636981301453,1.2741205819648165,-34.64286253271126
2024-11-18,55.48196481631021,1254288.1,1254343.5819648164,"{'512170': {'shares': 859000.0, 'price': 0.342, 'value': 293778.0, 'profit_pct': -2.9379711197892786}, '159995': {'shares': 439800.0, 'price': 0.596, 'value': 262120.8, 'profit_pct': 0.4054966955472939}, '515030': {'shares': 252600.0, 'price': 1.253, 'value': 316507.8, 'profit_pct': 4.573788784315095}, '512880': {'shares': 318500.0, 'price': 1.199, 'value': 381881.5, 'profit_pct': 42.42594504187847}}",-0.015522078741952328,1.2543435819648163,-35.657341166827116
2024-11-19,55.48196481631021,1290058.3,1290113.7819648164,"{'512170': {'shares': 859000.0, 'price': 0.347, 'value': 298073.0, 'profit_pct': -1.5189356098446918}, '159995': {'shares': 439800.0, 'price': 0.616, 'value': 270916.8, 'profit_pct': 3.774808665196535}, '515030': {'shares': 252600.0, 'price': 1.31, 'value': 330906.0, 'profit_pct': 9.33093639860558}, '512880': {'shares': 318500.0, 'price': 1.225, 'value': 390162.5, 'profit_pct': 45.51441424211937}}",0.028517067025582543,1.2901137819648163,-33.82247725227734
2024-11-20,55.48196481631021,1295949.5,1296004.9819648163,"{'512170': {'shares': 859000.0, 'price': 0.354, 'value': 304086.0, 'profit_pct': 0.46771410407775144}, '159995': {'shares': 439800.0, 'price': 0.614, 'value': 270037.2, 'profit_pct': 3.4378774682316107}, '515030': {'shares': 252600.0, 'price': 1.313, 'value': 331663.8, 'profit_pct': 9.581312588831386}, '512880': {'shares': 318500.0, 'price': 1.225, 'value': 390162.5, 'profit_pct': 45.51441424211937}}",0.004566418933241501,1.2960049819648163,-33.52028295944712
2024-11-21,55.48196481631021,1299862.9000000001,1299918.3819648165,"{'512170': {'shares': 859000.0, 'price': 0.35, 'value': 300650.0, 'profit_pct': -0.6675143038779305}, '159995': {'shares': 439800.0, 'price': 0.618, 'value': 271796.4, 'profit_pct': 4.11173986216146}, '515030': {'shares': 252600.0, 'price': 1.32, 'value': 333432.0, 'profit_pct': 10.165523699358294}, '512880': {'shares': 318500.0, 'price': 1.237, 'value': 393984.50000000006, 'profit_pct': 46.93986156530748}}",0.0030195871578111433,1.2999183819648166,-33.31954165961655
2024-11-22,55.48196481631021,1243999.8,1244055.2819648164,"{'512170': {'shares': 859000.0, 'price': 0.335, 'value': 287765.0, 'profit_pct': -4.924620833711722}, '159995': {'shares': 439800.0, 'price': 0.59, 'value': 259482.0, 'profit_pct': -0.6052968953474785}, '515030': {'shares': 252600.0, 'price': 1.273, 'value': 321559.8, 'profit_pct': 6.2429633858205245}, '512880': {'shares': 318500.0, 'price': 1.178, 'value': 375193.0, 'profit_pct': 39.931412226299265}}",-0.042974313445405254,1.2440552819648163,-36.18508857701948
2024-11-25,55.48196481631021,1240731.1,1240786.5819648164,"{'512170': {'shares': 859000.0, 'price': 0.334, 'value': 286906.0, 'profit_pct': -5.208427935700642}, '159995': {'shares': 439800.0, 'price': 0.581, 'value': 255523.8, 'profit_pct': -2.121487281689637}, '515030': {'shares': 252600.0, 'price': 1.293, 'value': 326611.8, 'profit_pct': 7.912137987325956}, '512880': {'shares': 318500.0, 'price': 1.167, 'value': 371689.5, 'profit_pct': 38.624752180043515}}",-0.002627455586087346,1.2407865819648165,-36.35275942251346
2024-11-26,55.48196481631021,1227063.9,1227119.3819648162,"{'512170': {'shares': 859000.0, 'price': 0.333, 'value': 286047.0, 'profit_pct': -5.492235037689563}, '159995': {'shares': 439800.0, 'price': 0.576, 'value': 253324.8, 'profit_pct': -2.9638152741019472}, '515030': {'shares': 252600.0, 'price': 1.251, 'value': 316002.6, 'profit_pct': 4.406871324164552}, '512880': {'shares': 318500.0, 'price': 1.167, 'value': 371689.5, 'profit_pct': 38.624752180043515}}",-0.011014948258352253,1.2271193819648163,-37.053830484261375
2024-11-27,55.48196481631021,1256312.8,1256368.2819648164,"{'512170': {'shares': 859000.0, 'price': 0.339, 'value': 291201.0, 'profit_pct': -3.78939242575604}, '159995': {'shares': 439800.0, 'price': 0.596, 'value': 262120.8, 'profit_pct': 0.4054966955472939}, '515030': {'shares': 252600.0, 'price': 1.275, 'value': 322065.0, 'profit_pct': 6.409880845971068}, '512880': {'shares': 318500.0, 'price': 1.196, 'value': 380926.0, 'profit_pct': 42.06958321108143}}",0.023835415225182066,1.2563682819648163,-35.553482397019046
2024-11-28,55.48196481631021,1242618.0,1242673.4819648163,"{'512170': {'shares': 859000.0, 'price': 0.335, 'value': 287765.0, 'profit_pct': -4.924620833711722}, '159995': {'shares': 439800.0, 'price': 0.594, 'value': 261241.19999999998, 'profit_pct': 0.06856549858236978}, '515030': {'shares': 252600.0, 'price': 1.253, 'value': 316507.8, 'profit_pct': 4.573788784315095}, '512880': {'shares': 318500.0, 'price': 1.184, 'value': 377104.0, 'profit_pct': 40.64413588789332}}",-0.010900307017129518,1.2426734819648164,-36.25596922507638
2024-11-29,55.48196481631021,1268986.0,1269041.4819648163,"{'512170': {'shares': 859000.0, 'price': 0.341, 'value': 292919.0, 'profit_pct': -3.221778221778199}, '159995': {'shares': 439800.0, 'price': 0.607, 'value': 266958.6, 'profit_pct': 2.2586182788543763}, '515030': {'shares': 252600.0, 'price': 1.274, 'value': 321812.4, 'profit_pct': 6.326422115895805}, '512880': {'shares': 318500.0, 'price': 1.216, 'value': 387296.0, 'profit_pct': 44.44532874972828}}",0.021218767747670064,1.2690414819648164,-34.90339944076294
2024-12-02,55.48196481631021,1284970.4,1285025.8819648162,"{'512170': {'shares': 859000.0, 'price': 0.347, 'value': 298073.0, 'profit_pct': -1.5189356098446918}, '159995': {'shares': 439800.0, 'price': 0.61, 'value': 268278.0, 'profit_pct': 2.764015074301763}, '515030': {'shares': 252600.0, 'price': 1.294, 'value': 326864.4, 'profit_pct': 7.995596717401236}, '512880': {'shares': 318500.0, 'price': 1.23, 'value': 391755.0, 'profit_pct': 46.108350626781075}}",0.012595648154268169,1.2850258819648162,-34.08346556407985
2024-12-03,55.48196481631021,1277409.9000000001,1277465.3819648165,"{'512170': {'shares': 859000.0, 'price': 0.347, 'value': 298073.0, 'profit_pct': -1.5189356098446918}, '159995': {'shares': 439800.0, 'price': 0.601, 'value': 264319.8, 'profit_pct': 1.2478246879596042}, '515030': {'shares': 252600.0, 'price': 1.281, 'value': 323580.6, 'profit_pct': 6.910633226422696}, '512880': {'shares': 318500.0, 'price': 1.229, 'value': 391436.50000000006, 'profit_pct': 45.989563349848744}}",-0.005883539083617273,1.2774653819648165,-34.471288070690186
2024-12-04,55.48196481631021,1263118.8,1263174.2819648164,"{'512170': {'shares': 859000.0, 'price': 0.341, 'value': 292919.0, 'profit_pct': -3.221778221778199}, '159995': {'shares': 439800.0, 'price': 0.602, 'value': 264759.6, 'profit_pct': 1.4162902864420663}, '515030': {'shares': 252600.0, 'price': 1.262, 'value': 318781.2, 'profit_pct': 5.3249173549925475}, '512880': {'shares': 318500.0, 'price': 1.214, 'value': 386659.0, 'profit_pct': 44.20775419586359}}",-0.011187074187497426,1.2631742819648164,-35.20436263245452
2024-12-05,55.48196481631021,1265435.2,1265490.6819648163,"{'512170': {'shares': 859000.0, 'price': 0.341, 'value': 292919.0, 'profit_pct': -3.221778221778199}, '159995': {'shares': 439800.0, 'price': 0.6, 'value': 263880.0, 'profit_pct': 1.079359089477142}, '515030': {'shares': 252600.0, 'price': 1.257, 'value': 317518.19999999995, 'profit_pct': 4.9076237046161815}, '512880': {'shares': 318500.0, 'price': 1.228, 'value': 391118.0, 'profit_pct': 45.870776072916385}}",0.0018337928764642353,1.2654906819648164,-35.085540854223964
2024-12-06,55.48196481631021,1288616.0,1288671.4819648163,"{'512170': {'shares': 859000.0, 'price': 0.352, 'value': 302368.0, 'profit_pct': -0.09990009990008954}, '159995': {'shares': 439800.0, 'price': 0.607, 'value': 266958.6, 'profit_pct': 2.2586182788543763}, '515030': {'shares': 252600.0, 'price': 1.279, 'value': 323075.39999999997, 'profit_pct': 6.743715766272154}, '512880': {'shares': 318500.0, 'price': 1.244, 'value': 396214.0, 'profit_pct': 47.77137250383387}}",0.018317637838319856,1.2886714819648164,-33.896461301121214
2024-12-09,55.48196481631021,1281002.4,1281057.8819648162,"{'512170': {'shares': 859000.0, 'price': 0.353, 'value': 303227.0, 'profit_pct': 0.18390700208883093}, '159995': {'shares': 439800.0, 'price': 0.597, 'value': 262560.6, 'profit_pct': 0.573962294029756}, '515030': {'shares': 252600.0, 'price': 1.278, 'value': 322822.8, 'profit_pct': 6.660257036196891}, '512880': {'shares': 318500.0, 'price': 1.232, 'value': 392392.0, 'profit_pct': 46.34592518064576}}",-0.005908100013505169,1.2810578819648162,-34.28700761900081
2024-12-10,55.48196481631021,1287190.0,1287245.4819648163,"{'512170': {'shares': 859000.0, 'price': 0.354, 'value': 304086.0, 'profit_pct': 0.46771410407775144}, '159995': {'shares': 439800.0, 'price': 0.601, 'value': 264319.8, 'profit_pct': 1.2478246879596042}, '515030': {'shares': 252600.0, 'price': 1.277, 'value': 322570.19999999995, 'profit_pct': 6.57679830612161}, '512880': {'shares': 318500.0, 'price': 1.244, 'value': 396214.0, 'profit_pct': 47.77137250383387}}",0.0048300705901827,1.2872454819648163,-33.969609227108435
2024-12-11,55.48196481631021,1282808.3,1282863.7819648164,"{'512170': {'shares': 859000.0, 'price': 0.355, 'value': 304945.0, 'profit_pct': 0.7515212060666718}, '159995': {'shares': 439800.0, 'price': 0.597, 'value': 262560.6, 'profit_pct': 0.573962294029756}, '515030': {'shares': 252600.0, 'price': 1.267, 'value': 320044.19999999995, 'profit_pct': 5.742211005368896}, '512880': {'shares': 318500.0, 'price': 1.241, 'value': 395258.50000000006, 'profit_pct': 47.41501067303685}}",-0.0034039350391129597,1.2828637819648163,-34.194372387906604
2024-12-12,55.48196481631021,1296095.9,1296151.3819648162,"{'512170': {'shares': 859000.0, 'price': 0.358, 'value': 307522.0, 'profit_pct': 1.6029425120334333}, '159995': {'shares': 439800.0, 'price': 0.602, 'value': 264759.6, 'profit_pct': 1.4162902864420663}, '515030': {'shares': 252600.0, 'price': 1.278, 'value': 322822.8, 'profit_pct': 6.660257036196891}, '512880': {'shares': 318500.0, 'price': 1.259, 'value': 400991.49999999994, 'profit_pct': 49.55318165781899}}",0.010357763767910644,1.2961513819648163,-33.512773242501446
2024-12-13,55.48196481631021,1263482.3,1263537.7819648164,"{'512170': {'shares': 859000.0, 'price': 0.348, 'value': 298932.0, 'profit_pct': -1.2351285078557714}, '159995': {'shares': 439800.0, 'price': 0.593, 'value': 260801.4, 'profit_pct': -0.09990009990009227}, '515030': {'shares': 252600.0, 'price': 1.249, 'value': 315497.4, 'profit_pct': 4.239953864014027}, '512880': {'shares': 318500.0, 'price': 1.219, 'value': 388251.5, 'profit_pct': 44.801690580525324}}",-0.025161875729794336,1.2635377819648164,-35.185716579792285
2024-12-16,55.48196481631021,1244040.0999999999,1244095.5819648162,"{'512170': {'shares': 859000.0, 'price': 0.344, 'value': 295496.0, 'profit_pct': -2.3703569158114535}, '159995': {'shares': 439800.0, 'price': 0.584, 'value': 256843.19999999998, 'profit_pct': -1.616090486242251}, '515030': {'shares': 252600.0, 'price': 1.224, 'value': 309182.39999999997, 'profit_pct': 2.1534856121322306}, '512880': {'shares': 318500.0, 'price': 1.201, 'value': 382518.5, 'profit_pct': 42.66351959574315}}",-0.015387114083575182,1.2440955819648163,-36.183021353024195
2024-12-17,55.48196481631021,1240997.5,1241052.9819648163,"{'512170': {'shares': 859000.0, 'price': 0.34, 'value': 292060.0, 'profit_pct': -3.5055853237671193}, '159995': {'shares': 439800.0, 'price': 0.58, 'value': 255083.99999999997, 'profit_pct': -2.289952880172099}, '515030': {'shares': 252600.0, 'price': 1.23, 'value': 310698.0, 'profit_pct': 2.6542379925838593}, '512880': {'shares': 318500.0, 'price': 1.203, 'value': 383155.5, 'profit_pct': 42.901094149607836}}",-0.0024456320270783705,1.2410529819648164,-36.33909419987462
2024-12-18,55.48196481631021,1248069.6,1248125.0819648164,"{'512170': {'shares': 859000.0, 'price': 0.341, 'value': 292919.0, 'profit_pct': -3.221778221778199}, '159995': {'shares': 439800.0, 'price': 0.596, 'value': 262120.8, 'profit_pct': 0.4054966955472939}, '515030': {'shares': 252600.0, 'price': 1.228, 'value': 310192.8, 'profit_pct': 2.4873205324333165}, '512880': {'shares': 318500.0, 'price': 1.202, 'value': 382837.0, 'profit_pct': 42.782306872675484}}",0.005698467432714738,1.2481250819648164,-35.976324601435486
2024-12-19,55.48196481631021,1249430.7999999998,1249486.2819648162,"{'512170': {'shares': 859000.0, 'price': 0.338, 'value': 290342.0, 'profit_pct': -4.07319952774496}, '159995': {'shares': 439800.0, 'price': 0.609, 'value': 267838.2, 'profit_pct': 2.595549475819301}, '515030': {'shares': 252600.0, 'price': 1.226, 'value': 309687.6, 'profit_pct': 2.3204030722827738}, '512880': {'shares': 318500.0, 'price': 1.198, 'value': 381563.0, 'profit_pct': 42.30715776494611}}",0.001090595822220708,1.2494862819648163,-35.90650064852259
2024-12-20,55.48196481631021,1258687.1,1258742.5819648164,"{'512170': {'shares': 859000.0, 'price': 0.338, 'value': 290342.0, 'profit_pct': -4.07319952774496}, '159995': {'shares': 439800.0, 'price': 0.627, 'value': 275754.6, 'profit_pct': 5.627930248503618}, '515030': {'shares': 252600.0, 'price': 1.225, 'value': 309435.0, 'profit_pct': 2.2369443422075115}, '512880': {'shares': 318500.0, 'price': 1.203, 'value': 383155.5, 'profit_pct': 42.901094149607836}}",0.007408084533304882,1.2587425819648164,-35.43169058729152
2024-12-23,55.48196481631021,1244212.4,1244267.8819648162,"{'512170': {'shares': 859000.0, 'price': 0.335, 'value': 287765.0, 'profit_pct': -4.924620833711722}, '159995': {'shares': 439800.0, 'price': 0.62, 'value': 272676.0, 'profit_pct': 4.448671059126384}, '515030': {'shares': 252600.0, 'price': 1.209, 'value': 305393.4, 'profit_pct': 0.901604661003167}, '512880': {'shares': 318500.0, 'price': 1.188, 'value': 378378.0, 'profit_pct': 41.11928499562269}}",-0.011499332911584004,1.2442678819648163,-36.17418307276641
2024-12-24,55.48196481631021,1261795.7,1261851.1819648163,"{'512170': {'shares': 859000.0, 'price': 0.338, 'value': 290342.0, 'profit_pct': -4.07319952774496}, '159995': {'shares': 439800.0, 'price': 0.628, 'value': 276194.4, 'profit_pct': 5.79639584698608}, '515030': {'shares': 252600.0, 'price': 1.228, 'value': 310192.8, 'profit_pct': 2.4873205324333165}, '512880': {'shares': 318500.0, 'price': 1.209, 'value': 385066.5, 'profit_pct': 43.61381781120189}}",0.014131442477028688,1.2618511819648164,-35.27223221230985
2024-12-25,55.48196481631021,1255060.1,1255115.5819648164,"{'512170': {'shares': 859000.0, 'price': 0.336, 'value': 288624.0, 'profit_pct': -4.640813731722801}, '159995': {'shares': 439800.0, 'price': 0.631, 'value': 277513.8, 'profit_pct': 6.301792642433466}, '515030': {'shares': 252600.0, 'price': 1.213, 'value': 306403.80000000005, 'profit_pct': 1.2354395813042531}, '512880': {'shares': 318500.0, 'price': 1.201, 'value': 382518.5, 'profit_pct': 42.66351959574315}}",-0.00533787192679247,1.2551155819648165,-35.617740746867696
2024-12-26,55.48196481631021,1259706.0,1259761.4819648163,"{'512170': {'shares': 859000.0, 'price': 0.334, 'value': 286906.0, 'profit_pct': -5.208427935700642}, '159995': {'shares': 439800.0, 'price': 0.641, 'value': 281911.8, 'profit_pct': 7.986448627258086}, '515030': {'shares': 252600.0, 'price': 1.217, 'value': 307414.2, 'profit_pct': 1.5692745016053393}, '512880': {'shares': 318500.0, 'price': 1.204, 'value': 383474.0, 'profit_pct': 43.01988142654017}}",0.0037015714462942384,1.2597614819648164,-35.379425214368396
2024-12-27,55.48196481631021,1260979.9,1261035.3819648162,"{'512170': {'shares': 859000.0, 'price': 0.335, 'value': 287765.0, 'profit_pct': -4.924620833711722}, '159995': {'shares': 439800.0, 'price': 0.636, 'value': 279712.8, 'profit_pct': 7.144120634845776}, '515030': {'shares': 252600.0, 'price': 1.216, 'value': 307161.6, 'profit_pct': 1.4858157715300584}, '512880': {'shares': 318500.0, 'price': 1.213, 'value': 386340.5, 'profit_pct': 44.08896691893126}}",0.0010112231706060903,1.2610353819648163,-35.31407939184729
2024-12-30,55.48196481631021,1265479.1,1265534.5819648164,"{'512170': {'shares': 859000.0, 'price': 0.333, 'value': 286047.0, 'profit_pct': -5.492235037689563}, '159995': {'shares': 439800.0, 'price': 0.638, 'value': 280592.4, 'profit_pct': 7.4810518318107}, '515030': {'shares': 252600.0, 'price': 1.222, 'value': 308677.2, 'profit_pct': 1.9865681519816873}, '512880': {'shares': 318500.0, 'price': 1.225, 'value': 390162.5, 'profit_pct': 45.51441424211937}}",0.003567861825565899,1.2655345819648165,-35.08328896505787
2024-12-31,28140.207803336438,1194211.4,1222351.6078033363,"{'159995': {'shares': 439800.0, 'price': 0.613, 'value': 269597.4, 'profit_pct': 3.269411869749149}, '512660': {'shares': 295800.0, 'price': 1.042, 'value': 308223.60000000003, 'profit_pct': -0.09990009990009868}, '159928': {'shares': 377200.0, 'price': 0.817, 'value': 308172.39999999997, 'profit_pct': -0.0999000999000946}, '515050': {'shares': 811100.0, 'price': 0.38, 'value': 308218.0, 'profit_pct': -0.09990009990008307}}",-0.03412231856551562,1.2223516078033363,-37.298397659217684
2025-01-02,28140.207803336438,1150956.2999999998,1179096.5078033363,"{'159995': {'shares': 439800.0, 'price': 0.585, 'value': 257282.99999999997, 'profit_pct': -1.4476248877597888}, '512660': {'shares': 295800.0, 'price': 0.996, 'value': 294616.8, 'profit_pct': -4.510077254798946}, '159928': {'shares': 377200.0, 'price': 0.799, 'value': 301382.8, 'profit_pct': -2.300881493047939}, '515050': {'shares': 811100.0, 'price': 0.367, 'value': 297673.7, 'profit_pct': -3.517535096482452}}",-0.03538679028510705,1.1790965078033362,-39.517206111791126
2025-01-03,28140.207803336438,1127738.0999999999,1155878.3078033363,"{'159995': {'shares': 439800.0, 'price': 0.574, 'value': 252445.19999999998, 'profit_pct': -3.300746471066871}, '512660': {'shares': 295800.0, 'price': 0.966, 'value': 285742.8, 'profit_pct': -7.386279747124282}, '159928': {'shares': 377200.0, 'price': 0.791, 'value': 298365.2, 'profit_pct': -3.279095445558098}, '515050': {'shares': 811100.0, 'price': 0.359, 'value': 291184.89999999997, 'profit_pct': -5.620695094379294}}",-0.019691517909128264,1.1558783078033363,-40.7082041308349
2025-01-06,310262.05685003643,835281.7,1145543.7568500363,"{'159995': {'shares': 439800.0, 'price': 0.571, 'value': 251125.8, 'profit_pct': -3.806143266514258}, '159928': {'shares': 377200.0, 'price': 0.781, 'value': 294593.2, 'profit_pct': -4.501862886195797}, '515050': {'shares': 811100.0, 'price': 0.357, 'value': 289562.7, 'profit_pct': -6.146485093853505}}",-0.00894086417534734,1.1455437568500364,-41.23832402441353
2025-01-07,310262.05685003643,856393.0,1166655.0568500364,"{'159995': {'shares': 439800.0, 'price': 0.597, 'value': 262560.6, 'profit_pct': 0.573962294029756}, '159928': {'shares': 377200.0, 'price': 0.783, 'value': 295347.60000000003, 'profit_pct': -4.257309398068258}, '515050': {'shares': 811100.0, 'price': 0.368, 'value': 298484.8, 'profit_pct': -3.254640096745346}}",0.018429064689812424,1.1666550568500365,-40.15540129657765
2025-01-08,310262.05685003643,853645.1,1163907.1568500365,"{'159995': {'shares': 439800.0, 'price': 0.598, 'value': 263000.39999999997, 'profit_pct': 0.7424278925122181}, '159928': {'shares': 377200.0, 'price': 0.781, 'value': 294593.2, 'profit_pct': -4.501862886195797}, '515050': {'shares': 811100.0, 'price': 0.365, 'value': 296051.5, 'profit_pct': -4.0433250959566625}}",-0.0023553662960320576,1.1639071568500365,-40.296357247363254
2025-01-09,310262.05685003643,856197.7000000001,1166459.7568500366,"{'159995': {'shares': 439800.0, 'price': 0.599, 'value': 263440.2, 'profit_pct': 0.9108934909946801}, '159928': {'shares': 377200.0, 'price': 0.778, 'value': 293461.60000000003, 'profit_pct': -4.868693118387107}, '515050': {'shares': 811100.0, 'price': 0.369, 'value': 299295.9, 'profit_pct': -2.9917450970082413}}",0.0021931302552589127,1.1664597568500366,-40.16541938209328
2025-01-10,310262.05685003643,843063.8,1153325.8568500364,"{'159995': {'shares': 439800.0, 'price': 0.598, 'value': 263000.39999999997, 'profit_pct': 0.7424278925122181}, '159928': {'shares': 377200.0, 'price': 0.768, 'value': 289689.60000000003, 'profit_pct': -6.091460559024806}, '515050': {'shares': 811100.0, 'price': 0.358, 'value': 290373.8, 'profit_pct': -5.883590094116399}}",-0.01125962548032311,1.1533258568500364,-40.839134350623105
2025-01-13,310262.05685003643,839997.0,1150259.0568500364,"{'159995': {'shares': 439800.0, 'price': 0.593, 'value': 260801.4, 'profit_pct': -0.09990009990009227}, '159928': {'shares': 377200.0, 'price': 0.77, 'value': 290444.0, 'profit_pct': -5.846907070897266}, '515050': {'shares': 811100.0, 'price': 0.356, 'value': 288751.6, 'profit_pct': -6.40938009359061}}",-0.002659092382074957,1.1502590568500364,-40.996448557788334
2025-01-14,310262.05685003643,870250.9000000001,1180512.9568500365,"{'159995': {'shares': 439800.0, 'price': 0.615, 'value': 270477.0, 'profit_pct': 3.6063430667140732}, '159928': {'shares': 377200.0, 'price': 0.788, 'value': 297233.60000000003, 'profit_pct': -3.645925677749408}, '515050': {'shares': 811100.0, 'price': 0.373, 'value': 302540.3, 'profit_pct': -1.94016509805982}}",0.026301814204227947,1.1805129568500365,-39.44454811036567
2025-01-15,310262.05685003643,862298.2,1172560.2568500363,"{'159995': {'shares': 439800.0, 'price': 0.613, 'value': 269597.4, 'profit_pct': 3.269411869749149}, '159928': {'shares': 377200.0, 'price': 0.78, 'value': 294216.0, 'profit_pct': -4.624139630259567}, '515050': {'shares': 811100.0, 'price': 0.368, 'value': 298484.8, 'profit_pct': -3.254640096745346}}",-0.0067366477884498455,1.1725602568500364,-39.85248886141656
2025-01-16,310262.05685003643,857059.5999999999,1167321.6568500362,"{'159995': {'shares': 439800.0, 'price': 0.598, 'value': 263000.39999999997, 'profit_pct': 0.7424278925122181}, '159928': {'shares': 377200.0, 'price': 0.775, 'value': 292330.0, 'profit_pct': -5.235523350578417}, '515050': {'shares': 811100.0, 'price': 0.372, 'value': 301729.2, 'profit_pct': -2.203060097796925}}",-0.004467659524870049,1.1673216568500362,-40.12120746245208
2025-01-17,310262.05685003643,869410.3,1179672.3568500364,"{'159995': {'shares': 439800.0, 'price': 0.61, 'value': 268278.0, 'profit_pct': 2.764015074301763}, '159928': {'shares': 377200.0, 'price': 0.783, 'value': 295347.60000000003, 'profit_pct': -4.257309398068258}, '515050': {'shares': 811100.0, 'price': 0.377, 'value': 305784.7, 'profit_pct': -0.8885850991113988}}",0.010580374250339863,1.1796723568500365,-39.487667427746366
2025-01-20,310262.05685003643,875842.4,1186104.4568500365,"{'159995': {'shares': 439800.0, 'price': 0.61, 'value': 268278.0, 'profit_pct': 2.764015074301763}, '159928': {'shares': 377200.0, 'price': 0.785, 'value': 296102.0, 'profit_pct': -4.012755909940718}, '515050': {'shares': 811100.0, 'price': 0.384, 'value': 311462.4, 'profit_pct': 0.951679899048338}}",0.005452446149687873,1.1861044568500365,-39.157727193004156
2025-01-21,310262.05685003643,883832.5,1194094.5568500364,"{'159995': {'shares': 439800.0, 'price': 0.615, 'value': 270477.0, 'profit_pct': 3.6063430667140732}, '159928': {'shares': 377200.0, 'price': 0.781, 'value': 294593.2, 'profit_pct': -4.501862886195797}, '515050': {'shares': 811100.0, 'price': 0.393, 'value': 318762.3, 'profit_pct': 3.3177348966822855}}",0.006736421867277409,1.1940945568500363,-38.74786797601224
2025-01-22,310262.05685003643,884915.3,1195177.3568500364,"{'159995': {'shares': 439800.0, 'price': 0.613, 'value': 269597.4, 'profit_pct': 3.269411869749149}, '159928': {'shares': 377200.0, 'price': 0.769, 'value': 290066.8, 'profit_pct': -5.969183814961036}, '515050': {'shares': 811100.0, 'price': 0.401, 'value': 325251.10000000003, 'profit_pct': 5.420894894579128}}",0.000906795859497489,1.1951773568500363,-38.692324796307496
2025-01-23,310262.05685003643,876096.4,1186358.4568500365,"{'159995': {'shares': 439800.0, 'price': 0.605, 'value': 266079.0, 'profit_pct': 1.9216870818894525}, '159928': {'shares': 377200.0, 'price': 0.77, 'value': 290444.0, 'profit_pct': -5.846907070897266}, '515050': {'shares': 811100.0, 'price': 0.394, 'value': 319573.4, 'profit_pct': 3.5806298964193903}}",-0.007378737514943112,1.1863584568500365,-39.14469803928693
2025-01-24,310262.05685003643,885847.3,1196109.3568500364,"{'159995': {'shares': 439800.0, 'price': 0.608, 'value': 267398.39999999997, 'profit_pct': 2.4270838773368384}, '159928': {'shares': 377200.0, 'price': 0.773, 'value': 291575.60000000003, 'profit_pct': -5.480076838705957}, '515050': {'shares': 811100.0, 'price': 0.403, 'value': 326873.30000000005, 'profit_pct': 5.946684894053338}}",0.008219185309210841,1.1961093568500365,-38.644517035423846
2025-01-27,3681.215382356604,1168385.4,1172066.6153823566,"{'159995': {'shares': 439800.0, 'price': 0.591, 'value': 259921.8, 'profit_pct': -0.43683129686501637}, '512400': {'shares': 297000.0, 'price': 1.005, 'value': 298484.99999999994, 'profit_pct': -0.09990009990009223}, '515030': {'shares': 251700.0, 'price': 1.186, 'value': 298516.2, 'profit_pct': -0.09990009990009227}, '515050': {'shares': 811100.0, 'price': 0.384, 'value': 311462.4, 'profit_pct': 0.951679899048338}}",-0.020100788719684126,1.1720666153823567,-39.87781063528897
2025-02-05,3681.215382356604,1176585.5,1180266.7153823567,"{'159995': {'shares': 439800.0, 'price': 0.61, 'value': 268278.0, 'profit_pct': 2.764015074301763}, '512400': {'shares': 297000.0, 'price': 1.017, 'value': 302049.0, 'profit_pct': 1.0929369138324452}, '515030': {'shares': 251700.0, 'price': 1.197, 'value': 301284.9, 'profit_pct': 0.8266606917534584}, '515050': {'shares': 811100.0, 'price': 0.376, 'value': 304973.6, 'profit_pct': -1.1514800988485043}}",0.006996274693247706,1.1802667153823567,-39.457179283334
2025-02-06,3681.215382356604,1217327.0,1221008.2153823567,"{'159995': {'shares': 439800.0, 'price': 0.633, 'value': 278393.4, 'profit_pct': 6.6387238393983905}, '512400': {'shares': 297000.0, 'price': 1.03, 'value': 305910.0, 'profit_pct': 2.385177012042705}, '515030': {'shares': 251700.0, 'price': 1.255, 'value': 315883.5, 'profit_pct': 5.7121630477448395}, '515050': {'shares': 811100.0, 'price': 0.391, 'value': 317140.10000000003, 'profit_pct': 2.791944897208075}}",0.034518892610473584,1.2210082153823567,-37.367308156680245
2025-02-07,3681.215382356604,1234218.2999999998,1237899.5153823565,"{'159995': {'shares': 439800.0, 'price': 0.637, 'value': 280152.6, 'profit_pct': 7.312586233328239}, '512400': {'shares': 297000.0, 'price': 1.043, 'value': 309771.0, 'profit_pct': 3.677417110252943}, '515030': {'shares': 251700.0, 'price': 1.274, 'value': 320665.8, 'profit_pct': 7.312586233328239}, '515050': {'shares': 811100.0, 'price': 0.399, 'value': 323628.9, 'profit_pct': 4.895104895104917}}",0.01383389545393876,1.2378995153823564,-36.500854045721
2025-02-10,3681.215382356604,1238254.6,1241935.8153823568,"{'159995': {'shares': 439800.0, 'price': 0.644, 'value': 283231.2, 'profit_pct': 8.491845422705472}, '512400': {'shares': 297000.0, 'price': 1.045, 'value': 310365.0, 'profit_pct': 3.8762232792083657}, '515030': {'shares': 251700.0, 'price': 1.269, 'value': 319407.3, 'profit_pct': 6.8914222371220735}, '515050': {'shares': 811100.0, 'price': 0.401, 'value': 325251.10000000003, 'profit_pct': 5.420894894579128}}",0.0032606039099656314,1.2419358153823568,-36.293808482143
2025-02-11,3681.215382356604,1231903.9000000001,1235585.1153823568,"{'159995': {'shares': 439800.0, 'price': 0.637, 'value': 280152.6, 'profit_pct': 7.312586233328239}, '512400': {'shares': 297000.0, 'price': 1.045, 'value': 310365.0, 'profit_pct': 3.8762232792083657}, '515030': {'shares': 251700.0, 'price': 1.256, 'value': 316135.2, 'profit_pct': 5.79639584698608}, '515050': {'shares': 811100.0, 'price': 0.401, 'value': 325251.10000000003, 'profit_pct': 5.420894894579128}}",-0.0051135492843845665,1.2355851153823567,-36.61957323218999
2025-02-12,3681.215382356604,1252006.9000000001,1255688.1153823568,"{'159995': {'shares': 439800.0, 'price': 0.657, 'value': 288948.60000000003, 'profit_pct': 10.68189820297748}, '512400': {'shares': 297000.0, 'price': 1.039, 'value': 308583.0, 'profit_pct': 3.2798047723420973}, '515030': {'shares': 251700.0, 'price': 1.279, 'value': 321924.3, 'profit_pct': 7.733750229534383}, '515050': {'shares': 811100.0, 'price': 0.41, 'value': 332551.0, 'profit_pct': 7.786949892213061}}",0.016270024419789975,1.2556881153823567,-35.58837214094102
2025-02-13,3681.215382356604,1228818.1,1232499.3153823568,"{'159995': {'shares': 439800.0, 'price': 0.638, 'value': 280592.4, 'profit_pct': 7.4810518318107}, '512400': {'shares': 297000.0, 'price': 1.032, 'value': 306504.0, 'profit_pct': 2.583983180998128}, '515030': {'shares': 251700.0, 'price': 1.267, 'value': 318903.89999999997, 'profit_pct': 6.722956638639611}, '515050': {'shares': 811100.0, 'price': 0.398, 'value': 322817.8, 'profit_pct': 4.632209895367812}}",-0.018467006031142597,1.2324993153823567,-36.77786206108997
2025-02-14,3681.215382356604,1238913.1,1242594.3153823568,"{'159995': {'shares': 439800.0, 'price': 0.638, 'value': 280592.4, 'profit_pct': 7.4810518318107}, '512400': {'shares': 297000.0, 'price': 1.04, 'value': 308880.0, 'profit_pct': 3.379207856819819}, '515030': {'shares': 251700.0, 'price': 1.288, 'value': 324189.60000000003, 'profit_pct': 8.491845422705472}, '515050': {'shares': 811100.0, 'price': 0.401, 'value': 325251.10000000003, 'profit_pct': 5.420894894579128}}",0.008190673920876135,1.2425943153823567,-36.2600301446517
2025-02-17,3681.215382356604,1242675.0,1246356.2153823567,"{'159995': {'shares': 439800.0, 'price': 0.649, 'value': 285430.2, 'profit_pct': 9.334173415117784}, '512400': {'shares': 297000.0, 'price': 1.015, 'value': 301455.0, 'profit_pct': 0.8941307448770223}, '515030': {'shares': 251700.0, 'price': 1.281, 'value': 322427.69999999995, 'profit_pct': 7.902215828016847}, '515050': {'shares': 811100.0, 'price': 0.411, 'value': 333362.1, 'profit_pct': 8.049844891950166}}",0.003027456309296239,1.2463562153823566,-36.06706017075878
2025-02-18,3681.215382356604,1226992.3,1230673.5153823567,"{'159995': {'shares': 439800.0, 'price': 0.635, 'value': 279273.0, 'profit_pct': 6.975655036363314}, '512400': {'shares': 297000.0, 'price': 1.006, 'value': 298782.0, 'profit_pct': -0.0004970154223697409}, '515030': {'shares': 251700.0, 'price': 1.286, 'value': 323686.2, 'profit_pct': 8.32337982422301}, '515050': {'shares': 811100.0, 'price': 0.401, 'value': 325251.10000000003, 'profit_pct': 5.420894894579128}}",-0.012582839325103179,1.2306735153823567,-36.871518080211615
2025-02-19,3681.215382356604,1253756.9,1257438.1153823566,"{'159995': {'shares': 439800.0, 'price': 0.659, 'value': 289828.2, 'profit_pct': 11.018829399942403}, '512400': {'shares': 297000.0, 'price': 1.015, 'value': 301455.0, 'profit_pct': 0.8941307448770223}, '515030': {'shares': 251700.0, 'price': 1.314, 'value': 330733.8, 'profit_pct': 10.68189820297748}, '515050': {'shares': 811100.0, 'price': 0.409, 'value': 331739.89999999997, 'profit_pct': 7.524054892475955}}",0.02174792880927834,1.2574381153823566,-35.498604349582244
2025-02-20,3681.215382356604,1255160.9,1258842.1153823566,"{'159995': {'shares': 439800.0, 'price': 0.655, 'value': 288069.0, 'profit_pct': 10.344967006012554}, '512400': {'shares': 297000.0, 'price': 1.02, 'value': 302940.0, 'profit_pct': 1.3911461672655905}, '515030': {'shares': 251700.0, 'price': 1.311, 'value': 329978.7, 'profit_pct': 10.429199805253777}, '515050': {'shares': 811100.0, 'price': 0.412, 'value': 334173.19999999995, 'profit_pct': 8.31273989168727}}",0.0011165559424552995,1.2588421153823566,-35.426584932972105
2025-02-21,3681.215382356604,1291773.2999999998,1295454.5153823565,"{'159995': {'shares': 439800.0, 'price': 0.693, 'value': 304781.39999999997, 'profit_pct': 16.746659748346097}, '512400': {'shares': 297000.0, 'price': 1.016, 'value': 301752.0, 'profit_pct': 0.9935338293547447}, '515030': {'shares': 251700.0, 'price': 1.34, 'value': 337278.0, 'profit_pct': 12.871950983249485}, '515050': {'shares': 811100.0, 'price': 0.429, 'value': 347961.89999999997, 'profit_pct': 12.781954887218062}}",0.029084187407313777,1.2954545153823565,-33.5485196276324
2025-02-24,3681.215382356604,1288104.7,1291785.9153823566,"{'159995': {'shares': 439800.0, 'price': 0.695, 'value': 305661.0, 'profit_pct': 17.08359094531102}, '512400': {'shares': 297000.0, 'price': 1.015, 'value': 301455.0, 'profit_pct': 0.8941307448770223}, '515030': {'shares': 251700.0, 'price': 1.336, 'value': 336271.2, 'profit_pct': 12.535019786284563}, '515050': {'shares': 811100.0, 'price': 0.425, 'value': 344717.5, 'profit_pct': 11.73037488826964}}",-0.002831901820124494,1.2917859153823565,-33.73670369584888
2025-02-25,3681.215382356604,1277981.6,1281662.8153823568,"{'159995': {'shares': 439800.0, 'price': 0.691, 'value': 303901.8, 'profit_pct': 16.40972855138117}, '512400': {'shares': 297000.0, 'price': 1.002, 'value': 297594.0, 'profit_pct': -0.3981093533332155}, '515030': {'shares': 251700.0, 'price': 1.331, 'value': 335012.7, 'profit_pct': 12.113855790078398}, '515050': {'shares': 811100.0, 'price': 0.421, 'value': 341473.1, 'profit_pct': 10.67879488932122}}",-0.007836515230159935,1.2816628153823568,-34.255977026536954
2025-02-26,3681.215382356604,1291333.6999999997,1295014.9153823564,"{'159995': {'shares': 439800.0, 'price': 0.703, 'value': 309179.39999999997, 'profit_pct': 18.431315733170717}, '512400': {'shares': 297000.0, 'price': 1.008, 'value': 299376.0, 'profit_pct': 0.19830915353305315}, '515030': {'shares': 251700.0, 'price': 1.356, 'value': 341305.2, 'profit_pct': 14.219675771109182}, '515050': {'shares': 811100.0, 'price': 0.421, 'value': 341473.1, 'profit_pct': 10.67879488932122}}",0.010417794633463151,1.2950149153823565,-33.57106929682173
2025-02-27,3681.215382356604,1281168.4999999998,1284849.7153823564,"{'159995': {'shares': 439800.0, 'price': 0.697, 'value': 306540.6, 'profit_pct': 17.420522142275942}, '512400': {'shares': 297000.0, 'price': 1.003, 'value': 297890.99999999994, 'profit_pct': -0.2987062688555151}, '515030': {'shares': 251700.0, 'price': 1.361, 'value': 342563.7, 'profit_pct': 14.640839767315327}, '515050': {'shares': 811100.0, 'price': 0.412, 'value': 334173.19999999995, 'profit_pct': 8.31273989168727}}",-0.007849484881800484,1.2848497153823564,-34.0925021840905
2025-02-28,61.30404146661749,1233363.6,1233424.9040414668,"{'512170': {'shares': 919800.0, 'price': 0.342, 'value': 314571.60000000003, 'profit_pct': -0.0999000999000863}, '159995': {'shares': 439800.0, 'price': 0.664, 'value': 292027.2, 'profit_pct': 11.861157392354714}, '159928': {'shares': 370800.0, 'price': 0.797, 'value': 295527.60000000003, 'profit_pct': -0.09990009990009197}, '515030': {'shares': 251700.0, 'price': 1.316, 'value': 331237.2, 'profit_pct': 10.850363801459942}}",-0.040023989362511725,1.2334249040414669,-36.73038317558422
2025-03-03,61.30404146661749,1241531.4,1241592.7040414666,"{'512170': {'shares': 919800.0, 'price': 0.346, 'value': 318250.8, 'profit_pct': 1.0685221211536986}, '159995': {'shares': 439800.0, 'price': 0.653, 'value': 287189.4, 'profit_pct': 10.008035809047632}, '159928': {'shares': 370800.0, 'price': 0.795, 'value': 294786.0, 'profit_pct': -0.3505904384197908}, '515030': {'shares': 251700.0, 'price': 1.356, 'value': 341305.2, 'profit_pct': 14.219675771109182}}",0.006622048876455233,1.2415927040414665,-36.31140868057835
2025-03-04,61.30404146661749,1243554.6,1243615.9040414668,"{'512170': {'shares': 919800.0, 'price': 0.349, 'value': 321010.19999999995, 'profit_pct': 1.9448387869440493}, '159995': {'shares': 439800.0, 'price': 0.665, 'value': 292467.0, 'profit_pct': 12.029622990837176}, '159928': {'shares': 370800.0, 'price': 0.791, 'value': 293302.8, 'profit_pct': -0.8519711154591886}, '515030': {'shares': 251700.0, 'price': 1.338, 'value': 336774.60000000003, 'profit_pct': 12.703485384767024}}",0.0016295198847533499,1.2436159040414667,-36.207626854591425
2025-03-05,61.30404146661749,1240704.9000000001,1240766.2040414668,"{'512170': {'shares': 919800.0, 'price': 0.345, 'value': 317331.0, 'profit_pct': 0.7764165658902483}, '159995': {'shares': 439800.0, 'price': 0.668, 'value': 293786.4, 'profit_pct': 12.535019786284563}, '159928': {'shares': 370800.0, 'price': 0.789, 'value': 292561.2, 'profit_pct': -1.1026614539788875}, '515030': {'shares': 251700.0, 'price': 1.339, 'value': 337026.3, 'profit_pct': 12.787718184008245}}",-0.0022914631364386873,1.2407662040414669,-36.353804726040075
2025-03-06,61.30404146661749,1266732.5999999999,1266793.9040414665,"{'512170': {'shares': 919800.0, 'price': 0.353, 'value': 324689.39999999997, 'profit_pct': 3.1132610079978504}, '159995': {'shares': 439800.0, 'price': 0.69, 'value': 303462.0, 'profit_pct': 16.24126295289871}, '159928': {'shares': 370800.0, 'price': 0.799, 'value': 296269.2, 'profit_pct': 0.1507902386196069}, '515030': {'shares': 251700.0, 'price': 1.36, 'value': 342312.0, 'profit_pct': 14.556606968074107}}",0.02097711874744923,1.2667939040414666,-35.018690929954865
2025-03-07,61.30404146661749,1255493.4,1255554.7040414666,"{'512170': {'shares': 919800.0, 'price': 0.348, 'value': 320090.39999999997, 'profit_pct': 1.652733231680599}, '159995': {'shares': 439800.0, 'price': 0.679, 'value': 298624.2, 'profit_pct': 14.388141369591645}, '159928': {'shares': 370800.0, 'price': 0.805, 'value': 298494.0, 'profit_pct': 0.9028612541787033}, '515030': {'shares': 251700.0, 'price': 1.344, 'value': 338284.80000000005, 'profit_pct': 13.20888218021441}}",-0.00887216141800451,1.2555547040414665,-35.59521559317756
2025-03-10,61.30404146661749,1258220.7,1258282.0040414666,"{'512170': {'shares': 919800.0, 'price': 0.35, 'value': 321930.0, 'profit_pct': 2.2369443422074995}, '159995': {'shares': 439800.0, 'price': 0.679, 'value': 298624.2, 'profit_pct': 14.388141369591645}, '159928': {'shares': 370800.0, 'price': 0.804, 'value': 298123.2, 'profit_pct': 0.777516084918854}, '515030': {'shares': 251700.0, 'price': 1.349, 'value': 339543.3, 'profit_pct': 13.630046176420556}}",0.002172187313879137,1.2582820040414666,-35.45531633753593
2025-03-11,61.30404146661749,1261514.7,1261576.0040414666,"{'512170': {'shares': 919800.0, 'price': 0.35, 'value': 321930.0, 'profit_pct': 2.2369443422074995}, '159995': {'shares': 439800.0, 'price': 0.673, 'value': 295985.4, 'profit_pct': 13.37734777869687}, '159928': {'shares': 370800.0, 'price': 0.82, 'value': 304056.0, 'profit_pct': 2.7830387930764307}, '515030': {'shares': 251700.0, 'price': 1.349, 'value': 339543.3, 'profit_pct': 13.630046176420556}}",0.00261785513058288,1.2615760040414665,-35.286347706258304
2025-03-12,61.30404146661749,1252095.0,1252156.3040414667,"{'512170': {'shares': 919800.0, 'price': 0.346, 'value': 318250.8, 'profit_pct': 1.0685221211536986}, '159995': {'shares': 439800.0, 'price': 0.671, 'value': 295105.80000000005, 'profit_pct': 13.040416581731948}, '159928': {'shares': 370800.0, 'price': 0.813, 'value': 301460.39999999997, 'profit_pct': 1.905622608257485}, '515030': {'shares': 251700.0, 'price': 1.34, 'value': 337278.0, 'profit_pct': 12.871950983249485}}",-0.0074666131646637934,1.2521563040414667,-35.76953951440823
2025-03-13,61.30404146661749,1235638.2000000002,1235699.5040414669,"{'512170': {'shares': 919800.0, 'price': 0.343, 'value': 315491.4, 'profit_pct': 0.19220545536336398}, '159995': {'shares': 439800.0, 'price': 0.651, 'value': 286309.8, 'profit_pct': 9.671104612082706}, '159928': {'shares': 370800.0, 'price': 0.812, 'value': 301089.60000000003, 'profit_pct': 1.7802774389976492}, '515030': {'shares': 251700.0, 'price': 1.322, 'value': 332747.4, 'profit_pct': 11.355760596907327}}",-0.013142768156725881,1.235699504041467,-36.61370556517011
2025-03-14,61.30404146661749,1270428.0,1270489.3040414667,"{'512170': {'shares': 919800.0, 'price': 0.352, 'value': 323769.6, 'profit_pct': 2.8211554527344003}, '159995': {'shares': 439800.0, 'price': 0.664, 'value': 292027.2, 'profit_pct': 11.861157392354714}, '159928': {'shares': 370800.0, 'price': 0.845, 'value': 313326.0, 'profit_pct': 5.916668024572667}, '515030': {'shares': 251700.0, 'price': 1.356, 'value': 341305.2, 'profit_pct': 14.219675771109182}}",0.028153932154392436,1.2704893040414666,-34.829132132133566
2025-03-17,61.30404146661749,1265854.5,1265915.8040414667,"{'512170': {'shares': 919800.0, 'price': 0.351, 'value': 322849.8, 'profit_pct': 2.5290498974709497}, '159995': {'shares': 439800.0, 'price': 0.66, 'value': 290268.0, 'profit_pct': 11.187294998424866}, '159928': {'shares': 370800.0, 'price': 0.846, 'value': 313696.8, 'profit_pct': 6.042013193832516}, '515030': {'shares': 251700.0, 'price': 1.347, 'value': 339039.89999999997, 'profit_pct': 13.461580577938095}}",-0.0035997941780788745,1.2659158040414666,-35.063733842864664
2025-03-18,61.30404146661749,1270600.5,1270661.8040414667,"{'512170': {'shares': 919800.0, 'price': 0.357, 'value': 328368.6, 'profit_pct': 4.2816832290516516}, '159995': {'shares': 439800.0, 'price': 0.663, 'value': 291587.4, 'profit_pct': 11.692691793872251}, '159928': {'shares': 370800.0, 'price': 0.839, 'value': 311101.2, 'profit_pct': 5.16459700901357}, '515030': {'shares': 251700.0, 'price': 1.349, 'value': 339543.3, 'profit_pct': 13.630046176420556}}",0.003749064499272592,1.2706618040414668,-34.82028359269963
2025-03-19,61.30404146661749,1264962.2999999998,1265023.6040414665,"{'512170': {'shares': 919800.0, 'price': 0.355, 'value': 326529.0, 'profit_pct': 3.697472118524751}, '159995': {'shares': 439800.0, 'price': 0.654, 'value': 287629.2, 'profit_pct': 10.176501407530093}, '159928': {'shares': 370800.0, 'price': 0.834, 'value': 309247.2, 'profit_pct': 4.537871162714323}, '515030': {'shares': 251700.0, 'price': 1.357, 'value': 341556.9, 'profit_pct': 14.303908570350405}}",-0.004437215301559605,1.2650236040414664,-35.10950002769342
2025-03-20,61.30404146661749,1252002.9000000001,1252064.2040414668,"{'512170': {'shares': 919800.0, 'price': 0.35, 'value': 321930.0, 'profit_pct': 2.2369443422074995}, '159995': {'shares': 439800.0, 'price': 0.648, 'value': 284990.4, 'profit_pct': 9.16570781663532}, '159928': {'shares': 370800.0, 'price': 0.824, 'value': 305539.2, 'profit_pct': 3.2844194701158282}, '515030': {'shares': 251700.0, 'price': 1.349, 'value': 339543.3, 'profit_pct': 13.630046176420556}}",-0.010244393826800757,1.252064204041467,-35.774263865027734
2025-03-21,61.30404146661749,1224367.2,1224428.5040414666,"{'512170': {'shares': 919800.0, 'price': 0.343, 'value': 315491.4, 'profit_pct': 0.19220545536336398}, '159995': {'shares': 439800.0, 'price': 0.632, 'value': 277953.6, 'profit_pct': 6.470258240915928}, '159928': {'shares': 370800.0, 'price': 0.815, 'value': 302202.0, 'profit_pct': 2.156312946777184}, '515030': {'shares': 251700.0, 'price': 1.306, 'value': 328720.2, 'profit_pct': 10.008035809047632}}",-0.022072110927535915,1.2244285040414666,-37.1918614374015
2025-03-24,61.30404146661749,1224667.5,1224728.8040414667,"{'512170': {'shares': 919800.0, 'price': 0.34, 'value': 312732.0, 'profit_pct': -0.6841112104269869}, '159995': {'shares': 439800.0, 'price': 0.637, 'value': 280152.6, 'profit_pct': 7.312586233328239}, '159928': {'shares': 370800.0, 'price': 0.818, 'value': 303314.39999999997, 'profit_pct': 2.532348454556732}, '515030': {'shares': 251700.0, 'price': 1.305, 'value': 328468.5, 'profit_pct': 9.923803009806392}}",0.0002452572763611549,1.2247288040414668,-37.17645728440433
2025-03-25,61.30404146661749,1219120.2000000002,1219181.5040414669,"{'512170': {'shares': 919800.0, 'price': 0.341, 'value': 313651.80000000005, 'profit_pct': -0.3920056551635366}, '159995': {'shares': 439800.0, 'price': 0.626, 'value': 275314.8, 'profit_pct': 5.459464650021156}, '159928': {'shares': 370800.0, 'price': 0.817, 'value': 302943.6, 'profit_pct': 2.4070032852968826}, '515030': {'shares': 251700.0, 'price': 1.3, 'value': 327210.0, 'profit_pct': 9.502639013600245}}",-0.004529410904434039,1.2191815040414669,-37.46101092383552
2025-03-26,61.30404146661749,1219055.7,1219117.0040414666,"{'512170': {'shares': 919800.0, 'price': 0.34, 'value': 312732.0, 'profit_pct': -0.6841112104269869}, '159995': {'shares': 439800.0, 'price': 0.624, 'value': 274435.2, 'profit_pct': 5.122533453056231}, '159928': {'shares': 370800.0, 'price': 0.821, 'value': 304426.8, 'profit_pct': 2.90838396233628}, '515030': {'shares': 251700.0, 'price': 1.301, 'value': 327461.7, 'profit_pct': 9.586871812841467}}",-5.290434589633186e-05,1.2191170040414667,-37.464319508145614
2025-03-27,61.30404146661749,1227537.5999999999,1227598.9040414665,"{'512170': {'shares': 919800.0, 'price': 0.344, 'value': 316411.19999999995, 'profit_pct': 0.484311010626798}, '159995': {'shares': 439800.0, 'price': 0.627, 'value': 275754.6, 'profit_pct': 5.627930248503618}, '159928': {'shares': 370800.0, 'price': 0.827, 'value': 306651.6, 'profit_pct': 3.6604549778953768}, '515030': {'shares': 251700.0, 'price': 1.306, 'value': 328720.2, 'profit_pct': 10.008035809047632}}",0.006957412596068968,1.2275989040414665,-37.02923297698785
2025-03-28,61.30404146661749,1215511.2000000002,1215572.5040414669,"{'512170': {'shares': 919800.0, 'price': 0.341, 'value': 313651.80000000005, 'profit_pct': -0.3920056551635366}, '159995': {'shares': 439800.0, 'price': 0.619, 'value': 272236.2, 'profit_pct': 4.280205460643921}, '159928': {'shares': 370800.0, 'price': 0.821, 'value': 304426.8, 'profit_pct': 2.90838396233628}, '515030': {'shares': 251700.0, 'price': 1.292, 'value': 325196.4, 'profit_pct': 8.828776619670396}}",-0.009796685187976828,1.2155725040414669,-37.64613775755773
2025-03-31,232.26368876703782,1198370.4,1198602.663688767,"{'512010': {'shares': 827700.0, 'price': 0.362, 'value': 299627.39999999997, 'profit_pct': -0.09990009990009259}, '512660': {'shares': 293400.0, 'price': 1.021, 'value': 299561.39999999997, 'profit_pct': -0.09990009990009391}, '512670': {'shares': 428600.0, 'price': 0.699, 'value': 299591.39999999997, 'profit_pct': -0.09990009990008479}, '512400': {'shares': 282100.0, 'price': 1.062, 'value': 299590.2, 'profit_pct': -0.09990009990009016}}",-0.013960368712092053,1.198602663688767,-38.51662066508521
2025-04-01,232.26368876703782,1219685.7,1219917.963688767,"{'512010': {'shares': 827700.0, 'price': 0.374, 'value': 309559.8, 'profit_pct': 3.2117054216501835}, '512660': {'shares': 293400.0, 'price': 1.035, 'value': 303669.0, 'profit_pct': 1.2699347665067622}, '512670': {'shares': 428600.0, 'price': 0.714, 'value': 306020.39999999997, 'profit_pct': 2.0438788679132203}, '512400': {'shares': 282100.0, 'price': 1.065, 'value': 300436.5, 'profit_pct': 0.18230357213408016}}",0.017783457892877497,1.2199179636887671,-37.42323357757093
2025-04-02,232.26368876703782,1203780.1,1204012.3636887672,"{'512010': {'shares': 827700.0, 'price': 0.369, 'value': 305421.3, 'profit_pct': 1.831869787670902}, '512660': {'shares': 293400.0, 'price': 1.023, 'value': 300148.19999999995, 'profit_pct': 0.09579059530088553}, '512670': {'shares': 428600.0, 'price': 0.702, 'value': 300877.19999999995, 'profit_pct': 0.3288556936625762}, '512400': {'shares': 282100.0, 'price': 1.054, 'value': 297333.4, 'profit_pct': -0.8524432253245722}}",-0.01303825377888923,1.2040123636887672,-38.239125338848844
2025-04-03,232.26368876703782,1193760.2,1193992.463688767,"{'512010': {'shares': 827700.0, 'price': 0.366, 'value': 302938.2, 'profit_pct': 1.0039684072833328}, '512660': {'shares': 293400.0, 'price': 1.02, 'value': 299268.0, 'profit_pct': -0.19774544750057274}, '512670': {'shares': 428600.0, 'price': 0.697, 'value': 298734.19999999995, 'profit_pct': -0.38573729560852543}, '512400': {'shares': 282100.0, 'price': 1.038, 'value': 292819.8, 'profit_pct': -2.357529476173536}}",-0.008322090621479927,1.193992463688767,-38.7531049346408
2025-04-07,808665.2759042971,283073.4,1091738.6759042973,"{'512010': {'shares': 827700.0, 'price': 0.342, 'value': 283073.4, 'profit_pct': -5.619242635817204}}",-0.08564022880727651,1.0917386759042973,-43.998303041773426
2025-04-08,808665.2759042971,284728.8,1093394.0759042972,"{'512010': {'shares': 827700.0, 'price': 0.344, 'value': 284728.8, 'profit_pct': -5.067308382225507}}",0.001516296927585481,1.0933940759042973,-43.913387840736085
2025-04-09,808665.2759042971,283901.10000000003,1092566.3759042972,"{'512010': {'shares': 827700.0, 'price': 0.343, 'value': 283901.10000000003, 'profit_pct': -5.343275509021348}}",-0.0007570006260692042,1.0925663759042972,-43.95584544125475
2025-04-10,808665.2759042971,288039.6,1096704.875904297,"{'512010': {'shares': 827700.0, 'price': 0.348, 'value': 288039.6, 'profit_pct': -3.9634398750420816}}",0.0037878705507246035,1.096704875904297,-43.743557438661426
2025-04-11,808665.2759042971,288867.3,1097532.5759042972,"{'512010': {'shares': 827700.0, 'price': 0.349, 'value': 288867.3, 'profit_pct': -3.6874727482462255}}",0.0007547153461113787,1.097532575904297,-43.701099838142746
2025-04-14,808665.2759042971,289695.0,1098360.2759042971,"{'512010': {'shares': 827700.0, 'price': 0.35, 'value': 289695.0, 'profit_pct': -3.411505621450369}}",0.0007541461804156935,1.0983602759042972,-43.65864223762408
2025-04-15,808665.2759042971,287211.89999999997,1095877.175904297,"{'512010': {'shares': 827700.0, 'price': 0.347, 'value': 287211.89999999997, 'profit_pct': -4.239407001837938}}",-0.0022607336176244663,1.0958771759042971,-43.78601503918009
2025-04-16,808665.2759042971,288039.6,1096704.875904297,"{'512010': {'shares': 827700.0, 'price': 0.348, 'value': 288039.6, 'profit_pct': -3.9634398750420816}}",0.0007552853715717678,1.096704875904297,-43.743557438661426
2025-04-17,808665.2759042971,288039.6,1096704.875904297,"{'512010': {'shares': 827700.0, 'price': 0.348, 'value': 288039.6, 'profit_pct': -3.9634398750420816}}",0.0,1.096704875904297,-43.743557438661426
2025-04-18,808665.2759042971,287211.89999999997,1095877.175904297,"{'512010': {'shares': 827700.0, 'price': 0.347, 'value': 287211.89999999997, 'profit_pct': -4.239407001837938}}",-0.0007547153461111566,1.0958771759042971,-43.78601503918009
2025-04-21,808665.2759042971,288039.6,1096704.875904297,"{'512010': {'shares': 827700.0, 'price': 0.348, 'value': 288039.6, 'profit_pct': -3.9634398750420816}}",0.0007552853715717678,1.096704875904297,-43.743557438661426
2025-04-22,808665.2759042971,291350.39999999997,1100015.675904297,"{'512010': {'shares': 827700.0, 'price': 0.352, 'value': 291350.39999999997, 'profit_pct': -2.859571367858656}}",0.0030188613844450707,1.100015675904297,-43.57372703658675
2025-04-23,808665.2759042971,290522.69999999995,1099187.975904297,"{'512010': {'shares': 827700.0, 'price': 0.351, 'value': 290522.69999999995, 'profit_pct': -3.135538494654513}}",-0.0007524438225114949,1.099187975904297,-43.61618463710541
2025-04-24,808665.2759042971,291350.39999999997,1100015.675904297,"{'512010': {'shares': 827700.0, 'price': 0.352, 'value': 291350.39999999997, 'profit_pct': -2.859571367858656}}",0.0007530104205506483,1.100015675904297,-43.57372703658675
2025-04-25,808665.2759042971,290522.69999999995,1099187.975904297,"{'512010': {'shares': 827700.0, 'price': 0.351, 'value': 290522.69999999995, 'profit_pct': -3.135538494654513}}",-0.0007524438225114949,1.099187975904297,-43.61618463710541
2025-04-28,808665.2759042971,288867.3,1097532.5759042972,"{'512010': {'shares': 827700.0, 'price': 0.349, 'value': 288867.3, 'profit_pct': -3.6874727482462255}}",-0.0015060208411014075,1.097532575904297,-43.701099838142746
2025-04-29,808665.2759042971,289695.0,1098360.2759042971,"{'512010': {'shares': 827700.0, 'price': 0.35, 'value': 289695.0, 'profit_pct': -3.411505621450369}}",0.0007541461804156935,1.0983602759042972,-43.65864223762408
2025-04-30,42.5892525172967,1100578.4000000001,1100620.9892525175,"{'512690': {'shares': 460800.0, 'price': 0.595, 'value': 274176.0, 'profit_pct': -0.09990009990008333}, '512010': {'shares': 827700.0, 'price': 0.354, 'value': 293005.8, 'profit_pct': -2.307637114266943}, '512660': {'shares': 274700.0, 'price': 0.998, 'value': 274150.6, 'profit_pct': -0.09990009990009424}, '512670': {'shares': 383500.0, 'price': 0.676, 'value': 259246.00000000003, 'profit_pct': -0.09990009990008496}}",0.002058262118373788,1.1006209892525174,-43.54267695524404
2025-05-06,42.5892525172967,1112596.8,1112639.3892525174,"{'512690': {'shares': 460800.0, 'price': 0.597, 'value': 275097.6, 'profit_pct': 0.23589855522630326}, '512010': {'shares': 827700.0, 'price': 0.357, 'value': 295488.89999999997, 'profit_pct': -1.4797357338793744}, '512660': {'shares': 274700.0, 'price': 1.014, 'value': 278545.8, 'profit_pct': 1.501704708117541}, '512670': {'shares': 383500.0, 'price': 0.687, 'value': 263464.5, 'profit_pct': 1.5256932416695896}}",0.010919653647675887,1.1126393892525173,-42.92618254172036
2025-05-07,42.5892525172967,1133653.2999999998,1133695.8892525171,"{'512690': {'shares': 460800.0, 'price': 0.599, 'value': 276019.2, 'profit_pct': 0.5716972103526898}, '512010': {'shares': 827700.0, 'price': 0.357, 'value': 295488.89999999997, 'profit_pct': -1.4797357338793744}, '512660': {'shares': 274700.0, 'price': 1.051, 'value': 288709.69999999995, 'profit_pct': 5.205415826658311}, '512670': {'shares': 383500.0, 'price': 0.713, 'value': 273435.5, 'profit_pct': 5.368004776288804}}",0.01892481985034311,1.133695889252517,-41.84607082815104
2025-05-08,42.5892525172967,1148474.4,1148516.9892525172,"{'512690': {'shares': 460800.0, 'price': 0.602, 'value': 277401.6, 'profit_pct': 1.0753951930422696}, '512010': {'shares': 827700.0, 'price': 0.357, 'value': 295488.89999999997, 'profit_pct': -1.4797357338793744}, '512660': {'shares': 274700.0, 'price': 1.072, 'value': 294478.4, 'profit_pct': 7.3075221371814685}, '512670': {'shares': 383500.0, 'price': 0.733, 'value': 281105.5, 'profit_pct': 8.323629033688212}}",0.013073259011084692,1.1485169892525173,-41.085809449575194
2025-05-09,42.5892525172967,1135225.4,1135267.9892525172,"{'512690': {'shares': 460800.0, 'price': 0.603, 'value': 277862.39999999997, 'profit_pct': 1.243294520605463}, '512010': {'shares': 827700.0, 'price': 0.358, 'value': 296316.6, 'profit_pct': -1.203768607083518}, '512660': {'shares': 274700.0, 'price': 1.047, 'value': 287610.89999999997, 'profit_pct': 4.805014624653903}, '512670': {'shares': 383500.0, 'price': 0.713, 'value': 273435.5, 'profit_pct': 5.368004776288804}}",-0.011535745769527317,1.1352679892525173,-41.765428573982376
2025-05-12,42.5892525172967,1162585.5999999999,1162628.1892525172,"{'512690': {'shares': 460800.0, 'price': 0.605, 'value': 278784.0, 'profit_pct': 1.5790931757318498}, '512010': {'shares': 827700.0, 'price': 0.357, 'value': 295488.89999999997, 'profit_pct': -1.4797357338793744}, '512660': {'shares': 274700.0, 'price': 1.096, 'value': 301071.2, 'profit_pct': 9.709929349207922}, '512670': {'shares': 383500.0, 'price': 0.749, 'value': 287241.5, 'profit_pct': 10.68812843960774}}",0.024100212689000866,1.1626281892525172,-40.361963016762544
2025-05-13,42.5892525172967,1146722.2999999998,1146764.8892525171,"{'512690': {'shares': 460800.0, 'price': 0.604, 'value': 278323.2, 'profit_pct': 1.4111938481686563}, '512010': {'shares': 827700.0, 'price': 0.36, 'value': 297972.0, 'profit_pct': -0.6518343534918053}, '512660': {'shares': 274700.0, 'price': 1.063, 'value': 292006.1, 'profit_pct': 6.406619432671537}, '512670': {'shares': 383500.0, 'price': 0.726, 'value': 278421.0, 'profit_pct': 7.2891605435984195}}",-0.013644344896022953,1.146764889252517,-41.17568496228361
2025-05-14,42.5892525172967,1149403.4,1149445.9892525172,"{'512690': {'shares': 460800.0, 'price': 0.613, 'value': 282470.4, 'profit_pct': 2.922287796237396}, '512010': {'shares': 827700.0, 'price': 0.363, 'value': 300455.1, 'profit_pct': 0.17606702689576376}, '512660': {'shares': 274700.0, 'price': 1.057, 'value': 290357.89999999997, 'profit_pct': 5.806017629664924}, '512670': {'shares': 383500.0, 'price': 0.72, 'value': 276120.0, 'profit_pct': 6.402473266378597}}",0.0023379683360795767,1.1494459892525173,-41.03815557633387
2025-05-15,42.5892525172967,1135698.2999999998,1135740.8892525171,"{'512690': {'shares': 460800.0, 'price': 0.606, 'value': 279244.8, 'profit_pct': 1.7469925032950429}, '512010': {'shares': 827700.0, 'price': 0.363, 'value': 300455.1, 'profit_pct': 0.17606702689576376}, '512660': {'shares': 274700.0, 'price': 1.037, 'value': 284863.89999999997, 'profit_pct': 3.80401161964288}, '512670': {'shares': 383500.0, 'price': 0.707, 'value': 271134.5, 'profit_pct': 4.4813174990689815}}",-0.011923222255020849,1.1357408892525171,-41.741170751963196
2025-05-16,42.5892525172967,1132363.9000000001,1132406.4892525175,"{'512690': {'shares': 460800.0, 'price': 0.599, 'value': 276019.2, 'profit_pct': 0.5716972103526898}, '512010': {'shares': 827700.0, 'price': 0.363, 'value': 300455.1, 'profit_pct': 0.17606702689576376}, '512660': {'shares': 274700.0, 'price': 1.038, 'value': 285138.60000000003, 'profit_pct': 3.904111920143994}, '512670': {'shares': 383500.0, 'price': 0.706, 'value': 270751.0, 'profit_pct': 4.333536286199011}}",-0.0029358809139945485,1.1324064892525174,-41.912211736824176
2025-05-19,42.5892525172967,1135062.0999999999,1135104.6892525172,"{'512690': {'shares': 460800.0, 'price': 0.592, 'value': 272793.6, 'profit_pct': -0.6035980825896632}, '512010': {'shares': 827700.0, 'price': 0.363, 'value': 300455.1, 'profit_pct': 0.17606702689576376}, '512660': {'shares': 274700.0, 'price': 1.047, 'value': 287610.89999999997, 'profit_pct': 4.805014624653903}, '512670': {'shares': 383500.0, 'price': 0.715, 'value': 274202.5, 'profit_pct': 5.663567202028744}}",0.002382713297396144,1.1351046892525172,-41.77380519131317
2025-05-20,42.5892525172967,1137194.5,1137237.0892525173,"{'512690': {'shares': 460800.0, 'price': 0.593, 'value': 273254.39999999997, 'profit_pct': -0.4356987550264699}, '512010': {'shares': 827700.0, 'price': 0.368, 'value': 304593.6, 'profit_pct': 1.5559026608750455}, '512660': {'shares': 274700.0, 'price': 1.045, 'value': 287061.5, 'profit_pct': 4.604814023651698}, '512670': {'shares': 383500.0, 'price': 0.71, 'value': 272285.0, 'profit_pct': 4.924661137678892}}",0.001878593243592741,1.1372370892525174,-41.66442185514546
2025-05-21,42.5892525172967,1141563.6,1141606.1892525174,"{'512690': {'shares': 460800.0, 'price': 0.594, 'value': 273715.2, 'profit_pct': -0.2677994274632766}, '512010': {'shares': 827700.0, 'price': 0.371, 'value': 307076.7, 'profit_pct': 2.3838040412626147}, '512660': {'shares': 274700.0, 'price': 1.046, 'value': 287336.2, 'profit_pct': 4.704914324152811}, '512670': {'shares': 383500.0, 'price': 0.713, 'value': 273435.5, 'profit_pct': 5.368004776288804}}",0.0038418550021717124,1.1416061892525173,-41.44030502244507
2025-05-22,42.5892525172967,1135727.1,1135769.6892525174,"{'512690': {'shares': 460800.0, 'price': 0.591, 'value': 272332.8, 'profit_pct': -0.7714974101528566}, '512010': {'shares': 827700.0, 'price': 0.369, 'value': 305421.3, 'profit_pct': 1.831869787670902}, '512660': {'shares': 274700.0, 'price': 1.04, 'value': 285688.0, 'profit_pct': 4.104312521146198}, '512670': {'shares': 383500.0, 'price': 0.71, 'value': 272285.0, 'profit_pct': 4.924661137678892}}",-0.005112533599543223,1.1357696892525173,-41.73969343059682
2025-05-23,42.5892525172967,1128621.9,1128664.4892525172,"{'512690': {'shares': 460800.0, 'price': 0.587, 'value': 270489.6, 'profit_pct': -1.4430947204056297}, '512010': {'shares': 827700.0, 'price': 0.37, 'value': 306249.0, 'profit_pct': 2.107836914466758}, '512660': {'shares': 274700.0, 'price': 1.029, 'value': 282666.3, 'profit_pct': 3.0032092156340626}, '512670': {'shares': 383500.0, 'price': 0.702, 'value': 269217.0, 'profit_pct': 3.7424114347191293}}",-0.0062558457645373045,1.1286644892525173,-42.10416092268967
2025-05-26,42.5892525172967,1127227.4,1127269.9892525172,"{'512690': {'shares': 460800.0, 'price': 0.582, 'value': 268185.6, 'profit_pct': -2.2825913582215964}, '512010': {'shares': 827700.0, 'price': 0.365, 'value': 302110.5, 'profit_pct': 0.7280012804874765}, '512660': {'shares': 274700.0, 'price': 1.039, 'value': 285413.3, 'profit_pct': 4.004212220645085}, '512670': {'shares': 383500.0, 'price': 0.708, 'value': 271518.0, 'profit_pct': 4.629098711938952}}",-0.0012355310309475342,1.1272699892525173,-42.17569302843243
2025-05-27,42.5892525172967,1127171.6,1127214.1892525174,"{'512690': {'shares': 460800.0, 'price': 0.584, 'value': 269107.2, 'profit_pct': -1.9467927030952095}, '512010': {'shares': 827700.0, 'price': 0.367, 'value': 303765.89999999997, 'profit_pct': 1.2799355340791891}, '512660': {'shares': 274700.0, 'price': 1.035, 'value': 284314.5, 'profit_pct': 3.6038110186406764}, '512670': {'shares': 383500.0, 'price': 0.704, 'value': 269984.0, 'profit_pct': 4.03797386045907}}",-4.9500120230083766e-05,1.1272141892525174,-42.17855533857975
2025-05-28,42.5892525172967,1124164.2,1124206.7892525173,"{'512690': {'shares': 460800.0, 'price': 0.587, 'value': 270489.6, 'profit_pct': -1.4430947204056297}, '512010': {'shares': 827700.0, 'price': 0.367, 'value': 303765.89999999997, 'profit_pct': 1.2799355340791891}, '512660': {'shares': 274700.0, 'price': 1.026, 'value': 281842.2, 'profit_pct': 2.7029083141307675}, '512670': {'shares': 383500.0, 'price': 0.699, 'value': 268066.5, 'profit_pct': 3.299067796109218}}",-0.0026679933846418535,1.1242067892525174,-42.332822570426856
2025-05-29,42.5892525172967,1138750.7,1138793.2892525173,"{'512690': {'shares': 460800.0, 'price': 0.588, 'value': 270950.39999999997, 'profit_pct': -1.2751953928424364}, '512010': {'shares': 827700.0, 'price': 0.372, 'value': 307904.4, 'profit_pct': 2.659771168058471}, '512660': {'shares': 274700.0, 'price': 1.047, 'value': 287610.89999999997, 'profit_pct': 4.805014624653903}, '512670': {'shares': 383500.0, 'price': 0.71, 'value': 272285.0, 'profit_pct': 4.924661137678892}}",0.012974926089619698,1.1387932892525172,-41.58459520548116
2025-05-30,14.572332677256782,1137494.3,1137508.8723326772,"{'512010': {'shares': 827700.0, 'price': 0.373, 'value': 308732.1, 'profit_pct': 2.9357382948543274}, '512170': {'shares': 814200.0, 'price': 0.328, 'value': 267057.60000000003, 'profit_pct': -0.09990009990008147}, '512660': {'shares': 274700.0, 'price': 1.048, 'value': 287885.60000000003, 'profit_pct': 4.905114925155016}, '512670': {'shares': 383500.0, 'price': 0.714, 'value': 273819.0, 'profit_pct': 5.515785989158775}}",-0.0011278753852537182,1.1375088723326772,-41.65048050266853
2025-06-03,14.572332677256782,1144324.0,1144338.5723326772,"{'512010': {'shares': 827700.0, 'price': 0.375, 'value': 310387.5, 'profit_pct': 3.48767254844604}, '512170': {'shares': 814200.0, 'price': 0.332, 'value': 270314.4, 'profit_pct': 1.1183938013206502}, '512660': {'shares': 274700.0, 'price': 1.048, 'value': 287885.60000000003, 'profit_pct': 4.905114925155016}, '512670': {'shares': 383500.0, 'price': 0.719, 'value': 275736.5, 'profit_pct': 6.2546920535086254}}",0.006004085037151663,1.144338572332677,-41.300145025729606
2025-06-04,14.572332677256782,1148221.5,1148236.0723326772,"{'512010': {'shares': 827700.0, 'price': 0.379, 'value': 313698.3, 'profit_pct': 4.591541055629465}, '512170': {'shares': 814200.0, 'price': 0.334, 'value': 271942.8, 'profit_pct': 1.727540751931016}, '512660': {'shares': 274700.0, 'price': 1.047, 'value': 287610.89999999997, 'profit_pct': 4.805014624653903}, '512670': {'shares': 383500.0, 'price': 0.717, 'value': 274969.5, 'profit_pct': 5.959129627768686}}",0.003405897602538399,1.1482360723326772,-41.100219330403384
2025-06-05,14.572332677256782,1147064.7000000002,1147079.2723326774,"{'512010': {'shares': 827700.0, 'price': 0.376, 'value': 311215.2, 'profit_pct': 3.763639675241896}, '512170': {'shares': 814200.0, 'price': 0.333, 'value': 271128.60000000003, 'profit_pct': 1.4229672766258332}, '512660': {'shares': 274700.0, 'price': 1.052, 'value': 288984.4, 'profit_pct': 5.305516127159424}, '512670': {'shares': 383500.0, 'price': 0.719, 'value': 275736.5, 'profit_pct': 6.2546920535086254}}",-0.001007458333589617,1.1470792723326775,-41.15955840528558
2025-06-06,14.572332677256782,1139998.5,1140013.0723326772,"{'512010': {'shares': 827700.0, 'price': 0.373, 'value': 308732.1, 'profit_pct': 2.9357382948543274}, '512170': {'shares': 814200.0, 'price': 0.33, 'value': 268686.0, 'profit_pct': 0.5092468507102844}, '512660': {'shares': 274700.0, 'price': 1.047, 'value': 287610.89999999997, 'profit_pct': 4.805014624653903}, '512670': {'shares': 383500.0, 'price': 0.717, 'value': 274969.5, 'profit_pct': 5.959129627768686}}",-0.006160167104781289,1.1400130723326771,-41.522025358028145
2025-06-09,14.572332677256782,1157697.5,1157712.0723326772,"{'512010': {'shares': 827700.0, 'price': 0.378, 'value': 312870.6, 'profit_pct': 4.315573928833609}, '512170': {'shares': 814200.0, 'price': 0.335, 'value': 272757.0, 'profit_pct': 2.032114227236199}, '512660': {'shares': 274700.0, 'price': 1.062, 'value': 291731.4, 'profit_pct': 6.306519132170446}, '512670': {'shares': 383500.0, 'price': 0.731, 'value': 280338.5, 'profit_pct': 8.028066607948272}}",0.015525260568972854,1.1577120723326773,-40.614139564165754
2025-06-10,14.572332677256782,1147288.6,1147303.1723326773,"{'512010': {'shares': 827700.0, 'price': 0.379, 'value': 313698.3, 'profit_pct': 4.591541055629465}, '512170': {'shares': 814200.0, 'price': 0.334, 'value': 271942.8, 'profit_pct': 1.727540751931016}, '512660': {'shares': 274700.0, 'price': 1.045, 'value': 287061.5, 'profit_pct': 4.604814023651698}, '512670': {'shares': 383500.0, 'price': 0.716, 'value': 274586.0, 'profit_pct': 5.811348414898715}}",-0.008990922914906663,1.1473031723326772,-41.14807325757974
2025-06-11,14.572332677256782,1149093.7,1149108.2723326772,"{'512010': {'shares': 827700.0, 'price': 0.378, 'value': 312870.6, 'profit_pct': 4.315573928833609}, '512170': {'shares': 814200.0, 'price': 0.334, 'value': 271942.8, 'profit_pct': 1.727540751931016}, '512660': {'shares': 274700.0, 'price': 1.049, 'value': 288160.3, 'profit_pct': 5.005215225656107}, '512670': {'shares': 383500.0, 'price': 0.72, 'value': 276120.0, 'profit_pct': 6.402473266378597}}",0.001573341766614167,1.149108272332677,-41.05547906319017
2025-06-12,14.572332677256782,1151129.0,1151143.5723326772,"{'512010': {'shares': 827700.0, 'price': 0.383, 'value': 317009.10000000003, 'profit_pct': 5.69540956281289}, '512170': {'shares': 814200.0, 'price': 0.336, 'value': 273571.2, 'profit_pct': 2.3366877025413824}, '512660': {'shares': 274700.0, 'price': 1.041, 'value': 285962.69999999995, 'profit_pct': 4.204412821647289}, '512670': {'shares': 383500.0, 'price': 0.716, 'value': 274586.0, 'profit_pct': 5.811348414898715}}",0.0017711995022613447,1.1511435723326773,-40.951076557045866
2025-06-13,14.572332677256782,1151197.8,1151212.3723326772,"{'512010': {'shares': 827700.0, 'price': 0.377, 'value': 312042.9, 'profit_pct': 4.039606802037753}, '512170': {'shares': 814200.0, 'price': 0.331, 'value': 269500.2, 'profit_pct': 0.8138203260154674}, '512660': {'shares': 274700.0, 'price': 1.056, 'value': 290083.2, 'profit_pct': 5.705917329163833}, '512670': {'shares': 383500.0, 'price': 0.729, 'value': 279571.5, 'profit_pct': 7.73250418220833}}",5.9766654354476145e-05,1.1512123723326773,-40.947547400448435
2025-06-16,14.572332677256782,1146319.3,1146333.8723326772,"{'512010': {'shares': 827700.0, 'price': 0.374, 'value': 309559.8, 'profit_pct': 3.2117054216501835}, '512170': {'shares': 814200.0, 'price': 0.329, 'value': 267871.8, 'profit_pct': 0.20467337540510144}, '512660': {'shares': 274700.0, 'price': 1.056, 'value': 290083.2, 'profit_pct': 5.705917329163833}, '512670': {'shares': 383500.0, 'price': 0.727, 'value': 278804.5, 'profit_pct': 7.436941756468389}}",-0.004237706366997052,1.1463338723326773,-41.19779435481635
2025-06-17,14.572332677256782,1138622.3,1138636.8723326772,"{'512010': {'shares': 827700.0, 'price': 0.367, 'value': 303765.89999999997, 'profit_pct': 1.2799355340791891}, '512170': {'shares': 814200.0, 'price': 0.327, 'value': 266243.4, 'profit_pct': -0.4044735752052644}, '512660': {'shares': 274700.0, 'price': 1.055, 'value': 289808.5, 'profit_pct': 5.60581702866272}, '512670': {'shares': 383500.0, 'price': 0.727, 'value': 278804.5, 'profit_pct': 7.436941756468389}}",-0.006714448718450061,1.1386368723326772,-41.592618749152685
2025-06-18,14.572332677256782,1137981.2000000002,1137995.7723326774,"{'512010': {'shares': 827700.0, 'price': 0.365, 'value': 302110.5, 'profit_pct': 0.7280012804874765}, '512170': {'shares': 814200.0, 'price': 0.324, 'value': 263800.8, 'profit_pct': -1.3181940011208133}, '512660': {'shares': 274700.0, 'price': 1.062, 'value': 291731.4, 'profit_pct': 6.306519132170446}, '512670': {'shares': 383500.0, 'price': 0.731, 'value': 280338.5, 'profit_pct': 8.028066607948272}}",-0.0005630416646235092,1.1379957723326775,-41.62550453831847
2025-06-19,14.572332677256782,1122908.7,1122923.2723326772,"{'512010': {'shares': 827700.0, 'price': 0.361, 'value': 298799.7, 'profit_pct': -0.37586722669594896}, '512170': {'shares': 814200.0, 'price': 0.32, 'value': 260544.0, 'profit_pct': -2.536487902341545}, '512660': {'shares': 274700.0, 'price': 1.045, 'value': 287061.5, 'profit_pct': 4.604814023651698}, '512670': {'shares': 383500.0, 'price': 0.721, 'value': 276503.5, 'profit_pct': 6.550254479248567}}",-0.01324477679658198,1.1229232723326772,-42.39866170132153
2025-06-20,14.572332677256782,1116893.2,1116907.7723326772,"{'512010': {'shares': 827700.0, 'price': 0.363, 'value': 300455.1, 'profit_pct': 0.17606702689576376}, '512170': {'shares': 814200.0, 'price': 0.319, 'value': 259729.80000000002, 'profit_pct': -2.841061377646728}, '512660': {'shares': 274700.0, 'price': 1.034, 'value': 284039.8, 'profit_pct': 3.5037107181395846}, '512670': {'shares': 383500.0, 'price': 0.711, 'value': 272668.5, 'profit_pct': 5.0724423505488625}}",-0.005357000026817382,1.1169077723326772,-42.707232072132264
2025-06-23,14.572332677256782,1126643.0,1126657.5723326772,"{'512010': {'shares': 827700.0, 'price': 0.363, 'value': 300455.1, 'profit_pct': 0.17606702689576376}, '512170': {'shares': 814200.0, 'price': 0.321, 'value': 261358.2, 'profit_pct': -2.231914427036362}, '512660': {'shares': 274700.0, 'price': 1.051, 'value': 288709.69999999995, 'profit_pct': 5.205415826658311}, '512670': {'shares': 383500.0, 'price': 0.72, 'value': 276120.0, 'profit_pct': 6.402473266378597}}",0.008729279392189593,1.1266575723326773,-42.20710749373803
2025-06-24,14.572332677256782,1133923.2,1133937.7723326772,"{'512010': {'shares': 827700.0, 'price': 0.365, 'value': 302110.5, 'profit_pct': 0.7280012804874765}, '512170': {'shares': 814200.0, 'price': 0.324, 'value': 263800.8, 'profit_pct': -1.3181940011208133}, '512660': {'shares': 274700.0, 'price': 1.057, 'value': 290357.89999999997, 'profit_pct': 5.806017629664924}, '512670': {'shares': 383500.0, 'price': 0.724, 'value': 277654.0, 'profit_pct': 6.993598117858478}}",0.006461768135039181,1.1339377723326771,-41.83366322250931
2025-06-25,14.572332677256782,1160952.1,1160966.6723326773,"{'512010': {'shares': 827700.0, 'price': 0.369, 'value': 305421.3, 'profit_pct': 1.831869787670902}, '512170': {'shares': 814200.0, 'price': 0.328, 'value': 267057.60000000003, 'profit_pct': -0.09990009990008147}, '512660': {'shares': 274700.0, 'price': 1.091, 'value': 299697.7, 'profit_pct': 9.209427846702399}, '512670': {'shares': 383500.0, 'price': 0.753, 'value': 288775.5, 'profit_pct': 11.27925329108762}}",0.023836316823980352,1.1609666723326773,-40.4471919905907
2025-06-26,14.572332677256782,1155259.4,1155273.972332677,"{'512010': {'shares': 827700.0, 'price': 0.366, 'value': 302938.2, 'profit_pct': 1.0039684072833328}, '512170': {'shares': 814200.0, 'price': 0.325, 'value': 264615.0, 'profit_pct': -1.0136205258156303}, '512660': {'shares': 274700.0, 'price': 1.091, 'value': 299697.7, 'profit_pct': 9.209427846702399}, '512670': {'shares': 383500.0, 'price': 0.751, 'value': 288008.5, 'profit_pct': 10.983690865347679}}",-0.004903413797884615,1.155273972332677,-40.739204051086816
2025-06-27,14.572332677256782,1160128.0,1160142.5723326772,"{'512010': {'shares': 827700.0, 'price': 0.365, 'value': 302110.5, 'profit_pct': 0.7280012804874765}, '512170': {'shares': 814200.0, 'price': 0.326, 'value': 265429.2, 'profit_pct': -0.7090470505104474}, '512660': {'shares': 274700.0, 'price': 1.099, 'value': 301895.3, 'profit_pct': 10.010230250711217}, '512670': {'shares': 383500.0, 'price': 0.758, 'value': 290693.0, 'profit_pct': 12.018159355437472}}",0.004214238454770758,1.1601425723326773,-40.48946492593859
2025-06-30,29.2859242974082,1192551.8,1192581.0859242976,"{'512660': {'shares': 274700.0, 'price': 1.147, 'value': 315080.9, 'profit_pct': 14.815044674764122}, '512670': {'shares': 383500.0, 'price': 0.795, 'value': 304882.5, 'profit_pct': 17.48606423162638}, '512880': {'shares': 256200.0, 'price': 1.136, 'value': 291043.19999999995, 'profit_pct': -0.09990009990008268}, '515050': {'shares': 716400.0, 'price': 0.393, 'value': 281545.2, 'profit_pct': -0.09990009990009398}}",0.02796079927176276,1.1925810859242976,-38.82550280017756
2025-07-01,29.2859242974082,1189098.2,1189127.4859242975,"{'512660': {'shares': 274700.0, 'price': 1.143, 'value': 313982.1, 'profit_pct': 14.414643472759714}, '512670': {'shares': 383500.0, 'price': 0.791, 'value': 303348.5, 'profit_pct': 16.894939380146496}, '512880': {'shares': 256200.0, 'price': 1.13, 'value': 289506.0, 'profit_pct': -0.6275414726118785}, '515050': {'shares': 716400.0, 'price': 0.394, 'value': 282261.60000000003, 'profit_pct': 0.1542986275810765}}",-0.002895903717375692,1.1891274859242975,-39.00265825402711
2025-07-02,29.2859242974082,1167175.9,1167205.1859242972,"{'512660': {'shares': 274700.0, 'price': 1.12, 'value': 307664.00000000006, 'profit_pct': 12.112336561234374}, '512670': {'shares': 383500.0, 'price': 0.773, 'value': 296445.5, 'profit_pct': 14.23487754848703}, '512880': {'shares': 256200.0, 'price': 1.124, 'value': 287968.80000000005, 'profit_pct': -1.155182845323655}, '515050': {'shares': 716400.0, 'price': 0.384, 'value': 275097.6, 'profit_pct': -2.387688647230628}}",-0.018435617929527748,1.1672051859242971,-40.12718194117271
2025-07-03,29.2859242974082,1178997.8,1179027.0859242976,"{'512660': {'shares': 274700.0, 'price': 1.124, 'value': 308762.80000000005, 'profit_pct': 12.512737763238782}, '512670': {'shares': 383500.0, 'price': 0.772, 'value': 296062.0, 'profit_pct': 14.087096335617058}, '512880': {'shares': 256200.0, 'price': 1.131, 'value': 289762.2, 'profit_pct': -0.5396012438265695}, '515050': {'shares': 716400.0, 'price': 0.397, 'value': 284410.8, 'profit_pct': 0.916894810024588}}",0.010128382003922187,1.1790270859242975,-39.52076716822157
2025-07-04,29.2859242974082,1173833.4,1173862.6859242972,"{'512660': {'shares': 274700.0, 'price': 1.116, 'value': 306565.2, 'profit_pct': 11.711935359229965}, '512670': {'shares': 383500.0, 'price': 0.768, 'value': 294528.0, 'profit_pct': 13.495971484137176}, '512880': {'shares': 256200.0, 'price': 1.131, 'value': 289762.2, 'profit_pct': -0.5396012438265695}, '515050': {'shares': 716400.0, 'price': 0.395, 'value': 282978.0, 'profit_pct': 0.4084973550622469}}",-0.004380221677394047,1.173862685924297,-39.78567961490349
2025-07-07,29.2859242974082,1170724.1,1170753.3859242974,"{'512660': {'shares': 274700.0, 'price': 1.118, 'value': 307114.60000000003, 'profit_pct': 11.91213596023217}, '512670': {'shares': 383500.0, 'price': 0.769, 'value': 294911.5, 'profit_pct': 13.643752697007146}, '512880': {'shares': 256200.0, 'price': 1.132, 'value': 290018.39999999997, 'profit_pct': -0.4516610150412799}, '515050': {'shares': 716400.0, 'price': 0.389, 'value': 278679.60000000003, 'profit_pct': -1.1166950098247759}}",-0.002648776587997226,1.1707533859242973,-39.945173897001695
2025-07-08,29.2859242974082,1189997.2,1190026.4859242975,"{'512660': {'shares': 274700.0, 'price': 1.125, 'value': 309037.5, 'profit_pct': 12.612838063739872}, '512670': {'shares': 383500.0, 'price': 0.775, 'value': 297212.5, 'profit_pct': 14.530439974226969}, '512880': {'shares': 256200.0, 'price': 1.146, 'value': 293605.19999999995, 'profit_pct': 0.7795021879529104}, '515050': {'shares': 716400.0, 'price': 0.405, 'value': 290142.0, 'profit_pct': 2.9504846298739515}}",0.016462134751619173,1.1900264859242975,-38.956543257209084
2025-07-09,29.2859242974082,1185093.4,1185122.6859242972,"{'512660': {'shares': 274700.0, 'price': 1.116, 'value': 306565.2, 'profit_pct': 11.711935359229965}, '512670': {'shares': 383500.0, 'price': 0.772, 'value': 296062.0, 'profit_pct': 14.087096335617058}, '512880': {'shares': 256200.0, 'price': 1.141, 'value': 292324.2, 'profit_pct': 0.33980104402642364}, '515050': {'shares': 716400.0, 'price': 0.405, 'value': 290142.0, 'profit_pct': 2.9504846298739515}}",-0.004120748620306092,1.1851226859242971,-39.208087997360664
2025-07-10,29.2859242974082,1187422.0,1187451.2859242973,"{'512660': {'shares': 274700.0, 'price': 1.113, 'value': 305741.1, 'profit_pct': 11.411634457726647}, '512670': {'shares': 383500.0, 'price': 0.769, 'value': 294911.5, 'profit_pct': 13.643752697007146}, '512880': {'shares': 256200.0, 'price': 1.155, 'value': 295911.0, 'profit_pct': 1.570964247020614}, '515050': {'shares': 716400.0, 'price': 0.406, 'value': 290858.4, 'profit_pct': 3.2046833573551217}}",0.001964859864431734,1.1874512859242974,-39.08864040938461
2025-07-11,29.2859242974082,1199122.5,1199151.7859242973,"{'512660': {'shares': 274700.0, 'price': 1.128, 'value': 309861.6, 'profit_pct': 12.91313896524317}, '512670': {'shares': 383500.0, 'price': 0.777, 'value': 297979.5, 'profit_pct': 14.826002399966908}, '512880': {'shares': 256200.0, 'price': 1.181, 'value': 302572.2, 'profit_pct': 3.857410195438396}, '515050': {'shares': 716400.0, 'price': 0.403, 'value': 288709.2, 'profit_pct': 2.4420871749116104}}",0.009853456843825326,1.1991517859242973,-38.48845295635975
2025-07-14,29.2859242974082,1194446.1,1194475.3859242974,"{'512660': {'shares': 274700.0, 'price': 1.123, 'value': 308488.1, 'profit_pct': 12.412637462737669}, '512670': {'shares': 383500.0, 'price': 0.772, 'value': 296062.0, 'profit_pct': 14.087096335617058}, '512880': {'shares': 256200.0, 'price': 1.17, 'value': 299754.0, 'profit_pct': 2.890067678800094}, '515050': {'shares': 716400.0, 'price': 0.405, 'value': 290142.0, 'profit_pct': 2.9504846298739515}}",-0.0038997565236459364,1.1944753859242974,-38.72833301322274
2025-07-15,29.2859242974082,1207187.4000000001,1207216.6859242977,"{'512660': {'shares': 274700.0, 'price': 1.119, 'value': 307389.3, 'profit_pct': 12.01223626073326}, '512670': {'shares': 383500.0, 'price': 0.771, 'value': 295678.5, 'profit_pct': 13.939315122747086}, '512880': {'shares': 256200.0, 'price': 1.164, 'value': 298216.8, 'profit_pct': 2.362426306088298}, '515050': {'shares': 716400.0, 'price': 0.427, 'value': 305902.8, 'profit_pct': 8.542856634459687}}",0.010666858564139403,1.2072166859242976,-38.07475680748574
2025-07-16,29.2859242974082,1202588.2000000002,1202617.4859242975,"{'512660': {'shares': 274700.0, 'price': 1.118, 'value': 307114.60000000003, 'profit_pct': 11.91213596023217}, '512670': {'shares': 383500.0, 'price': 0.768, 'value': 294528.0, 'profit_pct': 13.495971484137176}, '512880': {'shares': 256200.0, 'price': 1.16, 'value': 297192.0, 'profit_pct': 2.010665390947101}, '515050': {'shares': 716400.0, 'price': 0.424, 'value': 303753.6, 'profit_pct': 7.780260452016176}}",-0.003809755161293893,1.2026174859242975,-38.310676822352804
2025-07-17,29.2859242974082,1235841.2999999998,1235870.585924297,"{'512660': {'shares': 274700.0, 'price': 1.145, 'value': 314531.5, 'profit_pct': 14.614844073761917}, '512670': {'shares': 383500.0, 'price': 0.794, 'value': 304499.0, 'profit_pct': 17.338283018756407}, '512880': {'shares': 256200.0, 'price': 1.166, 'value': 298729.19999999995, 'profit_pct': 2.5383067636588965}, '515050': {'shares': 716400.0, 'price': 0.444, 'value': 318081.6, 'profit_pct': 12.864235001639585}}",0.02765060411078446,1.235870585924297,-36.604929769305436
2025-07-18,29.2859242974082,1241555.1,1241584.3859242974,"{'512660': {'shares': 274700.0, 'price': 1.155, 'value': 317278.5, 'profit_pct': 15.61584707877294}, '512670': {'shares': 383500.0, 'price': 0.804, 'value': 308334.0, 'profit_pct': 18.81609514745611}, '512880': {'shares': 256200.0, 'price': 1.171, 'value': 300010.2, 'profit_pct': 2.9780079075854027}, '515050': {'shares': 716400.0, 'price': 0.441, 'value': 315932.4, 'profit_pct': 12.101638819196074}}",0.004623299611687948,1.2415843859242974,-36.311835365724946
2025-07-21,29.2859242974082,1253342.7,1253371.9859242975,"{'512660': {'shares': 274700.0, 'price': 1.168, 'value': 320849.6, 'profit_pct': 16.917150985287257}, '512670': {'shares': 383500.0, 'price': 0.811, 'value': 311018.5, 'profit_pct': 19.850563637545903}, '512880': {'shares': 256200.0, 'price': 1.187, 'value': 304109.4, 'profit_pct': 4.385051568150192}, '515050': {'shares': 716400.0, 'price': 0.443, 'value': 317365.2, 'profit_pct': 12.610036274158414}}",0.009493998260315495,1.2533719859242975,-35.707180041484456
2025-07-22,29.2859242974082,1252805.7999999998,1252835.085924297,"{'512660': {'shares': 274700.0, 'price': 1.168, 'value': 320849.6, 'profit_pct': 16.917150985287257}, '512670': {'shares': 383500.0, 'price': 0.812, 'value': 311402.0, 'profit_pct': 19.998344850415876}, '512880': {'shares': 256200.0, 'price': 1.189, 'value': 304621.8, 'profit_pct': 4.56093202572079}, '515050': {'shares': 716400.0, 'price': 0.441, 'value': 315932.4, 'profit_pct': 12.101638819196074}}",-0.00042836444888660896,1.2528350859242972,-35.73472079987335
2025-07-23,29.2859242974082,1245212.5,1245241.7859242973,"{'512660': {'shares': 274700.0, 'price': 1.153, 'value': 316729.10000000003, 'profit_pct': 15.415646477770736}, '512670': {'shares': 383500.0, 'price': 0.8, 'value': 306800.0, 'profit_pct': 18.224970295976227}, '512880': {'shares': 256200.0, 'price': 1.199, 'value': 307183.8, 'profit_pct': 5.440334313573784}, '515050': {'shares': 716400.0, 'price': 0.439, 'value': 314499.6, 'profit_pct': 11.593241364233734}}",-0.006060893476971696,1.2452417859242972,-36.12422581137316
2025-07-24,29.2859242974082,1266288.2000000002,1266317.4859242975,"{'512660': {'shares': 274700.0, 'price': 1.174, 'value': 322497.8, 'profit_pct': 17.51775278829387}, '512670': {'shares': 383500.0, 'price': 0.816, 'value': 312936.0, 'profit_pct': 20.58946970189574}, '512880': {'shares': 256200.0, 'price': 1.232, 'value': 315638.4, 'profit_pct': 8.342361863488652}, '515050': {'shares': 716400.0, 'price': 0.44, 'value': 315216.0, 'profit_pct': 11.847440091714903}}",0.01692498616592486,1.2663174859242974,-35.04312921689292
2025-07-25,29.2859242974082,1266823.5,1266852.7859242973,"{'512660': {'shares': 274700.0, 'price': 1.174, 'value': 322497.8, 'profit_pct': 17.51775278829387}, '512670': {'shares': 383500.0, 'price': 0.817, 'value': 313319.5, 'profit_pct': 20.73725091476571}, '512880': {'shares': 256200.0, 'price': 1.227, 'value': 314357.4, 'profit_pct': 7.9026607195621645}, '515050': {'shares': 716400.0, 'price': 0.442, 'value': 316648.8, 'profit_pct': 12.355837546677243}}",0.00042272179445501656,1.2668527859242973,-35.01567053191329
2025-07-28,29.2859242974082,1285635.9,1285665.1859242972,"{'512660': {'shares': 274700.0, 'price': 1.192, 'value': 327442.39999999997, 'profit_pct': 19.31955819731371}, '512670': {'shares': 383500.0, 'price': 0.829, 'value': 317921.5, 'profit_pct': 22.510625469205355}, '512880': {'shares': 256200.0, 'price': 1.238, 'value': 317175.6, 'profit_pct': 8.870003236200446}, '515050': {'shares': 716400.0, 'price': 0.451, 'value': 323096.4, 'profit_pct': 14.643626094007779}}",0.01484971277564373,1.2856651859242971,-34.050671904394406
2025-07-29,29.2859242974082,1305119.6,1305148.8859242974,"{'512660': {'shares': 274700.0, 'price': 1.205, 'value': 331013.5, 'profit_pct': 20.62086210382805}, '512670': {'shares': 383500.0, 'price': 0.841, 'value': 322523.5, 'profit_pct': 24.284000023645}, '512880': {'shares': 256200.0, 'price': 1.243, 'value': 318456.60000000003, 'profit_pct': 9.309704380126952}, '515050': {'shares': 716400.0, 'price': 0.465, 'value': 333126.0, 'profit_pct': 18.202408278744166}}",0.01515456762251266,1.3051488859242975,-33.05123835211027
2025-07-30,29.2859242974082,1291236.1,1291265.3859242974,"{'512660': {'shares': 274700.0, 'price': 1.188, 'value': 326343.6, 'profit_pct': 18.9191569953093}, '512670': {'shares': 383500.0, 'price': 0.829, 'value': 317921.5, 'profit_pct': 22.510625469205355}, '512880': {'shares': 256200.0, 'price': 1.225, 'value': 313845.0, 'profit_pct': 7.726780261991566}, '515050': {'shares': 716400.0, 'price': 0.465, 'value': 333126.0, 'profit_pct': 18.202408278744166}}",-0.010637483699928896,1.2912653859242973,-33.76340471287011
2025-07-31,6.55643803748535,1282405.7999999998,1282412.3564380372,"{'512010': {'shares': 773400.0, 'price': 0.416, 'value': 321734.39999999997, 'profit_pct': -0.09990009990009317}, '512170': {'shares': 865000.0, 'price': 0.369, 'value': 319185.0, 'profit_pct': -0.09990009990008711}, '512880': {'shares': 256200.0, 'price': 1.198, 'value': 306927.6, 'profit_pct': 5.352394084788474}, '515050': {'shares': 716400.0, 'price': 0.467, 'value': 334558.80000000005, 'profit_pct': 18.710805733706508}}",-0.006856088285773332,1.2824123564380372,-34.217528657907714
2025-08-01,6.55643803748535,1266304.6,1266311.1564380375,"{'512010': {'shares': 773400.0, 'price': 0.409, 'value': 316320.6, 'profit_pct': -1.7809113962960068}, '512170': {'shares': 865000.0, 'price': 0.367, 'value': 317455.0, 'profit_pct': -0.6413640559981901}, '512880': {'shares': 256200.0, 'price': 1.191, 'value': 305134.2, 'profit_pct': 4.736812483291389}, '515050': {'shares': 716400.0, 'price': 0.457, 'value': 327394.8, 'profit_pct': 16.1688184588948}}",-0.012555399922004495,1.2663111564380376,-35.04345389346548
2025-08-04,6.55643803748535,1267533.4,1267539.9564380373,"{'512010': {'shares': 773400.0, 'price': 0.409, 'value': 316320.6, 'profit_pct': -1.7809113962960068}, '512170': {'shares': 865000.0, 'price': 0.367, 'value': 317455.0, 'profit_pct': -0.6413640559981901}, '512880': {'shares': 256200.0, 'price': 1.193, 'value': 305646.60000000003, 'profit_pct': 4.912692940861987}, '515050': {'shares': 716400.0, 'price': 0.458, 'value': 328111.2, 'profit_pct': 16.423017186375972}}",0.0009703776151324117,1.2675399564380374,-34.98042151516739
2025-08-05,6.55643803748535,1274452.4,1274458.9564380373,"{'512010': {'shares': 773400.0, 'price': 0.411, 'value': 317867.39999999997, 'profit_pct': -1.3006224544686027}, '512170': {'shares': 865000.0, 'price': 0.368, 'value': 318320.0, 'profit_pct': -0.3706320779491386}, '512880': {'shares': 256200.0, 'price': 1.205, 'value': 308721.0, 'profit_pct': 5.9679756862855795}, '515050': {'shares': 716400.0, 'price': 0.46, 'value': 329544.0, 'profit_pct': 16.931414641338314}}",0.00545860504424911,1.2744589564380373,-34.625505316075134
2025-08-06,6.55643803748535,1276392.8,1276399.3564380375,"{'512010': {'shares': 773400.0, 'price': 0.41, 'value': 317094.0, 'profit_pct': -1.5407669253823046}, '512170': {'shares': 865000.0, 'price': 0.368, 'value': 318320.0, 'profit_pct': -0.3706320779491386}, '512880': {'shares': 256200.0, 'price': 1.21, 'value': 310002.0, 'profit_pct': 6.407676830212067}, '515050': {'shares': 716400.0, 'price': 0.462, 'value': 330976.8, 'profit_pct': 17.439812096300653}}",0.0015225284346727097,1.2763993564380374,-34.525970789016505
2025-08-07,6.55643803748535,1273965.0,1273971.5564380374,"{'512010': {'shares': 773400.0, 'price': 0.407, 'value': 314773.8, 'profit_pct': -2.2612003381234107}, '512170': {'shares': 865000.0, 'price': 0.369, 'value': 319185.0, 'profit_pct': -0.09990009990008711}, '512880': {'shares': 256200.0, 'price': 1.209, 'value': 309745.80000000005, 'profit_pct': 6.3197366014267775}, '515050': {'shares': 716400.0, 'price': 0.461, 'value': 330260.4, 'profit_pct': 17.18561336881948}}",-0.0019020692761669844,1.2739715564380374,-34.650506928365566
2025-08-08,6.55643803748535,1266601.8,1266608.3564380375,"{'512010': {'shares': 773400.0, 'price': 0.406, 'value': 314000.4, 'profit_pct': -2.501344809037099}, '512170': {'shares': 865000.0, 'price': 0.366, 'value': 316590.0, 'profit_pct': -0.9120960340472417}, '512880': {'shares': 256200.0, 'price': 1.199, 'value': 307183.8, 'profit_pct': 5.440334313573784}, '515050': {'shares': 716400.0, 'price': 0.459, 'value': 328827.60000000003, 'profit_pct': 16.677215913857143}}",-0.005779720875862537,1.2666083564380375,-35.02820875769872
2025-08-11,6.55643803748535,1285261.2,1285267.7564380374,"{'512010': {'shares': 773400.0, 'price': 0.407, 'value': 314773.8, 'profit_pct': -2.2612003381234107}, '512170': {'shares': 865000.0, 'price': 0.372, 'value': 321780.0, 'profit_pct': 0.7122958342470673}, '512880': {'shares': 256200.0, 'price': 1.215, 'value': 311283.0, 'profit_pct': 6.847377974138573}, '515050': {'shares': 716400.0, 'price': 0.471, 'value': 337424.39999999997, 'profit_pct': 19.727600643631174}}",0.014731783431836787,1.2852677564380375,-34.071058399938636
2025-08-12,6.55643803748535,1297033.5999999999,1297040.1564380373,"{'512010': {'shares': 773400.0, 'price': 0.408, 'value': 315547.19999999995, 'profit_pct': -2.0210558672097085}, '512170': {'shares': 865000.0, 'price': 0.373, 'value': 322645.0, 'profit_pct': 0.9830278122961189}, '512880': {'shares': 256200.0, 'price': 1.221, 'value': 312820.2, 'profit_pct': 7.375019346850369}, '515050': {'shares': 716400.0, 'price': 0.483, 'value': 346021.2, 'profit_pct': 22.77798537340522}}",0.00915949220777601,1.2970401564380374,-33.46718277308596
2025-08-13,6.55643803748535,1334680.6,1334687.1564380375,"{'512010': {'shares': 773400.0, 'price': 0.418, 'value': 323281.2, 'profit_pct': 0.38038884192731065}, '512170': {'shares': 865000.0, 'price': 0.379, 'value': 327835.0, 'profit_pct': 2.6074196805904277}, '512880': {'shares': 256200.0, 'price': 1.242, 'value': 318200.4, 'profit_pct': 9.221764151341644}, '515050': {'shares': 716400.0, 'price': 0.51, 'value': 365364.0, 'profit_pct': 29.641351015396822}}",0.029025315687516873,1.3346871564380376,-31.53604674949492
2025-08-14,6.55643803748535,1319898.7999999998,1319905.3564380372,"{'512010': {'shares': 773400.0, 'price': 0.415, 'value': 320961.0, 'profit_pct': -0.3400445708137951}, '512170': {'shares': 865000.0, 'price': 0.374, 'value': 323510.0, 'profit_pct': 1.2537597903451703}, '512880': {'shares': 256200.0, 'price': 1.241, 'value': 317944.2, 'profit_pct': 9.133823922556354}, '515050': {'shares': 716400.0, 'price': 0.499, 'value': 357483.6, 'profit_pct': 26.845165013103944}}",-0.011075104700527305,1.3199053564380372,-32.29429219995627
2025-08-15,6.55643803748535,1343603.4,1343609.9564380373,"{'512010': {'shares': 773400.0, 'price': 0.417, 'value': 322507.8, 'profit_pct': 0.14024437101360876}, '512170': {'shares': 865000.0, 'price': 0.378, 'value': 326970.0, 'profit_pct': 2.336687702541376}, '512880': {'shares': 256200.0, 'price': 1.3, 'value': 333060.0, 'profit_pct': 14.322297420889004}, '515050': {'shares': 716400.0, 'price': 0.504, 'value': 361065.6, 'profit_pct': 28.1161586505098}}",0.01795931798016981,1.3436099564380373,-31.078343864502813
2025-08-18,6.55643803748535,1365655.2,1365661.7564380374,"{'512010': {'shares': 773400.0, 'price': 0.418, 'value': 323281.2, 'profit_pct': 0.38038884192731065}, '512170': {'shares': 865000.0, 'price': 0.381, 'value': 329565.0, 'profit_pct': 3.1488836366885304}, '512880': {'shares': 256200.0, 'price': 1.317, 'value': 337415.39999999997, 'profit_pct': 15.817281310239082}, '515050': {'shares': 716400.0, 'price': 0.524, 'value': 375393.60000000003, 'profit_pct': 33.20013320013321}}",0.016412352330627433,1.3656617564380373,-29.947177360796683
2025-08-19,6.55643803748535,1357432.7999999998,1357439.3564380372,"{'512010': {'shares': 773400.0, 'price': 0.411, 'value': 317867.39999999997, 'profit_pct': -1.3006224544686027}, '512170': {'shares': 865000.0, 'price': 0.378, 'value': 326970.0, 'profit_pct': 2.336687702541376}, '512880': {'shares': 256200.0, 'price': 1.291, 'value': 330754.19999999995, 'profit_pct': 13.5308353618213}, '515050': {'shares': 716400.0, 'price': 0.533, 'value': 381841.2, 'profit_pct': 35.487921747463744}}",-0.006020817351908625,1.3574393564380371,-30.368952610892975
2025-08-20,6.55643803748535,1368912.8,1368919.3564380375,"{'512010': {'shares': 773400.0, 'price': 0.415, 'value': 320961.0, 'profit_pct': -0.3400445708137951}, '512170': {'shares': 865000.0, 'price': 0.38, 'value': 328700.0, 'profit_pct': 2.8781516586394793}, '512880': {'shares': 256200.0, 'price': 1.303, 'value': 333828.6, 'profit_pct': 14.586118107244891}, '515050': {'shares': 716400.0, 'price': 0.538, 'value': 385423.2, 'profit_pct': 36.758915384869596}}",0.008457099719080041,1.3689193564380375,-29.780075899579316
2025-08-21,6.55643803748535,1371231.4,1371237.9564380373,"{'512010': {'shares': 773400.0, 'price': 0.42, 'value': 324828.0, 'profit_pct': 0.8606777837547146}, '512170': {'shares': 865000.0, 'price': 0.382, 'value': 330430.0, 'profit_pct': 3.4196156147375825}, '512880': {'shares': 256200.0, 'price': 1.293, 'value': 331266.6, 'profit_pct': 13.7067158193919}, '515050': {'shares': 716400.0, 'price': 0.537, 'value': 384706.80000000005, 'profit_pct': 36.50471665738843}}",0.0016937447696210306,1.3712379564380373,-29.66114127041104
2025-08-22,6.55643803748535,1404209.8,1404216.3564380375,"{'512010': {'shares': 773400.0, 'price': 0.424, 'value': 327921.6, 'profit_pct': 1.8212556674095222}, '512170': {'shares': 865000.0, 'price': 0.385, 'value': 333025.0, 'profit_pct': 4.231811548884737}, '512880': {'shares': 256200.0, 'price': 1.338, 'value': 342795.60000000003, 'profit_pct': 17.664026114730376}, '515050': {'shares': 716400.0, 'price': 0.559, 'value': 400467.60000000003, 'profit_pct': 42.097088661974176}}",0.024050092724727135,1.4042163564380374,-27.96948519581295
2025-08-25,6.55643803748535,1442509.8,1442516.3564380375,"{'512010': {'shares': 773400.0, 'price': 0.434, 'value': 335655.6, 'profit_pct': 4.222700376546541}, '512170': {'shares': 865000.0, 'price': 0.393, 'value': 339945.0, 'profit_pct': 6.39766737327715}, '512880': {'shares': 256200.0, 'price': 1.352, 'value': 346382.4, 'profit_pct': 18.89518931772457}, '515050': {'shares': 716400.0, 'price': 0.587, 'value': 420526.8, 'profit_pct': 49.21465303144692}}",0.02727499920108656,1.4425163564380374,-26.0048529620749
2025-08-26,6.55643803748535,1430678.7999999998,1430685.3564380372,"{'512010': {'shares': 773400.0, 'price': 0.429, 'value': 331788.6, 'profit_pct': 3.0219780219780317}, '512170': {'shares': 865000.0, 'price': 0.388, 'value': 335620.0, 'profit_pct': 5.0440074830318915}, '512880': {'shares': 256200.0, 'price': 1.335, 'value': 342027.0, 'profit_pct': 17.40020542837447}, '515050': {'shares': 716400.0, 'price': 0.588, 'value': 421243.19999999995, 'profit_pct': 49.46885175892809}}",-0.008201640104250951,1.4306853564380373,-26.6117345275411
2025-08-27,6.55643803748535,1411413.2,1411419.7564380374,"{'512010': {'shares': 773400.0, 'price': 0.42, 'value': 324828.0, 'profit_pct': 0.8606777837547146}, '512170': {'shares': 865000.0, 'price': 0.38, 'value': 328700.0, 'profit_pct': 2.8781516586394793}, '512880': {'shares': 256200.0, 'price': 1.3, 'value': 333060.0, 'profit_pct': 14.322297420889004}, '515050': {'shares': 716400.0, 'price': 0.593, 'value': 424825.19999999995, 'profit_pct': 50.73984539633394}}",-0.013465993702462487,1.4114197564380373,-27.599980448227868
2025-08-28,6.55643803748535,1450552.6,1450559.1564380375,"{'512010': {'shares': 773400.0, 'price': 0.419, 'value': 324054.6, 'profit_pct': 0.6205333128410125}, '512170': {'shares': 865000.0, 'price': 0.382, 'value': 330430.0, 'profit_pct': 3.4196156147375825}, '512880': {'shares': 256200.0, 'price': 1.326, 'value': 339721.2, 'profit_pct': 16.608743369306787}, '515050': {'shares': 716400.0, 'price': 0.637, 'value': 456346.8, 'profit_pct': 61.924589405505436}}",0.027730517318799164,1.4505591564380376,-25.59229045216607
2025-08-29,24.441758867702447,1467765.9,1467790.3417588677,"{'512690': {'shares': 440200.0, 'price': 0.625, 'value': 275125.0, 'profit_pct': -0.09990009990008003}, '159995': {'shares': 441200.0, 'price': 0.828, 'value': 365313.6, 'profit_pct': -0.09990009990009266}, '512400': {'shares': 248300.0, 'price': 1.471, 'value': 365249.30000000005, 'profit_pct': -0.09990009990008483}, '515050': {'shares': 716400.0, 'price': 0.645, 'value': 462078.0, 'profit_pct': 63.958179225354804}}",0.011878995244249735,1.4677903417588678,-24.708401624311836
2025-09-01,24.441758867702447,1506059.4000000001,1506083.8417588677,"{'512690': {'shares': 440200.0, 'price': 0.622, 'value': 273804.4, 'profit_pct': -0.57942057942056}, '159995': {'shares': 441200.0, 'price': 0.841, 'value': 371049.2, 'profit_pct': 1.4685797294493035}, '512400': {'shares': 248300.0, 'price': 1.518, 'value': 376919.4, 'profit_pct': 3.0920133571391326}, '515050': {'shares': 716400.0, 'price': 0.676, 'value': 484286.4, 'profit_pct': 71.83833977727109}}",0.026089216498122347,1.5060838417588678,-22.74410281379884
2025-09-02,24.441758867702447,1461904.4,1461928.8417588677,"{'512690': {'shares': 440200.0, 'price': 0.62, 'value': 272924.0, 'profit_pct': -0.8991008991008801}, '159995': {'shares': 441200.0, 'price': 0.817, 'value': 360460.39999999997, 'profit_pct': -1.4270753401188125}, '512400': {'shares': 248300.0, 'price': 1.496, 'value': 371456.8, 'profit_pct': 1.5979262070356655}, '515050': {'shares': 716400.0, 'price': 0.638, 'value': 457063.2, 'profit_pct': 62.17878813298662}}",-0.029317756937378703,1.4619288417588678,-25.009072429483005
2025-09-03,24.441758867702447,1453167.1,1453191.541758868,"{'512690': {'shares': 440200.0, 'price': 0.611, 'value': 268962.2, 'profit_pct': -2.3376623376623202}, '159995': {'shares': 441200.0, 'price': 0.796, 'value': 351195.2, 'profit_pct': -3.9607735259909007}, '512400': {'shares': 248300.0, 'price': 1.491, 'value': 370215.30000000005, 'profit_pct': 1.2583609456485214}, '515050': {'shares': 716400.0, 'price': 0.646, 'value': 462794.4, 'profit_pct': 64.21237795283598}}",-0.005976556279912892,1.4531915417588679,-25.45725992859107
2025-09-04,325206.8521605477,1048331.9000000001,1373538.7521605478,"{'512690': {'shares': 440200.0, 'price': 0.612, 'value': 269402.4, 'profit_pct': -2.17782217782216}, '512400': {'shares': 248300.0, 'price': 1.429, 'value': 354820.7, 'profit_pct': -2.9522482955521583}, '515050': {'shares': 716400.0, 'price': 0.592, 'value': 424108.8, 'profit_pct': 50.485646668852766}}",-0.05481231297418132,1.3735387521605478,-29.54311992733818
2025-09-05,325206.8521605477,1093235.0,1418441.8521605476,"{'512690': {'shares': 440200.0, 'price': 0.615, 'value': 270723.0, 'profit_pct': -1.6983016983016803}, '512400': {'shares': 248300.0, 'price': 1.492, 'value': 370463.6, 'profit_pct': 1.3262739979259444}, '515050': {'shares': 716400.0, 'price': 0.631, 'value': 452048.4, 'profit_pct': 60.39939704061842}}",0.032691542142053276,1.4184418521605475,-27.239775863245164
2025-09-08,325206.8521605477,1082123.9,1407330.7521605475,"{'512690': {'shares': 440200.0, 'price': 0.624, 'value': 274684.8, 'profit_pct': -0.25974025974024006}, '512400': {'shares': 248300.0, 'price': 1.489, 'value': 369718.7, 'profit_pct': 1.1225348410936609}, '515050': {'shares': 716400.0, 'price': 0.611, 'value': 437720.39999999997, 'profit_pct': 55.31542249099501}}",-0.007833313704806333,1.4073307521605476,-27.80972952414038
2025-09-09,325206.8521605477,1075542.0,1400748.8521605476,"{'512690': {'shares': 440200.0, 'price': 0.624, 'value': 274684.8, 'profit_pct': -0.25974025974024006}, '512400': {'shares': 248300.0, 'price': 1.5, 'value': 372450.0, 'profit_pct': 1.8695784161453868}, '515050': {'shares': 716400.0, 'price': 0.598, 'value': 428407.2, 'profit_pct': 52.0108390337398}}",-0.004676867886170499,1.4007488521605476,-28.1473538818229
2025-09-10,325206.8521605477,1088294.7000000002,1413501.5521605478,"{'512690': {'shares': 440200.0, 'price': 0.624, 'value': 274684.8, 'profit_pct': -0.25974025974024006}, '512400': {'shares': 248300.0, 'price': 1.485, 'value': 368725.5, 'profit_pct': 0.8508826319839397}, '515050': {'shares': 716400.0, 'price': 0.621, 'value': 444884.4, 'profit_pct': 57.85740976580671}}",0.009104201642093246,1.4135015521605478,-27.49319290304505
2025-09-11,325206.8521605477,1140431.5,1465638.3521605476,"{'512690': {'shares': 440200.0, 'price': 0.628, 'value': 276445.6, 'profit_pct': 0.3796203796204}, '512400': {'shares': 248300.0, 'price': 1.509, 'value': 374684.69999999995, 'profit_pct': 2.480795886642252}, '515050': {'shares': 716400.0, 'price': 0.683, 'value': 489301.2, 'profit_pct': 73.61773086963929}}",0.036884855145937534,1.4656383521605476,-24.818789826179422
2025-09-12,325206.8521605477,1138905.1,1464111.9521605477,"{'512690': {'shares': 440200.0, 'price': 0.621, 'value': 273364.2, 'profit_pct': -0.7392607392607201}, '512400': {'shares': 248300.0, 'price': 1.547, 'value': 384120.1, 'profit_pct': 5.061491873184605}, '515050': {'shares': 716400.0, 'price': 0.672, 'value': 481420.80000000005, 'profit_pct': 70.8215448673464}}",-0.0010414574630568385,1.4641119521605477,-24.89708785859659
2025-09-15,325206.8521605477,1131463.1,1456669.9521605477,"{'512690': {'shares': 440200.0, 'price': 0.619, 'value': 272483.8, 'profit_pct': -1.0589410589410402}, '512400': {'shares': 248300.0, 'price': 1.535, 'value': 381140.5, 'profit_pct': 4.246535245855441}, '515050': {'shares': 716400.0, 'price': 0.667, 'value': 477838.80000000005, 'profit_pct': 69.55055122994057}}",-0.005082944640277032,1.4566699521605477,-25.278831803334935
2025-09-16,325206.8521605477,1127929.9000000001,1453136.7521605478,"{'512690': {'shares': 440200.0, 'price': 0.619, 'value': 272483.8, 'profit_pct': -1.0589410589410402}, '512400': {'shares': 248300.0, 'price': 1.515, 'value': 376174.5, 'profit_pct': 2.8882742003068342}, '515050': {'shares': 716400.0, 'price': 0.669, 'value': 479271.60000000003, 'profit_pct': 70.0589486849029}}",-0.0024255322866786333,1.4531367521605478,-25.46007040929429
2025-09-17,325206.8521605477,1129339.4,1454546.2521605475,"{'512690': {'shares': 440200.0, 'price': 0.614, 'value': 270282.8, 'profit_pct': -1.85814185814184}, '512400': {'shares': 248300.0, 'price': 1.518, 'value': 376919.4, 'profit_pct': 3.0920133571391326}, '515050': {'shares': 716400.0, 'price': 0.673, 'value': 482137.2, 'profit_pct': 71.07574359482757}}",0.000969970649977725,1.4545462521605474,-25.387768865339886
2025-09-18,325206.8521605477,1116820.2000000002,1442027.0521605478,"{'512690': {'shares': 440200.0, 'price': 0.603, 'value': 265440.6, 'profit_pct': -3.6163836163836005}, '512400': {'shares': 248300.0, 'price': 1.464, 'value': 363511.2, 'profit_pct': -0.5752914658421047}, '515050': {'shares': 716400.0, 'price': 0.681, 'value': 487868.4, 'profit_pct': 73.10933341467695}}",-0.008606945280292044,1.4420270521605478,-26.029952255956413
2025-09-19,325206.8521605477,1129306.1,1454512.9521605477,"{'512690': {'shares': 440200.0, 'price': 0.606, 'value': 266761.2, 'profit_pct': -3.1368631368631203}, '512400': {'shares': 248300.0, 'price': 1.483, 'value': 368228.9, 'profit_pct': 0.715056527429079}, '515050': {'shares': 716400.0, 'price': 0.69, 'value': 494315.99999999994, 'profit_pct': 75.39712196200745}}",0.008658575427758164,1.4545129521605478,-25.389477018169735
2025-09-22,325206.8521605477,1143424.7,1468631.5521605476,"{'512690': {'shares': 440200.0, 'price': 0.596, 'value': 262359.2, 'profit_pct': -4.735264735264721}, '512400': {'shares': 248300.0, 'price': 1.497, 'value': 371705.10000000003, 'profit_pct': 1.6658392593131035}, '515050': {'shares': 716400.0, 'price': 0.711, 'value': 509360.39999999997, 'profit_pct': 80.73529523911202}}",0.00970675440120905,1.4686315521605475,-24.66525099583935
2025-09-23,325206.8521605477,1140777.1,1465983.9521605477,"{'512690': {'shares': 440200.0, 'price': 0.593, 'value': 261038.59999999998, 'profit_pct': -5.2147852147852}, '512400': {'shares': 248300.0, 'price': 1.483, 'value': 368228.9, 'profit_pct': 0.715056527429079}, '515050': {'shares': 716400.0, 'price': 0.714, 'value': 511509.6, 'profit_pct': 81.49789142155554}}",-0.0018027666613215088,1.4659839521605478,-24.801061969783078
2025-09-24,325206.8521605477,1147175.9,1472382.7521605475,"{'512690': {'shares': 440200.0, 'price': 0.593, 'value': 261038.59999999998, 'profit_pct': -5.2147852147852}, '512400': {'shares': 248300.0, 'price': 1.503, 'value': 373194.89999999997, 'profit_pct': 2.0733175729776705}, '515050': {'shares': 716400.0, 'price': 0.716, 'value': 512942.39999999997, 'profit_pct': 82.00628887651787}}",0.0043648499634456606,1.4723827521605475,-24.472829887870738
2025-09-25,325206.8521605477,1159587.9,1484794.7521605475,"{'512690': {'shares': 440200.0, 'price': 0.588, 'value': 258837.59999999998, 'profit_pct': -6.013986013986001}, '512400': {'shares': 248300.0, 'price': 1.533, 'value': 380643.89999999997, 'profit_pct': 4.11070914130058}, '515050': {'shares': 716400.0, 'price': 0.726, 'value': 520106.39999999997, 'profit_pct': 84.54827615132959}}",0.008429873266164511,1.4847947521605476,-23.83614541567344
2025-09-26,325206.8521605477,1138236.0,1463442.8521605476,"{'512690': {'shares': 440200.0, 'price': 0.584, 'value': 257076.8, 'profit_pct': -6.653346653346641}, '512400': {'shares': 248300.0, 'price': 1.532, 'value': 380395.60000000003, 'profit_pct': 4.042796089023157}, '515050': {'shares': 716400.0, 'price': 0.699, 'value': 500763.6, 'profit_pct': 77.68491050933798}}",-0.014380371407516357,1.4634428521605476,-24.93140993242412
2025-09-29,325206.8521605477,1169743.3,1494950.1521605477,"{'512690': {'shares': 440200.0, 'price': 0.594, 'value': 261478.8, 'profit_pct': -5.0549450549450405}, '512400': {'shares': 248300.0, 'price': 1.595, 'value': 396038.5, 'profit_pct': 8.321318382501259}, '515050': {'shares': 716400.0, 'price': 0.715, 'value': 512226.0, 'profit_pct': 81.7520901490367}}",0.02152957319343507,1.4949501521605477,-23.31521522803627
2025-09-30,61.725095997797325,1502134.0,1502195.7250959978,"{'159995': {'shares': 393500.0, 'price': 0.947, 'value': 372644.5, 'profit_pct': -0.0999000999000915}, '512400': {'shares': 248300.0, 'price': 1.653, 'value': 410439.9, 'profit_pct': 12.260275414592218}, '515030': {'shares': 111000.0, 'price': 1.902, 'value': 211122.0, 'profit_pct': -0.09990009990009194}, '515050': {'shares': 716400.0, 'price': 0.709, 'value': 507927.6, 'profit_pct': 80.22689778414968}}",0.004846698684219497,1.5021957250959979,-22.943547182582336
2025-10-09,61.725095997797325,1558674.9,1558736.6250959977,"{'159995': {'shares': 393500.0, 'price': 0.972, 'value': 382482.0, 'profit_pct': 2.537378144558726}, '512400': {'shares': 248300.0, 'price': 1.797, 'value': 446195.1, 'profit_pct': 22.03975494254217}, '515030': {'shares': 111000.0, 'price': 1.949, 'value': 216339.0, 'profit_pct': 2.368714356096076}, '515050': {'shares': 716400.0, 'price': 0.717, 'value': 513658.8, 'profit_pct': 82.26048760399905}}",0.03763883697404791,1.5587366250959978,-20.043231917189143
2025-10-10,61.725095997797325,1489481.2999999998,1489543.0250959976,"{'159995': {'shares': 393500.0, 'price': 0.915, 'value': 360052.5, 'profit_pct': -3.475616252807366}, '512400': {'shares': 248300.0, 'price': 1.732, 'value': 430055.6, 'profit_pct': 17.625406544509207}, '515030': {'shares': 111000.0, 'price': 1.828, 'value': 202908.0, 'profit_pct': -3.986654775298293}, '515050': {'shares': 716400.0, 'price': 0.693, 'value': 496465.19999999995, 'profit_pct': 76.15971814445096}}",-0.04439082195540167,1.4895430250959976,-23.59257857328254
2025-10-13,61.725095997797325,1500920.9,1500982.6250959977,"{'159995': {'shares': 393500.0, 'price': 0.926, 'value': 364381.0, 'profit_pct': -2.3152138252454866}, '512400': {'shares': 248300.0, 'price': 1.799, 'value': 446691.7, 'profit_pct': 22.17558104709703}, '515030': {'shares': 111000.0, 'price': 1.839, 'value': 204129.0, 'profit_pct': -3.4088939451715374}, '515050': {'shares': 716400.0, 'price': 0.678, 'value': 485719.2, 'profit_pct': 72.34673723223342}}",0.007679939288267823,1.5009826250959977,-23.005774215552254
2025-10-14,61.725095997797325,1425788.0,1425849.7250959978,"{'159995': {'shares': 393500.0, 'price': 0.874, 'value': 343919.0, 'profit_pct': -7.800752573719826}, '512400': {'shares': 248300.0, 'price': 1.728, 'value': 429062.4, 'profit_pct': 17.353754335399486}, '515030': {'shares': 111000.0, 'price': 1.757, 'value': 195027.0, 'profit_pct': -7.715838315207395}, '515050': {'shares': 716400.0, 'price': 0.639, 'value': 457779.60000000003, 'profit_pct': 62.432986860467786}}",-0.05005580927040687,1.4258497250959978,-26.85978249634121
2025-10-15,61.725095997797325,1453825.9,1453887.6250959977,"{'159995': {'shares': 393500.0, 'price': 0.889, 'value': 349821.5, 'profit_pct': -6.218385627044536}, '512400': {'shares': 248300.0, 'price': 1.744, 'value': 433035.2, 'profit_pct': 18.44036317183837}, '515030': {'shares': 111000.0, 'price': 1.798, 'value': 199578.0, 'profit_pct': -5.56236613018946}, '515050': {'shares': 716400.0, 'price': 0.658, 'value': 471391.2, 'profit_pct': 67.26276268261002}}",0.019663993691980464,1.4538876250959978,-25.42155372071918
2025-10-16,61.725095997797325,1445508.4,1445570.1250959977,"{'159995': {'shares': 393500.0, 'price': 0.884, 'value': 347854.0, 'profit_pct': -6.7458412759363}, '512400': {'shares': 248300.0, 'price': 1.704, 'value': 423103.2, 'profit_pct': 15.723841080741158}, '515030': {'shares': 111000.0, 'price': 1.798, 'value': 199578.0, 'profit_pct': -5.56236613018946}, '515050': {'shares': 716400.0, 'price': 0.663, 'value': 474973.2, 'profit_pct': 68.53375632001587}}",-0.005720868557121728,1.4455701250959978,-25.848207209077312
2025-10-17,526557.5479502978,869823.3,1396380.8479502979,"{'512400': {'shares': 248300.0, 'price': 1.671, 'value': 414909.3, 'profit_pct': 13.482710355585963}, '515050': {'shares': 716400.0, 'price': 0.635, 'value': 454914.0, 'profit_pct': 61.416191950543094}}",-0.03402759664975319,1.396380847950298,-28.37141450502291
2025-10-20,526557.5479502978,879156.8,1405714.3479502979,"{'512400': {'shares': 248300.0, 'price': 1.648, 'value': 409198.39999999997, 'profit_pct': 11.920710153205059}, '515050': {'shares': 716400.0, 'price': 0.656, 'value': 469958.4, 'profit_pct': 66.75436522764768}}",0.006684064747594087,1.4057143479502978,-27.892644401795906
2025-10-21,526557.5479502978,914985.0,1441542.5479502978,"{'512400': {'shares': 248300.0, 'price': 1.674, 'value': 415654.2, 'profit_pct': 13.686449512418248}, '515050': {'shares': 716400.0, 'price': 0.697, 'value': 499330.8, 'profit_pct': 77.17651305437563}}",0.025487539521981795,1.441542547950298,-26.05480532616109
2025-10-22,526557.5479502978,905940.3999999999,1432497.9479502977,"{'512400': {'shares': 248300.0, 'price': 1.652, 'value': 410191.6, 'profit_pct': 12.19236236231478}, '515050': {'shares': 716400.0, 'price': 0.692, 'value': 495748.8, 'profit_pct': 75.9055194169698}}",-0.006274251157456612,1.4324979479502977,-26.51875604943178
2025-10-23,526557.5479502978,901344.9,1427902.447950298,"{'512400': {'shares': 248300.0, 'price': 1.671, 'value': 414909.3, 'profit_pct': 13.482710355585963}, '515050': {'shares': 716400.0, 'price': 0.679, 'value': 486435.60000000003, 'profit_pct': 72.60093595971459}}",-0.0032080325187029413,1.427902447950298,-26.754486269539946
2025-10-24,526557.5479502978,935052.3999999999,1461609.9479502977,"{'512400': {'shares': 248300.0, 'price': 1.7, 'value': 422110.0, 'profit_pct': 15.452188871631437}, '515050': {'shares': 716400.0, 'price': 0.716, 'value': 512942.39999999997, 'profit_pct': 82.00628887651787}}",0.023606304512178378,1.4616099479502977,-25.025430368267752
2025-10-27,526557.5479502978,971739.5,1498297.0479502978,"{'512400': {'shares': 248300.0, 'price': 1.741, 'value': 432290.30000000005, 'profit_pct': 18.236624015006086}, '515050': {'shares': 716400.0, 'price': 0.753, 'value': 539449.2, 'profit_pct': 91.41164179332118}}",0.025100472291837317,1.4982970479502977,-23.14353326063404
2025-10-28,526557.5479502978,958799.3999999999,1485356.9479502977,"{'512400': {'shares': 248300.0, 'price': 1.686, 'value': 418633.8, 'profit_pct': 14.501406139747411}, '515050': {'shares': 716400.0, 'price': 0.754, 'value': 540165.6, 'profit_pct': 91.66584052080236}}",-0.008636538407188588,1.4853569479502977,-23.807307087469386
2025-10-29,526557.5479502978,986047.2,1512604.7479502978,"{'512400': {'shares': 248300.0, 'price': 1.764, 'value': 438001.2, 'profit_pct': 19.798624217386976}, '515050': {'shares': 716400.0, 'price': 0.765, 'value': 548046.0, 'profit_pct': 94.46202652309523}}",0.018344277473236525,1.5126047479502978,-22.409607187248824
2025-10-30,526557.5479502978,973103.2,1499660.7479502978,"{'512400': {'shares': 248300.0, 'price': 1.784, 'value': 442967.2, 'profit_pct': 21.15688526293558}, '515050': {'shares': 716400.0, 'price': 0.74, 'value': 530136.0, 'profit_pct': 88.10705833606598}}",-0.008557423885876436,1.4996607479502977,-23.073581068019188
2025-10-31,57.62914543788065,1463197.0,1463254.6291454379,"{'512400': {'shares': 248300.0, 'price': 1.744, 'value': 433035.2, 'profit_pct': 18.44036317183837}, '512580': {'shares': 114300.0, 'price': 1.326, 'value': 151561.80000000002, 'profit_pct': -0.09990009990009525}, '515030': {'shares': 197600.0, 'price': 1.894, 'value': 374254.39999999997, 'profit_pct': -0.0999000999000915}, '515050': {'shares': 716400.0, 'price': 0.704, 'value': 504345.6, 'profit_pct': 78.95590414674383}}",-0.02427623637854026,1.4632546291454378,-24.94106499776657
2025-11-03,57.62914543788065,1456898.5,1456956.1291454379,"{'512400': {'shares': 248300.0, 'price': 1.719, 'value': 426827.7, 'profit_pct': 16.74253686490262}, '512580': {'shares': 114300.0, 'price': 1.344, 'value': 153619.2, 'profit_pct': 1.256209853494927}, '515030': {'shares': 197600.0, 'price': 1.865, 'value': 368524.0, 'profit_pct': -1.6295214816861998}, '515050': {'shares': 716400.0, 'price': 0.709, 'value': 507927.6, 'profit_pct': 80.22689778414968}}",-0.004304445634098819,1.4569561291454378,-25.264152102837045
2025-11-04,57.62914543788065,1421818.7999999998,1421876.4291454377,"{'512400': {'shares': 248300.0, 'price': 1.667, 'value': 413916.10000000003, 'profit_pct': 13.211058146476242}, '512580': {'shares': 114300.0, 'price': 1.313, 'value': 150075.9, 'profit_pct': -1.079312844018731}, '515030': {'shares': 197600.0, 'price': 1.807, 'value': 357063.2, 'profit_pct': -4.688764245258428}, '515050': {'shares': 716400.0, 'price': 0.699, 'value': 500763.6, 'profit_pct': 77.68491050933798}}",-0.024077389358714507,1.4218764291454378,-27.063596211710706
2025-11-05,57.62914543788065,1433405.2,1433462.8291454378,"{'512400': {'shares': 248300.0, 'price': 1.674, 'value': 415654.2, 'profit_pct': 13.686449512418248}, '512580': {'shares': 114300.0, 'price': 1.354, 'value': 154762.2, 'profit_pct': 2.0096042720477176}, '515030': {'shares': 197600.0, 'price': 1.844, 'value': 364374.4, 'profit_pct': -2.737178344358897}, '515050': {'shares': 716400.0, 'price': 0.696, 'value': 498614.39999999997, 'profit_pct': 76.92231432689447}}",0.008148668732741893,1.4334628291454379,-26.469261618682427
2025-11-06,57.62914543788065,1468972.2,1469029.8291454378,"{'512400': {'shares': 248300.0, 'price': 1.728, 'value': 429062.4, 'profit_pct': 17.353754335399486}, '512580': {'shares': 114300.0, 'price': 1.37, 'value': 156591.0, 'profit_pct': 3.2150353417321815}, '515030': {'shares': 197600.0, 'price': 1.878, 'value': 371092.8, 'profit_pct': -0.943829138126913}, '515050': {'shares': 716400.0, 'price': 0.715, 'value': 512226.0, 'profit_pct': 81.7520901490367}}",0.024811944388682505,1.4690298291454378,-24.644821027106424
2025-11-07,57.62914543788065,1471260.7,1471318.3291454378,"{'512400': {'shares': 248300.0, 'price': 1.738, 'value': 431545.4, 'profit_pct': 18.032884858173787}, '512580': {'shares': 114300.0, 'price': 1.391, 'value': 158991.3, 'profit_pct': 4.797163620693033}, '515030': {'shares': 197600.0, 'price': 1.912, 'value': 377811.2, 'profit_pct': 0.8495200681050828}, '515050': {'shares': 716400.0, 'price': 0.702, 'value': 502912.8, 'profit_pct': 78.4475066917815}}",0.0015578308585681988,1.4713183291454377,-24.527430403949513
2025-11-10,57.62914543788065,1460478.6,1460536.229145438,"{'512400': {'shares': 248300.0, 'price': 1.746, 'value': 433531.8, 'profit_pct': 18.57618927639323}, '512580': {'shares': 114300.0, 'price': 1.38, 'value': 157734.0, 'profit_pct': 3.9684297602849554}, '515030': {'shares': 197600.0, 'price': 1.89, 'value': 373464.0, 'profit_pct': -0.3108823594567969}, '515050': {'shares': 716400.0, 'price': 0.692, 'value': 495748.8, 'profit_pct': 75.9055194169698}}",-0.007328189818896824,1.460536229145438,-25.080507720069278
2025-11-11,57.62914543788065,1436955.8,1437013.429145438,"{'512400': {'shares': 248300.0, 'price': 1.722, 'value': 427572.6, 'profit_pct': 16.946276021734903}, '512580': {'shares': 114300.0, 'price': 1.38, 'value': 157734.0, 'profit_pct': 3.9684297602849554}, '515030': {'shares': 197600.0, 'price': 1.87, 'value': 369512.0, 'profit_pct': -1.365793657240312}, '515050': {'shares': 716400.0, 'price': 0.673, 'value': 482137.2, 'profit_pct': 71.07574359482757}}",-0.016105591583827628,1.437013429145438,-26.287130464397556
2025-11-12,57.62914543788065,1432324.1,1432381.729145438,"{'512400': {'shares': 248300.0, 'price': 1.723, 'value': 427820.9, 'profit_pct': 17.01418907401234}, '512580': {'shares': 114300.0, 'price': 1.344, 'value': 153619.2, 'profit_pct': 1.256209853494927}, '515030': {'shares': 197600.0, 'price': 1.848, 'value': 365164.8, 'profit_pct': -2.5261960848021916}, '515050': {'shares': 716400.0, 'price': 0.678, 'value': 485719.2, 'profit_pct': 72.34673723223342}}",-0.0032231431565356017,1.432381729145438,-26.524717595389845
2025-11-13,57.62914543788065,1476335.8000000003,1476393.4291454381,"{'512400': {'shares': 248300.0, 'price': 1.794, 'value': 445450.2, 'profit_pct': 21.836015785709886}, '512580': {'shares': 114300.0, 'price': 1.392, 'value': 159105.59999999998, 'profit_pct': 4.8725030625483035}, '515030': {'shares': 197600.0, 'price': 1.961, 'value': 387493.60000000003, 'profit_pct': 3.4340527476747296}, '515050': {'shares': 716400.0, 'price': 0.676, 'value': 484286.4, 'profit_pct': 71.83833977727109}}",0.030726236661966944,1.4763934291454381,-24.26709867942094
2025-11-14,57.62914543788065,1441560.0,1441617.6291454379,"{'512400': {'shares': 248300.0, 'price': 1.76, 'value': 437008.0, 'profit_pct': 19.526972008277255}, '512580': {'shares': 114300.0, 'price': 1.376, 'value': 157276.8, 'profit_pct': 3.667071992863839}, '515030': {'shares': 197600.0, 'price': 1.924, 'value': 380182.39999999997, 'profit_pct': 1.482466846775199}, '515050': {'shares': 716400.0, 'price': 0.652, 'value': 467092.8, 'profit_pct': 65.737570317723}}",-0.023554561618530867,1.441617629145438,-26.050953970126635
2025-11-17,57.62914543788065,1449708.6,1449766.229145438,"{'512400': {'shares': 248300.0, 'price': 1.751, 'value': 434773.3, 'profit_pct': 18.915754537780373}, '512580': {'shares': 114300.0, 'price': 1.367, 'value': 156248.1, 'profit_pct': 2.9890170161663363}, '515030': {'shares': 197600.0, 'price': 1.96, 'value': 387296.0, 'profit_pct': 3.381307182785547}, '515050': {'shares': 716400.0, 'price': 0.658, 'value': 471391.2, 'profit_pct': 67.26276268261002}}",0.005652400355863119,1.4497662291454378,-25.63296435603164
2025-11-18,57.62914543788065,1418535.8,1418593.429145438,"{'512400': {'shares': 248300.0, 'price': 1.702, 'value': 422606.6, 'profit_pct': 15.588014976186296}, '512580': {'shares': 114300.0, 'price': 1.328, 'value': 151790.4, 'profit_pct': 0.0507787838104628}, '515030': {'shares': 197600.0, 'price': 1.89, 'value': 373464.0, 'profit_pct': -0.3108823594567969}, '515050': {'shares': 716400.0, 'price': 0.657, 'value': 470674.80000000005, 'profit_pct': 67.00856395512885}}",-0.021501949330392955,1.4185934291454378,-27.232000588299776
2025-11-19,57.62914543788065,1436481.8,1436539.429145438,"{'512400': {'shares': 248300.0, 'price': 1.75, 'value': 434525.0, 'profit_pct': 18.84784148550295}, '512580': {'shares': 114300.0, 'price': 1.336, 'value': 152704.80000000002, 'profit_pct': 0.653494318652695}, '515030': {'shares': 197600.0, 'price': 1.905, 'value': 376428.0, 'profit_pct': 0.4803011138808542}, '515050': {'shares': 716400.0, 'price': 0.66, 'value': 472824.0, 'profit_pct': 67.77116013757237}}",0.012650559089936397,1.4365394291454379,-26.3114447118856
2025-11-20,57.62914543788065,1426540.6,1426598.229145438,"{'512400': {'shares': 248300.0, 'price': 1.742, 'value': 432538.6, 'profit_pct': 18.30453706728351}, '512580': {'shares': 114300.0, 'price': 1.312, 'value': 149961.6, 'profit_pct': -1.1546522858740016}, '515030': {'shares': 197600.0, 'price': 1.875, 'value': 370500.0, 'profit_pct': -1.1020658327944362}, '515050': {'shares': 716400.0, 'price': 0.661, 'value': 473540.4, 'profit_pct': 68.02535886505353}}",-0.006920241657351278,1.426598229145438,-26.821387321860445
2025-11-21,57.62914543788065,1348117.3,1348174.929145438,"{'512400': {'shares': 248300.0, 'price': 1.65, 'value': 409695.0, 'profit_pct': 12.05653625775992}, '512580': {'shares': 114300.0, 'price': 1.245, 'value': 142303.5, 'profit_pct': -6.202394890177688}, '515030': {'shares': 197600.0, 'price': 1.763, 'value': 348368.8, 'profit_pct': -7.009569100382188}, '515050': {'shares': 716400.0, 'price': 0.625, 'value': 447750.0, 'profit_pct': 58.8742046757314}}",-0.05497223983446076,1.348174929145438,-30.844179568756246
2025-11-24,343829.4474511979,992470.4999999999,1336299.9474511978,"{'512400': {'shares': 248300.0, 'price': 1.638, 'value': 406715.39999999997, 'profit_pct': 11.241579630430756}, '512580': {'shares': 114300.0, 'price': 1.245, 'value': 142303.5, 'profit_pct': -6.202394890177688}, '515050': {'shares': 716400.0, 'price': 0.619, 'value': 443451.6, 'profit_pct': 57.34901231084437}}",-0.008808190567500929,1.3362999474511978,-31.453317213966514
2025-11-25,343829.4474511979,1020660.3,1364489.7474511978,"{'512400': {'shares': 248300.0, 'price': 1.674, 'value': 415654.2, 'profit_pct': 13.686449512418248}, '512580': {'shares': 114300.0, 'price': 1.263, 'value': 144360.9, 'profit_pct': -4.846284936782682}, '515050': {'shares': 716400.0, 'price': 0.643, 'value': 460645.2, 'profit_pct': 63.44978177039246}}",0.021095413536285745,1.3644897474511979,-30.007296594054534
2025-11-26,343829.4474511979,1044415.8,1388245.2474511978,"{'512400': {'shares': 248300.0, 'price': 1.674, 'value': 415654.2, 'profit_pct': 13.686449512418248}, '512580': {'shares': 114300.0, 'price': 1.264, 'value': 144475.2, 'profit_pct': -4.770945494927395}, '515050': {'shares': 716400.0, 'price': 0.676, 'value': 484286.4, 'profit_pct': 71.83833977727109}}",0.01740980468660469,1.388245247451198,-28.788737298269574
2025-11-27,343829.4474511979,1043365.3,1387194.7474511978,"{'512400': {'shares': 248300.0, 'price': 1.676, 'value': 416150.8, 'profit_pct': 13.822275616973107}, '512580': {'shares': 114300.0, 'price': 1.263, 'value': 144360.9, 'profit_pct': -4.846284936782682}, '515050': {'shares': 716400.0, 'price': 0.674, 'value': 482853.60000000003, 'profit_pct': 71.32994232230875}}",-0.0007567106762502718,1.3871947474511979,-28.842623621025233
2025-11-28,133550.06674655806,1261985.2,1395535.266746558,"{'512690': {'shares': 594400.0, 'price': 0.583, 'value': 346535.19999999995, 'profit_pct': -0.09990009990008093}, '512400': {'shares': 248300.0, 'price': 1.704, 'value': 423103.2, 'profit_pct': 15.723841080741158}, '512580': {'shares': 114300.0, 'price': 1.276, 'value': 145846.8, 'profit_pct': -3.866872192664047}, '515030': {'shares': 192500.0, 'price': 1.8, 'value': 346500.0, 'profit_pct': -0.09990009990007659}}",0.006012507840506887,1.395535266746558,-28.414789337636748
2025-12-01,133550.06674655806,1277934.7,1411484.766746558,"{'512690': {'shares': 594400.0, 'price': 0.583, 'value': 346535.19999999995, 'profit_pct': -0.09990009990008093}, '512400': {'shares': 248300.0, 'price': 1.756, 'value': 436014.8, 'profit_pct': 19.255319799167534}, '512580': {'shares': 114300.0, 'price': 1.279, 'value': 146189.69999999998, 'profit_pct': -3.6408538670982176}, '515030': {'shares': 192500.0, 'price': 1.814, 'value': 349195.0, 'profit_pct': 0.6771006771007013}}",0.011428948003000539,1.411484766746558,-27.596645687192755
2025-12-02,133550.06674655806,1261321.0,1394871.066746558,"{'512690': {'shares': 594400.0, 'price': 0.577, 'value': 342968.8, 'profit_pct': -1.1280314882373024}, '512400': {'shares': 248300.0, 'price': 1.731, 'value': 429807.30000000005, 'profit_pct': 17.55749349223178}, '512580': {'shares': 114300.0, 'price': 1.268, 'value': 144932.4, 'profit_pct': -4.469587727506279}, '515030': {'shares': 192500.0, 'price': 1.785, 'value': 343612.5, 'profit_pct': -0.9324009324009161}}",-0.01177037144955817,1.394871066746558,-28.44886006164846
2025-12-03,133550.06674655806,1251974.9,1385524.966746558,"{'512690': {'shares': 594400.0, 'price': 0.57, 'value': 338808.0, 'profit_pct': -2.3275181079640603}, '512400': {'shares': 248300.0, 'price': 1.742, 'value': 432538.6, 'profit_pct': 18.30453706728351}, '512580': {'shares': 114300.0, 'price': 1.256, 'value': 143560.8, 'profit_pct': -5.373661029769627}, '515030': {'shares': 192500.0, 'price': 1.751, 'value': 337067.5, 'profit_pct': -2.8194028194028053}}",-0.006700332541701659,1.385524966746558,-28.928276492973247
2025-12-04,133550.06674655806,1251273.3,1384823.366746558,"{'512690': {'shares': 594400.0, 'price': 0.561, 'value': 333458.4, 'profit_pct': -3.869715190469874}, '512400': {'shares': 248300.0, 'price': 1.748, 'value': 434028.4, 'profit_pct': 18.712015380948092}, '512580': {'shares': 114300.0, 'price': 1.255, 'value': 143446.5, 'profit_pct': -5.449000471624914}, '515030': {'shares': 192500.0, 'price': 1.768, 'value': 340340.0, 'profit_pct': -1.8759018759018544}}",-0.0005063784607558519,1.3848233667465581,-28.964265682926005
2025-12-05,133550.06674655806,1267046.5,1400596.566746558,"{'512690': {'shares': 594400.0, 'price': 0.563, 'value': 334647.19999999995, 'profit_pct': -3.527004727690819}, '512400': {'shares': 248300.0, 'price': 1.793, 'value': 445201.89999999997, 'profit_pct': 21.76810273343245}, '512580': {'shares': 114300.0, 'price': 1.268, 'value': 144932.4, 'profit_pct': -4.469587727506279}, '515030': {'shares': 192500.0, 'price': 1.778, 'value': 342265.0, 'profit_pct': -1.320901320901299}}",0.011390044664726373,1.400596566746558,-28.155165496262903
2025-12-08,133550.06674655806,1276772.2000000002,1410322.2667465582,"{'512690': {'shares': 594400.0, 'price': 0.557, 'value': 331080.80000000005, 'profit_pct': -4.555136116028021}, '512400': {'shares': 248300.0, 'price': 1.806, 'value': 448429.8, 'profit_pct': 22.65097241303905}, '512580': {'shares': 114300.0, 'price': 1.287, 'value': 147104.09999999998, 'profit_pct': -3.0381383322559854}, '515030': {'shares': 192500.0, 'price': 1.819, 'value': 350157.5, 'profit_pct': 0.9546009546009728}}",0.006943969613314227,1.4103222667465583,-27.656277148595365
2025-12-09,133550.06674655806,1251392.1,1384942.1667465582,"{'512690': {'shares': 594400.0, 'price': 0.549, 'value': 326325.60000000003, 'profit_pct': -5.925977967144316}, '512400': {'shares': 248300.0, 'price': 1.746, 'value': 433531.8, 'profit_pct': 18.57618927639323}, '512580': {'shares': 114300.0, 'price': 1.279, 'value': 146189.69999999998, 'profit_pct': -3.6408538670982176}, '515030': {'shares': 192500.0, 'price': 1.794, 'value': 345345.0, 'profit_pct': -0.43290043290041}}",-0.017995957802289353,1.3849421667465582,-28.958171732289763
2025-12-10,133550.06674655806,1258636.1,1392186.1667465582,"{'512690': {'shares': 594400.0, 'price': 0.553, 'value': 328703.2, 'profit_pct': -5.240557041586169}, '512400': {'shares': 248300.0, 'price': 1.764, 'value': 438001.2, 'profit_pct': 19.798624217386976}, '512580': {'shares': 114300.0, 'price': 1.269, 'value': 145046.69999999998, 'profit_pct': -4.394248285651008}, '515030': {'shares': 192500.0, 'price': 1.802, 'value': 346885.0, 'profit_pct': 0.011100011100034527}}",0.00523054332082129,1.3921861667465583,-28.586584371945158
2025-12-11,133550.06674655806,1250743.5,1384293.566746558,"{'512690': {'shares': 594400.0, 'price': 0.55, 'value': 326920.0, 'profit_pct': -5.754622735754779}, '512400': {'shares': 248300.0, 'price': 1.751, 'value': 434773.3, 'profit_pct': 18.915754537780373}, '512580': {'shares': 114300.0, 'price': 1.264, 'value': 144475.2, 'profit_pct': -4.770945494927395}, '515030': {'shares': 192500.0, 'price': 1.79, 'value': 344575.0, 'profit_pct': -0.6549006549006322}}",-0.005669213061098355,1.3842935667465581,-28.991442240561373
2025-12-12,133550.06674655806,1255351.8,1388901.866746558,"{'512690': {'shares': 594400.0, 'price': 0.551, 'value': 327514.4, 'profit_pct': -5.583267504365243}, '512400': {'shares': 248300.0, 'price': 1.77, 'value': 439491.0, 'profit_pct': 20.20610253105156}, '512580': {'shares': 114300.0, 'price': 1.273, 'value': 145503.9, 'profit_pct': -4.0928905182298925}, '515030': {'shares': 192500.0, 'price': 1.781, 'value': 342842.5, 'profit_pct': -1.1544011544011386}}",0.00332899040398682,1.388901866746558,-28.755055433179255
2025-12-15,133550.06674655806,1246654.5,1380204.566746558,"{'512690': {'shares': 594400.0, 'price': 0.554, 'value': 329297.60000000003, 'profit_pct': -5.069201810196632}, '512400': {'shares': 248300.0, 'price': 1.762, 'value': 437504.6, 'profit_pct': 19.662798112832114}, '512580': {'shares': 114300.0, 'price': 1.261, 'value': 144132.3, 'profit_pct': -4.9969638204932405}, '515030': {'shares': 192500.0, 'price': 1.744, 'value': 335720.0, 'profit_pct': -3.207903207903188}}",-0.006261997487535309,1.3802045667465581,-29.201191097056277
2025-12-16,133550.06674655806,1226874.1,1360424.1667465582,"{'512690': {'shares': 594400.0, 'price': 0.555, 'value': 329892.0, 'profit_pct': -4.897846578807095}, '512400': {'shares': 248300.0, 'price': 1.715, 'value': 425834.5, 'profit_pct': 16.470884655792897}, '512580': {'shares': 114300.0, 'price': 1.232, 'value': 140817.6, 'profit_pct': -7.181807634296324}, '515030': {'shares': 192500.0, 'price': 1.716, 'value': 330330.0, 'profit_pct': -4.761904761904743}}",-0.014331498733283099,1.3604241667465582,-30.21584413716677
2025-12-17,133550.06674655806,1253071.7999999998,1386621.8667465579,"{'512690': {'shares': 594400.0, 'price': 0.553, 'value': 328703.2, 'profit_pct': -5.240557041586169}, '512400': {'shares': 248300.0, 'price': 1.775, 'value': 440732.5, 'profit_pct': 20.545667792438703}, '512580': {'shares': 114300.0, 'price': 1.252, 'value': 143103.6, 'profit_pct': -5.675018797190743}, '515030': {'shares': 192500.0, 'price': 1.769, 'value': 340532.5, 'profit_pct': -1.820401820401805}}",0.01925700868917324,1.386621866746558,-28.872010041349572
2025-12-18,133550.06674655806,1243400.8,1376950.866746558,"{'512690': {'shares': 594400.0, 'price': 0.552, 'value': 328108.80000000005, 'profit_pct': -5.411912272975706}, '512400': {'shares': 248300.0, 'price': 1.772, 'value': 439987.6, 'profit_pct': 20.34192863560642}, '512580': {'shares': 114300.0, 'price': 1.233, 'value': 140931.90000000002, 'profit_pct': -7.106468192441036}, '515030': {'shares': 192500.0, 'price': 1.737, 'value': 334372.5, 'profit_pct': -3.596403596403571}}",-0.006974504175886742,1.3769508667465582,-29.368092504338605
2025-12-19,133550.06674655806,1257966.2999999998,1391516.3667465579,"{'512690': {'shares': 594400.0, 'price': 0.554, 'value': 329297.60000000003, 'profit_pct': -5.069201810196632}, '512400': {'shares': 248300.0, 'price': 1.807, 'value': 448678.1, 'profit_pct': 22.718885465316472}, '512580': {'shares': 114300.0, 'price': 1.242, 'value': 141960.6, 'profit_pct': -6.428413215743534}, '515030': {'shares': 192500.0, 'price': 1.756, 'value': 338030.0, 'profit_pct': -2.541902541902521}}",0.010578082596668814,1.391516366746558,-28.620942352889234
2025-12-22,133550.06674655806,1274029.4,1407579.466746558,"{'512690': {'shares': 594400.0, 'price': 0.553, 'value': 328703.2, 'profit_pct': -5.240557041586169}, '512400': {'shares': 248300.0, 'price': 1.847, 'value': 458610.1, 'profit_pct': 25.435407556413686}, '512580': {'shares': 114300.0, 'price': 1.252, 'value': 143103.6, 'profit_pct': -5.675018797190743}, '515030': {'shares': 192500.0, 'price': 1.785, 'value': 343612.5, 'profit_pct': -0.9324009324009161}}",0.011543594012880076,1.407579466746558,-27.796971490389033
2025-12-23,133550.06674655806,1283407.1,1416957.1667465582,"{'512690': {'shares': 594400.0, 'price': 0.55, 'value': 326920.0, 'profit_pct': -5.754622735754779}, '512400': {'shares': 248300.0, 'price': 1.859, 'value': 461589.7, 'profit_pct': 26.250364183742846}, '512580': {'shares': 114300.0, 'price': 1.268, 'value': 144932.4, 'profit_pct': -4.469587727506279}, '515030': {'shares': 192500.0, 'price': 1.818, 'value': 349965.0, 'profit_pct': 0.8991008991009235}}",0.00666228814894243,1.4169571667465581,-27.315934109231698
2025-12-24,133550.06674655806,1288388.9,1421938.966746558,"{'512690': {'shares': 594400.0, 'price': 0.548, 'value': 325731.2, 'profit_pct': -6.097333198533853}, '512400': {'shares': 248300.0, 'price': 1.869, 'value': 464072.7, 'profit_pct': 26.929494706517154}, '512580': {'shares': 114300.0, 'price': 1.275, 'value': 145732.5, 'profit_pct': -3.942211634519334}, '515030': {'shares': 192500.0, 'price': 1.833, 'value': 352852.5, 'profit_pct': 1.7316017316017507}}",0.003515843750900638,1.421938966746558,-27.06038829037959
2025-12-25,133550.06674655806,1288183.1,1421733.1667465582,"{'512690': {'shares': 594400.0, 'price': 0.554, 'value': 329297.60000000003, 'profit_pct': -5.069201810196632}, '512400': {'shares': 248300.0, 'price': 1.847, 'value': 458610.1, 'profit_pct': 25.435407556413686}, '512580': {'shares': 114300.0, 'price': 1.278, 'value': 146075.4, 'profit_pct': -3.7161933089534886}, '515030': {'shares': 192500.0, 'price': 1.84, 'value': 354200.0, 'profit_pct': 2.1201021201021457}}",-0.00014473195039499398,1.4217331667465583,-27.070944982643375
2025-12-26,133550.06674655806,1314988.2,1448538.266746558,"{'512690': {'shares': 594400.0, 'price': 0.55, 'value': 326920.0, 'profit_pct': -5.754622735754779}, '512400': {'shares': 248300.0, 'price': 1.92, 'value': 476736.0, 'profit_pct': 30.393060372666092}, '512580': {'shares': 114300.0, 'price': 1.304, 'value': 149047.2, 'profit_pct': -1.7573678207162338}, '515030': {'shares': 192500.0, 'price': 1.882, 'value': 362285.0, 'profit_pct': 4.4511044511044675}}",0.01885381914620421,1.448538266746558,-25.69595376884255
2025-12-29,133550.06674655806,1292674.7,1426224.766746558,"{'512690': {'shares': 594400.0, 'price': 0.543, 'value': 322759.2, 'profit_pct': -6.954109355481538}, '512400': {'shares': 248300.0, 'price': 1.878, 'value': 466307.39999999997, 'profit_pct': 27.540712177014015}, '512580': {'shares': 114300.0, 'price': 1.292, 'value': 147675.6, 'profit_pct': -2.661441122979582}, '515030': {'shares': 192500.0, 'price': 1.849, 'value': 355932.5, 'profit_pct': 2.61960261960264}}",-0.01540414948796387,1.426224766746558,-26.840544404547874
2025-12-30,133550.06674655806,1304657.4000000001,1438207.4667465582,"{'512690': {'shares': 594400.0, 'price': 0.541, 'value': 321570.4, 'profit_pct': -7.296819818260612}, '512400': {'shares': 248300.0, 'price': 1.909, 'value': 474004.7, 'profit_pct': 29.646016797614365}, '512580': {'shares': 114300.0, 'price': 1.286, 'value': 146989.80000000002, 'profit_pct': -3.1134777741112565}, '515030': {'shares': 192500.0, 'price': 1.881, 'value': 362092.5, 'profit_pct': 4.395604395604417}}",0.008401691149519497,1.4382074667465583,-26.2258812539679
2025-12-31,44.89606949800509,1434427.4,1434472.296069498,"{'512660': {'shares': 260200.0, 'price': 1.373, 'value': 357254.6, 'profit_pct': -0.09990009990008876}, '512670': {'shares': 395200.0, 'price': 0.904, 'value': 357260.8, 'profit_pct': -0.09990009990008941}, '512400': {'shares': 248300.0, 'price': 1.927, 'value': 478474.10000000003, 'profit_pct': 30.868451738608112}, '515050': {'shares': 318100.0, 'price': 0.759, 'value': 241437.9, 'profit_pct': -0.09990009990009387}}",-0.0025971014359352784,1.434472296069498,-26.417480123698066
2026-01-05,44.89606949800509,1469598.9000000001,1469643.7960694982,"{'512660': {'shares': 260200.0, 'price': 1.407, 'value': 366101.4, 'profit_pct': 2.3739552508671364}, '512670': {'shares': 395200.0, 'price': 0.923, 'value': 364769.60000000003, 'profit_pct': 1.9997701413630744}, '512400': {'shares': 248300.0, 'price': 1.981, 'value': 491882.30000000005, 'profit_pct': 34.535756561589345}, '515050': {'shares': 318100.0, 'price': 0.776, 'value': 246845.6, 'profit_pct': 2.1376515447661775}}",0.024518772580252257,1.4696437960694981,-24.613327052969137
2026-01-06,44.89606949800509,1513753.0999999999,1513797.996069498,"{'512660': {'shares': 260200.0, 'price': 1.453, 'value': 378070.60000000003, 'profit_pct': 5.720936019552206}, '512670': {'shares': 395200.0, 'price': 0.954, 'value': 377020.8, 'profit_pct': 5.425547903424014}, '512400': {'shares': 248300.0, 'price': 2.06, 'value': 511498.0, 'profit_pct': 39.900887691506334}, '515050': {'shares': 318100.0, 'price': 0.777, 'value': 247163.7, 'profit_pct': 2.269272229746546}}",0.03004415091472401,1.5137979960694978,-22.348398473989604
2026-01-07,44.89606949800509,1512212.4,1512257.296069498,"{'512660': {'shares': 260200.0, 'price': 1.44, 'value': 374688.0, 'profit_pct': 4.775050150141199}, '512670': {'shares': 395200.0, 'price': 0.948, 'value': 374649.6, 'profit_pct': 4.762494143025119}, '512400': {'shares': 248300.0, 'price': 2.068, 'value': 513484.4, 'profit_pct': 40.444192109725776}, '515050': {'shares': 318100.0, 'price': 0.784, 'value': 249390.40000000002, 'profit_pct': 3.1906170246091285}}",-0.0010177711980068338,1.512257296069498,-22.427430037501882
2026-01-08,44.89606949800509,1536293.3,1536338.196069498,"{'512660': {'shares': 260200.0, 'price': 1.505, 'value': 391601.0, 'profit_pct': 9.504479497196181}, '512670': {'shares': 395200.0, 'price': 0.996, 'value': 393619.2, 'profit_pct': 10.06692422621627}, '512400': {'shares': 248300.0, 'price': 2.032, 'value': 504545.60000000003, 'profit_pct': 37.99932222773828}, '515050': {'shares': 318100.0, 'price': 0.775, 'value': 246527.5, 'profit_pct': 2.0060308597858083}}",0.01592381141925303,1.5363381960694982,-21.19217906211225
2026-01-09,44.89606949800509,1583078.9,1583123.796069498,"{'512660': {'shares': 260200.0, 'price': 1.567, 'value': 407733.39999999997, 'profit_pct': 14.01562748977171}, '512670': {'shares': 395200.0, 'price': 1.033, 'value': 408241.6, 'profit_pct': 14.155755748676102}, '512400': {'shares': 248300.0, 'price': 2.094, 'value': 519940.19999999995, 'profit_pct': 42.20993146893895}, '515050': {'shares': 318100.0, 'price': 0.777, 'value': 247163.7, 'profit_pct': 2.269272229746546}}",0.030452669939271315,1.583123796069498,-18.792270502457566
2026-01-12,44.89606949800509,1653218.4,1653263.296069498,"{'512660': {'shares': 260200.0, 'price': 1.682, 'value': 437656.39999999997, 'profit_pct': 22.383079411484374}, '512670': {'shares': 395200.0, 'price': 1.106, 'value': 437091.2, 'profit_pct': 22.22290983352932}, '512400': {'shares': 248300.0, 'price': 2.118, 'value': 525899.4, 'profit_pct': 43.839844723597274}, '515050': {'shares': 318100.0, 'price': 0.794, 'value': 252571.40000000002, 'profit_pct': 4.5068238744128175}}",0.044304494805863515,1.653263296069498,-15.194403072737728
2026-01-13,44.89606949800509,1583713.0,1583757.896069498,"{'512660': {'shares': 260200.0, 'price': 1.552, 'value': 403830.4, 'profit_pct': 12.924220717374412}, '512670': {'shares': 395200.0, 'price': 1.023, 'value': 404289.6, 'profit_pct': 13.050666148011281}, '512400': {'shares': 248300.0, 'price': 2.141, 'value': 531610.3, 'profit_pct': 45.40184492597818}, '515050': {'shares': 318100.0, 'price': 0.767, 'value': 243982.7, 'profit_pct': 0.9530653799428573}}",-0.042041337375143706,1.583757896069498,-18.759743784457218
2026-01-14,44.89606949800509,1596554.8,1596599.696069498,"{'512660': {'shares': 260200.0, 'price': 1.563, 'value': 406692.6, 'profit_pct': 13.724585683799093}, '512670': {'shares': 395200.0, 'price': 1.035, 'value': 409031.99999999994, 'profit_pct': 14.376773668809067}, '512400': {'shares': 248300.0, 'price': 2.148, 'value': 533348.4, 'profit_pct': 45.877236291920205}, '515050': {'shares': 318100.0, 'price': 0.778, 'value': 247481.80000000002, 'profit_pct': 2.4008929147269154}}",0.008108436290590992,1.5965996960694981,-18.101012342702195
2026-01-15,44.89606949800509,1586833.1,1586877.9960694981,"{'512660': {'shares': 260200.0, 'price': 1.503, 'value': 391080.6, 'profit_pct': 9.358958594209874}, '512670': {'shares': 395200.0, 'price': 1.003, 'value': 396385.6, 'profit_pct': 10.840486946681633}, '512400': {'shares': 248300.0, 'price': 2.206, 'value': 547749.8, 'profit_pct': 49.81619332401115}, '515050': {'shares': 318100.0, 'price': 0.791, 'value': 251617.1, 'profit_pct': 4.111961819471711}}",-0.006089002787569631,1.586877996069498,-18.599695506846604
2026-01-16,44.89606949800509,1582134.0999999999,1582178.996069498,"{'512660': {'shares': 260200.0, 'price': 1.495, 'value': 388999.0, 'profit_pct': 8.77687498226466}, '512670': {'shares': 395200.0, 'price': 1.007, 'value': 397966.39999999997, 'profit_pct': 11.282522786947563}, '512400': {'shares': 248300.0, 'price': 2.175, 'value': 540052.5, 'profit_pct': 47.710888703410795}, '515050': {'shares': 318100.0, 'price': 0.802, 'value': 255116.2, 'profit_pct': 5.559789354255769}}",-0.0029611602225496636,1.5821789960694979,-18.84073485061516
2026-01-19,44.89606949800509,1594860.7999999998,1594905.6960694978,"{'512660': {'shares': 260200.0, 'price': 1.526, 'value': 397065.2, 'profit_pct': 11.032448978552416}, '512670': {'shares': 395200.0, 'price': 1.028, 'value': 406265.60000000003, 'profit_pct': 13.603210948343703}, '512400': {'shares': 248300.0, 'price': 2.177, 'value': 540549.1, 'profit_pct': 47.846714807965675}, '515050': {'shares': 318100.0, 'price': 0.789, 'value': 250980.90000000002, 'profit_pct': 3.8487204495109726}}",0.008043780148526913,1.5949056960694978,-18.187907564737515
2026-01-20,44.89606949800509,1564917.8,1564962.696069498,"{'512660': {'shares': 260200.0, 'price': 1.477, 'value': 384315.4, 'profit_pct': 7.467186855387893}, '512670': {'shares': 395200.0, 'price': 0.997, 'value': 394014.4, 'profit_pct': 10.177433186282752}, '512400': {'shares': 248300.0, 'price': 2.184, 'value': 542287.2000000001, 'profit_pct': 48.32210617390769}, '515050': {'shares': 318100.0, 'price': 0.768, 'value': 244300.80000000002, 'profit_pct': 1.0846860649232262}}",-0.018774150768783082,1.564962696069498,-19.723860122826753
2026-01-21,44.89606949800509,1586860.4,1586905.296069498,"{'512660': {'shares': 260200.0, 'price': 1.479, 'value': 384835.80000000005, 'profit_pct': 7.612707758374201}, '512670': {'shares': 395200.0, 'price': 0.999, 'value': 394804.8, 'profit_pct': 10.398451106415717}, '512400': {'shares': 248300.0, 'price': 2.253, 'value': 559419.9, 'profit_pct': 53.00810678105038}, '515050': {'shares': 318100.0, 'price': 0.779, 'value': 247799.9, 'profit_pct': 2.532513599707284}}",0.014021164884703063,1.586905296069498,-18.598295129301423
2026-01-22,44.89606949800509,1612604.7,1612649.596069498,"{'512660': {'shares': 260200.0, 'price': 1.526, 'value': 397065.2, 'profit_pct': 11.032448978552416}, '512670': {'shares': 395200.0, 'price': 1.031, 'value': 407451.19999999995, 'profit_pct': 13.934737828543136}, '512400': {'shares': 248300.0, 'price': 2.236, 'value': 555198.8, 'profit_pct': 51.85358489233407}, '515050': {'shares': 318100.0, 'price': 0.795, 'value': 252889.5, 'profit_pct': 4.638444559393187}}",0.0162229592804084,1.612649596069498,-17.27771858582825
2026-01-23,44.89606949800509,1649426.1,1649470.9960694981,"{'512660': {'shares': 260200.0, 'price': 1.574, 'value': 409554.8, 'profit_pct': 14.524950650223792}, '512670': {'shares': 395200.0, 'price': 1.064, 'value': 420492.80000000005, 'profit_pct': 17.581533510737067}, '512400': {'shares': 248300.0, 'price': 2.293, 'value': 569351.9, 'profit_pct': 55.7246288721476}, '515050': {'shares': 318100.0, 'price': 0.786, 'value': 250026.6, 'profit_pct': 3.4538583945698664}}",0.022832858476971474,1.6494709960694982,-15.388932441406256
2026-01-26,44.89606949800509,1642720.4999999998,1642765.3960694978,"{'512660': {'shares': 260200.0, 'price': 1.503, 'value': 391080.6, 'profit_pct': 9.358958594209874}, '512670': {'shares': 395200.0, 'price': 1.025, 'value': 405079.99999999994, 'profit_pct': 13.271684068144243}, '512400': {'shares': 248300.0, 'price': 2.414, 'value': 599396.2000000001, 'profit_pct': 63.94210819771665}, '515050': {'shares': 318100.0, 'price': 0.777, 'value': 247163.7, 'profit_pct': 2.269272229746546}}",-0.004065303370583084,1.642765396069498,-15.732902099540835
2026-01-27,44.89606949800509,1655255.2999999998,1655300.1960694978,"{'512660': {'shares': 260200.0, 'price': 1.525, 'value': 396805.0, 'profit_pct': 10.959688527059255}, '512670': {'shares': 395200.0, 'price': 1.043, 'value': 412193.6, 'profit_pct': 15.260845349340926}, '512400': {'shares': 248300.0, 'price': 2.391, 'value': 593685.3, 'profit_pct': 62.38010799533574}, '515050': {'shares': 318100.0, 'price': 0.794, 'value': 252571.40000000002, 'profit_pct': 4.5068238744128175}}",0.007630304381861741,1.6553001960694977,-15.089918493184184
2026-01-28,44.89606949800509,1683470.5,1683515.396069498,"{'512660': {'shares': 260200.0, 'price': 1.503, 'value': 391080.6, 'profit_pct': 9.358958594209874}, '512670': {'shares': 395200.0, 'price': 1.028, 'value': 406265.60000000003, 'profit_pct': 13.603210948343703}, '512400': {'shares': 248300.0, 'price': 2.549, 'value': 632916.7, 'profit_pct': 73.11037025516973}, '515050': {'shares': 318100.0, 'price': 0.796, 'value': 253207.6, 'profit_pct': 4.770065244373555}}",0.01704536740042495,1.683515396069498,-13.642594957900467
2026-01-29,44.89606949800509,1672116.7,1672161.596069498,"{'512660': {'shares': 260200.0, 'price': 1.473, 'value': 383274.60000000003, 'profit_pct': 7.176145049415279}, '512670': {'shares': 395200.0, 'price': 1.003, 'value': 396385.6, 'profit_pct': 10.840486946681633}, '512400': {'shares': 248300.0, 'price': 2.595, 'value': 644338.5, 'profit_pct': 76.23437065993153}, '515050': {'shares': 318100.0, 'price': 0.78, 'value': 248118.0, 'profit_pct': 2.664134284687653}}",-0.006744102267497998,1.672161596069498,-14.224998129060129
2026-01-30,22.708409848070005,1597759.5,1597782.2084098482,"{'159995': {'shares': 251000.0, 'price': 1.005, 'value': 252254.99999999997, 'profit_pct': -0.09990009990009223}, '512660': {'shares': 260200.0, 'price': 1.446, 'value': 376249.2, 'profit_pct': 5.211612859100121}, '512670': {'shares': 395200.0, 'price': 0.983, 'value': 388481.6, 'profit_pct': 8.630307745351999}, '512400': {'shares': 248300.0, 'price': 2.339, 'value': 580773.7, 'profit_pct': 58.84862927690937}}",-0.04448098068660489,1.597782208409848,-18.040354330674912
2026-02-02,22.708409848070005,1512293.9,1512316.608409848,"{'159995': {'shares': 251000.0, 'price': 0.956, 'value': 239956.0, 'profit_pct': -4.9706512393079425}, '512660': {'shares': 260200.0, 'price': 1.42, 'value': 369484.0, 'profit_pct': 3.319841120278126}, '512670': {'shares': 395200.0, 'price': 0.962, 'value': 380182.39999999997, 'profit_pct': 6.309619583955872}, '512400': {'shares': 248300.0, 'price': 2.105, 'value': 522671.5, 'profit_pct': 42.95697504399069}}",-0.05349014374434524,1.512316608409848,-22.424387558762714
2026-02-03,22.708409848070005,1584447.3000000003,1584470.0084098484,"{'159995': {'shares': 251000.0, 'price': 0.968, 'value': 242968.0, 'profit_pct': -3.7778142255754052}, '512660': {'shares': 260200.0, 'price': 1.483, 'value': 385876.60000000003, 'profit_pct': 7.903749564346815}, '512670': {'shares': 395200.0, 'price': 1.005, 'value': 397175.99999999994, 'profit_pct': 11.061504866814598}, '512400': {'shares': 248300.0, 'price': 2.249, 'value': 558426.7000000001, 'profit_pct': 52.73645457194066}}",0.047710512202777,1.5844700084098484,-18.723215354747158
2026-02-04,22.708409848070005,1581587.1,1581609.8084098483,"{'159995': {'shares': 251000.0, 'price': 0.949, 'value': 238199.0, 'profit_pct': -5.666472830651922}, '512660': {'shares': 260200.0, 'price': 1.485, 'value': 386397.0, 'profit_pct': 8.049270467333123}, '512670': {'shares': 395200.0, 'price': 1.006, 'value': 397571.2, 'profit_pct': 11.172013826881093}, '512400': {'shares': 248300.0, 'price': 2.253, 'value': 559419.9, 'profit_pct': 53.00810678105038}}",-0.0018051461907256927,1.5816098084098482,-18.869931832943976
2026-02-05,22.708409848070005,1543298.2000000002,1543320.9084098483,"{'159995': {'shares': 251000.0, 'price': 0.935, 'value': 234685.0, 'profit_pct': -7.0581160133398715}, '512660': {'shares': 260200.0, 'price': 1.466, 'value': 381453.2, 'profit_pct': 6.666821888963195}, '512670': {'shares': 395200.0, 'price': 0.999, 'value': 394804.8, 'profit_pct': 10.398451106415717}, '512400': {'shares': 248300.0, 'price': 2.144, 'value': 532355.2000000001, 'profit_pct': 45.60558408281048}}",-0.024208815471684297,1.5433209084098483,-20.8339946824054
2026-02-06,22.708409848070005,1527958.5,1527981.2084098482,"{'159995': {'shares': 251000.0, 'price': 0.925, 'value': 232175.0, 'profit_pct': -8.052146858116986}, '512660': {'shares': 260200.0, 'price': 1.44, 'value': 374688.0, 'profit_pct': 4.775050150141199}, '512670': {'shares': 395200.0, 'price': 0.978, 'value': 386505.6, 'profit_pct': 8.077762945019588}, '512400': {'shares': 248300.0, 'price': 2.153, 'value': 534589.9, 'profit_pct': 46.21680155330735}}",-0.009939410472838972,1.527981208409848,-21.620858104751928
2026-02-09,22.708409848070005,1561937.2999999998,1561960.008409848,"{'159995': {'shares': 251000.0, 'price': 0.958, 'value': 240458.0, 'profit_pct': -4.771845070352519}, '512660': {'shares': 260200.0, 'price': 1.466, 'value': 381453.2, 'profit_pct': 6.666821888963195}, '512670': {'shares': 395200.0, 'price': 0.997, 'value': 394014.4, 'profit_pct': 10.177433186282752}, '512400': {'shares': 248300.0, 'price': 2.199, 'value': 546011.7, 'profit_pct': 49.34080195806912}}",0.022237708037889492,1.561960008409848,-19.877885631025084
2026-02-10,22.708409848070005,1563230.7000000002,1563253.4084098483,"{'159995': {'shares': 251000.0, 'price': 0.964, 'value': 241964.0, 'profit_pct': -4.175426563486251}, '512660': {'shares': 260200.0, 'price': 1.469, 'value': 382233.80000000005, 'profit_pct': 6.885103243442664}, '512670': {'shares': 395200.0, 'price': 0.997, 'value': 394014.4, 'profit_pct': 10.177433186282752}, '512400': {'shares': 248300.0, 'price': 2.195, 'value': 545018.5, 'profit_pct': 49.069149748959404}}",0.0008280621738305793,1.5632534084098484,-19.811539538828804
2026-02-11,22.708409848070005,1568048.7999999998,1568071.508409848,"{'159995': {'shares': 251000.0, 'price': 0.95, 'value': 238450.0, 'profit_pct': -5.5670697461742105}, '512660': {'shares': 260200.0, 'price': 1.458, 'value': 379371.6, 'profit_pct': 6.0847382770179665}, '512670': {'shares': 395200.0, 'price': 0.987, 'value': 390062.4, 'profit_pct': 9.07234358561793}, '512400': {'shares': 248300.0, 'price': 2.256, 'value': 560164.7999999999, 'profit_pct': 53.21184593788265}}",0.003082097869788525,1.568071508409848,-19.56439085565981
2026-02-12,22.708409848070005,1586381.9,1586404.608409848,"{'159995': {'shares': 251000.0, 'price': 0.967, 'value': 242717.0, 'profit_pct': -3.877217310053116}, '512660': {'shares': 260200.0, 'price': 1.478, 'value': 384575.6, 'profit_pct': 7.539947306881039}, '512670': {'shares': 395200.0, 'price': 1.0, 'value': 395200.0, 'profit_pct': 10.5089600664822}, '512400': {'shares': 248300.0, 'price': 2.271, 'value': 563889.2999999999, 'profit_pct': 54.23054172204411}}",0.011691494872317021,1.586404608409848,-18.623978343797056
2026-02-13,22.708409848070005,1571332.9,1571355.608409848,"{'159995': {'shares': 251000.0, 'price': 0.968, 'value': 242968.0, 'profit_pct': -3.7778142255754052}, '512660': {'shares': 260200.0, 'price': 1.483, 'value': 385876.60000000003, 'profit_pct': 7.903749564346815}, '512670': {'shares': 395200.0, 'price': 1.007, 'value': 397966.39999999997, 'profit_pct': 11.282522786947563}, '512400': {'shares': 248300.0, 'price': 2.193, 'value': 544521.9, 'profit_pct': 48.93332364440456}}",-0.009486230637645754,1.5713556084098481,-19.395930053601862
2026-02-24,22.708409848070005,1598003.8,1598026.5084098482,"{'159995': {'shares': 251000.0, 'price': 0.972, 'value': 243972.0, 'profit_pct': -3.380201887664559}, '512660': {'shares': 260200.0, 'price': 1.501, 'value': 390560.19999999995, 'profit_pct': 9.213437691223566}, '512670': {'shares': 395200.0, 'price': 1.018, 'value': 402313.60000000003, 'profit_pct': 12.498121347678879}, '512400': {'shares': 248300.0, 'price': 2.26, 'value': 561158.0, 'profit_pct': 53.48349814699237}}",0.016973178990967064,1.5980265084098482,-18.02782274700122
2026-02-25,22.708409848070005,1632396.7000000002,1632419.4084098483,"{'159995': {'shares': 251000.0, 'price': 0.975, 'value': 244725.0, 'profit_pct': -3.0819926342314248}, '512660': {'shares': 260200.0, 'price': 1.526, 'value': 397065.2, 'profit_pct': 11.032448978552416}, '512670': {'shares': 395200.0, 'price': 1.032, 'value': 407846.4, 'profit_pct': 14.045246788609633}, '512400': {'shares': 248300.0, 'price': 2.347, 'value': 582760.1, 'profit_pct': 59.39193369512882}}",0.021522108562656905,1.6324194084098484,-16.263608649044837
2026-02-26,22.708409848070005,1646900.9000000004,1646923.6084098485,"{'159995': {'shares': 251000.0, 'price': 0.989, 'value': 248239.0, 'profit_pct': -1.6903494515434645}, '512660': {'shares': 260200.0, 'price': 1.552, 'value': 403830.4, 'profit_pct': 12.924220717374412}, '512670': {'shares': 395200.0, 'price': 1.054, 'value': 416540.80000000005, 'profit_pct': 16.47644391007224}, '512400': {'shares': 248300.0, 'price': 2.329, 'value': 578290.7000000001, 'profit_pct': 58.169498754135084}}",0.008885094066682697,1.6469236084098486,-15.51960293508704
2026-02-27,22.708409848070005,1664880.0,1664902.7084098482,"{'159995': {'shares': 251000.0, 'price': 0.981, 'value': 246231.0, 'profit_pct': -2.485574127365156}, '512660': {'shares': 260200.0, 'price': 1.55, 'value': 403310.0, 'profit_pct': 12.778699814388103}, '512670': {'shares': 395200.0, 'price': 1.055, 'value': 416936.0, 'profit_pct': 16.586952870138713}, '512400': {'shares': 248300.0, 'price': 2.41, 'value': 598403.0, 'profit_pct': 63.67045598860693}}",0.010916778354618906,1.6649027084098482,-14.59734916501918
2026-03-02,22.708409848070005,1703128.2000000002,1703150.9084098483,"{'159995': {'shares': 251000.0, 'price': 0.966, 'value': 242466.0, 'profit_pct': -3.9766203945308276}, '512660': {'shares': 260200.0, 'price': 1.588, 'value': 413197.60000000003, 'profit_pct': 15.543596971127943}, '512670': {'shares': 395200.0, 'price': 1.081, 'value': 427211.2, 'profit_pct': 19.460185831867253}, '512400': {'shares': 248300.0, 'price': 2.498, 'value': 620253.4, 'profit_pct': 69.64680458902079}}",0.022973234295793343,1.7031509084098484,-12.635374057905347
2026-03-03,229138.53903404807,1366520.4,1595658.939034048,"{'512660': {'shares': 260200.0, 'price': 1.479, 'value': 384835.80000000005, 'profit_pct': 7.612707758374201}, '512670': {'shares': 395200.0, 'price': 1.0, 'value': 395200.0, 'profit_pct': 10.5089600664822}, '512400': {'shares': 248300.0, 'price': 2.362, 'value': 586484.6, 'profit_pct': 60.41062947929028}}",-0.06311359072471179,1.595658939034048,-18.14926930343225
2026-03-04,229138.53903404807,1371725.3,1600863.8390340481,"{'512660': {'shares': 260200.0, 'price': 1.497, 'value': 389519.4, 'profit_pct': 8.922395885250967}, '512670': {'shares': 395200.0, 'price': 1.012, 'value': 399942.4, 'profit_pct': 11.835067587279987}, '512400': {'shares': 248300.0, 'price': 2.345, 'value': 582263.5, 'profit_pct': 59.25610759057397}}",0.00326191260091635,1.6008638390340482,-17.88227937357889
2026-03-05,229138.53903404807,1371450.6,1600589.1390340482,"{'512660': {'shares': 260200.0, 'price': 1.508, 'value': 392381.6, 'profit_pct': 9.722760851675648}, '512670': {'shares': 395200.0, 'price': 1.016, 'value': 401523.2, 'profit_pct': 12.277103427545915}, '512400': {'shares': 248300.0, 'price': 2.326, 'value': 577545.8, 'profit_pct': 57.96575959730278}}",-0.00017159485604079094,1.600589139034048,-17.89637035202818
2026-03-06,229138.53903404807,1366845.0999999999,1595983.639034048,"{'512660': {'shares': 260200.0, 'price': 1.523, 'value': 396284.6, 'profit_pct': 10.814167624072947}, '512670': {'shares': 395200.0, 'price': 1.024, 'value': 404684.8, 'profit_pct': 13.161175108077774}, '512400': {'shares': 248300.0, 'price': 2.279, 'value': 565875.7, 'profit_pct': 54.77384614026355}}",-0.0028773780151848394,1.595983639034048,-18.13261353094413
2026-03-09,229138.53903404807,1344486.9,1573625.439034048,"{'512660': {'shares': 260200.0, 'price': 1.493, 'value': 388478.60000000003, 'profit_pct': 8.631354079278353}, '512670': {'shares': 395200.0, 'price': 1.001, 'value': 395595.19999999995, 'profit_pct': 10.619469026548668}, '512400': {'shares': 248300.0, 'price': 2.257, 'value': 560413.1, 'profit_pct': 53.2797589901601}}",-0.014009040853032784,1.573625439034048,-19.27949709252016
2026-03-10,229138.53903404807,1361351.5,1590490.039034048,"{'512660': {'shares': 260200.0, 'price': 1.511, 'value': 393162.19999999995, 'profit_pct': 9.941042206155103}, '512670': {'shares': 395200.0, 'price': 1.018, 'value': 402313.60000000003, 'profit_pct': 12.498121347678879}, '512400': {'shares': 248300.0, 'price': 2.279, 'value': 565875.7, 'profit_pct': 54.77384614026355}}",0.010717035694562949,1.5904900390340482,-18.414412581577633
2026-03-11,229138.53903404807,1347317.5,1576456.039034048,"{'512660': {'shares': 260200.0, 'price': 1.489, 'value': 387437.80000000005, 'profit_pct': 8.340312273305738}, '512670': {'shares': 395200.0, 'price': 1.002, 'value': 395990.4, 'profit_pct': 10.729977986615163}, '512400': {'shares': 248300.0, 'price': 2.271, 'value': 563889.2999999999, 'profit_pct': 54.23054172204411}}",-0.008823695625609362,1.576456039034048,-19.134298972394337
2026-03-12,229138.53903404807,1327656.4,1556794.939034048,"{'512660': {'shares': 260200.0, 'price': 1.457, 'value': 379111.4, 'profit_pct': 6.01197782552482}, '512670': {'shares': 395200.0, 'price': 0.984, 'value': 388876.8, 'profit_pct': 8.740816705418482}, '512400': {'shares': 248300.0, 'price': 2.254, 'value': 559668.2, 'profit_pct': 53.076019833327805}}",-0.01247170838461642,1.556794939034048,-20.142832413928215
2026-03-13,229138.53903404807,1288279.9,1517418.439034048,"{'512660': {'shares': 260200.0, 'price': 1.414, 'value': 367922.8, 'profit_pct': 2.883278411319204}, '512670': {'shares': 395200.0, 'price': 0.951, 'value': 375835.2, 'profit_pct': 5.094021023224566}, '512400': {'shares': 248300.0, 'price': 2.193, 'value': 544521.9, 'profit_pct': 48.93332364440456}}",-0.025293311927409134,1.517418439034048,-22.162684663322107
2026-03-16,229138.53903404807,1272694.4,1501832.939034048,"{'512660': {'shares': 260200.0, 'price': 1.415, 'value': 368183.0, 'profit_pct': 2.956038862812366}, '512670': {'shares': 395200.0, 'price': 0.953, 'value': 376625.6, 'profit_pct': 5.31503894335753}, '512400': {'shares': 248300.0, 'price': 2.126, 'value': 527885.7999999999, 'profit_pct': 44.383149141816716}}",-0.010271062746490256,1.501832939034048,-22.962156613163476
2026-03-17,229138.53903404807,1244371.3,1473509.8390340481,"{'512660': {'shares': 260200.0, 'price': 1.376, 'value': 358035.19999999995, 'profit_pct': 0.1183812545793642}, '512670': {'shares': 395200.0, 'price': 0.929, 'value': 367140.80000000005, 'profit_pct': 2.662823901761968}, '512400': {'shares': 248300.0, 'price': 2.091, 'value': 519195.30000000005, 'profit_pct': 42.006192312106684}}",-0.018859021708644064,1.4735098390340482,-24.415014973982952
2026-03-18,229138.53903404807,1251780.9,1480919.439034048,"{'512660': {'shares': 260200.0, 'price': 1.4, 'value': 364280.0, 'profit_pct': 1.8646320904150526}, '512670': {'shares': 395200.0, 'price': 0.942, 'value': 372278.39999999997, 'profit_pct': 4.099440382626226}, '512400': {'shares': 248300.0, 'price': 2.075, 'value': 515222.50000000006, 'profit_pct': 40.9195834756678}}",0.0050285378514045576,1.480919439034048,-24.034933015781768
2026-03-19,229138.53903404807,1198955.8,1428094.3390340481,"{'512660': {'shares': 260200.0, 'price': 1.363, 'value': 354652.6, 'profit_pct': -0.8275046148316254}, '512670': {'shares': 395200.0, 'price': 0.915, 'value': 361608.0, 'profit_pct': 1.115698460831216}, '512400': {'shares': 248300.0, 'price': 1.944, 'value': 482695.2, 'profit_pct': 32.02297362732442}}",-0.035670475116766576,1.4280943390340481,-26.74464304738583
2026-03-20,229138.53903404807,1173274.5,1402413.039034048,"{'512660': {'shares': 260200.0, 'price': 1.325, 'value': 344765.0, 'profit_pct': -3.592401771571465}, '512670': {'shares': 395200.0, 'price': 0.892, 'value': 352518.4, 'profit_pct': -1.426007620697877}, '512400': {'shares': 248300.0, 'price': 1.917, 'value': 475991.10000000003, 'profit_pct': 30.189321215833807}}",-0.01798291562262666,1.4024130390340481,-28.06198795037008
2026-03-23,556304.5679715881,790151.7,1346456.267971588,"{'512670': {'shares': 395200.0, 'price': 0.854, 'value': 337500.8, 'profit_pct': -5.625348103224204}, '512400': {'shares': 248300.0, 'price': 1.823, 'value': 452650.89999999997, 'profit_pct': 23.805494301755356}}",-0.03990034997178993,1.3464562679715881,-30.93233980742516
2026-03-24,556304.5679715881,815583.6,1371888.1679715882,"{'512670': {'shares': 395200.0, 'price': 0.875, 'value': 345800.0, 'profit_pct': -3.304659941828076}, '512400': {'shares': 248300.0, 'price': 1.892, 'value': 469783.6, 'profit_pct': 28.49149490889804}}",0.01888802525930733,1.3718881679715882,-29.627788097106546
2026-03-25,556304.5679715881,836409.6,1392714.1679715882,"{'512670': {'shares': 395200.0, 'price': 0.89, 'value': 351728.0, 'profit_pct': -1.6470255408308414}, '512400': {'shares': 248300.0, 'price': 1.952, 'value': 484681.6, 'profit_pct': 32.56627804554386}}",0.01518053766058225,1.3927141679715882,-28.55950008405619
2026-03-26,556304.5679715881,821892.5,1378197.067971588,"{'512670': {'shares': 395200.0, 'price': 0.874, 'value': 345404.8, 'profit_pct': -3.415168901894558}, '512400': {'shares': 248300.0, 'price': 1.919, 'value': 476487.7, 'profit_pct': 30.325147320388666}}",-0.010423603301992324,1.378197067971588,-29.304167514876
2026-03-27,556304.5679715881,838416.8,1394721.3679715882,"{'512670': {'shares': 395200.0, 'price': 0.88, 'value': 347776.0, 'profit_pct': -2.752115141495665}, '512400': {'shares': 248300.0, 'price': 1.976, 'value': 490640.8, 'profit_pct': 34.19619130020219}}",0.01198979477174511,1.3947213679715882,-28.456538992161708
2026-03-30,556304.5679715881,851895.2,1408199.767971588,"{'512670': {'shares': 395200.0, 'price': 0.894, 'value': 353308.8, 'profit_pct': -1.2049897005649124}, '512400': {'shares': 248300.0, 'price': 2.008, 'value': 498586.4, 'profit_pct': 36.369408973079956}}",0.009663865707888464,1.408199767971588,-27.7651525927044
2026-03-31,238.5787953582476,1396470.6,1396709.1787953584,"{'512010': {'shares': 959200.0, 'price': 0.364, 'value': 349148.8, 'profit_pct': -0.09990009990009317}, '512580': {'shares': 262100.0, 'price': 1.332, 'value': 349117.2, 'profit_pct': -0.09990009990009158}, '515030': {'shares': 189100.0, 'price': 1.846, 'value': 349078.60000000003, 'profit_pct': -0.09990009990008866}, '515050': {'shares': 454000.0, 'price': 0.769, 'value': 349126.0, 'profit_pct': -0.09990009990008804}}",-0.008159772098798923,1.3967091787953585,-28.35457248513945
2026-04-01,238.5787953582476,1422229.9000000001,1422468.4787953584,"{'512010': {'shares': 959200.0, 'price': 0.377, 'value': 361618.4, 'profit_pct': 3.467960610817764}, '512580': {'shares': 262100.0, 'price': 1.328, 'value': 348068.80000000005, 'profit_pct': -0.3999003999003919}, '515030': {'shares': 189100.0, 'price': 1.857, 'value': 351158.7, 'profit_pct': 0.49538760264654674}, '515050': {'shares': 454000.0, 'price': 0.796, 'value': 361384.0, 'profit_pct': 3.4076456703244893}}",0.018442851519181014,1.4224684787953585,-27.03322650345462
2026-04-02,238.5787953582476,1398797.6,1399036.1787953584,"{'512010': {'shares': 959200.0, 'price': 0.374, 'value': 358740.8, 'profit_pct': 2.644608139113643}, '512580': {'shares': 262100.0, 'price': 1.305, 'value': 342040.5, 'profit_pct': -2.124902124902127}, '515030': {'shares': 189100.0, 'price': 1.833, 'value': 346620.3, 'profit_pct': -0.803421930182489}, '515050': {'shares': 454000.0, 'price': 0.774, 'value': 351396.0, 'profit_pct': 0.5496454131044634}}",-0.01647298365433314,1.3990361787953585,-28.235206970572648
2026-04-03,238.5787953582476,1383301.2,1383539.7787953583,"{'512010': {'shares': 959200.0, 'price': 0.368, 'value': 352985.6, 'profit_pct': 0.9979031957054013}, '512580': {'shares': 262100.0, 'price': 1.271, 'value': 333129.1, 'profit_pct': -4.674904674904679}, '515030': {'shares': 189100.0, 'price': 1.795, 'value': 339434.5, 'profit_pct': -2.8598703571617956}, '515050': {'shares': 454000.0, 'price': 0.788, 'value': 357752.0, 'profit_pct': 2.368372849517207}}",-0.011076482677769839,1.3835397787953583,-29.030108457436842
2026-04-07,238.5787953582476,1386073.6,1386312.1787953584,"{'512010': {'shares': 959200.0, 'price': 0.369, 'value': 353944.8, 'profit_pct': 1.2723540196067749}, '512580': {'shares': 262100.0, 'price': 1.272, 'value': 333391.2, 'profit_pct': -4.599904599904596}, '515030': {'shares': 189100.0, 'price': 1.796, 'value': 339623.60000000003, 'profit_pct': -2.8057532932939133}, '515050': {'shares': 454000.0, 'price': 0.791, 'value': 359114.0, 'profit_pct': 2.7581001573199377}}",0.0020038455290487533,1.3863121787953585,-28.887895757572203
2026-04-08,238.5787953582476,1442600.7,1442839.2787953583,"{'512010': {'shares': 959200.0, 'price': 0.375, 'value': 359700.0, 'profit_pct': 2.9190589630150168}, '512580': {'shares': 262100.0, 'price': 1.312, 'value': 343875.2, 'profit_pct': -1.599901599901593}, '515030': {'shares': 189100.0, 'price': 1.865, 'value': 352671.5, 'profit_pct': 0.9283241135895586}, '515050': {'shares': 454000.0, 'price': 0.851, 'value': 386354.0, 'profit_pct': 10.55264631337454}}",0.040775159350557866,1.4428392787953583,-25.988288375333724
2026-04-09,238.5787953582476,1440969.6,1441208.1787953584,"{'512010': {'shares': 959200.0, 'price': 0.373, 'value': 357781.6, 'profit_pct': 2.3701573152122695}, '512580': {'shares': 262100.0, 'price': 1.304, 'value': 341778.4, 'profit_pct': -2.1999021999021937}, '515030': {'shares': 189100.0, 'price': 1.856, 'value': 350969.60000000003, 'profit_pct': 0.4412705387786762}, '515050': {'shares': 454000.0, 'price': 0.86, 'value': 390440.0, 'profit_pct': 11.721828236782732}}",-0.0011304793430365612,1.4412081787953583,-26.071957086468178
2026-04-10,238.5787953582476,1475597.8,1475836.3787953584,"{'512010': {'shares': 959200.0, 'price': 0.373, 'value': 357781.6, 'profit_pct': 2.3701573152122695}, '512580': {'shares': 262100.0, 'price': 1.34, 'value': 351214.0, 'profit_pct': 0.500100500100509}, '515030': {'shares': 189100.0, 'price': 1.922, 'value': 363450.2, 'profit_pct': 4.012996754058512}, '515050': {'shares': 454000.0, 'price': 0.888, 'value': 403152.0, 'profit_pct': 15.35928310960822}}",0.024027201975042933,1.4758363787953583,-24.29567306776511
2026-04-13,238.5787953582476,1486904.7000000002,1487143.2787953585,"{'512010': {'shares': 959200.0, 'price': 0.371, 'value': 355863.2, 'profit_pct': 1.8212556674095222}, '512580': {'shares': 262100.0, 'price': 1.359, 'value': 356193.9, 'profit_pct': 1.9251019251019268}, '515030': {'shares': 189100.0, 'price': 1.956, 'value': 369879.6, 'profit_pct': 5.852976925566313}, '515050': {'shares': 454000.0, 'price': 0.892, 'value': 404968.0, 'profit_pct': 15.878919520011861}}",0.007661350650015386,1.4871432787953585,-23.71567567341385
2026-04-14,238.5787953582476,1514783.4,1515021.9787953582,"{'512010': {'shares': 959200.0, 'price': 0.375, 'value': 359700.0, 'profit_pct': 2.9190589630150168}, '512580': {'shares': 262100.0, 'price': 1.379, 'value': 361435.9, 'profit_pct': 3.4251034251034285}, '515030': {'shares': 189100.0, 'price': 2.005, 'value': 379145.5, 'profit_pct': 8.504713055092255}, '515050': {'shares': 454000.0, 'price': 0.913, 'value': 414502.0, 'profit_pct': 18.607010674630978}}",0.018746478834630098,1.5150219787953583,-22.285613202011444
2026-04-15,238.5787953582476,1498201.6,1498440.1787953584,"{'512010': {'shares': 959200.0, 'price': 0.377, 'value': 361618.4, 'profit_pct': 3.467960610817764}, '512580': {'shares': 262100.0, 'price': 1.366, 'value': 358028.60000000003, 'profit_pct': 2.450102450102461}, '515030': {'shares': 189100.0, 'price': 1.966, 'value': 371770.6, 'profit_pct': 6.3941475642450785}, '515050': {'shares': 454000.0, 'price': 0.896, 'value': 406784.0, 'profit_pct': 16.3985559304155}}",-0.010944923725254796,1.4984401787953583,-23.136191237870374
2026-04-16,238.5787953582476,1527644.8,1527883.3787953584,"{'512010': {'shares': 959200.0, 'price': 0.377, 'value': 361618.4, 'profit_pct': 3.467960610817764}, '512580': {'shares': 262100.0, 'price': 1.389, 'value': 364056.9, 'profit_pct': 4.175104175104178}, '515030': {'shares': 189100.0, 'price': 2.025, 'value': 382927.5, 'profit_pct': 9.587054332449785}, '515050': {'shares': 454000.0, 'price': 0.923, 'value': 419042.0, 'profit_pct': 19.90610170064008}}",0.019649232860046606,1.5278833787953583,-21.625876360993203
2026-04-17,238.5787953582476,1534640.4,1534878.9787953582,"{'512010': {'shares': 959200.0, 'price': 0.366, 'value': 351067.2, 'profit_pct': 0.44900154790265406}, '512580': {'shares': 262100.0, 'price': 1.392, 'value': 364843.19999999995, 'profit_pct': 4.400104400104396}, '515030': {'shares': 189100.0, 'price': 2.02, 'value': 381982.0, 'profit_pct': 9.316469013110408}, '515050': {'shares': 454000.0, 'price': 0.962, 'value': 436748.0, 'profit_pct': 24.972556702075565}}",0.0045786217044363475,1.5348789787953583,-21.26703089743347
2026-04-20,238.5787953582476,1541337.3,1541575.8787953584,"{'512010': {'shares': 959200.0, 'price': 0.365, 'value': 350108.0, 'profit_pct': 0.17455072400128044}, '512580': {'shares': 262100.0, 'price': 1.401, 'value': 367202.10000000003, 'profit_pct': 5.07510507510508}, '515030': {'shares': 189100.0, 'price': 2.012, 'value': 380469.2, 'profit_pct': 8.883532502167396}, '515050': {'shares': 454000.0, 'price': 0.977, 'value': 443558.0, 'profit_pct': 26.92119324108922}}",0.0043631452984365104,1.5415758787953584,-20.923507513461647
2026-04-21,238.5787953582476,1552563.1,1552801.6787953584,"{'512010': {'shares': 959200.0, 'price': 0.365, 'value': 350108.0, 'profit_pct': 0.17455072400128044}, '512580': {'shares': 262100.0, 'price': 1.418, 'value': 371657.8, 'profit_pct': 6.350106350106348}, '515030': {'shares': 189100.0, 'price': 2.043, 'value': 386331.30000000005, 'profit_pct': 10.561161482071574}, '515050': {'shares': 454000.0, 'price': 0.979, 'value': 444466.0, 'profit_pct': 27.18101144629104}}",0.007282028834527665,1.5528016787953585,-20.34767021504137
2026-04-22,238.5787953582476,1574938.9,1575177.4787953582,"{'512010': {'shares': 959200.0, 'price': 0.363, 'value': 348189.6, 'profit_pct': -0.3743509238014668}, '512580': {'shares': 262100.0, 'price': 1.416, 'value': 371133.6, 'profit_pct': 6.200106200106197}, '515030': {'shares': 189100.0, 'price': 2.047, 'value': 387087.7, 'profit_pct': 10.777629737543078}, '515050': {'shares': 454000.0, 'price': 1.032, 'value': 468528.0, 'profit_pct': 34.06619388413928}}",0.014409953508910833,1.5751774787953583,-19.199883845963683
2026-04-23,238.5787953582476,1561756.9,1561995.4787953582,"{'512010': {'shares': 959200.0, 'price': 0.365, 'value': 350108.0, 'profit_pct': 0.17455072400128044}, '512580': {'shares': 262100.0, 'price': 1.405, 'value': 368250.5, 'profit_pct': 5.37510537510538}, '515030': {'shares': 189100.0, 'price': 2.004, 'value': 378956.4, 'profit_pct': 8.450595991224384}, '515050': {'shares': 454000.0, 'price': 1.023, 'value': 464441.99999999994, 'profit_pct': 32.89701196073108}}",-0.008368580796419889,1.5619954787953583,-19.876066146358852
2026-04-24,238.5787953582476,1558869.4,1559107.9787953582,"{'512010': {'shares': 959200.0, 'price': 0.366, 'value': 351067.2, 'profit_pct': 0.44900154790265406}, '512580': {'shares': 262100.0, 'price': 1.413, 'value': 370347.3, 'profit_pct': 5.975105975105981}, '515030': {'shares': 189100.0, 'price': 2.059, 'value': 389356.9, 'profit_pct': 11.427034503957598}, '515050': {'shares': 454000.0, 'price': 0.987, 'value': 448098.0, 'profit_pct': 28.22028426709832}}",-0.0018485969000543445,1.5591079787953581,-20.02418300210085
2026-04-27,238.5787953582476,1568005.4000000001,1568243.9787953584,"{'512010': {'shares': 959200.0, 'price': 0.364, 'value': 349148.8, 'profit_pct': -0.09990009990009317}, '512580': {'shares': 262100.0, 'price': 1.41, 'value': 369561.0, 'profit_pct': 5.750105750105748}, '515030': {'shares': 189100.0, 'price': 2.076, 'value': 392571.60000000003, 'profit_pct': 12.347024589711491}, '515050': {'shares': 454000.0, 'price': 1.006, 'value': 456724.0, 'profit_pct': 30.688557216515616}}",0.005859760917303003,1.5682439787953584,-19.555543835327192
2026-04-28,238.5787953582476,1553752.7,1553991.2787953583,"{'512010': {'shares': 959200.0, 'price': 0.372, 'value': 356822.4, 'profit_pct': 2.095706491310896}, '512580': {'shares': 262100.0, 'price': 1.391, 'value': 364581.1, 'profit_pct': 4.32510432510433}, '515030': {'shares': 189100.0, 'price': 2.032, 'value': 384251.2, 'profit_pct': 9.965873779524925}, '515050': {'shares': 454000.0, 'price': 0.987, 'value': 448098.0, 'profit_pct': 28.22028426709832}}",-0.009088318012193675,1.5539912787953583,-20.28664863526971
2026-04-29,238.5787953582476,1587972.5999999999,1588211.1787953582,"{'512010': {'shares': 959200.0, 'price': 0.374, 'value': 358740.8, 'profit_pct': 2.644608139113643}, '512580': {'shares': 262100.0, 'price': 1.433, 'value': 375589.3, 'profit_pct': 7.475107475107482}, '515030': {'shares': 189100.0, 'price': 2.135, 'value': 403728.49999999994, 'profit_pct': 15.539931357916187}, '515050': {'shares': 454000.0, 'price': 0.991, 'value': 449914.0, 'profit_pct': 28.739920677501964}}",0.022020651252642187,1.5882111787953581,-18.53130872468767
2026-04-30,69.64326378825353,1580932.4,1581002.043263788,"{'159995': {'shares': 381200.0, 'price': 1.037, 'value': 395304.39999999997, 'profit_pct': -0.09990009990009555}, '159928': {'shares': 446400.0, 'price': 0.747, 'value': 333460.8, 'profit_pct': -0.09990009990009219}, '515030': {'shares': 189100.0, 'price': 2.132, 'value': 403161.2, 'profit_pct': 15.377580166312574}, '515050': {'shares': 454000.0, 'price': 0.989, 'value': 449006.0, 'profit_pct': 28.480102472300146}}",-0.004539154255946087,1.5810020432637881,-18.901107681416352
2026-05-06,69.64326378825353,1627157.4,1627227.043263788,"{'159995': {'shares': 381200.0, 'price': 1.102, 'value': 420082.4, 'profit_pct': 6.161919083809172}, '159928': {'shares': 446400.0, 'price': 0.742, 'value': 331228.8, 'profit_pct': -0.7685754673706411}, '515030': {'shares': 189100.0, 'price': 2.202, 'value': 416398.2, 'profit_pct': 19.16577463706392}, '515050': {'shares': 454000.0, 'price': 1.012, 'value': 459448.0, 'profit_pct': 31.46801183212108}}",0.029237786375388986,1.627227043263788,-16.529955592524935
2026-05-07,69.64326378825353,1648038.5999999999,1648108.243263788,"{'159995': {'shares': 381200.0, 'price': 1.119, 'value': 426562.8, 'profit_pct': 7.799625639548506}, '159928': {'shares': 446400.0, 'price': 0.739, 'value': 329889.6, 'profit_pct': -1.1697806878529704}, '515030': {'shares': 189100.0, 'price': 2.182, 'value': 412616.2, 'profit_pct': 18.083433359706387}, '515050': {'shares': 454000.0, 'price': 1.055, 'value': 478970.0, 'profit_pct': 37.054103243960206}}",0.012832382602318226,1.6481082432637881,-15.458836046855728
2026-05-08,69.64326378825353,1625515.2,1625584.8432637881,"{'159995': {'shares': 381200.0, 'price': 1.087, 'value': 414364.39999999997, 'profit_pct': 4.716883887568564}, '159928': {'shares': 446400.0, 'price': 0.734, 'value': 327657.6, 'profit_pct': -1.8384560553235192}, '515030': {'shares': 189100.0, 'price': 2.132, 'value': 403161.2, 'profit_pct': 15.377580166312574}, '515050': {'shares': 454000.0, 'price': 1.058, 'value': 480332.0, 'profit_pct': 37.44383055176295}}",-0.013666214031789692,1.625584843263788,-16.61419368793603
2026-05-11,69.64326378825353,1673291.6,1673361.2432637883,"{'159995': {'shares': 381200.0, 'price': 1.156, 'value': 440667.19999999995, 'profit_pct': 11.364045790275304}, '159928': {'shares': 446400.0, 'price': 0.736, 'value': 328550.4, 'profit_pct': -1.5709859083352997}, '515030': {'shares': 189100.0, 'price': 2.14, 'value': 404674.0, 'profit_pct': 15.810516677255587}, '515050': {'shares': 454000.0, 'price': 1.1, 'value': 499400.00000000006, 'profit_pct': 42.90001286100119}}",0.029390283871050693,1.6733612432637883,-14.163461169608016
2026-05-12,69.64326378825353,1668403.8,1668473.4432637882,"{'159995': {'shares': 381200.0, 'price': 1.163, 'value': 443335.60000000003, 'profit_pct': 12.038395548520926}, '159928': {'shares': 446400.0, 'price': 0.725, 'value': 323640.0, 'profit_pct': -3.0420717167705074}, '515030': {'shares': 189100.0, 'price': 2.102, 'value': 397488.19999999995, 'profit_pct': 13.75406825027627}, '515050': {'shares': 454000.0, 'price': 1.11, 'value': 503940.00000000006, 'profit_pct': 44.19910388701029}}",-0.0029209472967515193,1.6684734432637882,-14.41418517566715
2026-05-13,69.64326378825353,1697853.3,1697922.9432637882,"{'159995': {'shares': 381200.0, 'price': 1.192, 'value': 454390.39999999997, 'profit_pct': 14.832130261252738}, '159928': {'shares': 446400.0, 'price': 0.719, 'value': 320961.6, 'profit_pct': -3.8444821577351656}, '515030': {'shares': 189100.0, 'price': 2.103, 'value': 397677.30000000005, 'profit_pct': 13.808185314144161}, '515050': {'shares': 454000.0, 'price': 1.156, 'value': 524824.0, 'profit_pct': 50.17492260665213}}",0.017650565622664205,1.6979229432637883,-12.903547134741078
2026-05-14,69.64326378825353,1663559.9,1663629.543263788,"{'159995': {'shares': 381200.0, 'price': 1.161, 'value': 442573.2, 'profit_pct': 11.84572418902218}, '159928': {'shares': 446400.0, 'price': 0.72, 'value': 321408.0, 'profit_pct': -3.7107470842410564}, '515030': {'shares': 189100.0, 'price': 2.037, 'value': 385196.7, 'profit_pct': 10.236459098864302}, '515050': {'shares': 454000.0, 'price': 1.133, 'value': 514382.0, 'profit_pct': 47.18701324683121}}",-0.020197265215157856,1.6636295432637882,-14.66265729256021
2026-05-15,69.64326378825353,1645142.2,1645211.8432637881,"{'159995': {'shares': 381200.0, 'price': 1.158, 'value': 441429.6, 'profit_pct': 11.55671714977405}, '159928': {'shares': 446400.0, 'price': 0.708, 'value': 316051.2, 'profit_pct': -5.315567966170373}, '515030': {'shares': 189100.0, 'price': 2.034, 'value': 384629.39999999997, 'profit_pct': 10.074107907260666}, '515050': {'shares': 454000.0, 'price': 1.108, 'value': 503032.00000000006, 'profit_pct': 43.939285681808464}}",-0.011070794020564989,1.645211843263788,-15.607409435936637
2026-05-18,69.64326378825353,1655798.7,1655868.3432637881,"{'159995': {'shares': 381200.0, 'price': 1.172, 'value': 446766.39999999997, 'profit_pct': 12.905416666265273}, '159928': {'shares': 446400.0, 'price': 0.7, 'value': 312480.0, 'profit_pct': -6.385448554123252}, '515030': {'shares': 189100.0, 'price': 2.033, 'value': 384440.3, 'profit_pct': 10.019990843392797}, '515050': {'shares': 454000.0, 'price': 1.128, 'value': 512111.99999999994, 'profit_pct': 46.537467733826645}}",0.0064772813565816545,1.6558683432637882,-15.060774882442395
2026-05-19,69.64326378825353,1672228.6,1672298.2432637883,"{'159995': {'shares': 381200.0, 'price': 1.215, 'value': 463158.00000000006, 'profit_pct': 17.047850895488335}, '159928': {'shares': 446400.0, 'price': 0.7, 'value': 312480.0, 'profit_pct': -6.385448554123252}, '515030': {'shares': 189100.0, 'price': 2.026, 'value': 383116.6, 'profit_pct': 9.641171396317654}, '515050': {'shares': 454000.0, 'price': 1.131, 'value': 513474.0, 'profit_pct': 46.92719504162939}}",0.009922226043415971,1.6722982432637883,-14.217988690873383
2026-05-20,69.64326378825353,1703767.0999999999,1703836.743263788,"{'159995': {'shares': 381200.0, 'price': 1.274, 'value': 485648.8, 'profit_pct': 22.73165600070134}, '159928': {'shares': 446400.0, 'price': 0.699, 'value': 312033.6, 'profit_pct': -6.519183627617362}, '515030': {'shares': 189100.0, 'price': 2.057, 'value': 388978.7, 'profit_pct': 11.318800376221832}, '515050': {'shares': 454000.0, 'price': 1.139, 'value': 517106.0, 'profit_pct': 47.966467862436666}}",0.018859375190424688,1.703836743263788,-12.600193555005312
2026-05-21,69.64326378825353,1659661.4,1659731.043263788,"{'159995': {'shares': 381200.0, 'price': 1.239, 'value': 472306.80000000005, 'profit_pct': 19.35990720947329}, '159928': {'shares': 446400.0, 'price': 0.69, 'value': 308016.0, 'profit_pct': -7.722799289064349}, '515030': {'shares': 189100.0, 'price': 2.026, 'value': 383116.6, 'profit_pct': 9.641171396317654}, '515050': {'shares': 454000.0, 'price': 1.093, 'value': 496222.0, 'profit_pct': 41.990649142794794}}",-0.025886106855233737,1.6597310432637882,-14.862634283767196
2026-05-22,304118.7563572283,1395424.1,1699542.8563572285,"{'159995': {'shares': 381200.0, 'price': 1.268, 'value': 483361.60000000003, 'profit_pct': 22.1536419222051}, '515030': {'shares': 189100.0, 'price': 2.055, 'value': 388600.50000000006, 'profit_pct': 11.21056624848609}, '515050': {'shares': 454000.0, 'price': 1.153, 'value': 523462.0, 'profit_pct': 49.78519529884941}}",0.023986906345471626,1.6995428563572286,-12.820452265831761
2026-05-25,304118.7563572283,1448630.6,1752749.3563572285,"{'159995': {'shares': 381200.0, 'price': 1.364, 'value': 519956.80000000005, 'profit_pct': 31.401867178144926}, '515030': {'shares': 189100.0, 'price': 2.018, 'value': 381603.8, 'profit_pct': 9.208234885374642}, '515050': {'shares': 454000.0, 'price': 1.205, 'value': 547070.0, 'profit_pct': 56.540468634096754}}",0.031306359707834464,1.7527493563572285,-10.091177985299549
2026-05-26,304118.7563572283,1446293.9,1750412.6563572283,"{'159995': {'shares': 381200.0, 'price': 1.354, 'value': 516144.80000000005, 'profit_pct': 30.438510380651195}, '515030': {'shares': 189100.0, 'price': 2.021, 'value': 382171.1, 'profit_pct': 9.370586076978277}, '515050': {'shares': 454000.0, 'price': 1.207, 'value': 547978.0, 'profit_pct': 56.800286839298565}}",-0.0013331626632895333,1.7504126563572282,-10.211041069909898
2026-05-27,304118.7563572283,1423675.4,1727794.1563572283,"{'159995': {'shares': 381200.0, 'price': 1.316, 'value': 501659.2, 'profit_pct': 26.777754550175015}, '515030': {'shares': 189100.0, 'price': 2.002, 'value': 378578.19999999995, 'profit_pct': 8.34236186348862}, '515050': {'shares': 454000.0, 'price': 1.197, 'value': 543438.0, 'profit_pct': 55.50119581328946}}",-0.012921810133086686,1.7277941563572283,-11.37127694925204
2026-05-28,304118.7563572283,1438742.2,1742860.9563572283,"{'159995': {'shares': 381200.0, 'price': 1.319, 'value': 502802.8, 'profit_pct': 27.066761589423123}, '515030': {'shares': 189100.0, 'price': 1.994, 'value': 377065.4, 'profit_pct': 7.90942535254562}, '515050': {'shares': 454000.0, 'price': 1.231, 'value': 558874.0, 'profit_pct': 59.918105301720416}}",0.008720251740963025,1.7428609563572284,-10.598412172769411
2026-05-29,133.59776010835776,1692451.3,1692584.8977601083,"{'159995': {'shares': 381200.0, 'price': 1.246, 'value': 474975.2, 'profit_pct': 20.034256967718893}, '512580': {'shares': 214400.0, 'price': 1.416, 'value': 303590.39999999997, 'profit_pct': -0.09990009990009016}, '515030': {'shares': 189100.0, 'price': 1.947, 'value': 368177.7, 'profit_pct': 5.3659233507554305}, '515050': {'shares': 454000.0, 'price': 1.202, 'value': 545708.0, 'profit_pct': 56.15074132629401}}",-0.028846855748150158,1.6925848977601083,-13.177366880477104
2026-06-01,133.59776010835776,1642521.9000000001,1642655.4977601084,"{'159995': {'shares': 381200.0, 'price': 1.179, 'value': 449434.80000000005, 'profit_pct': 13.579766424510897}, '512580': {'shares': 214400.0, 'price': 1.412, 'value': 302732.8, 'profit_pct': -0.382103771934271}, '515030': {'shares': 189100.0, 'price': 1.933, 'value': 365530.3, 'profit_pct': 4.60828445660516}, '515050': {'shares': 454000.0, 'price': 1.156, 'value': 524824.0, 'profit_pct': 50.17492260665213}}",-0.029498904348062127,1.6426554977601084,-15.738539430116806
2026-06-02,133.59776010835776,1680308.0,1680441.5977601083,"{'159995': {'shares': 381200.0, 'price': 1.198, 'value': 456677.6, 'profit_pct': 15.410144339748976}, '512580': {'shares': 214400.0, 'price': 1.405, 'value': 301232.0, 'profit_pct': -0.8759601979940795}, '515030': {'shares': 189100.0, 'price': 1.944, 'value': 367610.39999999997, 'profit_pct': 5.203572159151795}, '515050': {'shares': 454000.0, 'price': 1.222, 'value': 554788.0, 'profit_pct': 58.74892337831221}}",0.023003058189330794,1.6804415977601084,-13.800268149509776
2026-06-03,133.59776010835776,1714094.6,1714228.1977601084,"{'159995': {'shares': 381200.0, 'price': 1.242, 'value': 473450.4, 'profit_pct': 19.648914248721397}, '512580': {'shares': 214400.0, 'price': 1.4, 'value': 300160.0, 'profit_pct': -1.2287147880368134}, '515030': {'shares': 189100.0, 'price': 1.922, 'value': 363450.2, 'profit_pct': 4.012996754058512}, '515050': {'shares': 454000.0, 'price': 1.271, 'value': 577034.0, 'profit_pct': 65.1144694057568}}",0.020105786505782097,1.7142281977601084,-12.067154744068153
2026-06-04,133.59776010835776,1715045.5999999999,1715179.1977601082,"{'159995': {'shares': 381200.0, 'price': 1.265, 'value': 482217.99999999994, 'profit_pct': 21.86463488295697}, '512580': {'shares': 214400.0, 'price': 1.378, 'value': 295443.19999999995, 'profit_pct': -2.7808349842248075}, '515030': {'shares': 189100.0, 'price': 1.884, 'value': 356264.39999999997, 'profit_pct': 1.9565483270792057}, '515050': {'shares': 454000.0, 'price': 1.28, 'value': 581120.0, 'profit_pct': 66.28365132916501}}",0.0005547686132116869,1.715179197760108,-12.018372361449769
2026-06-05,133.59776010835776,1659591.2,1659724.7977601083,"{'159995': {'shares': 381200.0, 'price': 1.202, 'value': 458202.39999999997, 'profit_pct': 15.79548705874647}, '512580': {'shares': 214400.0, 'price': 1.345, 'value': 288368.0, 'profit_pct': -5.109015278506791}, '515030': {'shares': 189100.0, 'price': 1.868, 'value': 353238.80000000005, 'profit_pct': 1.0906753051931941}, '515050': {'shares': 454000.0, 'price': 1.233, 'value': 559782.0, 'profit_pct': 60.17792350692224}}",-0.03233154883898959,1.6597247977601082,-14.862954652379345
2026-06-08,277848.98134314833,1321204.4,1599053.3813431482,"{'159995': {'shares': 381200.0, 'price': 1.147, 'value': 437236.4, 'profit_pct': 10.497024672530955}, '515030': {'shares': 189100.0, 'price': 1.82, 'value': 344162.0, 'profit_pct': -1.5069437604648774}, '515050': {'shares': 454000.0, 'price': 1.189, 'value': 539806.0, 'profit_pct': 54.46192299248218}}",-0.036555106303671314,1.5990533813431482,-17.97514839544211
2026-06-09,277848.98134314833,1382279.0,1660127.9813431483,"{'159995': {'shares': 381200.0, 'price': 1.205, 'value': 459346.0, 'profit_pct': 16.0844940979946}, '515030': {'shares': 189100.0, 'price': 1.87, 'value': 353617.0, 'profit_pct': 1.198909432928947}, '515050': {'shares': 454000.0, 'price': 1.254, 'value': 569316.0, 'profit_pct': 62.906014661541334}}",0.03819422210201617,1.6601279813431482,-14.842272995372706
2026-06-10,277848.98134314833,1349070.5,1626919.4813431483,"{'159995': {'shares': 381200.0, 'price': 1.194, 'value': 455152.8, 'profit_pct': 15.024801620751486}, '515030': {'shares': 189100.0, 'price': 1.827, 'value': 345485.7, 'profit_pct': -1.128124313389748}, '515050': {'shares': 454000.0, 'price': 1.208, 'value': 548432.0, 'profit_pct': 56.93019594189946}}",-0.02000357826216037,1.6269194813431482,-16.54573225213746
2026-06-11,277848.98134314833,1343790.5,1621639.4813431483,"{'159995': {'shares': 381200.0, 'price': 1.2, 'value': 457440.0, 'profit_pct': 15.602815699247724}, '515030': {'shares': 189100.0, 'price': 1.835, 'value': 346998.5, 'profit_pct': -0.6951878024467361}, '515050': {'shares': 454000.0, 'price': 1.188, 'value': 539352.0, 'profit_pct': 54.33201388988126}}",-0.0032453972434093314,1.6216394813431483,-16.816574502637117
2026-06-12,277848.98134314833,1344257.2,1622106.1813431482,"{'159995': {'shares': 381200.0, 'price': 1.192, 'value': 454390.39999999997, 'profit_pct': 14.832130261252738}, '515030': {'shares': 189100.0, 'price': 1.868, 'value': 353238.80000000005, 'profit_pct': 1.0906753051931941}, '515050': {'shares': 454000.0, 'price': 1.182, 'value': 536628.0, 'profit_pct': 53.5525592742758}}",0.00028779516370280867,1.6221061813431483,-16.792634715078748
2026-06-15,277848.98134314833,1414848.5,1692697.4813431483,"{'159995': {'shares': 381200.0, 'price': 1.257, 'value': 479168.39999999997, 'profit_pct': 21.093949444961986}, '515030': {'shares': 189100.0, 'price': 1.911, 'value': 361370.10000000003, 'profit_pct': 3.417709051511877}, '515050': {'shares': 454000.0, 'price': 1.265, 'value': 574310.0, 'profit_pct': 64.33501479015133}}",0.043518297884512336,1.6926974813431483,-13.17159180642411
2026-06-16,277848.98134314833,1440414.8,1718263.7813431483,"{'159995': {'shares': 381200.0, 'price': 1.268, 'value': 483361.60000000003, 'profit_pct': 22.1536419222051}, '515030': {'shares': 189100.0, 'price': 1.952, 'value': 369123.2, 'profit_pct': 5.636508670094807}, '515050': {'shares': 454000.0, 'price': 1.295, 'value': 587930.0, 'profit_pct': 68.23228786817864}}",0.015103880215922239,1.7182637813431483,-11.860145929729137
2026-06-17,277848.98134314833,1485317.3,1763166.2813431483,"{'159995': {'shares': 381200.0, 'price': 1.345, 'value': 512714.0, 'profit_pct': 29.571489262906823}, '515030': {'shares': 189100.0, 'price': 1.943, 'value': 367421.3, 'profit_pct': 5.149455095283924}, '515050': {'shares': 454000.0, 'price': 1.333, 'value': 605182.0, 'profit_pct': 73.16883376701323}}",0.026132483549702767,1.7631662813431483,-9.556832643164581
2026-06-18,277848.98134314833,1528629.1,1806478.0813431484,"{'159995': {'shares': 381200.0, 'price': 1.408, 'value': 536729.6, 'profit_pct': 35.64063708711733}, '515030': {'shares': 189100.0, 'price': 1.925, 'value': 364017.5, 'profit_pct': 4.175347945662148}, '515050': {'shares': 454000.0, 'price': 1.383, 'value': 627882.0, 'profit_pct': 79.66428889705874}}",0.024564784648108073,1.8064780813431485,-7.335115714151119
2026-06-22,277848.98134314833,1568424.3,1846273.2813431483,"{'159995': {'shares': 381200.0, 'price': 1.46, 'value': 556552.0, 'profit_pct': 40.65009243408473}, '515030': {'shares': 189100.0, 'price': 1.973, 'value': 373094.3, 'profit_pct': 6.772967011320219}, '515050': {'shares': 454000.0, 'price': 1.407, 'value': 638778.0, 'profit_pct': 82.78210735948059}}",0.0220291629391991,1.8462732813431484,-5.29378587947612
2026-06-23,277848.98134314833,1509126.6,1786975.5813431484,"{'159995': {'shares': 381200.0, 'price': 1.427, 'value': 543972.4, 'profit_pct': 37.47101500235543}, '515030': {'shares': 189100.0, 'price': 1.882, 'value': 355886.19999999995, 'profit_pct': 1.8483141993434526}, '515050': {'shares': 454000.0, 'price': 1.342, 'value': 609268.0, 'profit_pct': 74.33801569042144}}",-0.03211750968787319,1.7869755813431483,-8.33551362899384
2026-06-24,277848.98134314833,1565155.3,1843004.2813431483,"{'159995': {'shares': 381200.0, 'price': 1.506, 'value': 574087.2, 'profit_pct': 45.0815337025559}, '515030': {'shares': 189100.0, 'price': 1.911, 'value': 361370.10000000003, 'profit_pct': 3.417709051511877}, '515050': {'shares': 454000.0, 'price': 1.387, 'value': 629698.0, 'profit_pct': 80.18392530746239}}",0.03135392592096142,1.8430042813431484,-5.461472113734345
2026-06-25,277848.98134314833,1615861.5,1893710.4813431483,"{'159995': {'shares': 381200.0, 'price': 1.588, 'value': 605345.6, 'profit_pct': 52.981059442004494}, '515030': {'shares': 189100.0, 'price': 1.889, 'value': 357209.9, 'profit_pct': 2.2271336464185945}, '515050': {'shares': 454000.0, 'price': 1.439, 'value': 653306.0, 'profit_pct': 86.93919864270973}}",0.0275127955552259,1.8937104813431482,-2.860452923907497
2026-06-26,277848.98134314833,1549024.4,1826873.3813431482,"{'159995': {'shares': 381200.0, 'price': 1.564, 'value': 596196.8, 'profit_pct': 50.66900312801954}, '515030': {'shares': 189100.0, 'price': 1.776, 'value': 335841.6, 'profit_pct': -3.888094570651443}, '515050': {'shares': 454000.0, 'price': 1.359, 'value': 616986.0, 'profit_pct': 76.5464704346369}}",-0.03529425467011971,1.8268733813431481,-6.288920836951184
2026-06-29,277848.98134314833,1576506.6,1854355.5813431484,"{'159995': {'shares': 381200.0, 'price': 1.649, 'value': 628598.8, 'profit_pct': 58.85753590671625}, '515030': {'shares': 189100.0, 'price': 1.798, 'value': 340001.8, 'profit_pct': -2.6975191655581603}, '515050': {'shares': 454000.0, 'price': 1.339, 'value': 607906.0, 'profit_pct': 73.9482883826187}}",0.015043297625692453,1.8543555813431483,-4.879197182276618
2026-06-30,11.58871268844814,1906775.2,1906786.7887126885,"{'512010': {'shares': 460400.0, 'price': 0.35, 'value': 161140.0, 'profit_pct': -0.09990009990010473}, '159995': {'shares': 381200.0, 'price': 1.695, 'value': 646134.0, 'profit_pct': 63.28897717518742}, '512880': {'shares': 413200.0, 'price': 1.126, 'value': 465263.19999999995, 'profit_pct': -0.09990009990009639}, '515050': {'shares': 454000.0, 'price': 1.397, 'value': 634238.0, 'profit_pct': 81.4830163334715}}",0.02827462429377392,1.9067867887126886,-2.189692220083339
2026-07-01,11.58871268844814,1890016.0,1890027.5887126885,"{'512010': {'shares': 460400.0, 'price': 0.359, 'value': 165283.6, 'profit_pct': 2.4689596118167523}, '159995': {'shares': 381200.0, 'price': 1.661, 'value': 633173.2000000001, 'profit_pct': 60.013564063708735}, '512880': {'shares': 413200.0, 'price': 1.176, 'value': 485923.19999999995, 'profit_pct': 4.33616117452708}, '515050': {'shares': 454000.0, 'price': 1.334, 'value': 605636.0, 'profit_pct': 73.29874286961416}}",-0.008789236478460416,1.8900275887126885,-3.049370145192032
2026-07-02,11.58871268844814,1769942.8,1769954.3887126886,"{'512010': {'shares': 460400.0, 'price': 0.357, 'value': 164362.8, 'profit_pct': 1.898101898101895}, '159995': {'shares': 381200.0, 'price': 1.51, 'value': 575612.0, 'profit_pct': 45.466876421553394}, '512880': {'shares': 413200.0, 'price': 1.15, 'value': 475179.99999999994, 'profit_pct': 2.029409311824948}, '515050': {'shares': 454000.0, 'price': 1.222, 'value': 554788.0, 'profit_pct': 58.74892337831221}}",-0.06352986629247181,1.7699543887126885,-9.208630696838904
2026-07-03,11.58871268844814,1780039.2,1780050.7887126885,"{'512010': {'shares': 460400.0, 'price': 0.363, 'value': 167125.19999999998, 'profit_pct': 3.6106750392464666}, '159995': {'shares': 381200.0, 'price': 1.5, 'value': 571800.0, 'profit_pct': 44.50351962405966}, '512880': {'shares': 413200.0, 'price': 1.155, 'value': 477246.0, 'profit_pct': 2.4730154392676758}, '515050': {'shares': 454000.0, 'price': 1.242, 'value': 563868.0, 'profit_pct': 61.347105430330416}}",0.005704327786290042,1.7800507887126884,-8.69072696616755
2026-07-06,11.58871268844814,1767692.8,1767704.3887126886,"{'512010': {'shares': 460400.0, 'price': 0.367, 'value': 168966.8, 'profit_pct': 4.7523904666761805}, '159995': {'shares': 381200.0, 'price': 1.505, 'value': 573706.0, 'profit_pct': 44.985198022806514}, '512880': {'shares': 413200.0, 'price': 1.16, 'value': 479311.99999999994, 'profit_pct': 2.916621566710383}, '515050': {'shares': 454000.0, 'price': 1.202, 'value': 545708.0, 'profit_pct': 56.15074132629401}}",-0.006935981871016517,1.7677043887126886,-9.324046428585909
2026-07-07,11.58871268844814,1743532.4,1743543.9887126884,"{'512010': {'shares': 460400.0, 'price': 0.354, 'value': 162981.6, 'profit_pct': 1.0418153275296094}, '159995': {'shares': 381200.0, 'price': 1.501, 'value': 572181.2, 'profit_pct': 44.59985530380902}, '512880': {'shares': 413200.0, 'price': 1.123, 'value': 464023.6, 'profit_pct': -0.3660637763657171}, '515050': {'shares': 454000.0, 'price': 1.199, 'value': 544346.0, 'profit_pct': 55.76101401849128}}",-0.013667669862829634,1.7435439887126885,-10.563375426497268
2026-07-08,11.58871268844814,1729136.4000000001,1729147.9887126887,"{'512010': {'shares': 460400.0, 'price': 0.349, 'value': 160679.59999999998, 'profit_pct': -0.38532895675753326}, '159995': {'shares': 381200.0, 'price': 1.493, 'value': 569131.6000000001, 'profit_pct': 43.82916986581406}, '512880': {'shares': 413200.0, 'price': 1.111, 'value': 459065.2, 'profit_pct': -1.4307184822282393}, '515050': {'shares': 454000.0, 'price': 1.19, 'value': 540260.0, 'profit_pct': 54.591832095083085}}",-0.008256746083377453,1.7291479887126886,-11.301830926155043
2026-07-09,11.58871268844814,1839603.2,1839614.7887126885,"{'512010': {'shares': 460400.0, 'price': 0.356, 'value': 163902.4, 'profit_pct': 1.6126730412444663}, '159995': {'shares': 381200.0, 'price': 1.642, 'value': 625930.3999999999, 'profit_pct': 58.18318614847063}, '512880': {'shares': 413200.0, 'price': 1.132, 'value': 467742.39999999997, 'profit_pct': 0.43242725303116475}, '515050': {'shares': 454000.0, 'price': 1.282, 'value': 582028.0, 'profit_pct': 66.54346953436684}}",0.06388510452609664,1.8396147887126886,-5.635339123599059
2026-07-10,11.58871268844814,1766161.2,1766172.7887126885,"{'512010': {'shares': 460400.0, 'price': 0.363, 'value': 167125.19999999998, 'profit_pct': 3.6106750392464666}, '159995': {'shares': 381200.0, 'price': 1.535, 'value': 585142.0, 'profit_pct': 47.875268415287714}, '512880': {'shares': 413200.0, 'price': 1.11, 'value': 458652.00000000006, 'profit_pct': -1.5194397077167732}, '515050': {'shares': 454000.0, 'price': 1.223, 'value': 555242.0, 'profit_pct': 58.87883248091313}}",-0.039922488365834785,1.7661727887126886,-9.402611199583133
2026-07-13,11.58871268844814,1701413.2,1701424.7887126885,"{'512010': {'shares': 460400.0, 'price': 0.36, 'value': 165744.0, 'profit_pct': 2.754388468674181}, '159995': {'shares': 381200.0, 'price': 1.458, 'value': 555789.6, 'profit_pct': 40.45742107458599}, '512880': {'shares': 413200.0, 'price': 1.098, 'value': 453693.60000000003, 'profit_pct': -2.584094413579295}, '515050': {'shares': 454000.0, 'price': 1.159, 'value': 526186.0, 'profit_pct': 50.564649914454876}}",-0.03666005977093156,1.7014247887126885,-12.723916888096731
2026-07-14,11.58871268844814,1750386.8,1750398.3887126886,"{'512010': {'shares': 460400.0, 'price': 0.367, 'value': 168966.8, 'profit_pct': 4.7523904666761805}, '159995': {'shares': 381200.0, 'price': 1.481, 'value': 564557.2000000001, 'profit_pct': 42.67314170882158}, '512880': {'shares': 413200.0, 'price': 1.104, 'value': 456172.80000000005, 'profit_pct': -2.051767060648034}, '515050': {'shares': 454000.0, 'price': 1.235, 'value': 560690.0, 'profit_pct': 60.43774171212406}}",0.028783875916756685,1.7503983887126886,-10.211772941303165
2026-07-15,11.58871268844814,1718290.0,1718301.5887126885,"{'512010': {'shares': 460400.0, 'price': 0.379, 'value': 174491.6, 'profit_pct': 8.177536748965323}, '159995': {'shares': 381200.0, 'price': 1.397, 'value': 532536.4, 'profit_pct': 34.58094460987423}, '512880': {'shares': 413200.0, 'price': 1.13, 'value': 466915.99999999994, 'profit_pct': 0.2549848020540777}, '515050': {'shares': 454000.0, 'price': 1.199, 'value': 544346.0, 'profit_pct': 55.76101401849128}}",-0.0183368541738691,1.7183015887126885,-11.858206567408736
2026-07-16,11.58871268844814,1667597.2,1667608.7887126885,"{'512010': {'shares': 460400.0, 'price': 0.378, 'value': 174031.2, 'profit_pct': 7.892107892107894}, '159995': {'shares': 381200.0, 'price': 1.317, 'value': 502040.39999999997, 'profit_pct': 26.874090229924374}, '512880': {'shares': 413200.0, 'price': 1.113, 'value': 459891.6, 'profit_pct': -1.2532760312511522}, '515050': {'shares': 454000.0, 'price': 1.171, 'value': 531634.0, 'profit_pct': 52.1235591456658}}",-0.029501689536339137,1.6676087887126885,-14.458538392433184
2026-07-17,11.58871268844814,1564446.0,1564457.5887126885,"{'512010': {'shares': 460400.0, 'price': 0.364, 'value': 167585.6, 'profit_pct': 3.8961038961038947}, '159995': {'shares': 381200.0, 'price': 1.22, 'value': 465064.0, 'profit_pct': 17.52952929423519}, '512880': {'shares': 413200.0, 'price': 1.097, 'value': 453280.39999999997, 'profit_pct': -2.6728156390678484}, '515050': {'shares': 454000.0, 'price': 1.054, 'value': 478516.0, 'profit_pct': 36.924194141359315}}",-0.061855754597951895,1.5644575887126886,-19.74977004958096
2026-07-20,11.58871268844814,1553536.4000000001,1553547.9887126887,"{'512010': {'shares': 460400.0, 'price': 0.376, 'value': 173110.4, 'profit_pct': 7.321250178393038}, '159995': {'shares': 381200.0, 'price': 1.197, 'value': 456296.4, 'profit_pct': 15.313808659999614}, '512880': {'shares': 413200.0, 'price': 1.118, 'value': 461957.60000000003, 'profit_pct': -0.8096699038084249}, '515050': {'shares': 454000.0, 'price': 1.018, 'value': 462172.0, 'profit_pct': 32.247466447726545}}",-0.006973407319387115,1.5535479887126886,-20.309387590499718
2026-07-21,11.58871268844814,1642206.4,1642217.9887126884,"{'512010': {'shares': 460400.0, 'price': 0.376, 'value': 173110.4, 'profit_pct': 7.321250178393038}, '159995': {'shares': 381200.0, 'price': 1.317, 'value': 502040.39999999997, 'profit_pct': 26.874090229924374}, '512880': {'shares': 413200.0, 'price': 1.123, 'value': 464023.6, 'profit_pct': -0.3660637763657171}, '515050': {'shares': 454000.0, 'price': 1.108, 'value': 503032.00000000006, 'profit_pct': 43.939285681808464}}",0.05707580367277498,1.6422179887126884,-15.76098184205188
2026-07-22,11.58871268844814,1615704.0,1615715.5887126885,"{'512010': {'shares': 460400.0, 'price': 0.377, 'value': 173570.8, 'profit_pct': 7.606679035250466}, '159995': {'shares': 381200.0, 'price': 1.312, 'value': 500134.4, 'profit_pct': 26.39241183117752}, '512880': {'shares': 413200.0, 'price': 1.114, 'value': 460304.80000000005, 'profit_pct': -1.164554805762599}, '515050': {'shares': 454000.0, 'price': 1.061, 'value': 481694.0, 'profit_pct': 37.83355785956567}}",-0.016138174214480938,1.6157155887126886,-17.120445792741666
2026-07-23,11.58871268844814,1600612.7999999998,1600624.3887126883,"{'512010': {'shares': 460400.0, 'price': 0.377, 'value': 173570.8, 'profit_pct': 7.606679035250466}, '159995': {'shares': 381200.0, 'price': 1.262, 'value': 481074.4, 'profit_pct': 21.57562784370886}, '512880': {'shares': 413200.0, 'price': 1.128, 'value': 466089.6, 'profit_pct': 0.07754235107699065}, '515050': {'shares': 454000.0, 'price': 1.057, 'value': 479878.0, 'profit_pct': 37.313921449162024}}",-0.009340257719506195,1.6006243887126883,-17.894562188715245
2026-07-24,11.58871268844814,1572534.8,1572546.3887126886,"{'512010': {'shares': 460400.0, 'price': 0.365, 'value': 168046.0, 'profit_pct': 4.181532752961323}, '159995': {'shares': 381200.0, 'price': 1.27, 'value': 484124.0, 'profit_pct': 22.346313281703846}, '512880': {'shares': 413200.0, 'price': 1.099, 'value': 454106.8, 'profit_pct': -2.4953731880907615}, '515050': {'shares': 454000.0, 'price': 1.027, 'value': 466257.99999999994, 'profit_pct': 33.41664837113471}}",-0.017541904395560026,1.5725463887126885,-19.334847929156407
2026-07-27,11.58871268844814,1593105.6,1593117.1887126886,"{'512010': {'shares': 460400.0, 'price': 0.368, 'value': 169427.2, 'profit_pct': 5.0378193235336095}, '159995': {'shares': 381200.0, 'price': 1.278, 'value': 487173.60000000003, 'profit_pct': 23.116998719698834}, '512880': {'shares': 413200.0, 'price': 1.104, 'value': 456172.80000000005, 'profit_pct': -2.051767060648034}, '515050': {'shares': 454000.0, 'price': 1.058, 'value': 480332.0, 'profit_pct': 37.44383055176295}}",0.013081203929913743,1.5931171887126887,-18.279650624880194
2026-07-28,11.58871268844814,1498689.6,1498701.1887126886,"{'512010': {'shares': 460400.0, 'price': 0.366, 'value': 168506.4, 'profit_pct': 4.466961609818752}, '159995': {'shares': 381200.0, 'price': 1.176, 'value': 448291.19999999995, 'profit_pct': 13.290759385262769}, '512880': {'shares': 413200.0, 'price': 1.085, 'value': 448322.0, 'profit_pct': -3.7374703449303706}, '515050': {'shares': 454000.0, 'price': 0.955, 'value': 433570.0, 'profit_pct': 24.063192983869193}}",-0.059264943388309343,1.4987011887126886,-23.122802504269536
2026-07-29,11.58871268844814,1501894.8,1501906.3887126886,"{'512010': {'shares': 460400.0, 'price': 0.373, 'value': 171729.2, 'profit_pct': 6.464963607820752}, '159995': {'shares': 381200.0, 'price': 1.152, 'value': 439142.39999999997, 'profit_pct': 10.978703071277812}, '512880': {'shares': 413200.0, 'price': 1.106, 'value': 456999.2, 'profit_pct': -1.8743246096709472}, '515050': {'shares': 454000.0, 'price': 0.956, 'value': 434024.0, 'profit_pct': 24.193102086470102}}",0.002138651803401226,1.5019063887126887,-22.958388947204856
2026-07-30,11.58871268844814,1441779.6,1441791.1887126886,"{'512010': {'shares': 460400.0, 'price': 0.376, 'value': 173110.4, 'profit_pct': 7.321250178393038}, '159995': {'shares': 381200.0, 'price': 1.08, 'value': 411696.0, 'profit_pct': 4.042534129322963}, '512880': {'shares': 413200.0, 'price': 1.106, 'value': 456999.2, 'profit_pct': -1.8743246096709472}, '515050': {'shares': 454000.0, 'price': 0.881, 'value': 399974.0, 'profit_pct': 14.449919391401847}}",-0.0400259300125394,1.4417911887126886,-26.042051079257323
2026-07-31,106382.83266997879,1366420.5,1472803.3326699787,"{'512690': {'shares': 811700.0, 'price': 0.453, 'value': 367700.10000000003, 'profit_pct': -0.09990009990008353}, '512010': {'shares': 460400.0, 'price': 0.377, 'value': 173570.8, 'profit_pct': 7.606679035250466}, '159928': {'shares': 527600.0, 'price': 0.697, 'value': 367737.19999999995, 'profit_pct': -0.09990009990009242}, '512880': {'shares': 413200.0, 'price': 1.107, 'value': 457412.39999999997, 'profit_pct': -1.7856033841824135}}",0.021509455876880024,1.4728033326699788,-24.45125584020206
